common\ai_faction_theaters\ai_faction_theaters.txt	478	928	Kyme	Edirne
common\ai_faction_theaters\ai_faction_theaters.txt	480	767	North Darfur	Tulcea
common\ai_faction_theaters\ai_faction_theaters.txt	486	928	Kyme	Edirne
common\ai_faction_theaters\ai_faction_theaters.txt	488	767	North Darfur	Tulcea
common\ai_strategy\CZE.txt	397	69	Sudatenland	nice
common\ai_strategy\CZE.txt	398	972	- South Sudetenland	Agcab@di
common\ai_strategy\ENG.txt	1122	539	Gabon	Budejovice
common\ai_strategy\ENG.txt	1123	14	Brittany	Lappi
common\ai_strategy\ENG.txt	1124	785	Picardy	Kraljevo
common\ai_strategy\ENG.txt	1125	29	Pas de Calais	Suursaari
common\ai_strategy\ENG.txt	1126	6	Belgium	New Brunswick
common\ai_strategy\ENG.txt	1127	35	Gelderland	Komi
common\ai_strategy\ENG.txt	1128	7	Holland	Maine
common\ai_strategy\ENG.txt	1129	36	Friesland	Lavansaari
common\ai_strategy\ENG.txt	1130	56	Weser-Ems	Sudurland
common\ai_strategy\ENG.txt	1131	59	Ost - Hannover	Suoyarvi
common\ai_strategy\ENG.txt	1132	58	Schleswig - Holstein	Hauts-de-Seine
common\ai_strategy\ENG.txt	1133	909	South Schleswig	Kastamonu
common\ai_strategy\ENG.txt	1134	912	Sonderjylland	Bari
common\ai_strategy\ENG.txt	1135	99	Jutland	Gniezno
common\ai_strategy\ENG.txt	1136	142	Vestlandet	Staraya Russa
common\ai_strategy\ENG.txt	1137	337	Faroe Islands	Kildare
common\ai_strategy\ENG.txt	1138	100	Iceland	Sortavala
common\ai_strategy\ENG.txt	1139	922	Agder	Braga
common\ai_strategy\ENG.txt	1140	30	Loire	Medvezhyegorsk
common\ai_strategy\ENG.txt	1141	23	Poitou	Norrbotten
common\ai_strategy\ENG.txt	1142	19	Aquitaine	Murmansk
common\ai_strategy\ENG.txt	1143	806	French Basque Country	Karachay-Cherkess
common\ai_strategy\ENG.txt	1959	448	Tripoli	Abbeville
common\ai_strategy\ENG.txt	1960	451	Derna	Zeeland
common\ai_strategy\ENG.txt	1991	448	Tripoli	Abbeville
common\ai_strategy\ENG.txt	1992	451	Derna	Zeeland
common\ai_strategy\ENG.txt	2787	451	Derna	Zeeland
common\ai_strategy\ENG.txt	2797	452	Marsa Matruh	Val-de-Marne
common\ai_strategy\ENG_operation_strats.txt	31	16	Ile de France	Rybachy Peninsula
common\ai_strategy\ENG_operation_strats.txt	32	6	Belgium	New Brunswick
common\ai_strategy\ENG_operation_strats.txt	33	14	Brittany	Lappi
common\ai_strategy\ENG_operation_strats.txt	40	55	Nassau	Rhode Island
common\ai_strategy\ENG_operation_strats.txt	86	110	Norway	Varmland
common\ai_strategy\ENG_operation_strats.txt	106	110	Norway	Varmland
common\ai_strategy\FIN.txt	89	146	Karelia	Saaremaa
common\ai_strategy\FIN.txt	96	146	Karelia	Saaremaa
common\ai_strategy\FRA.txt	516	537	South Sakhalin	Saarland
common\ai_strategy\FRA.txt	517	524	Taiwan	Zweibruecken
common\ai_strategy\FRA.txt	520	589	Eastern Kazakhstan	Wolfach
common\ai_strategy\GER.txt	718	264	Tikhvin	Koscierzyna
common\ai_strategy\GER.txt	730	264	Tikhvin	Koscierzyna
common\ai_strategy\GER.txt	773	693	Southern Bahamas	Leczyca
common\ai_strategy\GER.txt	774	381	Wyoming	Lodz
common\ai_strategy\GER.txt	781	606	China 6	Haut-Rhin
common\ai_strategy\GER.txt	782	566	TS 8	Bas-Rhin
common\ai_strategy\GER.txt	783	547	East Africa	Moselle
common\ai_strategy\GER.txt	1301	566	TS 8	Bas-Rhin
common\ai_strategy\GER.txt	1307	606	China 6	Haut-Rhin
common\ai_strategy\GER.txt	1312	547	East Africa	Moselle
common\ai_strategy\GER.txt	1318	547	East Africa	Moselle
common\ai_strategy\GER.txt	1329	598	Jiansu	Saint-Die
common\ai_strategy\GER.txt	1900	571	TS 13	Paris
common\ai_strategy\GER.txt	2209	446	Cairo	Kent
common\ai_strategy\GER.txt	2210	413	Khuzestan	Essex
common\ai_strategy\GER.txt	2211	386	Washington	Suffolk
common\ai_strategy\GER.txt	2212	356	Sinop	Norfolk
common\ai_strategy\GER.txt	2213	313	Guatemala	Lincolnshire
common\ai_strategy\GER.txt	2214	290	Spanish Africa	East Riding
common\ai_strategy\GER.txt	2215	258	lipetsk	Durham
common\ai_strategy\GER.txt	2216	234	Krasodar	Northumberland
common\ai_strategy\GER.txt	2217	221	Kharkov	Midlothian
common\ai_strategy\GER.txt	2218	193	Kiev	Angus
common\ai_strategy\GER.txt	2219	180	Porto	Aberdeen
common\ai_strategy\GER.txt	2220	183	Cyprus	Inverness
common\ai_strategy\GER.txt	2221	158	Piedmont	Caithness
common\ai_strategy\GER.txt	2222	213	Murmansk	Dunbarton
common\ai_strategy\GER.txt	2223	290	Spanish Africa	East Riding
common\ai_strategy\GER.txt	2224	293	Yemen	Lancashire
common\ai_strategy\GER.txt	2225	426	Orissa	Glamorganshire
common\ai_strategy\GER.txt	2226	410	Sistan	Gloucestershire
common\ai_strategy\GER.txt	2229	468	Nunavut	Dorset
common\ai_strategy\GER.txt	2230	462	Southern Morocco	Sussex
common\ai_strategy\GER.txt	2836	606	China 6	Haut-Rhin
common\ai_strategy\GER.txt	2837	566	TS 8	Bas-Rhin
common\ai_strategy\GER.txt	2838	547	East Africa	Moselle
common\ai_strategy\GER.txt	2851	606	China 6	Haut-Rhin
common\ai_strategy\GER.txt	2852	566	TS 8	Bas-Rhin
common\ai_strategy\GER.txt	2853	547	East Africa	Moselle
common\ai_strategy\GER.txt	3415	517	Victoria	Seine-Inferieure
common\ai_strategy\GER.txt	3416	571	TS 13	Paris
common\ai_strategy\GER.txt	3417	551	Khartoum	Calvados
common\ai_strategy\GER.txt	3419	454	Israel	West-Vlaanderen
common\ai_strategy\GER.txt	3420	482	Chihuahua	Hainaut
common\ai_strategy\GER.txt	3421	444	Baluchistan States	Antwerpen
common\ai_strategy\GER.txt	3430	658	Arab UK 1	Doubs
common\ai_strategy\GER.txt	3432	626	Palawan	Cote-d'Or
common\ai_strategy\GER.txt	3433	547	East Africa	Moselle
common\ai_strategy\GER.txt	3434	566	TS 8	Bas-Rhin
common\ai_strategy\GER.txt	3435	606	China 6	Haut-Rhin
common\ai_strategy\GER.txt	3437	570	TS 12	Nancy
common\ai_strategy\GER.txt	3590	101	Greenland	Taurages
common\ai_strategy\GER.txt	3591	107	Kosavo	Mazeikiu
common\ai_strategy\GER.txt	3592	205	Hrodna	Telsiu
common\ai_strategy\GER.txt	3593	206	Minsk	Siauliu
common\ai_strategy\GER.txt	3594	207	Viciebsk	Panevezio
common\ai_strategy\GER.txt	3595	208	Pskov	Kretingos
common\ai_strategy\GER.txt	3596	225	Glukhov	Utenos
common\ai_strategy\GER.txt	3597	227	Stalino	Klaipedos
common\ai_strategy\GER.txt	3598	236	Astrakhan	Swieciany
common\ai_strategy\GER.txt	3599	238	volgodonsk	Sakiu
common\ai_strategy\GER.txt	3600	241	Pochep	Wilno
common\ai_strategy\GER.txt	3601	242	Smolensk	Kauno
common\ai_strategy\GER.txt	3602	244	Gatchina	Ukmerges
common\ai_strategy\GER.txt	3603	259	Liski	Marijampoles
common\ai_strategy\GER.txt	3604	274	British Africa	Alytaus
common\ai_strategy\GER.txt	3605	275	South Africa	Traku
common\ai_strategy\GER.txt	3606	294	Oman	Druskieniki
common\ai_strategy\GER.txt	3620	67	Oberschlesien	Kuldiga
common\ai_strategy\GER.txt	3621	87	Lodz	Jekabpils
common\ai_strategy\GER.txt	3622	91	Tarnopol	Ventspils
common\ai_strategy\GER.txt	3623	94	Polesie	Ilukste
common\ai_strategy\GER.txt	3624	95	Nowogrodek	Valmiera
common\ai_strategy\GER.txt	3625	112	Lisbon	Cesis
common\ai_strategy\GER.txt	3626	170	Extremadura	Madona
common\ai_strategy\GER.txt	3627	172	Navarre	Riga
common\ai_strategy\GER.txt	3628	174	Leon	Liepaja
common\ai_strategy\GER.txt	3629	185	Epirus	Rezekne
common\ai_strategy\GER.txt	3630	188	Memel	Tukums
common\ai_strategy\GER.txt	3631	196	Kherson	Jelgava
common\ai_strategy\GER.txt	3650	133	Strathclyde	Harju
common\ai_strategy\GER.txt	3651	134	Connaught	Narva
common\ai_strategy\GER.txt	3652	137	Crimea	Jaanilinn
common\ai_strategy\GER.txt	3653	143	Midt-Noreg	Jarva
common\ai_strategy\GER.txt	3654	145	Aland	Laane
common\ai_strategy\GER.txt	3655	146	Karelia	Saaremaa
common\ai_strategy\GER.txt	3656	152	Upper Austria	Tarto
common\ai_strategy\GER.txt	3657	155	Western Hungary	Parnu
common\ai_strategy\GER.txt	3658	156	Calabria	Viljandi
common\ai_strategy\GER.txt	3659	157	Abruzzo	Hiiumaa
common\ai_strategy\GER.txt	3660	165	Catalonia	Petseri
common\ai_strategy\GER.txt	3661	166	Western Aragon	Valga
common\ai_strategy\GER.txt	3662	173	Granada	Voru
common\ai_strategy\GER.txt	3707	300	Uruguay	Grodno
common\ai_strategy\GER.txt	3709	326	HongKong	Wolkowysk
common\ai_strategy\GER.txt	3712	1041	- Chengdu	Luboml
common\ai_strategy\GER.txt	3713	434	Arunachal Pradesh	Wlodzimierz Wolynski
common\ai_strategy\GER.txt	3717	490	Pastaza	Drohobycz
common\ai_strategy\GER.txt	3720	593	Guangdong	Uzhorod a Mukacevo
common\ai_strategy\GER.txt	4872	583	Kazakhstan	Finistere
common\ai_strategy\GER.txt	4873	615	Shanxi	Morbihan
common\ai_strategy\GER.txt	4874	634	Solomon Islands	Loire-Inferieure
common\ai_strategy\GER.txt	4875	684	Caroline Islands	Vendee
common\ai_strategy\GER.txt	4887	583	Kazakhstan	Finistere
common\ai_strategy\GER.txt	4888	615	Shanxi	Morbihan
common\ai_strategy\GER.txt	4889	634	Solomon Islands	Loire-Inferieure
common\ai_strategy\GER.txt	4890	684	Caroline Islands	Vendee
common\ai_strategy\GER.txt	4946	69	Sudatenland	nice
common\ai_strategy\GER.txt	4958	69	Sudatenland	nice
common\ai_strategy\GER.txt	5044	9	Czechoslovakia	Ontario
common\ai_strategy\GER.txt	5101	4	Austria	Finnmark
common\ai_strategy\GER.txt	5102	152	Upper Austria	Tarto
common\ai_strategy\GER.txt	5123	972	- South Sudetenland	Agcab@di
common\ai_strategy\GER.txt	5124	70	Slovakia	Soro
common\ai_strategy\GER.txt	5136	972	- South Sudetenland	Agcab@di
common\ai_strategy\GER.txt	5137	75	Moravia	More og Romsdal
common\ai_strategy\ITA.txt	300	158	Piedmont	Caithness
common\ai_strategy\ITA.txt	301	735	Savoy	Subotica
common\ai_strategy\ITA.txt	1097	452	Marsa Matruh	Val-de-Marne
common\ai_strategy\ITA.txt	1107	447	Alexandria	Surrey
common\ai_strategy\ITA.txt	1341	841	Begemder	Abkhazia
common\ai_strategy\ITA.txt	1366	837	Sidamo	Asturias
common\ai_strategy\ITA.txt	1391	271	ethiopia	North Riding
common\ai_strategy\ITA.txt	1416	835	Haraghe	Trebinje
common\ai_strategy\SOV.txt	488	146	Karelia	Saaremaa
common\ai_strategy\SOV.txt	499	146	Karelia	Saaremaa
common\ai_strategy\SOV.txt	1459	220	Kursk Area	West Lothian
common\ai_strategy\SOV.txt	1460	224	Bryansk	Berwick
common\ai_strategy\SOV.txt	1461	243	Roslavl	Srem
common\ai_strategy\SOV.txt	1462	207	Viciebsk	Panevezio
common\ai_strategy\SOV.txt	1463	210	Bryansk	Stirling
common\ai_strategy\SOV.txt	1513	218	Rostov Area	Vyazma
common\ai_strategy\SOV.txt	1514	228	Taganrog	Ribe
common\ai_strategy\SOV.txt	1515	260	Borisoglbsk	Eiderstadt
common\ai_strategy\SOV.txt	1516	239	Saratov	Selkirk
common\ai_strategy\SOV.txt	2294	78	Bessarabia	Hedmark
common\ai_strategy\SOV.txt	2300	80	Bocovina	Ostrow Wiel
common\ai_strategy\SOV.txt	2306	766	Southern Bessarabia	Cantal
common\ai_strategy\SOV.txt	2320	78	Bessarabia	Hedmark
common\ai_strategy\SOV.txt	2326	80	Bocovina	Ostrow Wiel
common\ai_strategy\SOV.txt	2332	766	Southern Bessarabia	Cantal
common\ai_strategy\SOV.txt	2373	146	Karelia	Saaremaa
common\ai_strategy\SOV.txt	2386	146	Karelia	Saaremaa
common\ai_strategy\SOV.txt	2485	195	Leningrad Area	Moscow Oblast
common\ai_strategy\SOV.txt	2486	146	Karelia	Saaremaa
common\ai_strategy\SOV.txt	2487	928	Kyme	Edirne
common\ai_strategy\SOV.txt	2488	111	Uusima	Hordaland
common\ai_strategy\SOV.txt	2489	927	Hame	Tarragona
common\ai_strategy\SOV.txt	2490	926	Turku	Segovia
common\ai_strategy\SOV.txt	2683	96	Wilejka	Vologda
common\ai_strategy\SOV.txt	2684	95	Nowogrodek	Valmiera
common\ai_strategy\SOV.txt	2685	94	Polesie	Ilukste
common\ai_strategy\SOV.txt	2686	93	Volhynian	Etela-Karjala
common\ai_strategy\SOV.txt	2687	92	Lublin	Sogn og Fjordane
common\ai_strategy\USA.txt	1558	16	Ile de France	Rybachy Peninsula
common\ai_strategy\USA.txt	2369	645	Iwo Jima	Tours
common\collections\collections.txt	283	133	Strathclyde	Harju
common\collections\collections.txt	284	134	Connaught	Narva
common\collections\collections.txt	285	137	Crimea	Jaanilinn
common\collections\collections.txt	286	143	Midt-Noreg	Jarva
common\collections\collections.txt	287	145	Aland	Laane
common\collections\collections.txt	288	146	Karelia	Saaremaa
common\collections\collections.txt	289	152	Upper Austria	Tarto
common\collections\collections.txt	290	155	Western Hungary	Parnu
common\collections\collections.txt	291	156	Calabria	Viljandi
common\collections\collections.txt	292	157	Abruzzo	Hiiumaa
common\collections\collections.txt	293	165	Catalonia	Petseri
common\collections\collections.txt	294	166	Western Aragon	Valga
common\collections\collections.txt	295	173	Granada	Voru
common\collections\collections.txt	298	112	Lisbon	Cesis
common\collections\collections.txt	308	170	Extremadura	Madona
common\collections\collections.txt	309	172	Navarre	Riga
common\collections\collections.txt	310	174	Leon	Liepaja
common\collections\collections.txt	311	185	Epirus	Rezekne
common\collections\collections.txt	312	188	Memel	Tukums
common\collections\collections.txt	313	196	Kherson	Jelgava
common\collections\collections.txt	321	67	Oberschlesien	Kuldiga
common\collections\collections.txt	322	87	Lodz	Jekabpils
common\collections\collections.txt	323	91	Tarnopol	Ventspils
common\collections\collections.txt	324	94	Polesie	Ilukste
common\collections\collections.txt	325	95	Nowogrodek	Valmiera
common\collections\collections.txt	327	101	Greenland	Taurages
common\collections\collections.txt	328	107	Kosavo	Mazeikiu
common\collections\collections.txt	336	205	Hrodna	Telsiu
common\collections\collections.txt	337	206	Minsk	Siauliu
common\collections\collections.txt	338	207	Viciebsk	Panevezio
common\collections\collections.txt	339	208	Pskov	Kretingos
common\collections\collections.txt	340	225	Glukhov	Utenos
common\collections\collections.txt	341	227	Stalino	Klaipedos
common\collections\collections.txt	343	238	volgodonsk	Sakiu
common\collections\collections.txt	344	242	Smolensk	Kauno
common\collections\collections.txt	345	244	Gatchina	Ukmerges
common\collections\collections.txt	346	259	Liski	Marijampoles
common\collections\collections.txt	347	274	British Africa	Alytaus
common\collections\collections.txt	348	275	South Africa	Traku
common\collections\collections.txt	365	133	Strathclyde	Harju
common\collections\collections.txt	366	134	Connaught	Narva
common\collections\collections.txt	367	137	Crimea	Jaanilinn
common\collections\collections.txt	368	143	Midt-Noreg	Jarva
common\collections\collections.txt	369	145	Aland	Laane
common\collections\collections.txt	370	146	Karelia	Saaremaa
common\collections\collections.txt	371	152	Upper Austria	Tarto
common\collections\collections.txt	372	155	Western Hungary	Parnu
common\collections\collections.txt	373	156	Calabria	Viljandi
common\collections\collections.txt	374	157	Abruzzo	Hiiumaa
common\collections\collections.txt	375	165	Catalonia	Petseri
common\collections\collections.txt	376	166	Western Aragon	Valga
common\collections\collections.txt	377	173	Granada	Voru
common\collections\collections.txt	380	112	Lisbon	Cesis
common\collections\collections.txt	390	170	Extremadura	Madona
common\collections\collections.txt	391	172	Navarre	Riga
common\collections\collections.txt	392	174	Leon	Liepaja
common\collections\collections.txt	393	185	Epirus	Rezekne
common\collections\collections.txt	394	188	Memel	Tukums
common\collections\collections.txt	395	196	Kherson	Jelgava
common\collections\collections.txt	403	67	Oberschlesien	Kuldiga
common\collections\collections.txt	404	87	Lodz	Jekabpils
common\collections\collections.txt	405	91	Tarnopol	Ventspils
common\collections\collections.txt	406	94	Polesie	Ilukste
common\collections\collections.txt	407	95	Nowogrodek	Valmiera
common\collections\collections.txt	409	101	Greenland	Taurages
common\collections\collections.txt	410	107	Kosavo	Mazeikiu
common\collections\collections.txt	418	205	Hrodna	Telsiu
common\collections\collections.txt	419	206	Minsk	Siauliu
common\collections\collections.txt	420	207	Viciebsk	Panevezio
common\collections\collections.txt	421	208	Pskov	Kretingos
common\collections\collections.txt	422	225	Glukhov	Utenos
common\collections\collections.txt	423	227	Stalino	Klaipedos
common\collections\collections.txt	425	238	volgodonsk	Sakiu
common\collections\collections.txt	426	242	Smolensk	Kauno
common\collections\collections.txt	427	244	Gatchina	Ukmerges
common\collections\collections.txt	428	259	Liski	Marijampoles
common\collections\collections.txt	429	274	British Africa	Alytaus
common\collections\collections.txt	430	275	South Africa	Traku
common\decisions\AUS.txt	2089	764	West Banat	Prahova
common\decisions\AUS.txt	2091	764	West Banat	Prahova
common\decisions\AUS.txt	2095	104	Bosnia	Haderslev
common\decisions\AUS.txt	2097	104	Bosnia	Haderslev
common\decisions\AUS.txt	2101	103	Croatia	Kanta-Hame
common\decisions\AUS.txt	2103	103	Croatia	Kanta-Hame
common\decisions\AUS.txt	2107	804	Herzegovina	Teleorman
common\decisions\AUS.txt	2109	804	Herzegovina	Teleorman
common\decisions\AUS.txt	2113	45	Yugoslavia	Vasterbotten
common\decisions\AUS.txt	2115	45	Yugoslavia	Vasterbotten
common\decisions\AUS.txt	2132	102	North-Eastern Slovenia	Volkhov
common\decisions\AUS.txt	2133	109	Eastern Croatia	Varsinais-Suomi
common\decisions\AUS.txt	2134	853	Ljubljana	Sinjajevina
common\decisions\AUS.txt	2163	764	West Banat	Prahova
common\decisions\AUS.txt	2164	104	Bosnia	Haderslev
common\decisions\AUS.txt	2165	103	Croatia	Kanta-Hame
common\decisions\AUS.txt	2166	804	Herzegovina	Teleorman
common\decisions\AUS.txt	2167	45	Yugoslavia	Vasterbotten
common\decisions\AUS.txt	3078	709	Seychelles	Milano
common\decisions\AUS.txt	3095	742	Stalinabad	Venezia
common\decisions\AUS.txt	3097	704	Saint Helena	Belluno
common\decisions\AUS.txt	3103	706	Reunion	Udine
common\decisions\AUS.txt	3106	720	South Georgia	Canale
common\decisions\AUS.txt	3110	744	Xian	Trieste
common\decisions\AUS.txt	3118	762	Katowice	Istria
common\decisions\AUS.txt	3124	683	Northeastern Canada	Trento
common\decisions\AUS.txt	3196	661	Tripolitania	Bern
common\decisions\AUS.txt	3198	694	French Caribbean	Bernese Oberland
common\decisions\AUS.txt	3199	710	Diego Garcia	Wallis
common\decisions\AUS.txt	3200	652	Sov state 6	Aargau
common\decisions\AUS.txt	3201	669	Dutch New Guinea	Luzern
common\decisions\AUS.txt	3205	673	Sulawesi	Schwytz
common\decisions\AUS.txt	3206	647	Palau	Zurich
common\decisions\AUS.txt	3209	643	Fongafale	St Gallen
common\decisions\AUS.txt	3214	685	Panama Canal	Graubunden
common\decisions\AUS.txt	3215	708	Comoro Islands	Ticino
common\decisions\AUS.txt	3220	707	Mauritius	Vaud
common\decisions\AUS.txt	3222	724	Southern Siam	Valais
common\decisions\AUS.txt	3225	660	Equatorial Africa	Jura
common\decisions\BEL.txt	1139	29	Pas de Calais	Suursaari
common\decisions\BEL.txt	1140	785	Picardy	Kraljevo
common\decisions\BEL.txt	1141	18	Champagne	Connecticut
common\decisions\BEL.txt	1142	28	Alcase	Virginia
common\decisions\BEL.txt	1143	17	Alcase Lorraine	Petsamo
common\decisions\BEL.txt	1144	27	Champagne2	Nenets
common\decisions\BUL.txt	3971	868	Isan	Burgas
common\decisions\BUL.txt	4300	905	Mombasa	Blagoevgrad
common\decisions\BUL.txt	4305	905	Mombasa	Blagoevgrad
common\decisions\BUL.txt	4325	905	Mombasa	Blagoevgrad
common\decisions\BUL.txt	4330	905	Mombasa	Blagoevgrad
common\decisions\BUL.txt	4354	905	Mombasa	Blagoevgrad
common\decisions\BUL.txt	4367	905	Mombasa	Blagoevgrad
common\decisions\BUL.txt	4372	905	Mombasa	Blagoevgrad
common\decisions\BUL.txt	4395	905	Mombasa	Blagoevgrad
common\decisions\BUL.txt	4400	905	Mombasa	Blagoevgrad
common\decisions\BUL.txt	4657	941	- Tocantins	Thessaloniki
common\decisions\BUL.txt	5043	941	- Tocantins	Thessaloniki
common\decisions\BUL.txt	5098	941	- Tocantins	Thessaloniki
common\decisions\BUL.txt	7963	212	Plovdiv	Malmohus
common\decisions\BUL.txt	7973	212	Plovdiv	Malmohus
common\decisions\BUL.txt	7974	212	Plovdiv	Malmohus
common\decisions\BUL.txt	8072	48	Bulgaria	Austurland
common\decisions\BUL.txt	9164	341	Edirne	Anglesey
common\decisions\BUL.txt	9165	797	Istanbul	Dolj
common\decisions\COG.txt	22	889	Elisabethville	Zaqatala
common\decisions\COG.txt	23	890	Costermansville	Imereti
common\decisions\COG.txt	24	718	Stanleyville	Torino
common\decisions\COG.txt	25	538	Cameroun	Verdun
common\decisions\COG.txt	26	888	Lusambo	Kacanik
common\decisions\COG.txt	27	295	Congo	Naugard
common\decisions\COG.txt	563	772	Middle Congo	Ardeche
common\decisions\COG.txt	633	769	Burundi	Kerch
common\decisions\COG.txt	703	768	Rwanda	Dambovita
common\decisions\COG.txt	1014	888	Lusambo	Kacanik
common\decisions\COG.txt	1594	768	Rwanda	Dambovita
common\decisions\COG.txt	1595	769	Burundi	Kerch
common\decisions\COG.txt	1602	768	Rwanda	Dambovita
common\decisions\COG.txt	1603	769	Burundi	Kerch
common\decisions\COG.txt	1674	768	Rwanda	Dambovita
common\decisions\COG.txt	1675	769	Burundi	Kerch
common\decisions\COG.txt	1682	768	Rwanda	Dambovita
common\decisions\COG.txt	1683	769	Burundi	Kerch
common\decisions\COG.txt	1790	768	Rwanda	Dambovita
common\decisions\COG.txt	1795	768	Rwanda	Dambovita
common\decisions\COG.txt	1862	769	Burundi	Kerch
common\decisions\COG.txt	1867	769	Burundi	Kerch
common\decisions\COG.txt	1935	768	Rwanda	Dambovita
common\decisions\COG.txt	1936	769	Burundi	Kerch
common\decisions\COG.txt	1944	768	Rwanda	Dambovita
common\decisions\COG.txt	1945	769	Burundi	Kerch
common\decisions\COG.txt	2040	889	Elisabethville	Zaqatala
common\decisions\COG.txt	2041	888	Lusambo	Kacanik
common\decisions\COG.txt	2042	890	Costermansville	Imereti
common\decisions\COG.txt	2188	768	Rwanda	Dambovita
common\decisions\COG.txt	2189	769	Burundi	Kerch
common\decisions\COG.txt	2283	718	Stanleyville	Torino
common\decisions\COG.txt	2361	889	Elisabethville	Zaqatala
common\decisions\COG.txt	2452	718	Stanleyville	Torino
common\decisions\COG.txt	3117	538	Cameroun	Verdun
common\decisions\COG.txt	3118	718	Stanleyville	Torino
common\decisions\COG.txt	3119	890	Costermansville	Imereti
common\decisions\COG.txt	3120	888	Lusambo	Kacanik
common\decisions\COG.txt	3121	889	Elisabethville	Zaqatala
common\decisions\COG.txt	3122	295	Congo	Naugard
common\decisions\COG.txt	3123	772	Middle Congo	Ardeche
common\decisions\COG.txt	3124	796	North Angola	Nis
common\decisions\COG.txt	3125	540	Angola	Charente-Vienne
common\decisions\CZE.txt	91	69	Sudatenland	nice
common\decisions\CZE.txt	94	69	Sudatenland	nice
common\decisions\CZE.txt	95	69	Sudatenland	nice
common\decisions\CZE.txt	100	972	- South Sudetenland	Agcab@di
common\decisions\CZE.txt	103	972	- South Sudetenland	Agcab@di
common\decisions\CZE.txt	104	972	- South Sudetenland	Agcab@di
common\decisions\CZE.txt	109	74	East Sudatenland	Porajarvi
common\decisions\CZE.txt	112	74	East Sudatenland	Porajarvi
common\decisions\CZE.txt	113	74	East Sudatenland	Porajarvi
common\decisions\CZE.txt	118	72	Zaolzie	Keski-Suomi
common\decisions\CZE.txt	121	72	Zaolzie	Keski-Suomi
common\decisions\CZE.txt	122	72	Zaolzie	Keski-Suomi
common\decisions\CZE.txt	127	664	Southern Slovakia	Oradea
common\decisions\CZE.txt	130	664	Southern Slovakia	Oradea
common\decisions\CZE.txt	131	664	Southern Slovakia	Oradea
common\decisions\CZE.txt	221	69	Sudatenland	nice
common\decisions\CZE.txt	224	69	Sudatenland	nice
common\decisions\CZE.txt	225	69	Sudatenland	nice
common\decisions\CZE.txt	230	972	- South Sudetenland	Agcab@di
common\decisions\CZE.txt	233	972	- South Sudetenland	Agcab@di
common\decisions\CZE.txt	234	972	- South Sudetenland	Agcab@di
common\decisions\CZE.txt	239	74	East Sudatenland	Porajarvi
common\decisions\CZE.txt	242	74	East Sudatenland	Porajarvi
common\decisions\CZE.txt	243	74	East Sudatenland	Porajarvi
common\decisions\CZE.txt	248	72	Zaolzie	Keski-Suomi
common\decisions\CZE.txt	251	72	Zaolzie	Keski-Suomi
common\decisions\CZE.txt	252	72	Zaolzie	Keski-Suomi
common\decisions\CZE.txt	257	664	Southern Slovakia	Oradea
common\decisions\CZE.txt	260	664	Southern Slovakia	Oradea
common\decisions\CZE.txt	261	664	Southern Slovakia	Oradea
common\decisions\CZE.txt	366	69	Sudatenland	nice
common\decisions\CZE.txt	369	69	Sudatenland	nice
common\decisions\CZE.txt	370	69	Sudatenland	nice
common\decisions\CZE.txt	375	972	- South Sudetenland	Agcab@di
common\decisions\CZE.txt	378	972	- South Sudetenland	Agcab@di
common\decisions\CZE.txt	379	972	- South Sudetenland	Agcab@di
common\decisions\CZE.txt	384	74	East Sudatenland	Porajarvi
common\decisions\CZE.txt	387	74	East Sudatenland	Porajarvi
common\decisions\CZE.txt	388	74	East Sudatenland	Porajarvi
common\decisions\CZE.txt	408	69	Sudatenland	nice
common\decisions\CZE.txt	409	972	- South Sudetenland	Agcab@di
common\decisions\CZE.txt	410	74	East Sudatenland	Porajarvi
common\decisions\CZE.txt	441	69	Sudatenland	nice
common\decisions\CZE.txt	444	69	Sudatenland	nice
common\decisions\CZE.txt	449	972	- South Sudetenland	Agcab@di
common\decisions\CZE.txt	452	972	- South Sudetenland	Agcab@di
common\decisions\CZE.txt	457	74	East Sudatenland	Porajarvi
common\decisions\CZE.txt	460	74	East Sudatenland	Porajarvi
common\decisions\CZE.txt	486	72	Zaolzie	Keski-Suomi
common\decisions\CZE.txt	489	72	Zaolzie	Keski-Suomi
common\decisions\CZE.txt	490	72	Zaolzie	Keski-Suomi
common\decisions\CZE.txt	517	664	Southern Slovakia	Oradea
common\decisions\CZE.txt	520	664	Southern Slovakia	Oradea
common\decisions\CZE.txt	521	664	Southern Slovakia	Oradea
common\decisions\CZE.txt	569	69	Sudatenland	nice
common\decisions\CZE.txt	579	972	- South Sudetenland	Agcab@di
common\decisions\CZE.txt	582	972	- South Sudetenland	Agcab@di
common\decisions\CZE.txt	587	74	East Sudatenland	Porajarvi
common\decisions\CZE.txt	590	74	East Sudatenland	Porajarvi
common\decisions\CZE.txt	619	69	Sudatenland	nice
common\decisions\CZE.txt	671	9	Czechoslovakia	Ontario
common\decisions\CZE.txt	723	73	Carpathian Ruthenia	Etela-Pohjanmaa
common\decisions\CZE.txt	1068	69	Sudatenland	nice
common\decisions\CZE.txt	1069	972	- South Sudetenland	Agcab@di
common\decisions\CZE.txt	1070	74	East Sudatenland	Porajarvi
common\decisions\CZE.txt	1075	69	Sudatenland	nice
common\decisions\CZE.txt	1076	972	- South Sudetenland	Agcab@di
common\decisions\CZE.txt	1077	74	East Sudatenland	Porajarvi
common\decisions\CZE.txt	1352	441	Kashmir	Gorlitz
common\decisions\CZE.txt	1386	441	Kashmir	Gorlitz
common\decisions\CZE.txt	3634	471	Northwestern Canada	Aussig
common\decisions\CZE.txt	3635	473	British Columbia	Reichenberg
common\decisions\CZE.txt	3636	498	Rio Grande	Eger
common\decisions\CZE.txt	3637	499	Bahia	Sternberg
common\decisions\CZE.txt	3638	504	Iguacu	Zwittau
common\decisions\CZE.txt	3639	507	Southern Chile	Troppau
common\decisions\CZE.txt	3640	522	Western Australia	Tachau
common\decisions\CZE.txt	3896	471	Northwestern Canada	Aussig
common\decisions\CZE.txt	3897	473	British Columbia	Reichenberg
common\decisions\CZE.txt	3898	498	Rio Grande	Eger
common\decisions\CZE.txt	3899	499	Bahia	Sternberg
common\decisions\CZE.txt	3900	504	Iguacu	Zwittau
common\decisions\CZE.txt	3901	507	Southern Chile	Troppau
common\decisions\CZE.txt	3902	522	Western Australia	Tachau
common\decisions\CZE.txt	4267	471	Northwestern Canada	Aussig
common\decisions\CZE.txt	4268	473	British Columbia	Reichenberg
common\decisions\CZE.txt	4269	498	Rio Grande	Eger
common\decisions\CZE.txt	4270	499	Bahia	Sternberg
common\decisions\CZE.txt	4271	504	Iguacu	Zwittau
common\decisions\CZE.txt	4272	507	Southern Chile	Troppau
common\decisions\CZE.txt	4273	522	Western Australia	Tachau
common\decisions\CZE.txt	4879	471	Northwestern Canada	Aussig
common\decisions\CZE.txt	4880	473	British Columbia	Reichenberg
common\decisions\CZE.txt	4881	498	Rio Grande	Eger
common\decisions\CZE.txt	4882	499	Bahia	Sternberg
common\decisions\CZE.txt	4883	504	Iguacu	Zwittau
common\decisions\CZE.txt	4884	507	Southern Chile	Troppau
common\decisions\CZE.txt	4885	522	Western Australia	Tachau
common\decisions\CZE.txt	5533	513	Southern Algeria	Praha
common\decisions\CZE.txt	5536	536	Hokkaido	Brno
common\decisions\CZE.txt	5745	513	Southern Algeria	Praha
common\decisions\CZE.txt	5746	536	Hokkaido	Brno
common\decisions\CZE.txt	5910	610	China 9	Komarom
common\decisions\CZE.txt	5911	580	Siberia 7	Nyitra es Pozsony
common\decisions\CZE.txt	5916	593	Guangdong	Uzhorod a Mukacevo
common\decisions\CZE.txt	6244	610	China 9	Komarom
common\decisions\CZE.txt	6245	580	Siberia 7	Nyitra es Pozsony
common\decisions\CZE.txt	6495	526	Okinawa	Zaolzie
common\decisions\CZE.txt	6496	577	Siberia 4	Zilina
common\decisions\CZE.txt	6498	541	South West Africa	Tatra
common\decisions\CZE.txt	6501	562	TS 4	Sobrance
common\decisions\CZE.txt	6505	564	TS 6	Northern Maramures
common\decisions\CZE.txt	6916	526	Okinawa	Zaolzie
common\decisions\CZE.txt	7069	155	Western Hungary	Parnu
common\decisions\CZE.txt	7090	106	Macedonia	Buskerud
common\decisions\DEN.txt	4954	246	Rzhev	Tonder
common\decisions\DEN.txt	4955	104	Bosnia	Haderslev
common\decisions\DEN.txt	4956	139	Smaland	Abenra-Sonderborg
common\decisions\DEN.txt	5092	101	Greenland	Taurages
common\decisions\DEN.txt	5151	164	Dodecanese	Bornholm
common\decisions\DEN.txt	5210	90	Lwow	Faero
common\decisions\DEN.txt	5262	226	Nikopol	Gotland
common\decisions\DEN.txt	5318	159	Lombardy	Hofudborgarsvaedid
common\decisions\DEN.txt	5371	120	Scottish Highlands	Alborg
common\decisions\DEN.txt	5422	139	Smaland	Abenra-Sonderborg
common\decisions\DEN.txt	5473	315	Cuba	Kobenhavn
common\decisions\DEN.txt	5524	240	Voronezh	Odense
common\decisions\DEN.txt	5578	15	Normandy	Arhus
common\decisions\DEN.txt	5579	120	Scottish Highlands	Alborg
common\decisions\DEN.txt	5580	140	Vaster Gotland	Hjorring
common\decisions\DEN.txt	5581	139	Smaland	Abenra-Sonderborg
common\decisions\DEN.txt	5582	315	Cuba	Kobenhavn
common\decisions\DEN.txt	5583	164	Dodecanese	Bornholm
common\decisions\DEN.txt	5584	228	Taganrog	Ribe
common\decisions\DEN.txt	5585	90	Lwow	Faero
common\decisions\DEN.txt	5586	246	Rzhev	Tonder
common\decisions\DEN.txt	5587	104	Bosnia	Haderslev
common\decisions\DEN.txt	5588	223	tula	Vejle
common\decisions\DEN.txt	5589	197	Mykolaiv	Ringkobing
common\decisions\DEN.txt	5590	181	Guarda	Viborg
common\decisions\DEN.txt	5591	76	Northern Transylvania	Randers
common\decisions\DEN.txt	5592	144	Nord-Noreg	Thisted
common\decisions\DEN.txt	5593	247	Tver	Svendborg
common\decisions\DEN.txt	5708	15	Normandy	Arhus
common\decisions\DEN.txt	5709	120	Scottish Highlands	Alborg
common\decisions\DEN.txt	5710	140	Vaster Gotland	Hjorring
common\decisions\DEN.txt	5711	139	Smaland	Abenra-Sonderborg
common\decisions\DEN.txt	5712	315	Cuba	Kobenhavn
common\decisions\DEN.txt	5713	164	Dodecanese	Bornholm
common\decisions\DEN.txt	5714	228	Taganrog	Ribe
common\decisions\DEN.txt	5715	90	Lwow	Faero
common\decisions\DEN.txt	5716	246	Rzhev	Tonder
common\decisions\DEN.txt	5717	104	Bosnia	Haderslev
common\decisions\DEN.txt	5718	223	tula	Vejle
common\decisions\DEN.txt	5719	197	Mykolaiv	Ringkobing
common\decisions\DEN.txt	5720	181	Guarda	Viborg
common\decisions\DEN.txt	5721	76	Northern Transylvania	Randers
common\decisions\DEN.txt	5722	144	Nord-Noreg	Thisted
common\decisions\DEN.txt	5723	247	Tver	Svendborg
common\decisions\DEN.txt	7824	37	Denmark	Fontainebleau
common\decisions\DEN.txt	7825	99	Jutland	Gniezno
common\decisions\DEN.txt	7826	101	Greenland	Taurages
common\decisions\DEN.txt	7827	337	Faroe Islands	Kildare
common\decisions\DEN.txt	7857	101	Greenland	Taurages
common\decisions\ENG.txt	45	253	Ivanovo	Antrim
common\decisions\ENG.txt	117	183	Cyprus	Inverness
common\decisions\ENG.txt	189	180	Porto	Aberdeen
common\decisions\ENG.txt	261	219	Moscow Area	Lanmark
common\decisions\ENG.txt	333	221	Kharkov	Midlothian
common\decisions\ENG.txt	405	234	Krasodar	Northumberland
common\decisions\ENG.txt	477	286	Indochina	West Riding
common\decisions\ENG.txt	549	293	Yemen	Lancashire
common\decisions\ENG.txt	621	426	Orissa	Glamorganshire
common\decisions\ENG.txt	693	344	Adana	Staffordshire
common\decisions\ENG.txt	765	357	New England	Leicestershire
common\decisions\ENG.txt	837	356	Sinop	Norfolk
common\decisions\ENG.txt	909	410	Sistan	Gloucestershire
common\decisions\ENG.txt	1053	458	Tunisia	Cornwall
common\decisions\ENG.txt	1125	453	Sinai	Hampshire
common\decisions\ENG.txt	6230	513	Southern Algeria	Praha
common\decisions\ENG.txt	6231	455	Jordan	Oost-Vlaanderen
common\decisions\ENG.txt	6232	500	Rio de Janerio	Luxembourg Belge
common\decisions\ENG.txt	6311	513	Southern Algeria	Praha
common\decisions\ENG.txt	6312	455	Jordan	Oost-Vlaanderen
common\decisions\ENG.txt	6313	500	Rio de Janerio	Luxembourg Belge
common\decisions\ENG.txt	6386	513	Southern Algeria	Praha
common\decisions\ENG.txt	6387	455	Jordan	Oost-Vlaanderen
common\decisions\ENG.txt	6388	500	Rio de Janerio	Luxembourg Belge
common\decisions\ENG.txt	6446	455	Jordan	Oost-Vlaanderen
common\decisions\ENG.txt	6447	500	Rio de Janerio	Luxembourg Belge
common\decisions\ENG.txt	6449	513	Southern Algeria	Praha
common\decisions\FIN.txt	681	119	Northern Ireland	Leningrad
common\decisions\FIN.txt	762	119	Northern Ireland	Leningrad
common\decisions\FIN.txt	768	195	Leningrad Area	Moscow Oblast
common\decisions\FIN.txt	1216	119	Northern Ireland	Leningrad
common\decisions\FIN.txt	1222	119	Northern Ireland	Leningrad
common\decisions\FIN.txt	1223	119	Northern Ireland	Leningrad
common\decisions\FIN.txt	2569	98	Mazurskie	Aland
common\decisions\FIN.txt	2808	98	Mazurskie	Aland
common\decisions\formable_nation_decisions.txt	635	184	Thrace	Halland
common\decisions\formable_nation_decisions.txt	636	202	Western Kiev	Kristianstad
common\decisions\formable_nation_decisions.txt	637	203	Cherkasy	Blekinge
common\decisions\formable_nation_decisions.txt	638	212	Plovdiv	Malmohus
common\decisions\formable_nation_decisions.txt	768	184	Thrace	Halland
common\decisions\formable_nation_decisions.txt	769	202	Western Kiev	Kristianstad
common\decisions\formable_nation_decisions.txt	770	203	Cherkasy	Blekinge
common\decisions\formable_nation_decisions.txt	771	212	Plovdiv	Malmohus
common\decisions\formable_nation_decisions.txt	911	227	Stalino	Klaipedos
common\decisions\formable_nation_decisions.txt	1629	404	Saykhin	Diekirch
common\decisions\formable_nation_decisions.txt	1630	512	Patagonia	Luxembourg
common\decisions\formable_nation_decisions.txt	1631	427	Hyderabad	Grevenmacher
common\decisions\formable_nation_decisions.txt	1649	454	Israel	West-Vlaanderen
common\decisions\formable_nation_decisions.txt	1650	455	Jordan	Oost-Vlaanderen
common\decisions\formable_nation_decisions.txt	1651	444	Baluchistan States	Antwerpen
common\decisions\formable_nation_decisions.txt	1652	470	Alberta	Vlaams-Brabant
common\decisions\formable_nation_decisions.txt	1653	456	Luxor	Vlaams-Limburg
common\decisions\formable_nation_decisions.txt	1654	422	Ceylon	Brabant wallon
common\decisions\formable_nation_decisions.txt	1655	482	Chihuahua	Hainaut
common\decisions\formable_nation_decisions.txt	1656	487	Amazinas	Namur
common\decisions\formable_nation_decisions.txt	1657	480	Coahuila	Liege
common\decisions\formable_nation_decisions.txt	1660	500	Rio de Janerio	Luxembourg Belge
common\decisions\formable_nation_decisions.txt	1778	227	Stalino	Klaipedos
common\decisions\formable_nation_decisions.txt	1860	679	Hejaz	Lienz
common\decisions\formable_nation_decisions.txt	1861	855	Tabuk	Saint-Girons
common\decisions\formable_nation_decisions.txt	1862	856	Asir-Makkah	Samegrelo
common\decisions\formable_nation_decisions.txt	1863	293	Yemen	Lancashire
common\decisions\formable_nation_decisions.txt	1864	454	Israel	West-Vlaanderen
common\decisions\formable_nation_decisions.txt	1865	455	Jordan	Oost-Vlaanderen
common\decisions\formable_nation_decisions.txt	1866	656	Kuwait	Sieradz
common\decisions\formable_nation_decisions.txt	1889	677	Aleppo	Bekes
common\decisions\formable_nation_decisions.txt	1890	680	Deir-az-Zur	Mures
common\decisions\formable_nation_decisions.txt	1891	553	Lebanon	Heilbronn
common\decisions\formable_nation_decisions.txt	1892	554	Syria	Passau
common\decisions\formable_nation_decisions.txt	2213	811	Saaremaa	Sibenik
common\decisions\formable_nation_decisions.txt	2214	815	Aukstaitija	Cetina
common\decisions\formable_nation_decisions.txt	2240	721	Portuguese Timor	Osijek
common\decisions\formable_nation_decisions.txt	2264	721	Portuguese Timor	Osijek
common\decisions\formable_nation_decisions.txt	2265	811	Saaremaa	Sibenik
common\decisions\formable_nation_decisions.txt	2266	815	Aukstaitija	Cetina
common\decisions\formable_nation_decisions.txt	2688	679	Hejaz	Lienz
common\decisions\formable_nation_decisions.txt	2689	293	Yemen	Lancashire
common\decisions\formable_nation_decisions.txt	2690	659	Arabian UK 2	Veszprem
common\decisions\formable_nation_decisions.txt	2691	855	Tabuk	Saint-Girons
common\decisions\formable_nation_decisions.txt	2692	856	Asir-Makkah	Samegrelo
common\decisions\formable_nation_decisions.txt	3313	893	Karas	Ceuta
common\decisions\formable_nation_decisions.txt	3371	893	Karas	Ceuta
common\decisions\formable_nation_decisions.txt	3391	882	Pavlodar	Gibraltar
common\decisions\formable_nation_decisions.txt	3640	882	Pavlodar	Gibraltar
common\decisions\formable_nation_decisions.txt	3643	64	Brandenburg	Newfoundland
common\decisions\formable_nation_decisions.txt	3689	882	Pavlodar	Gibraltar
common\decisions\formable_nation_decisions.txt	3692	64	Brandenburg	Newfoundland
common\decisions\formable_nation_decisions.txt	3716	882	Pavlodar	Gibraltar
common\decisions\formable_nation_decisions.txt	3718	64	Brandenburg	Newfoundland
common\decisions\formable_nation_decisions.txt	3854	437	Central Indian Provinces	Wiltshire
common\decisions\formable_nation_decisions.txt	3855	57	Westfalen	Olonets
common\decisions\formable_nation_decisions.txt	3856	24	Centre	Petrozavodsk
common\decisions\formable_nation_decisions.txt	3857	74	East Sudatenland	Porajarvi
common\decisions\formable_nation_decisions.txt	3858	59	Ost - Hannover	Suoyarvi
common\decisions\formable_nation_decisions.txt	3859	30	Loire	Medvezhyegorsk
common\decisions\formable_nation_decisions.txt	3860	39	South Tyrol	Belomorsk
common\decisions\formable_nation_decisions.txt	3861	52	Wuttemberg	Segezha
common\decisions\formable_nation_decisions.txt	3862	38	Sweden	Ukhta
common\decisions\formable_nation_decisions.txt	3863	62	Pommern	Repola
common\decisions\formable_nation_decisions.txt	3865	19	Aquitaine	Murmansk
common\decisions\formable_nation_decisions.txt	3915	437	Central Indian Provinces	Wiltshire
common\decisions\formable_nation_decisions.txt	3916	57	Westfalen	Olonets
common\decisions\formable_nation_decisions.txt	3917	24	Centre	Petrozavodsk
common\decisions\formable_nation_decisions.txt	3918	74	East Sudatenland	Porajarvi
common\decisions\formable_nation_decisions.txt	3919	59	Ost - Hannover	Suoyarvi
common\decisions\formable_nation_decisions.txt	3920	30	Loire	Medvezhyegorsk
common\decisions\formable_nation_decisions.txt	3921	39	South Tyrol	Belomorsk
common\decisions\formable_nation_decisions.txt	3922	52	Wuttemberg	Segezha
common\decisions\formable_nation_decisions.txt	3923	38	Sweden	Ukhta
common\decisions\formable_nation_decisions.txt	3924	62	Pommern	Repola
common\decisions\formable_nation_decisions.txt	3926	19	Aquitaine	Murmansk
common\decisions\formable_nation_decisions.txt	3945	437	Central Indian Provinces	Wiltshire
common\decisions\formable_nation_decisions.txt	3946	57	Westfalen	Olonets
common\decisions\formable_nation_decisions.txt	3947	24	Centre	Petrozavodsk
common\decisions\formable_nation_decisions.txt	3948	74	East Sudatenland	Porajarvi
common\decisions\formable_nation_decisions.txt	3949	59	Ost - Hannover	Suoyarvi
common\decisions\formable_nation_decisions.txt	3950	30	Loire	Medvezhyegorsk
common\decisions\formable_nation_decisions.txt	3951	39	South Tyrol	Belomorsk
common\decisions\formable_nation_decisions.txt	3952	52	Wuttemberg	Segezha
common\decisions\formable_nation_decisions.txt	3953	38	Sweden	Ukhta
common\decisions\formable_nation_decisions.txt	3954	62	Pommern	Repola
common\decisions\formable_nation_decisions.txt	3956	19	Aquitaine	Murmansk
common\decisions\formable_nation_decisions.txt	4478	437	Central Indian Provinces	Wiltshire
common\decisions\formable_nation_decisions.txt	4479	57	Westfalen	Olonets
common\decisions\formable_nation_decisions.txt	4480	24	Centre	Petrozavodsk
common\decisions\formable_nation_decisions.txt	4481	74	East Sudatenland	Porajarvi
common\decisions\formable_nation_decisions.txt	4482	59	Ost - Hannover	Suoyarvi
common\decisions\formable_nation_decisions.txt	4483	30	Loire	Medvezhyegorsk
common\decisions\formable_nation_decisions.txt	4484	39	South Tyrol	Belomorsk
common\decisions\formable_nation_decisions.txt	4485	52	Wuttemberg	Segezha
common\decisions\formable_nation_decisions.txt	4486	38	Sweden	Ukhta
common\decisions\formable_nation_decisions.txt	4487	62	Pommern	Repola
common\decisions\formable_nation_decisions.txt	4489	19	Aquitaine	Murmansk
common\decisions\formable_nation_decisions.txt	4542	437	Central Indian Provinces	Wiltshire
common\decisions\formable_nation_decisions.txt	4543	57	Westfalen	Olonets
common\decisions\formable_nation_decisions.txt	4544	24	Centre	Petrozavodsk
common\decisions\formable_nation_decisions.txt	4545	74	East Sudatenland	Porajarvi
common\decisions\formable_nation_decisions.txt	4546	59	Ost - Hannover	Suoyarvi
common\decisions\formable_nation_decisions.txt	4547	30	Loire	Medvezhyegorsk
common\decisions\formable_nation_decisions.txt	4548	39	South Tyrol	Belomorsk
common\decisions\formable_nation_decisions.txt	4549	52	Wuttemberg	Segezha
common\decisions\formable_nation_decisions.txt	4550	38	Sweden	Ukhta
common\decisions\formable_nation_decisions.txt	4551	62	Pommern	Repola
common\decisions\formable_nation_decisions.txt	4553	19	Aquitaine	Murmansk
common\decisions\formable_nation_decisions.txt	4581	437	Central Indian Provinces	Wiltshire
common\decisions\formable_nation_decisions.txt	4582	57	Westfalen	Olonets
common\decisions\formable_nation_decisions.txt	4583	24	Centre	Petrozavodsk
common\decisions\formable_nation_decisions.txt	4584	74	East Sudatenland	Porajarvi
common\decisions\formable_nation_decisions.txt	4585	59	Ost - Hannover	Suoyarvi
common\decisions\formable_nation_decisions.txt	4586	30	Loire	Medvezhyegorsk
common\decisions\formable_nation_decisions.txt	4587	39	South Tyrol	Belomorsk
common\decisions\formable_nation_decisions.txt	4588	52	Wuttemberg	Segezha
common\decisions\formable_nation_decisions.txt	4589	38	Sweden	Ukhta
common\decisions\formable_nation_decisions.txt	4590	62	Pommern	Repola
common\decisions\formable_nation_decisions.txt	4592	19	Aquitaine	Murmansk
common\decisions\formable_nation_decisions.txt	4658	754	Golog	Lika-Gacka
common\decisions\formable_nation_decisions.txt	4666	743	Qingdao	Ljubljana
common\decisions\formable_nation_decisions.txt	4699	991	Gwalior	Canakkale
common\decisions\formable_nation_decisions.txt	4701	945	- Cerro Largo	Dogu Istanbul
common\decisions\formable_nation_decisions.txt	4704	948	- Easter Island	Kandira
common\decisions\formable_nation_decisions.txt	4708	988	Baluchistan	Biga
common\decisions\formable_nation_decisions.txt	4711	1032	- Yanan	Izmir
common\decisions\formable_nation_decisions.txt	4721	1066	- Mekong Delta	Adana
common\decisions\formable_nation_decisions.txt	4768	866	Districts of Ontario	Corse-du-Sud
common\decisions\formable_nation_decisions.txt	4769	807	Gdynia	Gard
common\decisions\formable_nation_decisions.txt	4770	822	- Chukotka	Herault
common\decisions\formable_nation_decisions.txt	4771	850	Trentino	Aude
common\decisions\formable_nation_decisions.txt	4772	871	Esperence-Goldfields	Pyrenees-Orientales
common\decisions\formable_nation_decisions.txt	4773	855	Tabuk	Saint-Girons
common\decisions\formable_nation_decisions.txt	4795	882	Pavlodar	Gibraltar
common\decisions\formable_nation_decisions.txt	4858	866	Districts of Ontario	Corse-du-Sud
common\decisions\formable_nation_decisions.txt	4859	807	Gdynia	Gard
common\decisions\formable_nation_decisions.txt	4860	822	- Chukotka	Herault
common\decisions\formable_nation_decisions.txt	4861	850	Trentino	Aude
common\decisions\formable_nation_decisions.txt	4862	871	Esperence-Goldfields	Pyrenees-Orientales
common\decisions\formable_nation_decisions.txt	4863	855	Tabuk	Saint-Girons
common\decisions\formable_nation_decisions.txt	4872	754	Golog	Lika-Gacka
common\decisions\formable_nation_decisions.txt	4880	743	Qingdao	Ljubljana
common\decisions\formable_nation_decisions.txt	4896	882	Pavlodar	Gibraltar
common\decisions\formable_nation_decisions.txt	4908	991	Gwalior	Canakkale
common\decisions\formable_nation_decisions.txt	4910	945	- Cerro Largo	Dogu Istanbul
common\decisions\formable_nation_decisions.txt	4913	948	- Easter Island	Kandira
common\decisions\formable_nation_decisions.txt	4917	988	Baluchistan	Biga
common\decisions\formable_nation_decisions.txt	4920	1032	- Yanan	Izmir
common\decisions\formable_nation_decisions.txt	4930	1066	- Mekong Delta	Adana
common\decisions\formable_nation_decisions.txt	5132	800	Van	Romanati
common\decisions\formable_nation_decisions.txt	5133	759	Kunlun	Valcea
common\decisions\formable_nation_decisions.txt	5134	774	Chad	Gorj
common\decisions\formable_nation_decisions.txt	5135	781	Niger	Mehedinti
common\decisions\formable_nation_decisions.txt	5136	797	Istanbul	Dolj
common\decisions\formable_nation_decisions.txt	5137	797	Istanbul	Dolj
common\decisions\formable_nation_decisions.txt	5161	800	Van	Romanati
common\decisions\formable_nation_decisions.txt	5162	759	Kunlun	Valcea
common\decisions\formable_nation_decisions.txt	5163	774	Chad	Gorj
common\decisions\formable_nation_decisions.txt	5164	781	Niger	Mehedinti
common\decisions\formable_nation_decisions.txt	5165	797	Istanbul	Dolj
common\decisions\formable_nation_decisions.txt	5166	797	Istanbul	Dolj
common\decisions\formable_nation_decisions.txt	5412	1001	Kurdistan	Igdir
common\decisions\formable_nation_decisions.txt	5414	953	- Tierra del Fuego	Kars
common\decisions\formable_nation_decisions.txt	5415	925	Finnmark	Ardahan
common\decisions\formable_nation_decisions.txt	5416	933	Shetland	Artvin
common\decisions\formable_nation_decisions.txt	5417	971	- Northern Dobruja	Oltu
common\decisions\formable_nation_decisions.txt	5449	1001	Kurdistan	Igdir
common\decisions\formable_nation_decisions.txt	5451	953	- Tierra del Fuego	Kars
common\decisions\formable_nation_decisions.txt	5452	925	Finnmark	Ardahan
common\decisions\formable_nation_decisions.txt	5453	933	Shetland	Artvin
common\decisions\formable_nation_decisions.txt	5454	971	- Northern Dobruja	Oltu
common\decisions\formable_nation_decisions.txt	5526	1023	- Brunei	Nakhchivan
common\decisions\formable_nation_decisions.txt	5922	432	Assam	Limburg Voormaas
common\decisions\formable_nation_decisions.txt	5923	479	Tamaulipas	Oost Noord-Brabant
common\decisions\formable_nation_decisions.txt	5927	451	Derna	Zeeland
common\decisions\formable_nation_decisions.txt	5955	432	Assam	Limburg Voormaas
common\decisions\formable_nation_decisions.txt	5956	479	Tamaulipas	Oost Noord-Brabant
common\decisions\formable_nation_decisions.txt	5960	451	Derna	Zeeland
common\decisions\formable_nation_decisions.txt	6358	511	Cuyo	Rostov
common\decisions\formable_nation_decisions.txt	6402	511	Cuyo	Rostov
common\decisions\formable_nation_decisions.txt	6733	932	Isle of Man	Bati Istanbul
common\decisions\formable_nation_decisions.txt	6859	932	Isle of Man	Bati Istanbul
common\decisions\formable_nation_decisions.txt	7633	571	TS 13	Paris
common\decisions\formable_nation_decisions.txt	7638	571	TS 13	Paris
common\decisions\formable_nation_decisions.txt	7696	1072	- American Samoa	Beja
common\decisions\formable_nation_decisions.txt	7697	847	Western Swiss Alps	Setubal
common\decisions\formable_nation_decisions.txt	7698	1053	East Nusa Tenggara	Evora
common\decisions\formable_nation_decisions.txt	7699	1026	- North Mindanao	Portalegre
common\decisions\formable_nation_decisions.txt	7735	1072	- American Samoa	Beja
common\decisions\formable_nation_decisions.txt	7736	847	Western Swiss Alps	Setubal
common\decisions\formable_nation_decisions.txt	7737	1053	East Nusa Tenggara	Evora
common\decisions\formable_nation_decisions.txt	7738	1026	- North Mindanao	Portalegre
common\decisions\formable_nation_decisions.txt	7743	1059	- Limbang	Diyarbakir
common\decisions\formable_nation_decisions.txt	7921	676	Mosul	Zala
common\decisions\formable_nation_decisions.txt	7922	675	Al Hajara	Poitiers
common\decisions\formable_nation_decisions.txt	7923	291	Iraq	Cavan
common\decisions\formable_nation_decisions.txt	7928	292	Saudi Arabia	Baranowicze
common\decisions\formable_nation_decisions.txt	7929	679	Hejaz	Lienz
common\decisions\formable_nation_decisions.txt	7930	678	Rub al Khali	Chalon-sur-Saone
common\decisions\formable_nation_decisions.txt	7931	857	Ha'il	Leon
common\decisions\formable_nation_decisions.txt	7932	858	Najiran	Pristina
common\decisions\formable_nation_decisions.txt	7933	854	Jawf	Navarra
common\decisions\formable_nation_decisions.txt	7934	855	Tabuk	Saint-Girons
common\decisions\formable_nation_decisions.txt	7935	856	Asir-Makkah	Samegrelo
common\decisions\formable_nation_decisions.txt	7936	859	Dammam	Burgos
common\decisions\formable_nation_decisions.txt	7942	677	Aleppo	Bekes
common\decisions\formable_nation_decisions.txt	7943	680	Deir-az-Zur	Mures
common\decisions\formable_nation_decisions.txt	7944	553	Lebanon	Heilbronn
common\decisions\formable_nation_decisions.txt	7945	554	Syria	Passau
common\decisions\formable_nation_decisions.txt	7949	552	Western Egypt	Marne
common\decisions\formable_nation_decisions.txt	7950	453	Sinai	Hampshire
common\decisions\formable_nation_decisions.txt	7951	456	Luxor	Vlaams-Limburg
common\decisions\formable_nation_decisions.txt	7952	446	Cairo	Kent
common\decisions\formable_nation_decisions.txt	7953	457	Aswan	Volgograd
common\decisions\formable_nation_decisions.txt	7954	452	Marsa Matruh	Val-de-Marne
common\decisions\formable_nation_decisions.txt	7955	447	Alexandria	Surrey
common\decisions\formable_nation_decisions.txt	7957	679	Hejaz	Lienz
common\decisions\formable_nation_decisions.txt	7958	293	Yemen	Lancashire
common\decisions\formable_nation_decisions.txt	7959	294	Oman	Druskieniki
common\decisions\formable_nation_decisions.txt	7960	454	Israel	West-Vlaanderen
common\decisions\formable_nation_decisions.txt	7961	455	Jordan	Oost-Vlaanderen
common\decisions\formable_nation_decisions.txt	7962	656	Kuwait	Sieradz
common\decisions\formable_nation_decisions.txt	7963	658	Arab UK 1	Doubs
common\decisions\formable_nation_decisions.txt	8037	419	Azerbaijan	Monmouthshire
common\decisions\formable_nation_decisions.txt	8038	421	Kurdistan	Radomsko
common\decisions\formable_nation_decisions.txt	8039	420	Gilan	Sarny
common\decisions\formable_nation_decisions.txt	8040	417	Golestan	Hameln
common\decisions\formable_nation_decisions.txt	8041	413	Khuzestan	Essex
common\decisions\formable_nation_decisions.txt	8042	266	Persia	Krupki
common\decisions\formable_nation_decisions.txt	8043	418	Semnan	Halle
common\decisions\formable_nation_decisions.txt	8044	411	Hormozgan	Delitzsch
common\decisions\formable_nation_decisions.txt	8045	412	Fars	Voronezh
common\decisions\formable_nation_decisions.txt	8046	416	Razavi Khorasan	Hertfordshire
common\decisions\formable_nation_decisions.txt	8047	414	Kerman	Warendorf
common\decisions\formable_nation_decisions.txt	8048	410	Sistan	Gloucestershire
common\decisions\formable_nation_decisions.txt	8053	415	South Khorasan	Bunzlau
common\decisions\formable_nation_decisions.txt	8054	267	Afghanistan	Gdynia
common\decisions\formable_nation_decisions.txt	8059	787	North Kashmir	Aveyron
common\decisions\formable_nation_decisions.txt	8060	445	Quetta	Somerset
common\decisions\formable_nation_decisions.txt	8061	442	Peshawar	Laon
common\decisions\formable_nation_decisions.txt	8062	444	Baluchistan States	Antwerpen
common\decisions\formable_nation_decisions.txt	8063	440	West Punjab	Erfurt
common\decisions\formable_nation_decisions.txt	8064	443	Sind	Borispol
common\decisions\formable_nation_decisions.txt	8133	229	baku	Moscow
common\decisions\formable_nation_decisions.txt	8135	230	Armenia	Ayr
common\decisions\formable_nation_decisions.txt	8137	231	Georgia	Lida
common\decisions\formable_nation_decisions.txt	8139	232	Grozny	Dzisna
common\decisions\formable_nation_decisions.txt	8140	233	Caucasus Mountains	Peebles
common\decisions\formable_nation_decisions.txt	8142	350	Diyarbekir	Meppen
common\decisions\formable_nation_decisions.txt	8143	352	Hakkari	Hannover
common\decisions\formable_nation_decisions.txt	8144	353	Erzurum	Dessau
common\decisions\formable_nation_decisions.txt	8145	354	Trabzon	Merionethshire
common\decisions\formable_nation_decisions.txt	8226	1055	Eastern Kalimantan	Usak
common\decisions\formable_nation_decisions.txt	8302	1055	Eastern Kalimantan	Usak
common\decisions\formable_nation_decisions.txt	8423	342	Antalya	Denbighshire
common\decisions\formable_nation_decisions.txt	8427	164	Dodecanese	Bornholm
common\decisions\formable_nation_decisions.txt	8512	932	Isle of Man	Bati Istanbul
common\decisions\formable_nation_decisions.txt	8524	932	Isle of Man	Bati Istanbul
common\decisions\formable_nation_decisions.txt	8555	941	- Tocantins	Thessaloniki
common\decisions\formable_nation_decisions.txt	8567	941	- Tocantins	Thessaloniki
common\decisions\formable_nation_decisions.txt	8624	865	Northern Saskatchewan	Vranje
common\decisions\formable_nation_decisions.txt	8627	846	Ticino	Pirot
common\decisions\formable_nation_decisions.txt	8775	865	Northern Saskatchewan	Vranje
common\decisions\formable_nation_decisions.txt	8778	846	Ticino	Pirot
common\decisions\formable_nation_decisions.txt	9250	826	- Abkhazia	Kabardino-Balkar
common\decisions\formable_nation_decisions.txt	9251	231	Georgia	Lida
common\decisions\formable_nation_decisions.txt	9252	230	Armenia	Ayr
common\decisions\formable_nation_decisions.txt	9253	229	baku	Moscow
common\decisions\formable_nation_decisions.txt	9315	419	Azerbaijan	Monmouthshire
common\decisions\formable_nation_decisions.txt	9316	420	Gilan	Sarny
common\decisions\formable_nation_decisions.txt	9369	232	Grozny	Dzisna
common\decisions\formable_nation_decisions.txt	9370	821	- Chenchnya-Ingushetia	Chechen
common\decisions\formable_nation_decisions.txt	9371	828	- North Ossetia	Haute-Garonne
common\decisions\formable_nation_decisions.txt	9372	827	- Kabardino-Balkaria	Radom
common\decisions\formable_nation_decisions.txt	9373	233	Caucasus Mountains	Peebles
common\decisions\formable_nation_decisions.txt	9436	354	Trabzon	Merionethshire
common\decisions\formable_nation_decisions.txt	9437	800	Van	Romanati
common\decisions\formable_nation_decisions.txt	9491	237	Elista	Roxburgh
common\decisions\formable_nation_decisions.txt	9492	236	Astrakhan	Swieciany
common\decisions\formable_nation_decisions.txt	9521	237	Elista	Roxburgh
common\decisions\formable_nation_decisions.txt	9522	236	Astrakhan	Swieciany
common\decisions\formable_nation_decisions.txt	9525	217	Stalingrad Area	East Lothian
common\decisions\formable_nation_decisions.txt	9527	217	Stalingrad Area	East Lothian
common\decisions\formable_nation_decisions.txt	9528	217	Stalingrad Area	East Lothian
common\decisions\formable_nation_decisions.txt	9532	407	Uralsk	Sochaczew
common\decisions\formable_nation_decisions.txt	9534	407	Uralsk	Sochaczew
common\decisions\formable_nation_decisions.txt	9535	407	Uralsk	Sochaczew
common\decisions\formable_nation_decisions.txt	9539	406	Krasnyy Yar	Carmarthenshire
common\decisions\formable_nation_decisions.txt	9541	406	Krasnyy Yar	Carmarthenshire
common\decisions\formable_nation_decisions.txt	9542	406	Krasnyy Yar	Carmarthenshire
common\decisions\formable_nation_decisions.txt	9546	401	Engels	Brecknockshire
common\decisions\formable_nation_decisions.txt	9548	401	Engels	Brecknockshire
common\decisions\formable_nation_decisions.txt	9549	401	Engels	Brecknockshire
common\decisions\formable_nation_decisions.txt	9553	829	- Volga Germany	Var
common\decisions\formable_nation_decisions.txt	9555	829	- Volga Germany	Var
common\decisions\formable_nation_decisions.txt	9556	829	- Volga Germany	Var
common\decisions\formable_nation_decisions.txt	9560	238	volgodonsk	Sakiu
common\decisions\formable_nation_decisions.txt	9562	238	volgodonsk	Sakiu
common\decisions\formable_nation_decisions.txt	9563	238	volgodonsk	Sakiu
common\decisions\formable_nation_decisions.txt	9612	137	Crimea	Jaanilinn
common\decisions\formable_nation_decisions.txt	9613	196	Kherson	Jelgava
common\decisions\formable_nation_decisions.txt	9640	137	Crimea	Jaanilinn
common\decisions\formable_nation_decisions.txt	9641	196	Kherson	Jelgava
common\decisions\formable_nation_decisions.txt	9644	200	Rivne	Tatarstan
common\decisions\formable_nation_decisions.txt	9646	200	Rivne	Tatarstan
common\decisions\formable_nation_decisions.txt	9647	200	Rivne	Tatarstan
common\decisions\formable_nation_decisions.txt	9651	227	Stalino	Klaipedos
common\decisions\formable_nation_decisions.txt	9653	227	Stalino	Klaipedos
common\decisions\formable_nation_decisions.txt	9654	227	Stalino	Klaipedos
common\decisions\formable_nation_decisions.txt	9658	218	Rostov Area	Vyazma
common\decisions\formable_nation_decisions.txt	9660	218	Rostov Area	Vyazma
common\decisions\formable_nation_decisions.txt	9661	218	Rostov Area	Vyazma
common\decisions\formable_nation_decisions.txt	9665	228	Taganrog	Ribe
common\decisions\formable_nation_decisions.txt	9667	228	Taganrog	Ribe
common\decisions\formable_nation_decisions.txt	9668	228	Taganrog	Ribe
common\decisions\formable_nation_decisions.txt	9672	234	Krasodar	Northumberland
common\decisions\formable_nation_decisions.txt	9674	234	Krasodar	Northumberland
common\decisions\formable_nation_decisions.txt	9675	234	Krasodar	Northumberland
common\decisions\formable_nation_decisions.txt	9679	245	Donetsk	Dumfries
common\decisions\formable_nation_decisions.txt	9681	245	Donetsk	Dumfries
common\decisions\formable_nation_decisions.txt	9682	245	Donetsk	Dumfries
common\decisions\formable_nation_decisions.txt	9686	226	Nikopol	Gotland
common\decisions\formable_nation_decisions.txt	9688	226	Nikopol	Gotland
common\decisions\formable_nation_decisions.txt	9689	226	Nikopol	Gotland
common\decisions\formable_nation_decisions.txt	9750	352	Hakkari	Hannover
common\decisions\formable_nation_decisions.txt	9751	353	Erzurum	Dessau
common\decisions\formable_nation_decisions.txt	9752	350	Diyarbekir	Meppen
common\decisions\formable_nation_decisions.txt	9777	350	Diyarbekir	Meppen
common\decisions\formable_nation_decisions.txt	9778	352	Hakkari	Hannover
common\decisions\formable_nation_decisions.txt	9779	353	Erzurum	Dessau
common\decisions\formable_nation_decisions.txt	9782	344	Adana	Staffordshire
common\decisions\formable_nation_decisions.txt	9784	344	Adana	Staffordshire
common\decisions\formable_nation_decisions.txt	9785	344	Adana	Staffordshire
common\decisions\formable_nation_decisions.txt	9852	866	Districts of Ontario	Corse-du-Sud
common\decisions\formable_nation_decisions.txt	9853	743	Qingdao	Ljubljana
common\decisions\formable_nation_decisions.txt	9858	754	Golog	Lika-Gacka
common\decisions\formable_nation_decisions.txt	9914	866	Districts of Ontario	Corse-du-Sud
common\decisions\formable_nation_decisions.txt	9915	743	Qingdao	Ljubljana
common\decisions\formable_nation_decisions.txt	9920	754	Golog	Lika-Gacka
common\decisions\formable_nation_decisions.txt	9955	8	Luxemburg	Nova Scotia
common\decisions\formable_nation_decisions.txt	9956	7	Holland	Maine
common\decisions\formable_nation_decisions.txt	9957	35	Gelderland	Komi
common\decisions\formable_nation_decisions.txt	9958	36	Friesland	Lavansaari
common\decisions\formable_nation_decisions.txt	9959	6	Belgium	New Brunswick
common\decisions\formable_nation_decisions.txt	9960	34	Wallonie	Skanderborg
common\decisions\formable_nation_decisions.txt	9961	977	- Antwerp	Gegharkunik
common\decisions\formable_nation_decisions.txt	9962	980	- Ardennes	Cuenca
common\decisions\formable_nation_decisions.txt	9963	29	Pas de Calais	Suursaari
common\decisions\formable_nation_decisions.txt	9964	18	Champagne	Connecticut
common\decisions\formable_nation_decisions.txt	9965	17	Alcase Lorraine	Petsamo
common\decisions\formable_nation_decisions.txt	9966	28	Alcase	Virginia
common\decisions\formable_nation_decisions.txt	9967	15	Normandy	Arhus
common\decisions\formable_nation_decisions.txt	9968	16	Ile de France	Rybachy Peninsula
common\decisions\formable_nation_decisions.txt	9969	27	Champagne2	Nenets
common\decisions\formable_nation_decisions.txt	9970	14	Brittany	Lappi
common\decisions\formable_nation_decisions.txt	9971	30	Loire	Medvezhyegorsk
common\decisions\formable_nation_decisions.txt	9972	24	Centre	Petrozavodsk
common\decisions\formable_nation_decisions.txt	9973	23	Poitou	Norrbotten
common\decisions\formable_nation_decisions.txt	9974	33	Centre sud	Vanha Salla
common\decisions\formable_nation_decisions.txt	9975	26	Bourgogne	Maryland
common\decisions\formable_nation_decisions.txt	9976	20	Franche-comte	Maribo
common\decisions\formable_nation_decisions.txt	9977	32	Rhone Alpes	West Virginia
common\decisions\formable_nation_decisions.txt	9978	735	Savoy	Subotica
common\decisions\formable_nation_decisions.txt	9979	25	Limousin	Nordland
common\decisions\formable_nation_decisions.txt	9980	22	Roussillion	Kalastajasaarento
common\decisions\formable_nation_decisions.txt	9981	21	Bouches-du-Rhone	Pennsylvania
common\decisions\formable_nation_decisions.txt	9982	851	Var	Guipuzcoa
common\decisions\formable_nation_decisions.txt	9983	19	Aquitaine	Murmansk
common\decisions\formable_nation_decisions.txt	9984	1	France	Quebec
common\decisions\formable_nation_decisions.txt	9985	785	Picardy	Kraljevo
common\decisions\formable_nation_decisions.txt	9986	31	Midi Pyrenees	North Carolina
common\decisions\formable_nation_decisions.txt	9987	806	French Basque Country	Karachay-Cherkess
common\decisions\formable_nation_decisions.txt	10004	51	Moselland	Vesturland
common\decisions\formable_nation_decisions.txt	10005	42	Rhineland	Pohjois-Pohjanmaa
common\decisions\formable_nation_decisions.txt	10006	56	Weser-Ems	Sudurland
common\decisions\formable_nation_decisions.txt	10007	57	Westfalen	Olonets
common\decisions\formable_nation_decisions.txt	10008	55	Nassau	Rhode Island
common\decisions\formable_nation_decisions.txt	10009	50	Baden	Kainuu
common\decisions\formable_nation_decisions.txt	10010	978	- Actual Baden	Kotayk
common\decisions\formable_nation_decisions.txt	10011	59	Ost - Hannover	Suoyarvi
common\decisions\formable_nation_decisions.txt	10012	58	Schleswig - Holstein	Hauts-de-Seine
common\decisions\formable_nation_decisions.txt	10013	909	South Schleswig	Kastamonu
common\decisions\formable_nation_decisions.txt	10014	60	Sud-Hannover	Prince Edward Island
common\decisions\formable_nation_decisions.txt	10015	54	Bayreuth	Jamtland
common\decisions\formable_nation_decisions.txt	10016	52	Wuttemberg	Segezha
common\decisions\formable_nation_decisions.txt	10017	53	Oberbayern	Nord-Trondelag
common\decisions\formable_nation_decisions.txt	10018	61	Mecklenburg	Pudozh
common\decisions\formable_nation_decisions.txt	10019	64	Brandenburg	Newfoundland
common\decisions\formable_nation_decisions.txt	10020	65	Sachsen	Pohjois-Savo
common\decisions\formable_nation_decisions.txt	10021	62	Pommern	Repola
common\decisions\formable_nation_decisions.txt	10022	68	Wartheland	Pohjois-Karjala
common\decisions\formable_nation_decisions.txt	10023	66	Niederschlesien	Vasternorrland
common\decisions\formable_nation_decisions.txt	10024	67	Oberschlesien	Kuldiga
common\decisions\formable_nation_decisions.txt	10025	63	WestPrussen	Keski-Pohjanmaa
common\decisions\formable_nation_decisions.txt	10026	5	Germany	Pultusk
common\decisions\formable_nation_decisions.txt	10027	763	Konigsberg	Nogay
common\decisions\formable_nation_decisions.txt	10028	127	South-east England	Leningrad Oblast
common\decisions\formable_nation_decisions.txt	10029	123	Cornwall	Telemark
common\decisions\formable_nation_decisions.txt	10030	338	Gloucestershire	Flintshire
common\decisions\formable_nation_decisions.txt	10031	126	Greater London Area	Glasgow
common\decisions\formable_nation_decisions.txt	10032	125	East Anglia	Orebro
common\decisions\formable_nation_decisions.txt	10033	129	East Midlands	Ostfold
common\decisions\formable_nation_decisions.txt	10034	128	West Midlands	Rogaland
common\decisions\formable_nation_decisions.txt	10035	122	Wales	Poznan
common\decisions\formable_nation_decisions.txt	10036	132	North-west England	Aust-Agder
common\decisions\formable_nation_decisions.txt	10037	130	Yorkshire	Isle of Mann
common\decisions\formable_nation_decisions.txt	10038	931	Cumbria	Karabuk
common\decisions\formable_nation_decisions.txt	10039	131	Northern England	Vestfold
common\decisions\formable_nation_decisions.txt	10040	133	Strathclyde	Harju
common\decisions\formable_nation_decisions.txt	10041	121	Scottish Lowlands	Vastmanland
common\decisions\formable_nation_decisions.txt	10042	136	Aberdeenshire	Sodermanland
common\decisions\formable_nation_decisions.txt	10043	120	Scottish Highlands	Alborg
common\decisions\formable_nation_decisions.txt	10061	8	Luxemburg	Nova Scotia
common\decisions\formable_nation_decisions.txt	10066	7	Holland	Maine
common\decisions\formable_nation_decisions.txt	10067	35	Gelderland	Komi
common\decisions\formable_nation_decisions.txt	10068	36	Friesland	Lavansaari
common\decisions\formable_nation_decisions.txt	10074	6	Belgium	New Brunswick
common\decisions\formable_nation_decisions.txt	10075	34	Wallonie	Skanderborg
common\decisions\formable_nation_decisions.txt	10076	977	- Antwerp	Gegharkunik
common\decisions\formable_nation_decisions.txt	10077	980	- Ardennes	Cuenca
common\decisions\formable_nation_decisions.txt	10083	29	Pas de Calais	Suursaari
common\decisions\formable_nation_decisions.txt	10084	18	Champagne	Connecticut
common\decisions\formable_nation_decisions.txt	10085	17	Alcase Lorraine	Petsamo
common\decisions\formable_nation_decisions.txt	10086	28	Alcase	Virginia
common\decisions\formable_nation_decisions.txt	10087	15	Normandy	Arhus
common\decisions\formable_nation_decisions.txt	10088	16	Ile de France	Rybachy Peninsula
common\decisions\formable_nation_decisions.txt	10089	27	Champagne2	Nenets
common\decisions\formable_nation_decisions.txt	10090	14	Brittany	Lappi
common\decisions\formable_nation_decisions.txt	10091	30	Loire	Medvezhyegorsk
common\decisions\formable_nation_decisions.txt	10092	24	Centre	Petrozavodsk
common\decisions\formable_nation_decisions.txt	10093	23	Poitou	Norrbotten
common\decisions\formable_nation_decisions.txt	10094	33	Centre sud	Vanha Salla
common\decisions\formable_nation_decisions.txt	10095	26	Bourgogne	Maryland
common\decisions\formable_nation_decisions.txt	10096	20	Franche-comte	Maribo
common\decisions\formable_nation_decisions.txt	10097	32	Rhone Alpes	West Virginia
common\decisions\formable_nation_decisions.txt	10098	735	Savoy	Subotica
common\decisions\formable_nation_decisions.txt	10099	25	Limousin	Nordland
common\decisions\formable_nation_decisions.txt	10100	22	Roussillion	Kalastajasaarento
common\decisions\formable_nation_decisions.txt	10101	21	Bouches-du-Rhone	Pennsylvania
common\decisions\formable_nation_decisions.txt	10102	851	Var	Guipuzcoa
common\decisions\formable_nation_decisions.txt	10103	19	Aquitaine	Murmansk
common\decisions\formable_nation_decisions.txt	10104	1	France	Quebec
common\decisions\formable_nation_decisions.txt	10105	785	Picardy	Kraljevo
common\decisions\formable_nation_decisions.txt	10106	31	Midi Pyrenees	North Carolina
common\decisions\formable_nation_decisions.txt	10107	806	French Basque Country	Karachay-Cherkess
common\decisions\formable_nation_decisions.txt	10134	51	Moselland	Vesturland
common\decisions\formable_nation_decisions.txt	10135	42	Rhineland	Pohjois-Pohjanmaa
common\decisions\formable_nation_decisions.txt	10136	56	Weser-Ems	Sudurland
common\decisions\formable_nation_decisions.txt	10137	57	Westfalen	Olonets
common\decisions\formable_nation_decisions.txt	10138	55	Nassau	Rhode Island
common\decisions\formable_nation_decisions.txt	10139	50	Baden	Kainuu
common\decisions\formable_nation_decisions.txt	10140	978	- Actual Baden	Kotayk
common\decisions\formable_nation_decisions.txt	10141	59	Ost - Hannover	Suoyarvi
common\decisions\formable_nation_decisions.txt	10142	58	Schleswig - Holstein	Hauts-de-Seine
common\decisions\formable_nation_decisions.txt	10143	909	South Schleswig	Kastamonu
common\decisions\formable_nation_decisions.txt	10144	60	Sud-Hannover	Prince Edward Island
common\decisions\formable_nation_decisions.txt	10145	54	Bayreuth	Jamtland
common\decisions\formable_nation_decisions.txt	10146	52	Wuttemberg	Segezha
common\decisions\formable_nation_decisions.txt	10147	53	Oberbayern	Nord-Trondelag
common\decisions\formable_nation_decisions.txt	10148	61	Mecklenburg	Pudozh
common\decisions\formable_nation_decisions.txt	10149	64	Brandenburg	Newfoundland
common\decisions\formable_nation_decisions.txt	10150	65	Sachsen	Pohjois-Savo
common\decisions\formable_nation_decisions.txt	10151	62	Pommern	Repola
common\decisions\formable_nation_decisions.txt	10152	68	Wartheland	Pohjois-Karjala
common\decisions\formable_nation_decisions.txt	10153	66	Niederschlesien	Vasternorrland
common\decisions\formable_nation_decisions.txt	10154	67	Oberschlesien	Kuldiga
common\decisions\formable_nation_decisions.txt	10155	63	WestPrussen	Keski-Pohjanmaa
common\decisions\formable_nation_decisions.txt	10156	5	Germany	Pultusk
common\decisions\formable_nation_decisions.txt	10157	763	Konigsberg	Nogay
common\decisions\formable_nation_decisions.txt	10162	127	South-east England	Leningrad Oblast
common\decisions\formable_nation_decisions.txt	10163	123	Cornwall	Telemark
common\decisions\formable_nation_decisions.txt	10164	338	Gloucestershire	Flintshire
common\decisions\formable_nation_decisions.txt	10165	126	Greater London Area	Glasgow
common\decisions\formable_nation_decisions.txt	10166	125	East Anglia	Orebro
common\decisions\formable_nation_decisions.txt	10167	129	East Midlands	Ostfold
common\decisions\formable_nation_decisions.txt	10168	128	West Midlands	Rogaland
common\decisions\formable_nation_decisions.txt	10169	122	Wales	Poznan
common\decisions\formable_nation_decisions.txt	10170	132	North-west England	Aust-Agder
common\decisions\formable_nation_decisions.txt	10171	130	Yorkshire	Isle of Mann
common\decisions\formable_nation_decisions.txt	10172	931	Cumbria	Karabuk
common\decisions\formable_nation_decisions.txt	10173	131	Northern England	Vestfold
common\decisions\formable_nation_decisions.txt	10174	133	Strathclyde	Harju
common\decisions\formable_nation_decisions.txt	10175	121	Scottish Lowlands	Vastmanland
common\decisions\formable_nation_decisions.txt	10176	136	Aberdeenshire	Sodermanland
common\decisions\formable_nation_decisions.txt	10177	120	Scottish Highlands	Alborg
common\decisions\formable_nation_decisions.txt	10354	546	Tanganyika	Tuchola
common\decisions\formable_nation_decisions.txt	10355	547	East Africa	Moselle
common\decisions\formable_nation_decisions.txt	10356	905	Mombasa	Blagoevgrad
common\decisions\formable_nation_decisions.txt	10357	904	Nyanza-Rift Valley	Tetovo
common\decisions\formable_nation_decisions.txt	10358	548	Uganda	Eure
common\decisions\formable_nation_decisions.txt	10429	768	Rwanda	Dambovita
common\decisions\formable_nation_decisions.txt	10430	769	Burundi	Kerch
common\decisions\formable_nation_decisions.txt	10471	770	Malawi	Haute-Loire
common\decisions\formable_nation_decisions.txt	10472	897	Zambezia-Mocambique	Valladolid
common\decisions\formable_nation_decisions.txt	10515	837	Sidamo	Asturias
common\decisions\formable_nation_decisions.txt	10555	844	jubaland	Sjenica
common\decisions\formable_nation_decisions.txt	10556	559	Somaliland	Oleksandriia
common\decisions\formable_nation_decisions.txt	10557	269	British Somaliland	Westmorland
common\decisions\formable_nation_decisions.txt	10558	836	Bale	Rzeszow
common\decisions\formable_nation_decisions.txt	10559	835	Haraghe	Trebinje
common\decisions\formable_nation_decisions.txt	10560	268	French Somaliland	Down
common\decisions\formable_nation_decisions.txt	10561	903	Garissa	Viana do Castelo
common\decisions\formable_nation_decisions.txt	10622	708	Comoro Islands	Ticino
common\decisions\FRA.txt	143	824	- Yamalia	Bouches-du-Rhone
common\decisions\FRA.txt	144	829	- Volga Germany	Var
common\decisions\FRA.txt	241	571	TS 13	Paris
common\decisions\FRA.txt	341	735	Savoy	Subotica
common\decisions\FRA.txt	342	21	Bouches-du-Rhone	Pennsylvania
common\decisions\FRA.txt	343	851	Var	Guipuzcoa
common\decisions\FRA.txt	344	32	Rhone Alpes	West Virginia
common\decisions\FRA.txt	345	20	Franche-comte	Maribo
common\decisions\FRA.txt	346	26	Bourgogne	Maryland
common\decisions\FRA.txt	347	22	Roussillion	Kalastajasaarento
common\decisions\FRA.txt	348	31	Midi Pyrenees	North Carolina
common\decisions\FRA.txt	349	25	Limousin	Nordland
common\decisions\FRA.txt	350	33	Centre sud	Vanha Salla
common\decisions\FRA.txt	366	699	Rio de Oro	Allier
common\decisions\FRA.txt	1224	472	Northwest Territories	Calais
common\decisions\FRA.txt	1225	448	Tripoli	Abbeville
common\decisions\FRA.txt	1226	505	Goias	Amiens
common\decisions\FRA.txt	1227	517	Victoria	Seine-Inferieure
common\decisions\FRA.txt	1228	531	Osaka	Oise
common\decisions\FRA.txt	1229	701	Gambia	Val d'Oise
common\decisions\FRA.txt	1263	583	Kazakhstan	Finistere
common\decisions\FRA.txt	1264	615	Shanxi	Morbihan
common\decisions\FRA.txt	1265	587	Western Kazakstan	Ille-et-Vilaine
common\decisions\FRA.txt	1266	578	Siberia 5	Cotes-du-Nord
common\decisions\FRA.txt	1267	634	Solomon Islands	Loire-Inferieure
common\decisions\FRA.txt	1268	684	Caroline Islands	Vendee
common\decisions\FRA.txt	1269	725	Nauru	Charente-Inferieure
common\decisions\FRA.txt	1270	760	Dabancheng	Gironde
common\decisions\FRA.txt	1303	731	Central Macedonia	Puy-de-Dome
common\decisions\FRA.txt	1304	723	Southern Island	Haute-Vienne
common\decisions\FRA.txt	1305	753	Gannan	Dordogne
common\decisions\FRA.txt	1306	751	Liangshan	Correze
common\decisions\FRA.txt	1307	717	Chuho	Creuse
common\decisions\FRA.txt	1308	699	Rio de Oro	Allier
common\decisions\FRA.txt	1309	795	Santarem	Lot-et-Garonne
common\decisions\FRA.txt	1310	783	Sidi Ifni	Lot
common\decisions\FRA.txt	1311	766	Southern Bessarabia	Cantal
common\decisions\FRA.txt	1312	809	Latgale	Tarn-et-Garonne
common\decisions\FRA.txt	1345	747	Dali Bai	Lyon
common\decisions\FRA.txt	1346	728	Guangzhouwan	Rhone
common\decisions\FRA.txt	1348	749	Huangshan	Isere
common\decisions\FRA.txt	1349	773	Cameroon	Drome
common\decisions\FRA.txt	1350	729	Macau	Loire
common\decisions\FRA.txt	1351	772	Middle Congo	Ardeche
common\decisions\FRA.txt	1352	807	Gdynia	Gard
common\decisions\FRA.txt	1353	808	Riga	Vaucluse
common\decisions\FRA.txt	1354	824	- Yamalia	Bouches-du-Rhone
common\decisions\FRA.txt	1355	829	- Volga Germany	Var
common\decisions\FRA.txt	1356	825	- Nenetsia	Grasse
common\decisions\FRA.txt	1357	810	Zemgale	Nice
common\decisions\FRA.txt	1358	799	Hatay	Basses-Alpes
common\decisions\FRA.txt	1359	780	Guinea	Gap
common\decisions\FRA.txt	1392	828	- North Ossetia	Haute-Garonne
common\decisions\FRA.txt	1393	814	Suduva	Tarn
common\decisions\FRA.txt	1394	850	Trentino	Aude
common\decisions\FRA.txt	1395	871	Esperence-Goldfields	Pyrenees-Orientales
common\decisions\FRA.txt	1396	855	Tabuk	Saint-Girons
common\decisions\FRA.txt	1397	822	- Chukotka	Herault
common\decisions\FRA.txt	1398	787	North Kashmir	Aveyron
common\decisions\FRA.txt	1399	838	Illubabor	Hautes-Pyrenees
common\decisions\FRA.txt	1400	819	Dornod	Gers
common\decisions\FRA.txt	1401	840	Gojjam	Pyrenees-Atlantiques
common\decisions\FRA.txt	1632	16	Ile de France	Rybachy Peninsula
common\decisions\FRA.txt	1642	16	Ile de France	Rybachy Peninsula
common\decisions\FRA.txt	1649	16	Ile de France	Rybachy Peninsula
common\decisions\FRA.txt	1684	461	Northern Morocco	Rosenberg
common\decisions\FRA.txt	1685	462	Southern Morocco	Sussex
common\decisions\FRA.txt	1686	459	Western Algeria	Krzemieniec
common\decisions\FRA.txt	1687	513	Southern Algeria	Praha
common\decisions\FRA.txt	1688	460	Eastern Algeria	Aachen
common\decisions\FRA.txt	1689	458	Tunisia	Cornwall
common\decisions\FRA.txt	1690	665	Gabes	Cluj
common\decisions\FRA.txt	1704	461	Northern Morocco	Rosenberg
common\decisions\FRA.txt	1705	462	Southern Morocco	Sussex
common\decisions\FRA.txt	1706	459	Western Algeria	Krzemieniec
common\decisions\FRA.txt	1707	513	Southern Algeria	Praha
common\decisions\FRA.txt	1708	460	Eastern Algeria	Aachen
common\decisions\FRA.txt	1709	458	Tunisia	Cornwall
common\decisions\FRA.txt	1710	665	Gabes	Cluj
common\decisions\FRA.txt	1789	677	Aleppo	Bekes
common\decisions\FRA.txt	1790	680	Deir-az-Zur	Mures
common\decisions\FRA.txt	1791	554	Syria	Passau
common\decisions\FRA.txt	1792	553	Lebanon	Heilbronn
common\decisions\FRA.txt	1806	677	Aleppo	Bekes
common\decisions\FRA.txt	1807	680	Deir-az-Zur	Mures
common\decisions\FRA.txt	1808	554	Syria	Passau
common\decisions\FRA.txt	1809	553	Lebanon	Heilbronn
common\decisions\FRA.txt	1861	680	Deir-az-Zur	Mures
common\decisions\FRA.txt	1862	677	Aleppo	Bekes
common\decisions\FRA.txt	1863	554	Syria	Passau
common\decisions\FRA.txt	1864	553	Lebanon	Heilbronn
common\decisions\FRA.txt	1888	680	Deir-az-Zur	Mures
common\decisions\FRA.txt	1889	677	Aleppo	Bekes
common\decisions\FRA.txt	1890	554	Syria	Passau
common\decisions\FRA.txt	1891	553	Lebanon	Heilbronn
common\decisions\GER.txt	519	6	Belgium	New Brunswick
common\decisions\GER.txt	524	977	- Antwerp	Gegharkunik
common\decisions\GER.txt	529	34	Wallonie	Skanderborg
common\decisions\GER.txt	534	980	- Ardennes	Cuenca
common\decisions\GER.txt	1580	537	South Sakhalin	Saarland
common\decisions\GER.txt	1617	537	South Sakhalin	Saarland
common\decisions\GER.txt	1662	537	South Sakhalin	Saarland
common\decisions\GER.txt	3146	260	Borisoglbsk	Eiderstadt
common\decisions\GER.txt	3148	246	Rzhev	Tonder
common\decisions\GER.txt	3149	228	Taganrog	Ribe
common\decisions\GER.txt	3150	197	Mykolaiv	Ringkobing
common\decisions\GER.txt	3151	181	Guarda	Viborg
common\decisions\GER.txt	3152	144	Nord-Noreg	Thisted
common\decisions\GER.txt	3153	140	Vaster Gotland	Hjorring
common\decisions\GER.txt	3154	322	Tibet	Oldenburg
common\decisions\GER.txt	3155	314	El Salvador	Wilhelmshaven
common\decisions\GER.txt	3194	260	Borisoglbsk	Eiderstadt
common\decisions\GER.txt	3196	246	Rzhev	Tonder
common\decisions\GER.txt	3197	228	Taganrog	Ribe
common\decisions\GER.txt	3198	197	Mykolaiv	Ringkobing
common\decisions\GER.txt	3199	181	Guarda	Viborg
common\decisions\GER.txt	3200	144	Nord-Noreg	Thisted
common\decisions\GER.txt	3201	140	Vaster Gotland	Hjorring
common\decisions\GER.txt	3202	322	Tibet	Oldenburg
common\decisions\GER.txt	3203	314	El Salvador	Wilhelmshaven
common\decisions\GER.txt	3241	260	Borisoglbsk	Eiderstadt
common\decisions\GER.txt	3243	246	Rzhev	Tonder
common\decisions\GER.txt	3244	228	Taganrog	Ribe
common\decisions\GER.txt	3245	197	Mykolaiv	Ringkobing
common\decisions\GER.txt	3246	181	Guarda	Viborg
common\decisions\GER.txt	3247	144	Nord-Noreg	Thisted
common\decisions\GER.txt	3248	140	Vaster Gotland	Hjorring
common\decisions\GER.txt	3249	322	Tibet	Oldenburg
common\decisions\GER.txt	3250	314	El Salvador	Wilhelmshaven
common\decisions\GER.txt	3256	399	Izhevsk	Utrecht
common\decisions\GER.txt	3257	383	Kansas	Gelderland
common\decisions\GER.txt	3258	364	South Carolina	Overijssel
common\decisions\GER.txt	3281	260	Borisoglbsk	Eiderstadt
common\decisions\GER.txt	3283	246	Rzhev	Tonder
common\decisions\GER.txt	3284	228	Taganrog	Ribe
common\decisions\GER.txt	3285	197	Mykolaiv	Ringkobing
common\decisions\GER.txt	3286	181	Guarda	Viborg
common\decisions\GER.txt	3287	144	Nord-Noreg	Thisted
common\decisions\GER.txt	3288	140	Vaster Gotland	Hjorring
common\decisions\GER.txt	3289	322	Tibet	Oldenburg
common\decisions\GER.txt	3290	314	El Salvador	Wilhelmshaven
common\decisions\GER.txt	3296	399	Izhevsk	Utrecht
common\decisions\GER.txt	3297	383	Kansas	Gelderland
common\decisions\GER.txt	3298	364	South Carolina	Overijssel
common\decisions\GER.txt	3361	871	Esperence-Goldfields	Pyrenees-Orientales
common\decisions\GER.txt	3401	871	Esperence-Goldfields	Pyrenees-Orientales
common\decisions\GER.txt	3439	871	Esperence-Goldfields	Pyrenees-Orientales
common\decisions\GER.txt	3467	871	Esperence-Goldfields	Pyrenees-Orientales
common\decisions\GER.txt	3528	893	Karas	Ceuta
common\decisions\GER.txt	3532	1057	Dutch Southern New Guinea	Murcia
common\decisions\GER.txt	3561	893	Karas	Ceuta
common\decisions\GER.txt	3565	1057	Dutch Southern New Guinea	Murcia
common\decisions\GER.txt	3610	893	Karas	Ceuta
common\decisions\GER.txt	3614	1057	Dutch Southern New Guinea	Murcia
common\decisions\GER.txt	3657	893	Karas	Ceuta
common\decisions\GER.txt	3661	1057	Dutch Southern New Guinea	Murcia
common\decisions\GER.txt	3694	893	Karas	Ceuta
common\decisions\GER.txt	3698	1057	Dutch Southern New Guinea	Murcia
common\decisions\GER.txt	3729	718	Stanleyville	Torino
common\decisions\GER.txt	3730	709	Seychelles	Milano
common\decisions\GER.txt	3731	683	Northeastern Canada	Trento
common\decisions\GER.txt	3732	744	Xian	Trieste
common\decisions\GER.txt	4339	31	Midi Pyrenees	North Carolina
common\decisions\GER.txt	4340	25	Limousin	Nordland
common\decisions\GER.txt	4341	22	Roussillion	Kalastajasaarento
common\decisions\GER.txt	4342	21	Bouches-du-Rhone	Pennsylvania
common\decisions\GER.txt	4343	851	Var	Guipuzcoa
common\decisions\GER.txt	4344	32	Rhone Alpes	West Virginia
common\decisions\GER.txt	4345	22	Roussillion	Kalastajasaarento
common\decisions\GER.txt	4346	26	Bourgogne	Maryland
common\decisions\GER.txt	4347	33	Centre sud	Vanha Salla
common\decisions\GER.txt	4348	20	Franche-comte	Maribo
common\decisions\GER.txt	4350	735	Savoy	Subotica
common\decisions\GER.txt	4351	735	Savoy	Subotica
common\decisions\GER.txt	4455	4	Austria	Finnmark
common\decisions\GER.txt	4457	13	Estonia	Troms
common\decisions\GER.txt	4461	25	Limousin	Nordland
common\decisions\GER.txt	4462	53	Oberbayern	Nord-Trondelag
common\decisions\GER.txt	4463	71	East Slovakia	Sor-Trondelag
common\decisions\GER.txt	4464	75	Moravia	More og Romsdal
common\decisions\GER.txt	4465	78	Bessarabia	Hedmark
common\decisions\GER.txt	4466	92	Lublin	Sogn og Fjordane
common\decisions\GER.txt	4467	83	crisana	Oppland
common\decisions\GER.txt	4468	111	Uusima	Hordaland
common\decisions\GER.txt	4469	128	West Midlands	Rogaland
common\decisions\GER.txt	4470	106	Macedonia	Buskerud
common\decisions\GER.txt	4471	123	Cornwall	Telemark
common\decisions\GER.txt	4472	132	North-west England	Aust-Agder
common\decisions\GER.txt	4473	147	Salla	Vest-Agder
common\decisions\GER.txt	4474	131	Northern England	Vestfold
common\decisions\GER.txt	4475	118	Gibralter	Akershus
common\decisions\GER.txt	4476	124	Gotland	Oslo
common\decisions\GER.txt	4477	129	East Midlands	Ostfold
common\decisions\GER.txt	4517	124	Gotland	Oslo
common\decisions\GER.txt	4529	124	Gotland	Oslo
common\decisions\GER.txt	4612	451	Derna	Zeeland
common\decisions\GER.txt	4615	432	Assam	Limburg Voormaas
common\decisions\GER.txt	4616	479	Tamaulipas	Oost Noord-Brabant
common\decisions\GER.txt	4623	331	Newfoundland	Groningen
common\decisions\GER.txt	4624	346	Konya	Drenthe
common\decisions\GER.txt	4625	336	Singapore	Friesland
common\decisions\GER.txt	4626	364	South Carolina	Overijssel
common\decisions\GER.txt	4627	383	Kansas	Gelderland
common\decisions\GER.txt	4628	399	Izhevsk	Utrecht
common\decisions\GER.txt	4629	402	Akhtubinsk	Zuid-Holland
common\decisions\GER.txt	4630	358	New York	Noord-Holland
common\decisions\GER.txt	4690	358	New York	Noord-Holland
common\decisions\GER.txt	4704	358	New York	Noord-Holland
common\decisions\GER.txt	4797	500	Rio de Janerio	Luxembourg Belge
common\decisions\GER.txt	4800	480	Coahuila	Liege
common\decisions\GER.txt	4801	456	Luxor	Vlaams-Limburg
common\decisions\GER.txt	4802	487	Amazinas	Namur
common\decisions\GER.txt	4803	444	Baluchistan States	Antwerpen
common\decisions\GER.txt	4804	470	Alberta	Vlaams-Brabant
common\decisions\GER.txt	4806	422	Ceylon	Brabant wallon
common\decisions\GER.txt	4807	482	Chihuahua	Hainaut
common\decisions\GER.txt	4808	466	Quebec	Hainaut Francais
common\decisions\GER.txt	4809	455	Jordan	Oost-Vlaanderen
common\decisions\GER.txt	4810	454	Israel	West-Vlaanderen
common\decisions\GER.txt	4815	472	Northwest Territories	Calais
common\decisions\GER.txt	4854	470	Alberta	Vlaams-Brabant
common\decisions\GER.txt	4866	470	Alberta	Vlaams-Brabant
common\decisions\GER.txt	5049	259	Liski	Marijampoles
common\decisions\GER.txt	5051	274	British Africa	Alytaus
common\decisions\GER.txt	5053	238	volgodonsk	Sakiu
common\decisions\GER.txt	5054	101	Greenland	Taurages
common\decisions\GER.txt	5057	242	Smolensk	Kauno
common\decisions\GER.txt	5058	275	South Africa	Traku
common\decisions\GER.txt	5059	208	Pskov	Kretingos
common\decisions\GER.txt	5060	205	Hrodna	Telsiu
common\decisions\GER.txt	5062	206	Minsk	Siauliu
common\decisions\GER.txt	5063	244	Gatchina	Ukmerges
common\decisions\GER.txt	5064	207	Viciebsk	Panevezio
common\decisions\GER.txt	5065	174	Leon	Liepaja
common\decisions\GER.txt	5066	107	Kosavo	Mazeikiu
common\decisions\GER.txt	5068	67	Oberschlesien	Kuldiga
common\decisions\GER.txt	5070	91	Tarnopol	Ventspils
common\decisions\GER.txt	5072	188	Memel	Tukums
common\decisions\GER.txt	5073	196	Kherson	Jelgava
common\decisions\GER.txt	5078	307	Venezuela	Slonim
common\decisions\GER.txt	5079	231	Georgia	Lida
common\decisions\GER.txt	5081	241	Pochep	Wilno
common\decisions\GER.txt	5084	292	Saudi Arabia	Baranowicze
common\decisions\GER.txt	5092	1000	East Azerbaijan	Oszmiana
common\decisions\GER.txt	5095	232	Grozny	Dzisna
common\decisions\GER.txt	5097	225	Glukhov	Utenos
common\decisions\GER.txt	5098	236	Astrakhan	Swieciany
common\decisions\GER.txt	5102	94	Polesie	Ilukste
common\decisions\GER.txt	5105	87	Lodz	Jekabpils
common\decisions\GER.txt	5110	172	Navarre	Riga
common\decisions\GER.txt	5113	185	Epirus	Rezekne
common\decisions\GER.txt	5114	170	Extremadura	Madona
common\decisions\GER.txt	5117	112	Lisbon	Cesis
common\decisions\GER.txt	5118	95	Nowogrodek	Valmiera
common\decisions\GER.txt	5122	165	Catalonia	Petseri
common\decisions\GER.txt	5123	173	Granada	Voru
common\decisions\GER.txt	5124	166	Western Aragon	Valga
common\decisions\GER.txt	5125	155	Western Hungary	Parnu
common\decisions\GER.txt	5126	152	Upper Austria	Tarto
common\decisions\GER.txt	5127	156	Calabria	Viljandi
common\decisions\GER.txt	5128	146	Karelia	Saaremaa
common\decisions\GER.txt	5129	145	Aland	Laane
common\decisions\GER.txt	5130	157	Abruzzo	Hiiumaa
common\decisions\GER.txt	5131	133	Strathclyde	Harju
common\decisions\GER.txt	5132	143	Midt-Noreg	Jarva
common\decisions\GER.txt	5133	134	Connaught	Narva
common\decisions\GER.txt	5134	137	Crimea	Jaanilinn
common\decisions\GER.txt	5164	172	Navarre	Riga
common\decisions\GER.txt	5176	172	Navarre	Riga
common\decisions\GER.txt	5376	565	TS 7	Tomashpol
common\decisions\GER.txt	5383	617	Xinjiang	Transnistria
common\decisions\GER.txt	5386	618	China 15	Ochakov
common\decisions\GER.txt	5387	613	China 12	Berezovka
common\decisions\GER.txt	5603	968	Deep Amazonas	Abseron-Xizi
common\decisions\GER.txt	5604	966	Deep Amazonas	Dagliq Sirvan
common\decisions\GER.txt	5605	972	- South Sudetenland	Agcab@di
common\decisions\GER.txt	5607	918	Vasterbotten	Quba-Xacmaz
common\decisions\GER.txt	5608	917	Jamtland	S@ki
common\decisions\GER.txt	5609	1020	- Sanin	Jabrayil
common\decisions\GER.txt	5611	993	Kentung and Yawnghwe	Aghdam
common\decisions\GER.txt	5612	997	Arakan	Nagorno-Karabakh
common\decisions\GER.txt	5615	1019	- South Tohoku	Syunik
common\decisions\GER.txt	5616	998	Sagaing	Kalbajar
common\decisions\GER.txt	5617	1023	- Brunei	Nakhchivan
common\decisions\GER.txt	5618	1014	- Bahrain	Vayots Dzor
common\decisions\GER.txt	5621	1005	Qataghan	Ararat
common\decisions\GER.txt	5622	977	- Antwerp	Gegharkunik
common\decisions\GER.txt	5623	978	- Actual Baden	Kotayk
common\decisions\GER.txt	5625	976	- Steiermark Karnten	Armavir
common\decisions\GER.txt	5629	961	Deep Amazonas	Tavush
common\decisions\GER.txt	5630	946	- Paysandu	Lori
common\decisions\GER.txt	5633	936	- Pernambuco	Qazax
common\decisions\GER.txt	5637	889	Elisabethville	Zaqatala
common\decisions\GER.txt	5645	879	Kargopol	Kakheti
common\decisions\GER.txt	5646	919	Varmland	Kvemo Kartli
common\decisions\GER.txt	5648	914	JanMayen	Samtskhe
common\decisions\GER.txt	5649	916	Dalarna	Adjara
common\decisions\GER.txt	5651	899	Kayes-Koulikoro	Shida Kartli
common\decisions\GER.txt	5652	890	Costermansville	Imereti
common\decisions\GER.txt	5653	856	Asir-Makkah	Samegrelo
common\decisions\GER.txt	5654	869	Lanna	Racha-Lechkhumi
common\decisions\GER.txt	5657	886	Blue Nile	Mtskheta-Mtianeti
common\decisions\GER.txt	5658	784	Ermland-Masuren	Avar
common\decisions\GER.txt	5661	1028	- Hamgyong	Dagestan
common\decisions\GER.txt	5664	843	Wello	Ingushetia
common\decisions\GER.txt	5665	832	- Dashhowuz	North Ossetia
common\decisions\GER.txt	5667	821	- Chenchnya-Ingushetia	Chechen
common\decisions\GER.txt	5672	841	Begemder	Abkhazia
common\decisions\GER.txt	5674	763	Konigsberg	Nogay
common\decisions\GER.txt	5687	826	- Abkhazia	Kabardino-Balkar
common\decisions\GER.txt	5691	732	Pamir	Stavropol
common\decisions\GER.txt	5693	806	French Basque Country	Karachay-Cherkess
common\decisions\GER.txt	5703	778	Upper Volta	Adygea
common\decisions\GER.txt	5715	696	Bermuda	Krasnodar
common\decisions\GER.txt	5721	997	Arakan	Nagorno-Karabakh
common\decisions\GER.txt	5851	1006	Khyber Pass	Ahal
common\decisions\GER.txt	5852	895	Kavango	Balkan
common\decisions\GER.txt	5856	891	Zambesi	Dasoguz
common\decisions\GER.txt	5858	761	Hulunbuir	Karakalpakstan
common\decisions\GER.txt	5859	716	Liaotung	Mangystau
common\decisions\GER.txt	5864	464	Nova Scotia	Aqtobe
common\decisions\GER.txt	5867	561	TS 3	Atyrau
common\decisions\GER.txt	5904	1006	Khyber Pass	Ahal
common\decisions\GER.txt	5916	1006	Khyber Pass	Ahal
common\decisions\GER.txt	6246	722	Petsamo	Baranya
common\decisions\GER.txt	6247	147	Salla	Vest-Agder
common\decisions\GER.txt	6248	146	Karelia	Saaremaa
common\decisions\GER.txt	6249	929	Oulu	Drama
common\decisions\GER.txt	6282	216	Below Zero	Frederiksborg
common\decisions\GER.txt	6283	215	Eastern Karelia	Gorodok
common\decisions\GER.txt	6284	213	Murmansk	Dunbarton
common\decisions\GER.txt	6379	407	Uralsk	Sochaczew
common\decisions\GER.txt	6383	421	Kurdistan	Radomsko
common\decisions\GER.txt	6384	370	Mississippi	Grojec
common\decisions\GER.txt	6385	508	Argentine Northwest	Warszawa
common\decisions\GER.txt	6388	982	- Madras States	Sokolka
common\decisions\GER.txt	6392	1080	- Marlborough	Miechow
common\decisions\GER.txt	6393	429	Bombay	Jedrzejow
common\decisions\GER.txt	6394	867	Northern Manitoba	Kielce
common\decisions\GER.txt	6395	827	- Kabardino-Balkaria	Radom
common\decisions\GER.txt	6396	1070	- Bougainville	Garwolin
common\decisions\GER.txt	6398	377	Arizona	Lublin
common\decisions\GER.txt	6399	1002	Yazd	Chelm
common\decisions\GER.txt	6400	902	Sokoto	Opatow
common\decisions\GER.txt	6403	496	Para	Tarnow
common\decisions\GER.txt	6404	484	Baja California	Nisko
common\decisions\GER.txt	6405	46	Romania	Krasnystaw
common\decisions\GER.txt	6406	836	Bale	Rzeszow
common\decisions\GER.txt	6408	491	Loreto	Zamosc
common\decisions\GER.txt	6410	923	Helgeland	Sanok
common\decisions\GER.txt	6412	351	Vologda	Ostrow Mazowiecka
common\decisions\GER.txt	6534	490	Pastaza	Drohobycz
common\decisions\GER.txt	6543	502	Rio Grande Sul	Czortkow
common\decisions\GER.txt	6545	542	Bechuana Land	Nadworna
common\decisions\GER.txt	6550	501	Saol Paulo	Lubaczow
common\decisions\GER.txt	6713	892	South West Angola	Girona
common\decisions\GER.txt	6714	896	Manica e Sofala	Barcelona
common\decisions\GER.txt	6715	875	Chukchi Peninsulay	Lleida
common\decisions\GER.txt	6716	927	Hame	Tarragona
common\decisions\GER.txt	6718	870	Pilbara-Kimberley	Huesca
common\decisions\GER.txt	6719	854	Jawf	Navarra
common\decisions\GER.txt	6720	880	Kotlas	Zaragoza
common\decisions\GER.txt	6721	851	Var	Guipuzcoa
common\decisions\GER.txt	6722	860	Cote-Nord	Alava
common\decisions\GER.txt	6723	849	Puglia	Vizcaya
common\decisions\GER.txt	6724	848	Voralberg	Cantabria
common\decisions\GER.txt	6725	974	- South Transdanubia	Castellon
common\decisions\GER.txt	6726	939	- Amapa	Teruel
common\decisions\GER.txt	6728	859	Dammam	Burgos
common\decisions\GER.txt	6729	883	Kassala	La Rioja
common\decisions\GER.txt	6730	901	Borno	Soria
common\decisions\GER.txt	6731	940	- Acre	Guadalajara
common\decisions\GER.txt	6732	864	Yukon	Palencia
common\decisions\GER.txt	6733	897	Zambezia-Mocambique	Valladolid
common\decisions\GER.txt	6734	926	Turku	Segovia
common\decisions\GER.txt	6735	857	Ha'il	Leon
common\decisions\GER.txt	6736	837	Sidamo	Asturias
common\decisions\GER.txt	6737	833	- Mari El	Lugo
common\decisions\GER.txt	6738	830	- Bukhara	La Coruna
common\decisions\GER.txt	6739	874	Magadan	Pontevedra
common\decisions\GER.txt	6740	887	South Darfur	Orense
common\decisions\GER.txt	6741	903	Garissa	Viana do Castelo
common\decisions\GER.txt	6742	898	Gao	Zamora
common\decisions\GER.txt	6743	1007	Maymanah	Valencia
common\decisions\GER.txt	6744	980	- Ardennes	Cuenca
common\decisions\GER.txt	6745	951	- Arica	Madrid
common\decisions\GER.txt	6746	922	Agder	Braga
common\decisions\GER.txt	6747	915	Bohuslan	Vila Real
common\decisions\GER.txt	6748	911	Fyn	Braganca
common\decisions\GER.txt	6749	935	- Ceara	Porto
common\decisions\GER.txt	6750	950	- Araucania	Avila
common\decisions\GER.txt	6751	943	- Espirito Santo	Salamanca
common\decisions\GER.txt	6752	954	- Santa Cruz	Guarda
common\decisions\GER.txt	6753	947	- Tacna	Viseu
common\decisions\GER.txt	6754	962	Deep Amazonas	Aveiro
common\decisions\GER.txt	6755	1056	Manado	Alicante
common\decisions\GER.txt	6756	1037	- Chongqing	Albacete
common\decisions\GER.txt	6757	999	Federated Shan States	Toledo
common\decisions\GER.txt	6758	987	- Waziristan	Caceres
common\decisions\GER.txt	6759	990	Manipur	Castelo Branco
common\decisions\GER.txt	6760	985	- Sikkim	Coimbra
common\decisions\GER.txt	6761	1010	Al Anbar	Leiria
common\decisions\GER.txt	6762	1021	- Actual Singapore	Santarem
common\decisions\GER.txt	6763	1042	- Khotan	Lisboa
common\decisions\GER.txt	6764	1026	- North Mindanao	Portalegre
common\decisions\GER.txt	6765	1057	Dutch Southern New Guinea	Murcia
common\decisions\GER.txt	6766	1029	- Gangwon	Ciudad Real
common\decisions\GER.txt	6767	1035	- Nanjing	Badajoz
common\decisions\GER.txt	6769	1053	East Nusa Tenggara	Evora
common\decisions\GER.txt	6770	847	Western Swiss Alps	Setubal
common\decisions\GER.txt	6771	1058	Batavia	Cordoba
common\decisions\GER.txt	6772	1063	- Pahang	Jaen
common\decisions\GER.txt	6773	1072	- American Samoa	Beja
common\decisions\GER.txt	6775	1078	- Eastern Siam	Huelva
common\decisions\GER.txt	6776	1079	Auckland	Sevilla
common\decisions\GER.txt	6781	882	Pavlodar	Gibraltar
common\decisions\GER.txt	6820	951	- Arica	Madrid
common\decisions\GER.txt	6829	951	- Arica	Madrid
common\decisions\GER.txt	6984	458	Tunisia	Cornwall
common\decisions\GER.txt	6987	445	Quetta	Somerset
common\decisions\GER.txt	6988	468	Nunavut	Dorset
common\decisions\GER.txt	6990	453	Sinai	Hampshire
common\decisions\GER.txt	6991	462	Southern Morocco	Sussex
common\decisions\GER.txt	6992	446	Cairo	Kent
common\decisions\GER.txt	6993	447	Alexandria	Surrey
common\decisions\GER.txt	6994	437	Central Indian Provinces	Wiltshire
common\decisions\GER.txt	6995	410	Sistan	Gloucestershire
common\decisions\GER.txt	6996	428	Western Indian States	Berkshire
common\decisions\GER.txt	7000	435	Bihar	Brent
common\decisions\GER.txt	7002	408	Vladivostok	Oxfordshire
common\decisions\GER.txt	7003	405	Atyrau	Buckinghamshire
common\decisions\GER.txt	7004	416	Razavi Khorasan	Hertfordshire
common\decisions\GER.txt	7005	413	Khuzestan	Essex
common\decisions\GER.txt	7006	403	Kharabali	Bedfordshire
common\decisions\GER.txt	7007	386	Washington	Suffolk
common\decisions\GER.txt	7008	356	Sinop	Norfolk
common\decisions\GER.txt	7009	372	Arkansas	Cambridgeshire
common\decisions\GER.txt	7010	379	Nevada	Huntingdonshire
common\decisions\GER.txt	7011	369	Kentucky	Northamptonshire
common\decisions\GER.txt	7012	419	Azerbaijan	Monmouthshire
common\decisions\GER.txt	7013	426	Orissa	Glamorganshire
common\decisions\GER.txt	7014	409	Khabarovsk	Pembrokeshire
common\decisions\GER.txt	7015	406	Krasnyy Yar	Carmarthenshire
common\decisions\GER.txt	7016	401	Engels	Brecknockshire
common\decisions\GER.txt	7017	396	Indiana	Herefordshire
common\decisions\GER.txt	7018	390	South Dakota	Worcestershire
common\decisions\GER.txt	7019	374	Oklahoma	Warkwickshire
common\decisions\GER.txt	7020	380	Utah	Cardiganshire
common\decisions\GER.txt	7021	389	North Dakota	Radnorshire
common\decisions\GER.txt	7022	357	New England	Leicestershire
common\decisions\GER.txt	7023	375	Texas	Rutland
common\decisions\GER.txt	7024	313	Guatemala	Lincolnshire
common\decisions\GER.txt	7025	328	Manchukuo	Nottinghamshire
common\decisions\GER.txt	7026	344	Adana	Staffordshire
common\decisions\GER.txt	7027	355	Samsun	Shropshire
common\decisions\GER.txt	7028	362	Virginia	Montgomeryshire
common\decisions\GER.txt	7029	354	Trabzon	Merionethshire
common\decisions\GER.txt	7030	334	Kalimantan Barat	Caernarvonshire
common\decisions\GER.txt	7031	341	Edirne	Anglesey
common\decisions\GER.txt	7032	342	Antalya	Denbighshire
common\decisions\GER.txt	7033	338	Gloucestershire	Flintshire
common\decisions\GER.txt	7034	325	Yunnan	Derbyshire
common\decisions\GER.txt	7035	324	Bhutan	Cheshire
common\decisions\GER.txt	7036	293	Yemen	Lancashire
common\decisions\GER.txt	7037	286	Indochina	West Riding
common\decisions\GER.txt	7038	290	Spanish Africa	East Riding
common\decisions\GER.txt	7039	271	ethiopia	North Riding
common\decisions\GER.txt	7040	269	British Somaliland	Westmorland
common\decisions\GER.txt	7041	256	Cheboksary	Cumberland
common\decisions\GER.txt	7042	258	lipetsk	Durham
common\decisions\GER.txt	7043	234	Krasodar	Northumberland
common\decisions\GER.txt	7044	237	Elista	Roxburgh
common\decisions\GER.txt	7045	224	Bryansk	Berwick
common\decisions\GER.txt	7046	217	Stalingrad Area	East Lothian
common\decisions\GER.txt	7047	221	Kharkov	Midlothian
common\decisions\GER.txt	7048	245	Donetsk	Dumfries
common\decisions\GER.txt	7049	239	Saratov	Selkirk
common\decisions\GER.txt	7050	233	Caucasus Mountains	Peebles
common\decisions\GER.txt	7051	249	Kazan	Kirkcud
common\decisions\GER.txt	7052	257	Livny	Wigtown
common\decisions\GER.txt	7053	230	Armenia	Ayr
common\decisions\GER.txt	7054	219	Moscow Area	Lanmark
common\decisions\GER.txt	7055	220	Kursk Area	West Lothian
common\decisions\GER.txt	7056	222	Orel	Renfrew
common\decisions\GER.txt	7057	126	Greater London Area	Glasgow
common\decisions\GER.txt	7058	213	Murmansk	Dunbarton
common\decisions\GER.txt	7059	210	Bryansk	Stirling
common\decisions\GER.txt	7060	192	Odessa	Bute
common\decisions\GER.txt	7061	199	Khmelnytskyi	Arcyll
common\decisions\GER.txt	7063	214	Arkhangelsk	Clackmannan
common\decisions\GER.txt	7064	211	Burgas	Kinross
common\decisions\GER.txt	7065	204	Brest	Fife
common\decisions\GER.txt	7066	194	Pinsk Marches	Perth
common\decisions\GER.txt	7067	193	Kiev	Angus
common\decisions\GER.txt	7068	191	Tartu	Kincardine
common\decisions\GER.txt	7069	180	Porto	Aberdeen
common\decisions\GER.txt	7070	179	Beja	Banff
common\decisions\GER.txt	7071	176	Burgos	Moray
common\decisions\GER.txt	7072	182	Crete	Nairn
common\decisions\GER.txt	7073	183	Cyprus	Inverness
common\decisions\GER.txt	7075	169	Sevilla	Ross and Cromarty
common\decisions\GER.txt	7076	161	Emilia Romagna	Sutherland
common\decisions\GER.txt	7077	158	Piedmont	Caithness
common\decisions\GER.txt	7078	187	Aegean Islands	Orkney
common\decisions\GER.txt	7141	126	Greater London Area	Glasgow
common\decisions\GER.txt	7273	248	Yaroslavl	Donegal
common\decisions\GER.txt	7274	253	Ivanovo	Antrim
common\decisions\GER.txt	7275	254	Ryazan	Londonder
common\decisions\GER.txt	7276	262	Torzhok	Tyrone
common\decisions\GER.txt	7277	268	French Somaliland	Down
common\decisions\GER.txt	7278	272	French Africa	Fermanagh
common\decisions\GER.txt	7279	276	Canada	Armagh
common\decisions\GER.txt	7280	279	Chile	Sligo
common\decisions\GER.txt	7281	283	China	Monaghan
common\decisions\GER.txt	7282	288	Magwe	Mayo
common\decisions\GER.txt	7283	291	Iraq	Cavan
common\decisions\GER.txt	7284	296	Portugal Africa	Roscommon
common\decisions\GER.txt	7285	297	Belgian Africa	Louth
common\decisions\GER.txt	7286	302	bolivia	Longford
common\decisions\GER.txt	7287	304	Panama	Meath
common\decisions\GER.txt	7288	308	Britain SA	Westmeath
common\decisions\GER.txt	7289	317	Nicaragua	Galway
common\decisions\GER.txt	7290	321	Goa	Leitrim
common\decisions\GER.txt	7291	320	French India	Dublin
common\decisions\GER.txt	7292	333	British Borneo	Offaly
common\decisions\GER.txt	7293	337	Faroe Islands	Kildare
common\decisions\GER.txt	7294	343	Afyon	Wicklow
common\decisions\GER.txt	7295	345	Mersin	Laoighis
common\decisions\GER.txt	7296	348	Kayseri	Tipperary
common\decisions\GER.txt	7297	349	Silvas	Clare
common\decisions\GER.txt	7298	360	Pennsylvania	Carlow
common\decisions\GER.txt	7299	361	Maryland	Kilkenny
common\decisions\GER.txt	7300	368	Tennesse	Wexford
common\decisions\GER.txt	7301	371	Louisiana	Limerick
common\decisions\GER.txt	7302	378	California	Kerry
common\decisions\GER.txt	7303	394	Wisconsin	Cork
common\decisions\GER.txt	7304	395	Illinois	Waterford
common\decisions\GER.txt	7515	291	Iraq	Cavan
common\decisions\GER.txt	7516	676	Mosul	Zala
common\decisions\GER.txt	7517	675	Al Hajara	Poitiers
common\decisions\GER.txt	7518	656	Kuwait	Sieradz
common\decisions\GER.txt	7519	455	Jordan	Oost-Vlaanderen
common\decisions\GER.txt	7520	454	Israel	West-Vlaanderen
common\decisions\GER.txt	7521	553	Lebanon	Heilbronn
common\decisions\GER.txt	7522	554	Syria	Passau
common\decisions\GER.txt	7523	680	Deir-az-Zur	Mures
common\decisions\GER.txt	7524	677	Aleppo	Bekes
common\decisions\GER.txt	7525	799	Hatay	Basses-Alpes
common\decisions\GER.txt	7526	453	Sinai	Hampshire
common\decisions\GER.txt	7527	854	Jawf	Navarra
common\decisions\GER.txt	7528	855	Tabuk	Saint-Girons
common\decisions\GER.txt	7529	679	Hejaz	Lienz
common\decisions\GER.txt	7530	857	Ha'il	Leon
common\decisions\GER.txt	7531	859	Dammam	Burgos
common\decisions\GER.txt	7532	292	Saudi Arabia	Baranowicze
common\decisions\GER.txt	7533	856	Asir-Makkah	Samegrelo
common\decisions\GER.txt	7534	858	Najiran	Pristina
common\decisions\GER.txt	7535	678	Rub al Khali	Chalon-sur-Saone
common\decisions\GER.txt	7536	765	Qatar	Braila
common\decisions\GER.txt	7537	658	Arab UK 1	Doubs
common\decisions\GER.txt	7538	659	Arabian UK 2	Veszprem
common\decisions\GER.txt	7539	293	Yemen	Lancashire
common\decisions\GER.txt	7540	294	Oman	Druskieniki
common\decisions\GER.txt	7541	1010	Al Anbar	Leiria
common\decisions\GER.txt	7542	1011	Al Basrah	Sivas
common\decisions\GER.txt	7543	1013	-Musamdam	Agri
common\decisions\GER.txt	7544	1014	- Bahrain	Vayots Dzor
common\decisions\GER.txt	7545	1015	- Interior Oman	Larissa
common\decisions\GER.txt	7546	1016	- Dhofar	Islas Baleares
common\decisions\GER.txt	7547	992	Province of Aden	Kowel
common\decisions\GER.txt	7752	344	Adana	Staffordshire
common\decisions\GER.txt	7753	350	Diyarbekir	Meppen
common\decisions\GER.txt	7754	352	Hakkari	Hannover
common\decisions\GER.txt	7755	348	Kayseri	Tipperary
common\decisions\GER.txt	7756	353	Erzurum	Dessau
common\decisions\GER.txt	7757	800	Van	Romanati
common\decisions\GER.txt	7758	354	Trabzon	Merionethshire
common\decisions\GER.txt	7759	349	Silvas	Clare
common\decisions\GER.txt	7760	355	Samsun	Shropshire
common\decisions\GER.txt	7761	798	Amasya	Genova
common\decisions\GER.txt	7762	356	Sinop	Norfolk
common\decisions\GER.txt	7763	345	Mersin	Laoighis
common\decisions\GER.txt	7764	346	Konya	Drenthe
common\decisions\GER.txt	7765	49	Turkey	Nordurland vestra
common\decisions\GER.txt	7766	347	Izmit	Roskilde
common\decisions\GER.txt	7767	343	Afyon	Wicklow
common\decisions\GER.txt	7768	339	Izmir	Landsberg
common\decisions\GER.txt	7769	342	Antalya	Denbighshire
common\decisions\GER.txt	7911	419	Azerbaijan	Monmouthshire
common\decisions\GER.txt	7912	421	Kurdistan	Radomsko
common\decisions\GER.txt	7913	420	Gilan	Sarny
common\decisions\GER.txt	7914	417	Golestan	Hameln
common\decisions\GER.txt	7915	413	Khuzestan	Essex
common\decisions\GER.txt	7916	266	Persia	Krupki
common\decisions\GER.txt	7917	411	Hormozgan	Delitzsch
common\decisions\GER.txt	7918	412	Fars	Voronezh
common\decisions\GER.txt	7919	418	Semnan	Halle
common\decisions\GER.txt	7920	416	Razavi Khorasan	Hertfordshire
common\decisions\GER.txt	7921	414	Kerman	Warendorf
common\decisions\GER.txt	7922	410	Sistan	Gloucestershire
common\decisions\GER.txt	7923	1000	East Azerbaijan	Oszmiana
common\decisions\GER.txt	7924	1001	Kurdistan	Igdir
common\decisions\GER.txt	7925	1004	North Khorasan	Dogubayazit
common\decisions\GER.txt	7926	1002	Yazd	Chelm
common\decisions\GER.txt	7927	1003	South Khorasan	Yozgat
common\decisions\GER.txt	8557	28	Alcase	Virginia
common\decisions\GER.txt	8562	18	Champagne	Connecticut
common\decisions\GER.txt	8563	29	Pas de Calais	Suursaari
common\decisions\GER.txt	8575	28	Alcase	Virginia
common\decisions\GER.txt	8580	18	Champagne	Connecticut
common\decisions\GER.txt	8581	29	Pas de Calais	Suursaari
common\decisions\GER.txt	8651	69	Sudatenland	nice
common\decisions\GER.txt	8652	972	- South Sudetenland	Agcab@di
common\decisions\GER.txt	8653	74	East Sudatenland	Porajarvi
common\decisions\GER.txt	8654	9	Czechoslovakia	Ontario
common\decisions\GER.txt	8655	75	Moravia	More og Romsdal
common\decisions\GER.txt	8666	69	Sudatenland	nice
common\decisions\GER.txt	8667	972	- South Sudetenland	Agcab@di
common\decisions\GER.txt	8668	74	East Sudatenland	Porajarvi
common\decisions\GER.txt	8669	9	Czechoslovakia	Ontario
common\decisions\GER.txt	8670	75	Moravia	More og Romsdal
common\decisions\GER.txt	11381	333	British Borneo	Offaly
common\decisions\GER.txt	11382	334	Kalimantan Barat	Caernarvonshire
common\decisions\GER.txt	11383	335	West Java	Koscian
common\decisions\GER.txt	11384	336	Singapore	Friesland
common\decisions\GER.txt	11385	667	West Nusa Tenggara	Neamt
common\decisions\GER.txt	11386	668	The Moluccas	Dole
common\decisions\GER.txt	11387	672	South Sumatra	Saint-Amand-Montrond
common\decisions\GER.txt	11388	673	Sulawesi	Schwytz
common\decisions\GER.txt	11389	721	Portuguese Timor	Osijek
common\decisions\GER.txt	11390	738	Aru Islands	Zrenjanin
common\decisions\GER.txt	11391	684	Caroline Islands	Vendee
common\decisions\GER.txt	11392	647	Palau	Zurich
common\decisions\GER.txt	11393	646	Saipan	Jasz-Nagykun-Szolnok
common\decisions\GER.txt	11394	633	Marshall Islands	Pest-Pilis
common\decisions\GER.txt	11395	743	Qingdao	Ljubljana
common\decisions\GER.txt	11396	979	- Kaiser Wilhelms Land	Ankara
common\decisions\GER.txt	11397	737	New Britain	Brasov
common\decisions\GER.txt	11469	333	British Borneo	Offaly
common\decisions\GER.txt	11470	334	Kalimantan Barat	Caernarvonshire
common\decisions\GER.txt	11471	335	West Java	Koscian
common\decisions\GER.txt	11472	336	Singapore	Friesland
common\decisions\GER.txt	11473	667	West Nusa Tenggara	Neamt
common\decisions\GER.txt	11474	668	The Moluccas	Dole
common\decisions\GER.txt	11475	672	South Sumatra	Saint-Amand-Montrond
common\decisions\GER.txt	11476	673	Sulawesi	Schwytz
common\decisions\GER.txt	11477	721	Portuguese Timor	Osijek
common\decisions\GER.txt	11478	738	Aru Islands	Zrenjanin
common\decisions\GER.txt	11479	684	Caroline Islands	Vendee
common\decisions\GER.txt	11480	647	Palau	Zurich
common\decisions\GER.txt	11481	646	Saipan	Jasz-Nagykun-Szolnok
common\decisions\GER.txt	11482	633	Marshall Islands	Pest-Pilis
common\decisions\GER.txt	11483	743	Qingdao	Ljubljana
common\decisions\GER.txt	11484	979	- Kaiser Wilhelms Land	Ankara
common\decisions\GER.txt	11485	737	New Britain	Brasov
common\decisions\GER.txt	12440	485	Guerrero	Eupen-Malmedy
common\decisions\GER.txt	13310	485	Guerrero	Eupen-Malmedy
common\decisions\GER.txt	13324	485	Guerrero	Eupen-Malmedy
common\decisions\GER.txt	13409	485	Guerrero	Eupen-Malmedy
common\decisions\GER.txt	15106	546	Tanganyika	Tuchola
common\decisions\GER.txt	15107	696	Bermuda	Krasnodar
common\decisions\GRE.txt	208	184	Thrace	Halland
common\decisions\GRE.txt	253	187	Aegean Islands	Orkney
common\decisions\GRE.txt	298	731	Central Macedonia	Puy-de-Dome
common\decisions\GRE.txt	343	186	Peloponnese	Mari El
common\decisions\GRE.txt	976	571	TS 13	Paris
common\decisions\HOL.txt	386	399	Izhevsk	Utrecht
common\decisions\HOL.txt	515	7	Holland	Maine
common\decisions\HOL.txt	1721	358	New York	Noord-Holland
common\decisions\HOL.txt	1722	402	Akhtubinsk	Zuid-Holland
common\decisions\HOL.txt	1723	336	Singapore	Friesland
common\decisions\HUN.txt	73	665	Gabes	Cluj
common\decisions\HUN.txt	88	665	Gabes	Cluj
common\decisions\HUN.txt	1211	738	Aru Islands	Zrenjanin
common\decisions\HUN.txt	1259	610	China 9	Komarom
common\decisions\HUN.txt	1260	580	Siberia 7	Nyitra es Pozsony
common\decisions\HUN.txt	1290	610	China 9	Komarom
common\decisions\HUN.txt	1291	580	Siberia 7	Nyitra es Pozsony
common\decisions\HUN.txt	1392	70	Slovakia	Soro
common\decisions\HUN.txt	1419	70	Slovakia	Soro
common\decisions\HUN.txt	1479	71	East Slovakia	Sor-Trondelag
common\decisions\HUN.txt	1506	71	East Slovakia	Sor-Trondelag
common\decisions\HUN.txt	1566	593	Guangdong	Uzhorod a Mukacevo
common\decisions\HUN.txt	1571	564	TS 6	Northern Maramures
common\decisions\HUN.txt	1601	593	Guangdong	Uzhorod a Mukacevo
common\decisions\HUN.txt	1606	564	TS 6	Northern Maramures
common\decisions\HUN.txt	1724	664	Southern Slovakia	Oradea
common\decisions\HUN.txt	1727	622	China 19	Satu Mare
common\decisions\HUN.txt	1729	639	Maiana	Salaj
common\decisions\HUN.txt	1733	628	Cebu	Maramures
common\decisions\HUN.txt	1736	649	Galapagos Islands	Nasaud
common\decisions\HUN.txt	1738	665	Gabes	Cluj
common\decisions\HUN.txt	1739	680	Deir-az-Zur	Mures
common\decisions\HUN.txt	1741	674	Central Australia	Ciuc
common\decisions\HUN.txt	1783	664	Southern Slovakia	Oradea
common\decisions\HUN.txt	1786	622	China 19	Satu Mare
common\decisions\HUN.txt	1788	639	Maiana	Salaj
common\decisions\HUN.txt	1792	628	Cebu	Maramures
common\decisions\HUN.txt	1795	649	Galapagos Islands	Nasaud
common\decisions\HUN.txt	1797	665	Gabes	Cluj
common\decisions\HUN.txt	1798	680	Deir-az-Zur	Mures
common\decisions\HUN.txt	1800	674	Central Australia	Ciuc
common\decisions\HUN.txt	2057	705	Sao Tome	Arad
common\decisions\HUN.txt	2061	686	Puerto Rico	Beius
common\decisions\HUN.txt	2063	692	Windward Islands	Turda
common\decisions\HUN.txt	2065	713	Kerguelen	Alba
common\decisions\HUN.txt	2066	727	Line Islands	Hunedoara
common\decisions\HUN.txt	2069	730	St Pierre and Miquelon 	Sibiu
common\decisions\HUN.txt	2072	737	New Britain	Brasov
common\decisions\HUN.txt	2110	705	Sao Tome	Arad
common\decisions\HUN.txt	2114	686	Puerto Rico	Beius
common\decisions\HUN.txt	2116	692	Windward Islands	Turda
common\decisions\HUN.txt	2118	713	Kerguelen	Alba
common\decisions\HUN.txt	2119	727	Line Islands	Hunedoara
common\decisions\HUN.txt	2122	730	St Pierre and Miquelon 	Sibiu
common\decisions\HUN.txt	2125	737	New Britain	Brasov
common\decisions\HUN.txt	2354	83	crisana	Oppland
common\decisions\HUN.txt	2381	83	crisana	Oppland
common\decisions\HUN.txt	2442	736	Litorale	Timis-Torontal
common\decisions\HUN.txt	2445	756	Jiuquan	Caras
common\decisions\HUN.txt	2475	736	Litorale	Timis-Torontal
common\decisions\HUN.txt	2478	756	Jiuquan	Caras
common\decisions\HUN.txt	2590	738	Aru Islands	Zrenjanin
common\decisions\HUN.txt	2621	738	Aru Islands	Zrenjanin
common\decisions\HUN.txt	2725	735	Savoy	Subotica
common\decisions\HUN.txt	2759	735	Savoy	Subotica
common\decisions\HUN.txt	2873	975	- Burgenland	Gumushane
common\decisions\HUN.txt	2894	975	- Burgenland	Gumushane
common\decisions\HUN.txt	3060	109	Eastern Croatia	Varsinais-Suomi
common\decisions\HUN.txt	3087	109	Eastern Croatia	Varsinais-Suomi
common\decisions\HUN.txt	3147	103	Croatia	Kanta-Hame
common\decisions\HUN.txt	3174	103	Croatia	Kanta-Hame
common\decisions\HUN.txt	3254	610	China 9	Komarom
common\decisions\HUN.txt	3255	580	Siberia 7	Nyitra es Pozsony
common\decisions\HUN.txt	3262	610	China 9	Komarom
common\decisions\HUN.txt	3263	580	Siberia 7	Nyitra es Pozsony
common\decisions\HUN.txt	3275	610	China 9	Komarom
common\decisions\HUN.txt	3276	580	Siberia 7	Nyitra es Pozsony
common\decisions\HUN.txt	3349	593	Guangdong	Uzhorod a Mukacevo
common\decisions\HUN.txt	3354	564	TS 6	Northern Maramures
common\decisions\HUN.txt	3359	593	Guangdong	Uzhorod a Mukacevo
common\decisions\HUN.txt	3364	564	TS 6	Northern Maramures
common\decisions\HUN.txt	3374	593	Guangdong	Uzhorod a Mukacevo
common\decisions\HUN.txt	3379	564	TS 6	Northern Maramures
common\decisions\HUN.txt	3454	735	Savoy	Subotica
common\decisions\HUN.txt	3463	735	Savoy	Subotica
common\decisions\HUN.txt	3477	735	Savoy	Subotica
common\decisions\HUN.txt	3551	674	Central Australia	Ciuc
common\decisions\HUN.txt	3552	680	Deir-az-Zur	Mures
common\decisions\HUN.txt	3553	649	Galapagos Islands	Nasaud
common\decisions\HUN.txt	3554	628	Cebu	Maramures
common\decisions\HUN.txt	3556	665	Gabes	Cluj
common\decisions\HUN.txt	3559	639	Maiana	Salaj
common\decisions\HUN.txt	3561	622	China 19	Satu Mare
common\decisions\HUN.txt	3564	664	Southern Slovakia	Oradea
common\decisions\HUN.txt	3572	674	Central Australia	Ciuc
common\decisions\HUN.txt	3573	680	Deir-az-Zur	Mures
common\decisions\HUN.txt	3574	649	Galapagos Islands	Nasaud
common\decisions\HUN.txt	3575	628	Cebu	Maramures
common\decisions\HUN.txt	3577	665	Gabes	Cluj
common\decisions\HUN.txt	3580	639	Maiana	Salaj
common\decisions\HUN.txt	3582	622	China 19	Satu Mare
common\decisions\HUN.txt	3585	664	Southern Slovakia	Oradea
common\decisions\HUN.txt	3599	674	Central Australia	Ciuc
common\decisions\HUN.txt	3600	680	Deir-az-Zur	Mures
common\decisions\HUN.txt	3601	649	Galapagos Islands	Nasaud
common\decisions\HUN.txt	3602	628	Cebu	Maramures
common\decisions\HUN.txt	3604	665	Gabes	Cluj
common\decisions\HUN.txt	3607	639	Maiana	Salaj
common\decisions\HUN.txt	3609	622	China 19	Satu Mare
common\decisions\HUN.txt	3612	664	Southern Slovakia	Oradea
common\decisions\HUN.txt	3676	621	China 18	Eisenstadt
common\decisions\HUN.txt	3704	621	China 18	Eisenstadt
common\decisions\HUN.txt	3708	621	China 18	Eisenstadt
common\decisions\HUN.txt	3968	10	Poland	New Hampshire
common\decisions\HUN.txt	3996	762	Katowice	Istria
common\decisions\HUN.txt	3997	88	Kielce	Kopparberg
common\decisions\HUN.txt	3998	91	Tarnopol	Ventspils
common\decisions\HUN.txt	3999	89	Krakow	Paijat-Hame
common\decisions\HUN.txt	4000	80	Bocovina	Ostrow Wiel
common\decisions\HUN.txt	4001	72	Zaolzie	Keski-Suomi
common\decisions\HUN.txt	4063	41	Madrid	Arkhangelsk
common\decisions\HUN.txt	4266	277	Mexico	Praesto
common\decisions\HUN.txt	4382	776	Dahomey	Usora
common\decisions\HUN.txt	4383	777	Togo	Bihac
common\decisions\HUN.txt	4384	782	Tombouctou	Foca
common\decisions\HUN.txt	4385	792	Basque Country	Zenica
common\decisions\HUN.txt	4386	813	Rakvere	Mostar
common\decisions\HUN.txt	4387	835	Haraghe	Trebinje
common\decisions\HUN.txt	4523	709	Seychelles	Milano
common\decisions\HUN.txt	4555	708	Comoro Islands	Ticino
common\decisions\HUN.txt	4687	61	Mecklenburg	Pudozh
common\decisions\HUN.txt	4715	61	Mecklenburg	Pudozh
common\decisions\ICE.txt	17	40	USSR	Nordurland eystra
common\decisions\ICE.txt	154	221	Kharkov	Midlothian
common\decisions\ICE.txt	154	126	Greater London Area	Glasgow
common\decisions\ICE.txt	154	193	Kiev	Angus
common\decisions\ICE.txt	154	219	Moscow Area	Lanmark
common\decisions\ICE.txt	154	210	Bryansk	Stirling
common\decisions\ICE.txt	277	426	Orissa	Glamorganshire
common\decisions\ICE.txt	277	419	Azerbaijan	Monmouthshire
common\decisions\ICE.txt	277	334	Kalimantan Barat	Caernarvonshire
common\decisions\ICE.txt	277	341	Edirne	Anglesey
common\decisions\ICE.txt	1496	64	Brandenburg	Newfoundland
common\decisions\ITA.txt	3355	448	Tripoli	Abbeville
common\decisions\ITA.txt	5062	884	Upper Nile	Kotor
common\decisions\ITA.txt	5064	989	Bahawalpur	Kruse
common\decisions\ITA.txt	5129	989	Bahawalpur	Kruse
common\decisions\ITA.txt	5312	881	Karagandy	Podgorica
common\decisions\ITA.txt	5316	881	Karagandy	Podgorica
common\decisions\ITA.txt	5320	881	Karagandy	Podgorica
common\decisions\ITA.txt	5356	881	Karagandy	Podgorica
common\decisions\ITA.txt	5466	932	Isle of Man	Bati Istanbul
common\decisions\ITA.txt	5467	991	Gwalior	Canakkale
common\decisions\ITA.txt	5491	932	Isle of Man	Bati Istanbul
common\decisions\ITA.txt	6267	447	Alexandria	Surrey
common\decisions\ITA.txt	6329	447	Alexandria	Surrey
common\decisions\LIT.txt	10	241	Pochep	Wilno
common\decisions\LIT.txt	24	241	Pochep	Wilno
common\decisions\mer_decision.txt	11	267	Afghanistan	Gdynia
common\decisions\mer_decision.txt	21	267	Afghanistan	Gdynia
common\decisions\MTG_congress.txt	475	463	Alaska	Eisenach
common\decisions\MTG_congress.txt	476	650	Attu Island	Bourges
common\decisions\MTG_congress.txt	512	629	Hawaii	Campulung
common\decisions\MTG_congress.txt	549	686	Puerto Rico	Beius
common\decisions\NOR.txt	232	124	Gotland	Oslo
common\decisions\NOR.txt	672	124	Gotland	Oslo
common\decisions\NOR.txt	673	123	Cornwall	Telemark
common\decisions\NOR.txt	674	147	Salla	Vest-Agder
common\decisions\NOR.txt	675	111	Uusima	Hordaland
common\decisions\NOR.txt	676	83	crisana	Oppland
common\decisions\NOR.txt	677	71	East Slovakia	Sor-Trondelag
common\decisions\NOR.txt	678	53	Oberbayern	Nord-Trondelag
common\decisions\NOR.txt	679	25	Limousin	Nordland
common\decisions\NOR.txt	680	13	Estonia	Troms
common\decisions\NOR.txt	681	4	Austria	Finnmark
common\decisions\NOR.txt	749	123	Cornwall	Telemark
common\decisions\NOR.txt	750	147	Salla	Vest-Agder
common\decisions\NOR.txt	751	111	Uusima	Hordaland
common\decisions\NOR.txt	752	83	crisana	Oppland
common\decisions\NOR.txt	753	71	East Slovakia	Sor-Trondelag
common\decisions\NOR.txt	754	53	Oberbayern	Nord-Trondelag
common\decisions\NOR.txt	755	25	Limousin	Nordland
common\decisions\NOR.txt	756	13	Estonia	Troms
common\decisions\NOR.txt	757	4	Austria	Finnmark
common\decisions\NOR.txt	859	124	Gotland	Oslo
common\decisions\NOR.txt	860	123	Cornwall	Telemark
common\decisions\NOR.txt	861	147	Salla	Vest-Agder
common\decisions\NOR.txt	862	111	Uusima	Hordaland
common\decisions\NOR.txt	863	83	crisana	Oppland
common\decisions\NOR.txt	864	71	East Slovakia	Sor-Trondelag
common\decisions\NOR.txt	865	53	Oberbayern	Nord-Trondelag
common\decisions\NOR.txt	866	25	Limousin	Nordland
common\decisions\NOR.txt	867	13	Estonia	Troms
common\decisions\NOR.txt	868	4	Austria	Finnmark
common\decisions\NOR.txt	1150	124	Gotland	Oslo
common\decisions\NOR.txt	1151	123	Cornwall	Telemark
common\decisions\NOR.txt	1152	147	Salla	Vest-Agder
common\decisions\NOR.txt	1153	111	Uusima	Hordaland
common\decisions\NOR.txt	1154	83	crisana	Oppland
common\decisions\NOR.txt	1155	71	East Slovakia	Sor-Trondelag
common\decisions\NOR.txt	1156	53	Oberbayern	Nord-Trondelag
common\decisions\NOR.txt	1157	25	Limousin	Nordland
common\decisions\NOR.txt	1158	13	Estonia	Troms
common\decisions\NOR.txt	1159	4	Austria	Finnmark
common\decisions\NOR.txt	1308	124	Gotland	Oslo
common\decisions\NOR.txt	1309	123	Cornwall	Telemark
common\decisions\NOR.txt	1310	147	Salla	Vest-Agder
common\decisions\NOR.txt	1311	111	Uusima	Hordaland
common\decisions\NOR.txt	1312	83	crisana	Oppland
common\decisions\NOR.txt	1313	71	East Slovakia	Sor-Trondelag
common\decisions\NOR.txt	1314	53	Oberbayern	Nord-Trondelag
common\decisions\NOR.txt	1315	25	Limousin	Nordland
common\decisions\NOR.txt	1316	13	Estonia	Troms
common\decisions\NOR.txt	1317	4	Austria	Finnmark
common\decisions\NOR.txt	1469	124	Gotland	Oslo
common\decisions\NOR.txt	1470	123	Cornwall	Telemark
common\decisions\NOR.txt	1471	147	Salla	Vest-Agder
common\decisions\NOR.txt	1472	111	Uusima	Hordaland
common\decisions\NOR.txt	1473	83	crisana	Oppland
common\decisions\NOR.txt	1474	71	East Slovakia	Sor-Trondelag
common\decisions\NOR.txt	1475	53	Oberbayern	Nord-Trondelag
common\decisions\NOR.txt	1476	25	Limousin	Nordland
common\decisions\NOR.txt	1477	13	Estonia	Troms
common\decisions\NOR.txt	1478	4	Austria	Finnmark
common\decisions\NOR.txt	1987	124	Gotland	Oslo
common\decisions\NOR.txt	1988	123	Cornwall	Telemark
common\decisions\NOR.txt	1989	147	Salla	Vest-Agder
common\decisions\NOR.txt	1990	111	Uusima	Hordaland
common\decisions\NOR.txt	1991	83	crisana	Oppland
common\decisions\NOR.txt	1992	71	East Slovakia	Sor-Trondelag
common\decisions\NOR.txt	1993	53	Oberbayern	Nord-Trondelag
common\decisions\NOR.txt	1994	25	Limousin	Nordland
common\decisions\NOR.txt	1995	13	Estonia	Troms
common\decisions\NOR.txt	1996	4	Austria	Finnmark
common\decisions\NOR.txt	2237	123	Cornwall	Telemark
common\decisions\NOR.txt	2238	147	Salla	Vest-Agder
common\decisions\NOR.txt	2239	111	Uusima	Hordaland
common\decisions\NOR.txt	2240	83	crisana	Oppland
common\decisions\NOR.txt	2241	71	East Slovakia	Sor-Trondelag
common\decisions\NOR.txt	2242	53	Oberbayern	Nord-Trondelag
common\decisions\NOR.txt	2243	25	Limousin	Nordland
common\decisions\NOR.txt	2244	13	Estonia	Troms
common\decisions\NOR.txt	2245	4	Austria	Finnmark
common\decisions\NOR.txt	2433	123	Cornwall	Telemark
common\decisions\NOR.txt	2434	147	Salla	Vest-Agder
common\decisions\NOR.txt	2435	111	Uusima	Hordaland
common\decisions\NOR.txt	2436	83	crisana	Oppland
common\decisions\NOR.txt	2437	71	East Slovakia	Sor-Trondelag
common\decisions\NOR.txt	2438	53	Oberbayern	Nord-Trondelag
common\decisions\NOR.txt	2439	25	Limousin	Nordland
common\decisions\NOR.txt	2440	13	Estonia	Troms
common\decisions\NOR.txt	2441	4	Austria	Finnmark
common\decisions\NOR.txt	2448	124	Gotland	Oslo
common\decisions\NOR.txt	2550	124	Gotland	Oslo
common\decisions\NOR.txt	2551	123	Cornwall	Telemark
common\decisions\NOR.txt	2552	147	Salla	Vest-Agder
common\decisions\NOR.txt	2553	111	Uusima	Hordaland
common\decisions\NOR.txt	2554	83	crisana	Oppland
common\decisions\NOR.txt	2555	71	East Slovakia	Sor-Trondelag
common\decisions\NOR.txt	2556	53	Oberbayern	Nord-Trondelag
common\decisions\NOR.txt	2557	25	Limousin	Nordland
common\decisions\NOR.txt	2558	13	Estonia	Troms
common\decisions\NOR.txt	2559	4	Austria	Finnmark
common\decisions\POL.txt	149	280	Brazil	Danzig
common\decisions\POL.txt	764	491	Loreto	Zamosc
common\decisions\POL.txt	771	491	Loreto	Zamosc
common\decisions\POL.txt	3042	218	Rostov Area	Vyazma
common\decisions\POL.txt	3043	245	Donetsk	Dumfries
common\decisions\POL.txt	3044	238	volgodonsk	Sakiu
common\decisions\POL.txt	3045	217	Stalingrad Area	East Lothian
common\decisions\POL.txt	3046	265	Mikhaylovka	Tula
common\decisions\POL.txt	3089	234	Krasodar	Northumberland
common\decisions\POL.txt	3090	235	Stravropol	Safonovo
common\decisions\POL.txt	3091	233	Caucasus Mountains	Peebles
common\decisions\POL.txt	3092	232	Grozny	Dzisna
common\decisions\POR.txt	341	876	Udachny	Roma Centro
common\decisions\POR.txt	600	876	Udachny	Roma Centro
common\decisions\POR.txt	1037	876	Udachny	Roma Centro
common\decisions\POR.txt	1509	876	Udachny	Roma Centro
common\decisions\POR.txt	2146	1042	- Khotan	Lisboa
common\decisions\POR.txt	2153	1042	- Khotan	Lisboa
common\decisions\POR.txt	2154	1042	- Khotan	Lisboa
common\decisions\POR.txt	2158	1042	- Khotan	Lisboa
common\decisions\POR.txt	2159	1042	- Khotan	Lisboa
common\decisions\POR.txt	2202	1053	East Nusa Tenggara	Evora
common\decisions\POR.txt	2209	1053	East Nusa Tenggara	Evora
common\decisions\POR.txt	2210	1053	East Nusa Tenggara	Evora
common\decisions\POR.txt	2214	1053	East Nusa Tenggara	Evora
common\decisions\POR.txt	2215	1053	East Nusa Tenggara	Evora
common\decisions\resource_prospecting.txt	195	322	Tibet	Oldenburg
common\decisions\resource_prospecting.txt	202	322	Tibet	Oldenburg
common\decisions\resource_prospecting.txt	203	322	Tibet	Oldenburg
common\decisions\resource_prospecting.txt	207	322	Tibet	Oldenburg
common\decisions\resource_prospecting.txt	208	322	Tibet	Oldenburg
common\decisions\resource_prospecting.txt	374	336	Singapore	Friesland
common\decisions\resource_prospecting.txt	381	336	Singapore	Friesland
common\decisions\resource_prospecting.txt	382	336	Singapore	Friesland
common\decisions\resource_prospecting.txt	386	336	Singapore	Friesland
common\decisions\resource_prospecting.txt	387	336	Singapore	Friesland
common\decisions\resource_prospecting.txt	464	930	Mikkeli	Zonguldak
common\decisions\resource_prospecting.txt	477	930	Mikkeli	Zonguldak
common\decisions\resource_prospecting.txt	478	930	Mikkeli	Zonguldak
common\decisions\resource_prospecting.txt	482	930	Mikkeli	Zonguldak
common\decisions\resource_prospecting.txt	483	930	Mikkeli	Zonguldak
common\decisions\resource_prospecting.txt	553	64	Brandenburg	Newfoundland
common\decisions\resource_prospecting.txt	560	64	Brandenburg	Newfoundland
common\decisions\resource_prospecting.txt	561	64	Brandenburg	Newfoundland
common\decisions\resource_prospecting.txt	565	64	Brandenburg	Newfoundland
common\decisions\resource_prospecting.txt	566	64	Brandenburg	Newfoundland
common\decisions\resource_prospecting.txt	648	1	France	Quebec
common\decisions\resource_prospecting.txt	649	1	France	Quebec
common\decisions\resource_prospecting.txt	653	1	France	Quebec
common\decisions\resource_prospecting.txt	658	1	France	Quebec
common\decisions\resource_prospecting.txt	659	1	France	Quebec
common\decisions\resource_prospecting.txt	730	11	Kaunas	New York
common\decisions\resource_prospecting.txt	736	11	Kaunas	New York
common\decisions\resource_prospecting.txt	737	11	Kaunas	New York
common\decisions\resource_prospecting.txt	741	11	Kaunas	New York
common\decisions\resource_prospecting.txt	742	11	Kaunas	New York
common\decisions\resource_prospecting.txt	840	21	Bouches-du-Rhone	Pennsylvania
common\decisions\resource_prospecting.txt	847	21	Bouches-du-Rhone	Pennsylvania
common\decisions\resource_prospecting.txt	848	21	Bouches-du-Rhone	Pennsylvania
common\decisions\resource_prospecting.txt	852	21	Bouches-du-Rhone	Pennsylvania
common\decisions\resource_prospecting.txt	853	21	Bouches-du-Rhone	Pennsylvania
common\decisions\resource_prospecting.txt	951	458	Tunisia	Cornwall
common\decisions\resource_prospecting.txt	952	458	Tunisia	Cornwall
common\decisions\resource_prospecting.txt	957	458	Tunisia	Cornwall
common\decisions\resource_prospecting.txt	962	458	Tunisia	Cornwall
common\decisions\resource_prospecting.txt	963	458	Tunisia	Cornwall
common\decisions\resource_prospecting.txt	1041	458	Tunisia	Cornwall
common\decisions\resource_prospecting.txt	1042	458	Tunisia	Cornwall
common\decisions\resource_prospecting.txt	1047	458	Tunisia	Cornwall
common\decisions\resource_prospecting.txt	1052	458	Tunisia	Cornwall
common\decisions\resource_prospecting.txt	1053	458	Tunisia	Cornwall
common\decisions\resource_prospecting.txt	1119	119	Northern Ireland	Leningrad
common\decisions\resource_prospecting.txt	1131	119	Northern Ireland	Leningrad
common\decisions\resource_prospecting.txt	1135	119	Northern Ireland	Leningrad
common\decisions\resource_prospecting.txt	1195	175	Ciudad Real	Sverdlovsk
common\decisions\resource_prospecting.txt	1207	175	Ciudad Real	Sverdlovsk
common\decisions\resource_prospecting.txt	1211	175	Ciudad Real	Sverdlovsk
common\decisions\resource_prospecting.txt	1271	457	Aswan	Volgograd
common\decisions\resource_prospecting.txt	1283	457	Aswan	Volgograd
common\decisions\resource_prospecting.txt	1287	457	Aswan	Volgograd
common\decisions\resource_prospecting.txt	1527	388	Montana	Kursk
common\decisions\resource_prospecting.txt	1534	388	Montana	Kursk
common\decisions\resource_prospecting.txt	1535	388	Montana	Kursk
common\decisions\resource_prospecting.txt	1539	388	Montana	Kursk
common\decisions\resource_prospecting.txt	1540	388	Montana	Kursk
common\decisions\resource_prospecting.txt	1641	388	Montana	Kursk
common\decisions\resource_prospecting.txt	1648	388	Montana	Kursk
common\decisions\resource_prospecting.txt	1649	388	Montana	Kursk
common\decisions\resource_prospecting.txt	1653	388	Montana	Kursk
common\decisions\resource_prospecting.txt	1654	388	Montana	Kursk
common\decisions\resource_prospecting.txt	1759	388	Montana	Kursk
common\decisions\resource_prospecting.txt	1766	388	Montana	Kursk
common\decisions\resource_prospecting.txt	1767	388	Montana	Kursk
common\decisions\resource_prospecting.txt	1771	388	Montana	Kursk
common\decisions\resource_prospecting.txt	1772	388	Montana	Kursk
common\decisions\resource_prospecting.txt	1877	450	Benghasi	Belgorod
common\decisions\resource_prospecting.txt	1884	450	Benghasi	Belgorod
common\decisions\resource_prospecting.txt	1885	450	Benghasi	Belgorod
common\decisions\resource_prospecting.txt	1889	450	Benghasi	Belgorod
common\decisions\resource_prospecting.txt	1890	450	Benghasi	Belgorod
common\decisions\resource_prospecting.txt	1991	450	Benghasi	Belgorod
common\decisions\resource_prospecting.txt	1998	450	Benghasi	Belgorod
common\decisions\resource_prospecting.txt	1999	450	Benghasi	Belgorod
common\decisions\resource_prospecting.txt	2003	450	Benghasi	Belgorod
common\decisions\resource_prospecting.txt	2004	450	Benghasi	Belgorod
common\decisions\resource_prospecting.txt	2109	450	Benghasi	Belgorod
common\decisions\resource_prospecting.txt	2116	450	Benghasi	Belgorod
common\decisions\resource_prospecting.txt	2117	450	Benghasi	Belgorod
common\decisions\resource_prospecting.txt	2121	450	Benghasi	Belgorod
common\decisions\resource_prospecting.txt	2122	450	Benghasi	Belgorod
common\decisions\resource_prospecting.txt	2228	430	Bangladesh	Batys Kazakhstan
common\decisions\resource_prospecting.txt	2229	430	Bangladesh	Batys Kazakhstan
common\decisions\resource_prospecting.txt	2234	430	Bangladesh	Batys Kazakhstan
common\decisions\resource_prospecting.txt	2239	430	Bangladesh	Batys Kazakhstan
common\decisions\resource_prospecting.txt	2240	430	Bangladesh	Batys Kazakhstan
common\decisions\resource_prospecting.txt	2312	430	Bangladesh	Batys Kazakhstan
common\decisions\resource_prospecting.txt	2313	430	Bangladesh	Batys Kazakhstan
common\decisions\resource_prospecting.txt	2319	430	Bangladesh	Batys Kazakhstan
common\decisions\resource_prospecting.txt	2324	430	Bangladesh	Batys Kazakhstan
common\decisions\resource_prospecting.txt	2325	430	Bangladesh	Batys Kazakhstan
common\decisions\resource_prospecting.txt	3237	1049	Medan and Riouw	Malatya
common\decisions\resource_prospecting.txt	3244	1049	Medan and Riouw	Malatya
common\decisions\resource_prospecting.txt	3245	1049	Medan and Riouw	Malatya
common\decisions\resource_prospecting.txt	3249	1049	Medan and Riouw	Malatya
common\decisions\resource_prospecting.txt	3250	1049	Medan and Riouw	Malatya
common\decisions\resource_prospecting.txt	3401	1059	- Limbang	Diyarbakir
common\decisions\resource_prospecting.txt	3408	1059	- Limbang	Diyarbakir
common\decisions\resource_prospecting.txt	3409	1059	- Limbang	Diyarbakir
common\decisions\resource_prospecting.txt	3413	1059	- Limbang	Diyarbakir
common\decisions\resource_prospecting.txt	3414	1059	- Limbang	Diyarbakir
common\decisions\resource_prospecting.txt	3660	1062	- Kelantan	Batman
common\decisions\resource_prospecting.txt	3668	1062	- Kelantan	Batman
common\decisions\resource_prospecting.txt	3669	1062	- Kelantan	Batman
common\decisions\resource_prospecting.txt	3674	1062	- Kelantan	Batman
common\decisions\resource_prospecting.txt	3675	1062	- Kelantan	Batman
common\decisions\resource_prospecting.txt	3750	1062	- Kelantan	Batman
common\decisions\resource_prospecting.txt	3763	1062	- Kelantan	Batman
common\decisions\resource_prospecting.txt	3764	1062	- Kelantan	Batman
common\decisions\resource_prospecting.txt	3768	1062	- Kelantan	Batman
common\decisions\resource_prospecting.txt	3769	1062	- Kelantan	Batman
common\decisions\resource_prospecting.txt	3844	1062	- Kelantan	Batman
common\decisions\resource_prospecting.txt	3857	1062	- Kelantan	Batman
common\decisions\resource_prospecting.txt	3858	1062	- Kelantan	Batman
common\decisions\resource_prospecting.txt	3862	1062	- Kelantan	Batman
common\decisions\resource_prospecting.txt	3863	1062	- Kelantan	Batman
common\decisions\resource_prospecting.txt	4122	648	Marcus Island	Fejer
common\decisions\resource_prospecting.txt	4129	648	Marcus Island	Fejer
common\decisions\resource_prospecting.txt	4130	648	Marcus Island	Fejer
common\decisions\resource_prospecting.txt	4134	648	Marcus Island	Fejer
common\decisions\resource_prospecting.txt	4135	648	Marcus Island	Fejer
common\decisions\resource_prospecting.txt	4258	155	Western Hungary	Parnu
common\decisions\resource_prospecting.txt	4264	155	Western Hungary	Parnu
common\decisions\resource_prospecting.txt	4265	155	Western Hungary	Parnu
common\decisions\resource_prospecting.txt	4278	155	Western Hungary	Parnu
common\decisions\resource_prospecting.txt	4279	155	Western Hungary	Parnu
common\decisions\ROM.txt	490	590	Northern Kazakhstan	Storojinet
common\decisions\ROM.txt	509	590	Northern Kazakhstan	Storojinet
common\decisions\ROM.txt	529	590	Northern Kazakhstan	Storojinet
common\decisions\ROM.txt	906	45	Yugoslavia	Vasterbotten
common\decisions\ROM.txt	1127	764	West Banat	Prahova
common\decisions\ROM.txt	1348	107	Kosavo	Mazeikiu
common\decisions\ROM.txt	1569	108	Eastern Serbia	Kirov
common\decisions\ROM.txt	1790	802	Kosovo	Avallon
common\decisions\ROM.txt	2011	803	Southern Serbia	Landes
common\decisions\ROM.txt	2232	106	Macedonia	Buskerud
common\decisions\ROM.txt	2453	105	Montenegro	Hankoniemi
common\decisions\ROM.txt	2674	104	Bosnia	Haderslev
common\decisions\ROM.txt	2895	103	Croatia	Kanta-Hame
common\decisions\ROM.txt	3116	109	Eastern Croatia	Varsinais-Suomi
common\decisions\ROM.txt	3337	102	North-Eastern Slovenia	Volkhov
common\decisions\ROM.txt	3558	853	Ljubljana	Sinjajevina
common\decisions\ROM.txt	3781	804	Herzegovina	Teleorman
common\decisions\SIC.txt	390	1016	- Dhofar	Islas Baleares
common\decisions\SIC.txt	420	1016	- Dhofar	Islas Baleares
common\decisions\SIC.txt	435	1016	- Dhofar	Islas Baleares
common\decisions\SIC.txt	452	187	Aegean Islands	Orkney
common\decisions\SIC.txt	453	116	Malta	Zetland
common\decisions\SIC.txt	483	187	Aegean Islands	Orkney
common\decisions\SIC.txt	484	116	Malta	Zetland
common\decisions\SIC.txt	498	130	Yorkshire	Isle of Mann
common\decisions\SIC.txt	500	607	China 7	Jersey
common\decisions\SLO.txt	80	73	Carpathian Ruthenia	Etela-Pohjanmaa
common\decisions\SLO.txt	81	664	Southern Slovakia	Oradea
common\decisions\SLO.txt	108	71	East Slovakia	Sor-Trondelag
common\decisions\SLO.txt	116	73	Carpathian Ruthenia	Etela-Pohjanmaa
common\decisions\SLO.txt	200	73	Carpathian Ruthenia	Etela-Pohjanmaa
common\decisions\SLO.txt	219	71	East Slovakia	Sor-Trondelag
common\decisions\SLO.txt	306	71	East Slovakia	Sor-Trondelag
common\decisions\SLO.txt	313	73	Carpathian Ruthenia	Etela-Pohjanmaa
common\decisions\SOV.txt	1995	219	Moscow Area	Lanmark
common\decisions\SOV.txt	6353	419	Azerbaijan	Monmouthshire
common\decisions\SOV.txt	6354	420	Gilan	Sarny
common\decisions\SOV.txt	6355	416	Razavi Khorasan	Hertfordshire
common\decisions\SOV.txt	6357	411	Hormozgan	Delitzsch
common\decisions\SOV.txt	6358	412	Fars	Voronezh
common\decisions\SOV.txt	6359	413	Khuzestan	Essex
common\decisions\SOV.txt	6369	419	Azerbaijan	Monmouthshire
common\decisions\SOV.txt	6370	420	Gilan	Sarny
common\decisions\SOV.txt	6371	416	Razavi Khorasan	Hertfordshire
common\decisions\SOV.txt	6374	411	Hormozgan	Delitzsch
common\decisions\SOV.txt	6375	412	Fars	Voronezh
common\decisions\SOV.txt	6376	413	Khuzestan	Essex
common\decisions\SOV.txt	7259	229	baku	Moscow
common\decisions\SOV.txt	8650	124	Gotland	Oslo
common\decisions\SOV.txt	8701	229	baku	Moscow
common\decisions\SOV.txt	8702	119	Northern Ireland	Leningrad
common\decisions\SOV.txt	8705	457	Aswan	Volgograd
common\decisions\SOV.txt	8915	195	Leningrad Area	Moscow Oblast
common\decisions\SOV.txt	8931	195	Leningrad Area	Moscow Oblast
common\decisions\SOV.txt	8932	569	TS 11	Levoca
common\decisions\SOV.txt	8952	208	Pskov	Kretingos
common\decisions\SOV.txt	8953	208	Pskov	Kretingos
common\decisions\SOV.txt	8956	209	Smolensk	Chuvash
common\decisions\SOV.txt	8957	209	Smolensk	Chuvash
common\decisions\SOV.txt	8960	244	Gatchina	Ukmerges
common\decisions\SOV.txt	8961	244	Gatchina	Ukmerges
common\decisions\SOV.txt	8964	263	Veliky Novogrod	Stolp
common\decisions\SOV.txt	8965	263	Veliky Novogrod	Stolp
common\decisions\SOV.txt	8968	191	Tartu	Kincardine
common\decisions\SOV.txt	8969	191	Tartu	Kincardine
common\decisions\SOV.txt	8972	146	Karelia	Saaremaa
common\decisions\SOV.txt	8973	146	Karelia	Saaremaa
common\decisions\SOV.txt	9010	569	TS 11	Levoca
common\decisions\SOV.txt	9419	229	baku	Moscow
common\decisions\SOV.txt	9420	119	Northern Ireland	Leningrad
common\decisions\SOV.txt	9421	457	Aswan	Volgograd
common\decisions\SOV.txt	9536	229	baku	Moscow
common\decisions\SOV.txt	9537	119	Northern Ireland	Leningrad
common\decisions\SOV.txt	9538	457	Aswan	Volgograd
common\decisions\SOV.txt	10439	208	Pskov	Kretingos
common\decisions\SOV.txt	10440	244	Gatchina	Ukmerges
common\decisions\SOV.txt	10454	263	Veliky Novogrod	Stolp
common\decisions\SOV.txt	10455	264	Tikhvin	Koscierzyna
common\decisions\SOV.txt	10530	763	Konigsberg	Nogay
common\decisions\SOV.txt	10531	5	Germany	Pultusk
common\decisions\SOV.txt	10532	85	Danzig	Pirkanmaa
common\decisions\SOV.txt	10590	217	Stalingrad Area	East Lothian
common\decisions\SOV.txt	10641	195	Leningrad Area	Moscow Oblast
common\decisions\SOV.txt	10695	219	Moscow Area	Lanmark
common\decisions\SOV.txt	10807	188	Memel	Tukums
common\decisions\SOV.txt	10808	814	Suduva	Tarn
common\decisions\SOV.txt	10809	189	Kaunas	Toropets
common\decisions\SOV.txt	10810	11	Kaunas	New York
common\decisions\SOV.txt	10811	815	Aukstaitija	Cetina
common\decisions\SOV.txt	10813	190	Kurzeme	Kronoberg
common\decisions\SOV.txt	10814	12	Latvia	Vermont
common\decisions\SOV.txt	10815	809	Latgale	Tarn-et-Garonne
common\decisions\SOV.txt	10816	810	Zemgale	Nice
common\decisions\SOV.txt	10817	808	Riga	Vaucluse
common\decisions\SOV.txt	10819	191	Tartu	Kincardine
common\decisions\SOV.txt	10820	13	Estonia	Troms
common\decisions\SOV.txt	10821	811	Saaremaa	Sibenik
common\decisions\SOV.txt	10822	812	Tallinn	Armagnac
common\decisions\SOV.txt	10823	813	Rakvere	Mostar
common\decisions\SOV.txt	10837	188	Memel	Tukums
common\decisions\SOV.txt	10838	814	Suduva	Tarn
common\decisions\SOV.txt	10839	189	Kaunas	Toropets
common\decisions\SOV.txt	10840	11	Kaunas	New York
common\decisions\SOV.txt	10841	815	Aukstaitija	Cetina
common\decisions\SOV.txt	10843	190	Kurzeme	Kronoberg
common\decisions\SOV.txt	10844	12	Latvia	Vermont
common\decisions\SOV.txt	10845	809	Latgale	Tarn-et-Garonne
common\decisions\SOV.txt	10846	810	Zemgale	Nice
common\decisions\SOV.txt	10847	808	Riga	Vaucluse
common\decisions\SOV.txt	10849	191	Tartu	Kincardine
common\decisions\SOV.txt	10850	13	Estonia	Troms
common\decisions\SOV.txt	10851	811	Saaremaa	Sibenik
common\decisions\SOV.txt	10852	812	Tallinn	Armagnac
common\decisions\SOV.txt	10853	813	Rakvere	Mostar
common\decisions\SOV.txt	10989	229	baku	Moscow
common\decisions\SOV.txt	10990	230	Armenia	Ayr
common\decisions\SOV.txt	10991	231	Georgia	Lida
common\decisions\SOV.txt	10992	232	Grozny	Dzisna
common\decisions\SOV.txt	10993	233	Caucasus Mountains	Peebles
common\decisions\SOV.txt	10994	234	Krasodar	Northumberland
common\decisions\SOV.txt	10995	235	Stravropol	Safonovo
common\decisions\SOV.txt	10996	821	- Chenchnya-Ingushetia	Chechen
common\decisions\SOV.txt	10997	826	- Abkhazia	Kabardino-Balkar
common\decisions\SOV.txt	10998	827	- Kabardino-Balkaria	Radom
common\decisions\SOV.txt	10999	828	- North Ossetia	Haute-Garonne
common\decisions\SOV.txt	11012	229	baku	Moscow
common\decisions\SOV.txt	11013	230	Armenia	Ayr
common\decisions\SOV.txt	11014	231	Georgia	Lida
common\decisions\SOV.txt	11015	232	Grozny	Dzisna
common\decisions\SOV.txt	11016	233	Caucasus Mountains	Peebles
common\decisions\SOV.txt	11017	234	Krasodar	Northumberland
common\decisions\SOV.txt	11018	235	Stravropol	Safonovo
common\decisions\SOV.txt	11019	821	- Chenchnya-Ingushetia	Chechen
common\decisions\SOV.txt	11020	826	- Abkhazia	Kabardino-Balkar
common\decisions\SOV.txt	11021	827	- Kabardino-Balkaria	Radom
common\decisions\SOV.txt	11022	828	- North Ossetia	Haute-Garonne
common\decisions\SOV.txt	11060	245	Donetsk	Dumfries
common\decisions\SOV.txt	11061	217	Stalingrad Area	East Lothian
common\decisions\SOV.txt	11062	218	Rostov Area	Vyazma
common\decisions\SOV.txt	11063	238	volgodonsk	Sakiu
common\decisions\SOV.txt	11064	237	Elista	Roxburgh
common\decisions\SOV.txt	11065	236	Astrakhan	Swieciany
common\decisions\SOV.txt	11066	265	Mikhaylovka	Tula
common\decisions\SOV.txt	11067	829	- Volga Germany	Var
common\decisions\SOV.txt	11079	245	Donetsk	Dumfries
common\decisions\SOV.txt	11080	217	Stalingrad Area	East Lothian
common\decisions\SOV.txt	11081	218	Rostov Area	Vyazma
common\decisions\SOV.txt	11082	238	volgodonsk	Sakiu
common\decisions\SOV.txt	11083	237	Elista	Roxburgh
common\decisions\SOV.txt	11084	236	Astrakhan	Swieciany
common\decisions\SOV.txt	11085	265	Mikhaylovka	Tula
common\decisions\SOV.txt	11086	829	- Volga Germany	Var
common\decisions\SOV.txt	11124	220	Kursk Area	West Lothian
common\decisions\SOV.txt	11125	222	Orel	Renfrew
common\decisions\SOV.txt	11126	224	Bryansk	Berwick
common\decisions\SOV.txt	11127	243	Roslavl	Srem
common\decisions\SOV.txt	11128	205	Hrodna	Telsiu
common\decisions\SOV.txt	11129	242	Smolensk	Kauno
common\decisions\SOV.txt	11130	246	Rzhev	Tonder
common\decisions\SOV.txt	11131	219	Moscow Area	Lanmark
common\decisions\SOV.txt	11143	220	Kursk Area	West Lothian
common\decisions\SOV.txt	11144	222	Orel	Renfrew
common\decisions\SOV.txt	11145	224	Bryansk	Berwick
common\decisions\SOV.txt	11146	243	Roslavl	Srem
common\decisions\SOV.txt	11147	205	Hrodna	Telsiu
common\decisions\SOV.txt	11148	242	Smolensk	Kauno
common\decisions\SOV.txt	11149	246	Rzhev	Tonder
common\decisions\SOV.txt	11150	219	Moscow Area	Lanmark
common\decisions\SOV.txt	12842	214	Arkhangelsk	Clackmannan
common\decisions\SOV.txt	12846	214	Arkhangelsk	Clackmannan
common\decisions\SOV.txt	12888	192	Odessa	Bute
common\decisions\SOV.txt	12891	192	Odessa	Bute
common\decisions\SOV.txt	12961	571	TS 13	Paris
common\decisions\SOV.txt	12964	571	TS 13	Paris
common\decisions\SOV.txt	13034	1006	Khyber Pass	Ahal
common\decisions\SOV.txt	13037	1006	Khyber Pass	Ahal
common\decisions\SOV.txt	13107	201	Zhytomyr	Bashkortostan
common\decisions\SOV.txt	13110	201	Zhytomyr	Bashkortostan
common\decisions\SOV.txt	13180	41	Madrid	Arkhangelsk
common\decisions\SOV.txt	13183	41	Madrid	Arkhangelsk
common\decisions\SOV.txt	13253	19	Aquitaine	Murmansk
common\decisions\SOV.txt	13256	19	Aquitaine	Murmansk
common\decisions\SOV.txt	14416	215	Eastern Karelia	Gorodok
common\decisions\SOV.txt	14417	216	Below Zero	Frederiksborg
common\decisions\SOV.txt	15514	938	- Para	Rize
common\decisions\SOV.txt	15516	949	- Aysen	Sarikamis
common\decisions\SPR.txt	734	830	- Bukhara	La Coruna
common\decisions\SPR.txt	734	833	- Mari El	Lugo
common\decisions\SPR.txt	734	887	South Darfur	Orense
common\decisions\SPR.txt	734	874	Magadan	Pontevedra
common\decisions\SPR.txt	915	837	Sidamo	Asturias
common\decisions\SPR.txt	1144	857	Ha'il	Leon
common\decisions\SPR.txt	1378	897	Zambezia-Mocambique	Valladolid
common\decisions\SPR.txt	1612	859	Dammam	Burgos
common\decisions\SPR.txt	1794	849	Puglia	Vizcaya
common\decisions\SPR.txt	2023	854	Jawf	Navarra
common\decisions\SPR.txt	2257	880	Kotlas	Zaragoza
common\decisions\SPR.txt	2439	870	Pilbara-Kimberley	Huesca
common\decisions\SPR.txt	2616	896	Manica e Sofala	Barcelona
common\decisions\SPR.txt	2845	943	- Espirito Santo	Salamanca
common\decisions\SPR.txt	3027	951	- Arica	Madrid
common\decisions\SPR.txt	3198	940	- Acre	Guadalajara
common\decisions\SPR.txt	3375	1007	Maymanah	Valencia
common\decisions\SPR.txt	3552	1035	- Nanjing	Badajoz
common\decisions\SPR.txt	3729	1029	- Gangwon	Ciudad Real
common\decisions\SPR.txt	3906	1057	Dutch Southern New Guinea	Murcia
common\decisions\SPR.txt	4083	1079	Auckland	Sevilla
common\decisions\SPR.txt	4260	1058	Batavia	Cordoba
common\decisions\SPR.txt	5511	830	- Bukhara	La Coruna
common\decisions\SPR.txt	5705	837	Sidamo	Asturias
common\decisions\SPR.txt	5899	857	Ha'il	Leon
common\decisions\SPR.txt	6090	897	Zambezia-Mocambique	Valladolid
common\decisions\SPR.txt	6284	859	Dammam	Burgos
common\decisions\SPR.txt	6478	849	Puglia	Vizcaya
common\decisions\SPR.txt	6669	854	Jawf	Navarra
common\decisions\SPR.txt	6863	880	Kotlas	Zaragoza
common\decisions\SPR.txt	7057	870	Pilbara-Kimberley	Huesca
common\decisions\SPR.txt	7251	896	Manica e Sofala	Barcelona
common\decisions\SPR.txt	7442	943	- Espirito Santo	Salamanca
common\decisions\SPR.txt	7636	951	- Arica	Madrid
common\decisions\SPR.txt	7830	940	- Acre	Guadalajara
common\decisions\SPR.txt	8024	1007	Maymanah	Valencia
common\decisions\SPR.txt	8218	1035	- Nanjing	Badajoz
common\decisions\SPR.txt	8412	1029	- Gangwon	Ciudad Real
common\decisions\SPR.txt	8606	1057	Dutch Southern New Guinea	Murcia
common\decisions\SPR.txt	8800	1079	Auckland	Sevilla
common\decisions\SPR.txt	8994	1058	Batavia	Cordoba
common\decisions\SPR.txt	9402	830	- Bukhara	La Coruna
common\decisions\SPR.txt	9499	830	- Bukhara	La Coruna
common\decisions\SPR.txt	9532	837	Sidamo	Asturias
common\decisions\SPR.txt	9628	837	Sidamo	Asturias
common\decisions\SPR.txt	9639	837	Sidamo	Asturias
common\decisions\SPR.txt	9682	857	Ha'il	Leon
common\decisions\SPR.txt	9773	857	Ha'il	Leon
common\decisions\SPR.txt	9806	897	Zambezia-Mocambique	Valladolid
common\decisions\SPR.txt	9897	897	Zambezia-Mocambique	Valladolid
common\decisions\SPR.txt	9930	859	Dammam	Burgos
common\decisions\SPR.txt	10021	859	Dammam	Burgos
common\decisions\SPR.txt	10032	859	Dammam	Burgos
common\decisions\SPR.txt	10095	849	Puglia	Vizcaya
common\decisions\SPR.txt	10191	849	Puglia	Vizcaya
common\decisions\SPR.txt	10202	849	Puglia	Vizcaya
common\decisions\SPR.txt	10245	854	Jawf	Navarra
common\decisions\SPR.txt	10336	854	Jawf	Navarra
common\decisions\SPR.txt	10347	854	Jawf	Navarra
common\decisions\SPR.txt	10390	880	Kotlas	Zaragoza
common\decisions\SPR.txt	10487	880	Kotlas	Zaragoza
common\decisions\SPR.txt	10498	880	Kotlas	Zaragoza
common\decisions\SPR.txt	10541	870	Pilbara-Kimberley	Huesca
common\decisions\SPR.txt	10637	870	Pilbara-Kimberley	Huesca
common\decisions\SPR.txt	10681	896	Manica e Sofala	Barcelona
common\decisions\SPR.txt	10777	896	Manica e Sofala	Barcelona
common\decisions\SPR.txt	10810	943	- Espirito Santo	Salamanca
common\decisions\SPR.txt	10901	943	- Espirito Santo	Salamanca
common\decisions\SPR.txt	10954	951	- Arica	Madrid
common\decisions\SPR.txt	11050	951	- Arica	Madrid
common\decisions\SPR.txt	11083	940	- Acre	Guadalajara
common\decisions\SPR.txt	11179	940	- Acre	Guadalajara
common\decisions\SPR.txt	11223	1007	Maymanah	Valencia
common\decisions\SPR.txt	11319	1007	Maymanah	Valencia
common\decisions\SPR.txt	11352	1035	- Nanjing	Badajoz
common\decisions\SPR.txt	11443	1035	- Nanjing	Badajoz
common\decisions\SPR.txt	11476	1029	- Gangwon	Ciudad Real
common\decisions\SPR.txt	11572	1029	- Gangwon	Ciudad Real
common\decisions\SPR.txt	11605	1057	Dutch Southern New Guinea	Murcia
common\decisions\SPR.txt	11701	1057	Dutch Southern New Guinea	Murcia
common\decisions\SPR.txt	11734	1079	Auckland	Sevilla
common\decisions\SPR.txt	11825	1079	Auckland	Sevilla
common\decisions\SPR.txt	11858	1058	Batavia	Cordoba
common\decisions\SPR.txt	11949	1058	Batavia	Cordoba
common\decisions\SPR.txt	12143	830	- Bukhara	La Coruna
common\decisions\SPR.txt	12194	837	Sidamo	Asturias
common\decisions\SPR.txt	12246	857	Ha'il	Leon
common\decisions\SPR.txt	12297	897	Zambezia-Mocambique	Valladolid
common\decisions\SPR.txt	12348	859	Dammam	Burgos
common\decisions\SPR.txt	12399	849	Puglia	Vizcaya
common\decisions\SPR.txt	12450	854	Jawf	Navarra
common\decisions\SPR.txt	12501	880	Kotlas	Zaragoza
common\decisions\SPR.txt	12552	870	Pilbara-Kimberley	Huesca
common\decisions\SPR.txt	12603	896	Manica e Sofala	Barcelona
common\decisions\SPR.txt	12654	943	- Espirito Santo	Salamanca
common\decisions\SPR.txt	12705	951	- Arica	Madrid
common\decisions\SPR.txt	12756	940	- Acre	Guadalajara
common\decisions\SPR.txt	12807	1007	Maymanah	Valencia
common\decisions\SPR.txt	12858	1035	- Nanjing	Badajoz
common\decisions\SPR.txt	12909	1029	- Gangwon	Ciudad Real
common\decisions\SPR.txt	12960	1057	Dutch Southern New Guinea	Murcia
common\decisions\SPR.txt	13011	1079	Auckland	Sevilla
common\decisions\SPR.txt	13062	1058	Batavia	Cordoba
common\decisions\SPR.txt	13175	830	- Bukhara	La Coruna
common\decisions\SPR.txt	13247	837	Sidamo	Asturias
common\decisions\SPR.txt	13319	857	Ha'il	Leon
common\decisions\SPR.txt	13391	897	Zambezia-Mocambique	Valladolid
common\decisions\SPR.txt	13463	859	Dammam	Burgos
common\decisions\SPR.txt	13535	849	Puglia	Vizcaya
common\decisions\SPR.txt	13607	854	Jawf	Navarra
common\decisions\SPR.txt	13679	880	Kotlas	Zaragoza
common\decisions\SPR.txt	13751	870	Pilbara-Kimberley	Huesca
common\decisions\SPR.txt	13823	896	Manica e Sofala	Barcelona
common\decisions\SPR.txt	13895	943	- Espirito Santo	Salamanca
common\decisions\SPR.txt	13967	951	- Arica	Madrid
common\decisions\SPR.txt	14039	940	- Acre	Guadalajara
common\decisions\SPR.txt	14111	1007	Maymanah	Valencia
common\decisions\SPR.txt	14183	1035	- Nanjing	Badajoz
common\decisions\SPR.txt	14255	1029	- Gangwon	Ciudad Real
common\decisions\SPR.txt	14327	1057	Dutch Southern New Guinea	Murcia
common\decisions\SPR.txt	14399	1079	Auckland	Sevilla
common\decisions\SPR.txt	14471	1058	Batavia	Cordoba
common\decisions\SPR.txt	14824	999	Federated Shan States	Toledo
common\decisions\SPR.txt	14924	849	Puglia	Vizcaya
common\decisions\SPR.txt	14931	849	Puglia	Vizcaya
common\decisions\SPR.txt	14932	849	Puglia	Vizcaya
common\decisions\SPR.txt	14936	849	Puglia	Vizcaya
common\decisions\SPR.txt	14937	849	Puglia	Vizcaya
common\decisions\SPR.txt	14987	880	Kotlas	Zaragoza
common\decisions\SPR.txt	14994	880	Kotlas	Zaragoza
common\decisions\SPR.txt	14995	880	Kotlas	Zaragoza
common\decisions\SPR.txt	14999	880	Kotlas	Zaragoza
common\decisions\SPR.txt	15000	880	Kotlas	Zaragoza
common\decisions\SPR.txt	15114	943	- Espirito Santo	Salamanca
common\decisions\SPR.txt	15115	943	- Espirito Santo	Salamanca
common\decisions\SPR.txt	15120	943	- Espirito Santo	Salamanca
common\decisions\SPR.txt	15125	943	- Espirito Santo	Salamanca
common\decisions\SPR.txt	15126	943	- Espirito Santo	Salamanca
common\decisions\SPR.txt	15182	897	Zambezia-Mocambique	Valladolid
common\decisions\SPR.txt	15183	897	Zambezia-Mocambique	Valladolid
common\decisions\SPR.txt	15188	897	Zambezia-Mocambique	Valladolid
common\decisions\SPR.txt	15193	897	Zambezia-Mocambique	Valladolid
common\decisions\SPR.txt	15194	897	Zambezia-Mocambique	Valladolid
common\decisions\SPR.txt	15250	830	- Bukhara	La Coruna
common\decisions\SPR.txt	15251	830	- Bukhara	La Coruna
common\decisions\SPR.txt	15256	830	- Bukhara	La Coruna
common\decisions\SPR.txt	15261	830	- Bukhara	La Coruna
common\decisions\SPR.txt	15262	830	- Bukhara	La Coruna
common\decisions\SPR.txt	15318	1035	- Nanjing	Badajoz
common\decisions\SPR.txt	15319	1035	- Nanjing	Badajoz
common\decisions\SPR.txt	15324	1035	- Nanjing	Badajoz
common\decisions\SPR.txt	15329	1035	- Nanjing	Badajoz
common\decisions\SPR.txt	15330	1035	- Nanjing	Badajoz
common\decisions\SPR.txt	15385	951	- Arica	Madrid
common\decisions\SPR.txt	15392	951	- Arica	Madrid
common\decisions\SPR.txt	15393	951	- Arica	Madrid
common\decisions\SPR.txt	15397	951	- Arica	Madrid
common\decisions\SPR.txt	15398	951	- Arica	Madrid
common\decisions\SPR.txt	15446	830	- Bukhara	La Coruna
common\decisions\SPR.txt	15461	830	- Bukhara	La Coruna
common\decisions\SPR.txt	15500	837	Sidamo	Asturias
common\decisions\SPR.txt	15515	837	Sidamo	Asturias
common\decisions\SPR.txt	15554	857	Ha'il	Leon
common\decisions\SPR.txt	15569	857	Ha'il	Leon
common\decisions\SPR.txt	15608	897	Zambezia-Mocambique	Valladolid
common\decisions\SPR.txt	15623	897	Zambezia-Mocambique	Valladolid
common\decisions\SPR.txt	15662	859	Dammam	Burgos
common\decisions\SPR.txt	15677	859	Dammam	Burgos
common\decisions\SPR.txt	15716	849	Puglia	Vizcaya
common\decisions\SPR.txt	15731	849	Puglia	Vizcaya
common\decisions\SPR.txt	15770	854	Jawf	Navarra
common\decisions\SPR.txt	15785	854	Jawf	Navarra
common\decisions\SPR.txt	15824	880	Kotlas	Zaragoza
common\decisions\SPR.txt	15839	880	Kotlas	Zaragoza
common\decisions\SPR.txt	15878	870	Pilbara-Kimberley	Huesca
common\decisions\SPR.txt	15893	870	Pilbara-Kimberley	Huesca
common\decisions\SPR.txt	15932	896	Manica e Sofala	Barcelona
common\decisions\SPR.txt	15947	896	Manica e Sofala	Barcelona
common\decisions\SPR.txt	15986	943	- Espirito Santo	Salamanca
common\decisions\SPR.txt	16001	943	- Espirito Santo	Salamanca
common\decisions\SPR.txt	16040	951	- Arica	Madrid
common\decisions\SPR.txt	16055	951	- Arica	Madrid
common\decisions\SPR.txt	16094	940	- Acre	Guadalajara
common\decisions\SPR.txt	16109	940	- Acre	Guadalajara
common\decisions\SPR.txt	16148	1007	Maymanah	Valencia
common\decisions\SPR.txt	16163	1007	Maymanah	Valencia
common\decisions\SPR.txt	16202	1035	- Nanjing	Badajoz
common\decisions\SPR.txt	16217	1035	- Nanjing	Badajoz
common\decisions\SPR.txt	16256	1029	- Gangwon	Ciudad Real
common\decisions\SPR.txt	16271	1029	- Gangwon	Ciudad Real
common\decisions\SPR.txt	16310	1057	Dutch Southern New Guinea	Murcia
common\decisions\SPR.txt	16325	1057	Dutch Southern New Guinea	Murcia
common\decisions\SPR.txt	16364	1079	Auckland	Sevilla
common\decisions\SPR.txt	16379	1079	Auckland	Sevilla
common\decisions\SPR.txt	16418	1058	Batavia	Cordoba
common\decisions\SPR.txt	16433	1058	Batavia	Cordoba
common\decisions\SWE.txt	3145	148	Lappi	Goteborgs och Bohus
common\decisions\SWE.txt	3146	141	Sodermanland	Stockholm
common\decisions\SWE.txt	3147	212	Plovdiv	Malmohus
common\decisions\SWI.txt	537	28	Alcase	Virginia
common\decisions\TUR.txt	1652	931	Cumbria	Karabuk
common\decisions\TUR.txt	2420	1059	- Limbang	Diyarbakir
common\decisions\TUR.txt	2598	1012	Kalat	Tunceli
common\decisions\TUR.txt	2774	1039	- Hebei-Chahar	Van
common\decisions\TUR.txt	3222	1059	- Limbang	Diyarbakir
common\decisions\TUR.txt	3375	1012	Kalat	Tunceli
common\decisions\TUR.txt	3451	1039	- Hebei-Chahar	Van
common\decisions\USA.txt	1236	362	Virginia	Montgomeryshire
common\decisions\USA.txt	1246	362	Virginia	Montgomeryshire
common\decisions\YUG.txt	838	109	Eastern Croatia	Varsinais-Suomi
common\decisions\YUG.txt	840	109	Eastern Croatia	Varsinais-Suomi
common\decisions\_generic_decisions.txt	158	28	Alcase	Virginia
common\decisions\_generic_decisions.txt	163	18	Champagne	Connecticut
common\decisions\_generic_decisions.txt	164	29	Pas de Calais	Suursaari
common\decisions\_generic_decisions.txt	1215	446	Cairo	Kent
common\decisions\_generic_decisions.txt	1216	453	Sinai	Hampshire
common\decisions\_generic_decisions.txt	1219	446	Cairo	Kent
common\decisions\_generic_decisions.txt	1220	453	Sinai	Hampshire
common\decisions\_generic_decisions.txt	1224	452	Marsa Matruh	Val-de-Marne
common\decisions\_generic_decisions.txt	1225	447	Alexandria	Surrey
common\decisions\_generic_decisions.txt	1226	456	Luxor	Vlaams-Limburg
common\decisions\_generic_decisions.txt	1227	457	Aswan	Volgograd
common\decisions\_generic_decisions.txt	1228	454	Israel	West-Vlaanderen
common\decisions\_generic_decisions.txt	1229	455	Jordan	Oost-Vlaanderen
common\decisions\_generic_decisions.txt	1261	446	Cairo	Kent
common\decisions\_generic_decisions.txt	1262	453	Sinai	Hampshire
common\decisions\_generic_decisions.txt	1267	446	Cairo	Kent
common\decisions\_generic_decisions.txt	1268	453	Sinai	Hampshire
common\decisions\_generic_decisions.txt	1292	446	Cairo	Kent
common\decisions\_generic_decisions.txt	1293	453	Sinai	Hampshire
common\decisions\_generic_decisions.txt	1381	685	Panama Canal	Graubunden
common\decisions\_generic_decisions.txt	1386	685	Panama Canal	Graubunden
common\decisions\_generic_decisions.txt	1409	685	Panama Canal	Graubunden
common\decisions\_generic_decisions.txt	1530	304	Panama	Meath
common\decisions\_generic_decisions.txt	1556	304	Panama	Meath
common\decisions\categories\00_decision_categories.txt	311	512	Patagonia	Luxembourg
common\decisions\categories\00_decision_categories.txt	324	26	Bourgogne	Maryland
common\decisions\categories\BALTIC_decision_categories.txt	106	812	Tallinn	Armagnac
common\decisions\categories\BALTIC_decision_categories.txt	137	149	Vaasa	Skaraborg
common\decisions\categories\BALTIC_decision_categories.txt	241	808	Riga	Vaucluse
common\decisions\categories\COG_decision_categories.txt	30	768	Rwanda	Dambovita
common\decisions\categories\COG_decision_categories.txt	31	760	Dabancheng	Gironde
common\decisions\categories\FIN_decision_categories.txt	40	929	Oulu	Drama
common\decisions\categories\FIN_decision_categories.txt	67	930	Mikkeli	Zonguldak
common\decisions\categories\FIN_decision_categories.txt	96	930	Mikkeli	Zonguldak
common\decisions\categories\FRA_decision_categories.txt	41	16	Ile de France	Rybachy Peninsula
common\decisions\categories\POL_decision_categories.txt	345	7	Holland	Maine
common\decisions\categories\POL_decision_categories.txt	351	280	Brazil	Danzig
common\decisions\categories\POL_decision_categories.txt	357	317	Nicaragua	Galway
common\decisions\categories\POL_decision_categories.txt	363	318	Haiti	Oryol
common\decisions\categories\SPR_decision_categories.txt	51	41	Madrid	Arkhangelsk
common\decisions\categories\SPR_decision_categories.txt	69	830	- Bukhara	La Coruna
common\decisions\categories\SWE_decision_categories.txt	67	666	Norrnorrland	omg its the devil number
common\decisions\categories\SWE_decision_categories.txt	68	918	Vasterbotten	Quba-Xacmaz
common\dynamic_modifiers\TAOG_dynamic_modifiers.txt	55	1047	Bangka-Belitung	Elazig
common\factions\goals\faction_goals_medium_term.txt	1513	764	West Banat	Prahova
common\factions\goals\faction_goals_medium_term.txt	1625	968	Deep Amazonas	Abseron-Xizi
common\factions\goals\faction_goals_medium_term.txt	1626	966	Deep Amazonas	Dagliq Sirvan
common\factions\goals\faction_goals_medium_term.txt	1635	968	Deep Amazonas	Abseron-Xizi
common\factions\goals\faction_goals_medium_term.txt	1636	966	Deep Amazonas	Dagliq Sirvan
common\factions\goals\faction_goals_medium_term.txt	1937	159	Lombardy	Hofudborgarsvaedid
common\factions\goals\faction_goals_medium_term.txt	2073	90	Lwow	Faero
common\factions\goals\faction_goals_medium_term.txt	2311	240	Voronezh	Odense
common\factions\goals\faction_goals_medium_term.txt	2312	315	Cuba	Kobenhavn
common\factions\goals\faction_goals_medium_term.txt	2313	247	Tver	Svendborg
common\factions\goals\faction_goals_medium_term.txt	2446	583	Kazakhstan	Finistere
common\factions\goals\faction_goals_medium_term.txt	2541	882	Pavlodar	Gibraltar
common\factions\goals\faction_goals_medium_term.txt	3037	945	- Cerro Largo	Dogu Istanbul
common\factions\goals\faction_goals_medium_term.txt	3177	991	Gwalior	Canakkale
common\factions\goals\faction_goals_short_term.txt	1166	46	Romania	Krasnystaw
common\factions\goals\faction_goals_short_term.txt	1231	784	Ermland-Masuren	Avar
common\factions\goals\faction_goals_short_term.txt	1473	159	Lombardy	Hofudborgarsvaedid
common\factions\goals\faction_goals_short_term.txt	1554	90	Lwow	Faero
common\factions\goals\faction_goals_short_term.txt	1711	228	Taganrog	Ribe
common\factions\goals\faction_goals_short_term.txt	1712	15	Normandy	Arhus
common\factions\goals\faction_goals_short_term.txt	1713	140	Vaster Gotland	Hjorring
common\factions\goals\faction_goals_short_term.txt	1716	228	Taganrog	Ribe
common\factions\goals\faction_goals_short_term.txt	1717	15	Normandy	Arhus
common\factions\goals\faction_goals_short_term.txt	1718	140	Vaster Gotland	Hjorring
common\factions\goals\faction_goals_short_term.txt	1731	228	Taganrog	Ribe
common\factions\goals\faction_goals_short_term.txt	1732	15	Normandy	Arhus
common\factions\goals\faction_goals_short_term.txt	1733	140	Vaster Gotland	Hjorring
common\factions\goals\faction_goals_short_term.txt	1831	882	Pavlodar	Gibraltar
common\factions\goals\faction_goals_short_term.txt	1833	882	Pavlodar	Gibraltar
common\factions\goals\faction_goals_short_term.txt	1844	882	Pavlodar	Gibraltar
common\factions\goals\faction_goals_short_term.txt	2193	797	Istanbul	Dolj
common\factions\goals\faction_goals_short_term.txt	2195	797	Istanbul	Dolj
common\factions\goals\faction_goals_short_term.txt	2207	945	- Cerro Largo	Dogu Istanbul
common\factions\rules\joining_rules.txt	503	102	North-Eastern Slovenia	Volkhov
common\factions\rules\joining_rules.txt	504	853	Ljubljana	Sinjajevina
common\factions\rules\joining_rules.txt	505	103	Croatia	Kanta-Hame
common\factions\rules\joining_rules.txt	506	109	Eastern Croatia	Varsinais-Suomi
common\factions\rules\joining_rules.txt	507	104	Bosnia	Haderslev
common\factions\rules\joining_rules.txt	508	804	Herzegovina	Teleorman
common\factions\rules\joining_rules.txt	509	45	Yugoslavia	Vasterbotten
common\factions\rules\joining_rules.txt	510	764	West Banat	Prahova
common\factions\rules\joining_rules.txt	511	107	Kosavo	Mazeikiu
common\factions\rules\joining_rules.txt	512	108	Eastern Serbia	Kirov
common\factions\rules\joining_rules.txt	513	803	Southern Serbia	Landes
common\factions\rules\joining_rules.txt	514	105	Montenegro	Hankoniemi
common\factions\rules\joining_rules.txt	515	802	Kosovo	Avallon
common\factions\rules\joining_rules.txt	516	106	Macedonia	Buskerud
common\factions\rules\joining_rules.txt	517	970	- Western Macedonia	Tokat
common\factions\rules\joining_rules.txt	518	934	Shkoder	Napoli
common\factions\rules\joining_rules.txt	519	44	Albania	Vestfirdir
common\factions\rules\joining_rules.txt	520	805	Northern Epirus	Firenze
common\factions\rules\joining_rules.txt	521	163	Dalmatia	Alvsborg
common\factions\rules\joining_rules.txt	522	852	Istria	Soule
common\factions\rules\joining_rules.txt	523	736	Litorale	Timis-Torontal
common\factions\rules\joining_rules.txt	524	48	Bulgaria	Austurland
common\factions\rules\joining_rules.txt	525	212	Plovdiv	Malmohus
common\factions\rules\joining_rules.txt	526	801	Moesia	Ilfov
common\factions\rules\joining_rules.txt	527	211	Burgas	Kinross
common\factions\rules\joining_rules.txt	528	77	Dobrogea	Viipuri
common\factions\rules\joining_rules.txt	529	971	- Northern Dobruja	Oltu
common\factions\rules\joining_rules.txt	530	184	Thrace	Halland
common\factions\rules\joining_rules.txt	531	731	Central Macedonia	Puy-de-Dome
common\factions\rules\joining_rules.txt	532	185	Epirus	Rezekne
common\factions\rules\joining_rules.txt	533	47	Greece	New Jersey
common\factions\rules\joining_rules.txt	534	186	Peloponnese	Mari El
common\factions\rules\joining_rules.txt	535	46	Romania	Krasnystaw
common\factions\rules\joining_rules.txt	536	81	Oltenia	Etela-Savo
common\factions\rules\joining_rules.txt	537	82	Banat	Chodziez
common\factions\rules\joining_rules.txt	538	83	crisana	Oppland
common\factions\rules\joining_rules.txt	539	84	Transylvania	Gavleborg
common\factions\rules\joining_rules.txt	540	76	Northern Transylvania	Randers
common\factions\rules\joining_rules.txt	541	79	moldovia	Nowy Tomysl
common\factions\rules\joining_rules.txt	542	766	Southern Bessarabia	Cantal
common\factions\rules\joining_rules.txt	543	78	Bessarabia	Hedmark
common\factions\rules\joining_rules.txt	544	80	Bocovina	Ostrow Wiel
common\factions\rules\joining_rules.txt	545	341	Edirne	Anglesey
common\factions\rules\joining_rules.txt	546	797	Istanbul	Dolj
common\factions\rules\joining_rules.txt	568	102	North-Eastern Slovenia	Volkhov
common\factions\rules\joining_rules.txt	569	853	Ljubljana	Sinjajevina
common\factions\rules\joining_rules.txt	570	103	Croatia	Kanta-Hame
common\factions\rules\joining_rules.txt	571	109	Eastern Croatia	Varsinais-Suomi
common\factions\rules\joining_rules.txt	572	104	Bosnia	Haderslev
common\factions\rules\joining_rules.txt	573	804	Herzegovina	Teleorman
common\factions\rules\joining_rules.txt	574	45	Yugoslavia	Vasterbotten
common\factions\rules\joining_rules.txt	575	764	West Banat	Prahova
common\factions\rules\joining_rules.txt	576	107	Kosavo	Mazeikiu
common\factions\rules\joining_rules.txt	577	108	Eastern Serbia	Kirov
common\factions\rules\joining_rules.txt	578	803	Southern Serbia	Landes
common\factions\rules\joining_rules.txt	579	105	Montenegro	Hankoniemi
common\factions\rules\joining_rules.txt	580	802	Kosovo	Avallon
common\factions\rules\joining_rules.txt	581	106	Macedonia	Buskerud
common\factions\rules\joining_rules.txt	582	970	- Western Macedonia	Tokat
common\factions\rules\joining_rules.txt	583	934	Shkoder	Napoli
common\factions\rules\joining_rules.txt	584	44	Albania	Vestfirdir
common\factions\rules\joining_rules.txt	585	805	Northern Epirus	Firenze
common\factions\rules\joining_rules.txt	586	163	Dalmatia	Alvsborg
common\factions\rules\joining_rules.txt	587	852	Istria	Soule
common\factions\rules\joining_rules.txt	588	736	Litorale	Timis-Torontal
common\factions\rules\joining_rules.txt	589	48	Bulgaria	Austurland
common\factions\rules\joining_rules.txt	590	212	Plovdiv	Malmohus
common\factions\rules\joining_rules.txt	591	801	Moesia	Ilfov
common\factions\rules\joining_rules.txt	592	211	Burgas	Kinross
common\factions\rules\joining_rules.txt	593	77	Dobrogea	Viipuri
common\factions\rules\joining_rules.txt	594	971	- Northern Dobruja	Oltu
common\factions\rules\joining_rules.txt	595	184	Thrace	Halland
common\factions\rules\joining_rules.txt	596	731	Central Macedonia	Puy-de-Dome
common\factions\rules\joining_rules.txt	597	185	Epirus	Rezekne
common\factions\rules\joining_rules.txt	598	47	Greece	New Jersey
common\factions\rules\joining_rules.txt	599	186	Peloponnese	Mari El
common\factions\rules\joining_rules.txt	600	46	Romania	Krasnystaw
common\factions\rules\joining_rules.txt	601	81	Oltenia	Etela-Savo
common\factions\rules\joining_rules.txt	602	82	Banat	Chodziez
common\factions\rules\joining_rules.txt	603	83	crisana	Oppland
common\factions\rules\joining_rules.txt	604	84	Transylvania	Gavleborg
common\factions\rules\joining_rules.txt	605	76	Northern Transylvania	Randers
common\factions\rules\joining_rules.txt	606	79	moldovia	Nowy Tomysl
common\factions\rules\joining_rules.txt	607	766	Southern Bessarabia	Cantal
common\factions\rules\joining_rules.txt	608	78	Bessarabia	Hedmark
common\factions\rules\joining_rules.txt	609	80	Bocovina	Ostrow Wiel
common\factions\rules\joining_rules.txt	610	341	Edirne	Anglesey
common\factions\rules\joining_rules.txt	611	797	Istanbul	Dolj
common\factions\rules\joining_rules.txt	624	763	Konigsberg	Nogay
common\factions\rules\joining_rules.txt	625	784	Ermland-Masuren	Avar
common\factions\rules\joining_rules.txt	626	208	Pskov	Kretingos
common\factions\rules\joining_rules.txt	627	209	Smolensk	Chuvash
common\factions\rules\joining_rules.txt	648	763	Konigsberg	Nogay
common\factions\rules\joining_rules.txt	649	784	Ermland-Masuren	Avar
common\factions\rules\joining_rules.txt	650	208	Pskov	Kretingos
common\factions\rules\joining_rules.txt	651	209	Smolensk	Chuvash
common\ideas\australia.txt	295	1021	- Actual Singapore	Santarem
common\ideas\australia.txt	301	1021	- Actual Singapore	Santarem
common\ideas\brazil.txt	1101	500	Rio de Janerio	Luxembourg Belge
common\ideas\british_raj_goe.txt	2784	439	Delhi	Marburg
common\ideas\china.txt	2028	617	Xinjiang	Transnistria
common\ideas\china.txt	2029	759	Kunlun	Valcea
common\ideas\china.txt	2030	755	Haixi	Fiume
common\ideas\china.txt	2031	754	Golog	Lika-Gacka
common\ideas\china.txt	2032	283	China	Monaghan
common\ideas\china.txt	2064	617	Xinjiang	Transnistria
common\ideas\china.txt	2065	759	Kunlun	Valcea
common\ideas\china.txt	2066	755	Haixi	Fiume
common\ideas\china.txt	2067	754	Golog	Lika-Gacka
common\ideas\china.txt	2068	283	China	Monaghan
common\ideas\china.txt	2099	325	Yunnan	Derbyshire
common\ideas\china.txt	2100	671	Annam	Rowne
common\ideas\china.txt	2127	995	Pegu	Ioannina
common\ideas\china.txt	2128	640	Mandalay	Montaigne et Gurson
common\ideas\china.txt	2129	998	Sagaing	Kalbajar
common\ideas\china.txt	2130	434	Arunachal Pradesh	Wlodzimierz Wolynski
common\ideas\china.txt	2131	990	Manipur	Castelo Branco
common\ideas\china.txt	2132	432	Assam	Limburg Voormaas
common\ideas\china.txt	2159	601	China 1	Abauj
common\ideas\china.txt	2160	434	Arunachal Pradesh	Wlodzimierz Wolynski
common\ideas\china.txt	2161	325	Yunnan	Derbyshire
common\ideas\comchina.txt	1919	608	Beijing	Mateszalka
common\ideas\comchina.txt	2114	615	Shanxi	Morbihan
common\ideas\comchina.txt	2196	621	China 18	Eisenstadt
common\ideas\comchina.txt	2291	716	Liaotung	Mangystau
common\ideas\comchina.txt	2393	716	Liaotung	Mangystau
common\ideas\czechoslovakia.txt	4351	9	Czechoslovakia	Ontario
common\ideas\czechoslovakia.txt	5037	9	Czechoslovakia	Ontario
common\ideas\czechoslovakia.txt	5039	9	Czechoslovakia	Ontario
common\ideas\czechoslovakia.txt	5175	9	Czechoslovakia	Ontario
common\ideas\czechoslovakia.txt	5177	9	Czechoslovakia	Ontario
common\ideas\czechoslovakia.txt	5653	75	Moravia	More og Romsdal
common\ideas\czechoslovakia.txt	5889	72	Zaolzie	Keski-Suomi
common\ideas\finland.txt	400	98	Mazurskie	Aland
common\ideas\finland.txt	2081	85	Danzig	Pirkanmaa
common\ideas\finland.txt	2107	85	Danzig	Pirkanmaa
common\ideas\italy.txt	3445	158	Piedmont	Caithness
common\ideas\italy.txt	3471	158	Piedmont	Caithness
common\ideas\italy.txt	3511	736	Litorale	Timis-Torontal
common\ideas\italy.txt	3537	736	Litorale	Timis-Torontal
common\ideas\italy.txt	4250	159	Lombardy	Hofudborgarsvaedid
common\ideas\italy.txt	4276	159	Lombardy	Hofudborgarsvaedid
common\ideas\italy.txt	4309	159	Lombardy	Hofudborgarsvaedid
common\ideas\italy.txt	4335	159	Lombardy	Hofudborgarsvaedid
common\ideas\italy.txt	4372	159	Lombardy	Hofudborgarsvaedid
common\ideas\italy.txt	4398	159	Lombardy	Hofudborgarsvaedid
common\ideas\italy.txt	4433	159	Lombardy	Hofudborgarsvaedid
common\ideas\italy.txt	4459	159	Lombardy	Hofudborgarsvaedid
common\ideas\italy.txt	4648	160	Veneto	Sudurnes
common\ideas\italy.txt	4674	160	Veneto	Sudurnes
common\ideas\italy.txt	4708	162	Tuscany	Udmurt
common\ideas\italy.txt	4734	162	Tuscany	Udmurt
common\ideas\italy.txt	4764	158	Piedmont	Caithness
common\ideas\italy.txt	4786	158	Piedmont	Caithness
common\ideas\italy.txt	4815	2	Italy	Massachusetts
common\ideas\italy.txt	4837	2	Italy	Massachusetts
common\ideas\italy.txt	4872	161	Emilia Romagna	Sutherland
common\ideas\italy.txt	4898	161	Emilia Romagna	Sutherland
common\ideas\manchukou.txt	1123	714	Heilungkiang	Gorenjska
common\ideas\mengkukuo.txt	46	1043	- Pailingmiao	Afyonkarahisar
common\ideas\mengkukuo.txt	50	1043	- Pailingmiao	Afyonkarahisar
common\ideas\paraguay_uruguay_shared_ideas.txt	115	957	- Formosa	Duzce
common\ideas\paraguay_uruguay_shared_ideas.txt	116	504	Iguacu	Zwittau
common\ideas\spain_republic.txt	1848	792	Basque Country	Zenica
common\ideas\spain_republic.txt	1919	167	Valencia	Jonkoping
common\ideas\spain_republic.txt	1960	169	Sevilla	Ross and Cromarty
common\ideas\spain_republic.txt	2004	792	Basque Country	Zenica
common\ideas\spain_republic.txt	2033	792	Basque Country	Zenica
common\ideas\spain_republic.txt	2062	792	Basque Country	Zenica
common\ideas\spain_republic.txt	2096	165	Catalonia	Petseri
common\ideas\spain_republic.txt	2139	41	Madrid	Arkhangelsk
common\ideas\spain_republic.txt	2168	165	Catalonia	Petseri
common\ideas\spain_republic.txt	2196	792	Basque Country	Zenica
common\ideas\spain_republic.txt	2225	41	Madrid	Arkhangelsk
common\ideas\_economic.txt	1058	85	Danzig	Pirkanmaa
common\ideas\_economic.txt	1059	807	Gdynia	Gard
common\ideas\_economic.txt	1063	85	Danzig	Pirkanmaa
common\ideas\_economic.txt	1064	807	Gdynia	Gard
common\military_industrial_organization\organizations\BRA_organization.txt	68	500	Rio de Janerio	Luxembourg Belge
common\military_industrial_organization\organizations\CZE_organization.txt	327	9	Czechoslovakia	Ontario
common\military_industrial_organization\organizations\CZE_organization.txt	345	9	Czechoslovakia	Ontario
common\military_industrial_organization\organizations\CZE_organization.txt	347	9	Czechoslovakia	Ontario
common\military_industrial_organization\organizations\CZE_organization.txt	394	9	Czechoslovakia	Ontario
common\military_industrial_organization\organizations\CZE_organization.txt	396	9	Czechoslovakia	Ontario
common\military_industrial_organization\organizations\CZE_organization.txt	1200	9	Czechoslovakia	Ontario
common\military_industrial_organization\organizations\CZE_organization.txt	1202	9	Czechoslovakia	Ontario
common\military_industrial_organization\organizations\CZE_organization.txt	1506	75	Moravia	More og Romsdal
common\military_industrial_organization\organizations\CZE_organization.txt	1508	75	Moravia	More og Romsdal
common\military_industrial_organization\organizations\FRA_organization.txt	500	28	Alcase	Virginia
common\military_industrial_organization\organizations\GER_organization.txt	3606	4	Austria	Finnmark
common\military_industrial_organization\organizations\GER_organization.txt	3608	4	Austria	Finnmark
common\military_industrial_organization\organizations\ITA_organization.txt	55	158	Piedmont	Caithness
common\military_industrial_organization\organizations\ITA_organization.txt	162	736	Litorale	Timis-Torontal
common\military_industrial_organization\organizations\ITA_organization.txt	188	736	Litorale	Timis-Torontal
common\military_industrial_organization\organizations\ITA_organization.txt	233	158	Piedmont	Caithness
common\military_industrial_organization\organizations\ITA_organization.txt	273	117	Napoli	Uppsala
common\military_industrial_organization\organizations\ITA_organization.txt	313	157	Abruzzo	Hiiumaa
common\military_industrial_organization\organizations\ITA_organization.txt	353	849	Puglia	Vizcaya
common\military_industrial_organization\organizations\ITA_organization.txt	428	159	Lombardy	Hofudborgarsvaedid
common\military_industrial_organization\organizations\ITA_organization.txt	469	159	Lombardy	Hofudborgarsvaedid
common\military_industrial_organization\organizations\ITA_organization.txt	588	159	Lombardy	Hofudborgarsvaedid
common\military_industrial_organization\organizations\ITA_organization.txt	629	158	Piedmont	Caithness
common\military_industrial_organization\organizations\ITA_organization.txt	690	117	Napoli	Uppsala
common\military_industrial_organization\organizations\ITA_organization.txt	731	736	Litorale	Timis-Torontal
common\military_industrial_organization\organizations\ITA_organization.txt	786	718	Stanleyville	Torino
common\military_industrial_organization\organizations\MAN_organization.txt	44	714	Heilungkiang	Gorenjska
common\military_industrial_organization\organizations\NOR_organization.txt	208	143	Midt-Noreg	Jarva
common\military_industrial_organization\organizations\NOR_organization.txt	239	143	Midt-Noreg	Jarva
common\military_industrial_organization\organizations\SOV_organization.txt	1869	219	Moscow Area	Lanmark
common\military_industrial_organization\organizations\SOV_organization.txt	2042	219	Moscow Area	Lanmark
common\military_industrial_organization\organizations\SOV_organization.txt	2194	219	Moscow Area	Lanmark
common\military_industrial_organization\organizations\SOV_organization.txt	2399	219	Moscow Area	Lanmark
common\military_industrial_organization\organizations\SPR_organization.txt	83	167	Valencia	Jonkoping
common\military_industrial_organization\organizations\SPR_organization.txt	123	169	Sevilla	Ross and Cromarty
common\military_industrial_organization\organizations\SPR_organization.txt	158	792	Basque Country	Zenica
common\military_industrial_organization\organizations\SPR_organization.txt	177	792	Basque Country	Zenica
common\military_industrial_organization\organizations\SPR_organization.txt	196	792	Basque Country	Zenica
common\military_industrial_organization\organizations\SPR_organization.txt	237	169	Sevilla	Ross and Cromarty
common\national_focus\austria.txt	1221	654	sov state 8	Voralberg
common\national_focus\austria.txt	7128	523	New Guinea	Plzen
common\national_focus\austria.txt	7132	481	Sinaloa	Katowice
common\national_focus\austria.txt	7139	461	Northern Morocco	Rosenberg
common\national_focus\austria.txt	7149	425	Mysore	Schweidnitz
common\national_focus\austria.txt	7159	415	South Khorasan	Bunzlau
common\national_focus\austria.txt	7161	441	Kashmir	Gorlitz
common\national_focus\austria.txt	7165	523	New Guinea	Plzen
common\national_focus\austria.txt	7169	481	Sinaloa	Katowice
common\national_focus\austria.txt	7176	461	Northern Morocco	Rosenberg
common\national_focus\austria.txt	7187	425	Mysore	Schweidnitz
common\national_focus\austria.txt	7197	415	South Khorasan	Bunzlau
common\national_focus\austria.txt	7199	441	Kashmir	Gorlitz
common\national_focus\austria.txt	7210	523	New Guinea	Plzen
common\national_focus\austria.txt	7214	481	Sinaloa	Katowice
common\national_focus\austria.txt	7221	461	Northern Morocco	Rosenberg
common\national_focus\austria.txt	7232	425	Mysore	Schweidnitz
common\national_focus\austria.txt	7242	415	South Khorasan	Bunzlau
common\national_focus\austria.txt	7244	441	Kashmir	Gorlitz
common\national_focus\austria.txt	7255	523	New Guinea	Plzen
common\national_focus\austria.txt	7259	481	Sinaloa	Katowice
common\national_focus\austria.txt	7266	461	Northern Morocco	Rosenberg
common\national_focus\austria.txt	7276	425	Mysore	Schweidnitz
common\national_focus\austria.txt	7286	415	South Khorasan	Bunzlau
common\national_focus\austria.txt	7288	441	Kashmir	Gorlitz
common\national_focus\austria.txt	7296	523	New Guinea	Plzen
common\national_focus\austria.txt	7300	481	Sinaloa	Katowice
common\national_focus\austria.txt	7307	461	Northern Morocco	Rosenberg
common\national_focus\austria.txt	7317	425	Mysore	Schweidnitz
common\national_focus\austria.txt	7327	415	South Khorasan	Bunzlau
common\national_focus\austria.txt	7329	441	Kashmir	Gorlitz
common\national_focus\austria.txt	7379	523	New Guinea	Plzen
common\national_focus\austria.txt	7383	481	Sinaloa	Katowice
common\national_focus\austria.txt	7390	461	Northern Morocco	Rosenberg
common\national_focus\austria.txt	7400	425	Mysore	Schweidnitz
common\national_focus\austria.txt	7410	415	South Khorasan	Bunzlau
common\national_focus\austria.txt	7412	441	Kashmir	Gorlitz
common\national_focus\austria.txt	7421	523	New Guinea	Plzen
common\national_focus\austria.txt	7425	481	Sinaloa	Katowice
common\national_focus\austria.txt	7432	461	Northern Morocco	Rosenberg
common\national_focus\austria.txt	7442	425	Mysore	Schweidnitz
common\national_focus\austria.txt	7452	415	South Khorasan	Bunzlau
common\national_focus\austria.txt	7454	441	Kashmir	Gorlitz
common\national_focus\austria.txt	7607	661	Tripolitania	Bern
common\national_focus\austria.txt	7871	683	Northeastern Canada	Trento
common\national_focus\austria.txt	7873	683	Northeastern Canada	Trento
common\national_focus\austria.txt	7926	683	Northeastern Canada	Trento
common\national_focus\austria.txt	7933	709	Seychelles	Milano
common\national_focus\austria.txt	7950	742	Stalinabad	Venezia
common\national_focus\austria.txt	7952	704	Saint Helena	Belluno
common\national_focus\austria.txt	7958	706	Reunion	Udine
common\national_focus\austria.txt	7961	720	South Georgia	Canale
common\national_focus\austria.txt	7965	744	Xian	Trieste
common\national_focus\austria.txt	7973	762	Katowice	Istria
common\national_focus\austria.txt	8326	69	Sudatenland	nice
common\national_focus\austria.txt	8339	972	- South Sudetenland	Agcab@di
common\national_focus\austria.txt	8352	513	Southern Algeria	Praha
common\national_focus\austria.txt	8365	75	Moravia	More og Romsdal
common\national_focus\austria.txt	8378	74	East Sudatenland	Porajarvi
common\national_focus\austria.txt	8391	526	Okinawa	Zaolzie
common\national_focus\austria.txt	8504	102	North-Eastern Slovenia	Volkhov
common\national_focus\austria.txt	8517	103	Croatia	Kanta-Hame
common\national_focus\austria.txt	8530	853	Ljubljana	Sinjajevina
common\national_focus\austria.txt	8548	743	Qingdao	Ljubljana
common\national_focus\austria.txt	8701	934	Shkoder	Napoli
common\national_focus\austria.txt	8714	44	Albania	Vestfirdir
common\national_focus\austria.txt	8727	805	Northern Epirus	Firenze
common\national_focus\austria.txt	8803	88	Kielce	Kopparberg
common\national_focus\austria.txt	8816	89	Krakow	Paijat-Hame
common\national_focus\austria.txt	8829	91	Tarnopol	Ventspils
common\national_focus\austria.txt	8966	76	Northern Transylvania	Randers
common\national_focus\austria.txt	8979	83	crisana	Oppland
common\national_focus\austria.txt	8992	84	Transylvania	Gavleborg
common\national_focus\austria.txt	9005	82	Banat	Chodziez
common\national_focus\austria.txt	9018	80	Bocovina	Ostrow Wiel
common\national_focus\austria.txt	9045	590	Northern Kazakhstan	Storojinet
common\national_focus\austria.txt	9047	705	Sao Tome	Arad
common\national_focus\austria.txt	9048	713	Kerguelen	Alba
common\national_focus\austria.txt	9328	539	Gabon	Budejovice
common\national_focus\austria.txt	9339	513	Southern Algeria	Praha
common\national_focus\austria.txt	9350	532	Nagoya	Olomouc
common\national_focus\austria.txt	9361	74	East Sudatenland	Porajarvi
common\national_focus\austria.txt	9372	526	Okinawa	Zaolzie
common\national_focus\austria.txt	9438	624	Central islands	Gyor es Pozsony
common\national_focus\austria.txt	9449	611	China 10	Nograd
common\national_focus\austria.txt	9460	154	Southern plain	Tver
common\national_focus\austria.txt	9471	973	- Bacs	Erzurum
common\national_focus\austria.txt	9482	690	Bahama Islands	Somogy
common\national_focus\austria.txt	9504	624	Central islands	Gyor es Pozsony
common\national_focus\austria.txt	9505	154	Southern plain	Tver
common\national_focus\austria.txt	9506	611	China 10	Nograd
common\national_focus\austria.txt	9507	973	- Bacs	Erzurum
common\national_focus\austria.txt	9508	690	Bahama Islands	Somogy
common\national_focus\austria.txt	9511	539	Gabon	Budejovice
common\national_focus\austria.txt	9512	513	Southern Algeria	Praha
common\national_focus\austria.txt	9513	532	Nagoya	Olomouc
common\national_focus\austria.txt	9514	74	East Sudatenland	Porajarvi
common\national_focus\austria.txt	9515	526	Okinawa	Zaolzie
common\national_focus\austria.txt	9519	743	Qingdao	Ljubljana
common\national_focus\austria.txt	9526	705	Sao Tome	Arad
common\national_focus\austria.txt	9527	713	Kerguelen	Alba
common\national_focus\austria.txt	9529	590	Northern Kazakhstan	Storojinet
common\national_focus\austria.txt	13715	976	- Steiermark Karnten	Armavir
common\national_focus\baltic_shared.txt	561	137	Crimea	Jaanilinn
common\national_focus\baltic_shared.txt	578	165	Catalonia	Petseri
common\national_focus\baltic_shared.txt	641	208	Pskov	Kretingos
common\national_focus\baltic_shared.txt	647	227	Stalino	Klaipedos
common\national_focus\baltic_shared.txt	659	146	Karelia	Saaremaa
common\national_focus\baltic_shared.txt	660	155	Western Hungary	Parnu
common\national_focus\baltic_shared.txt	661	133	Strathclyde	Harju
common\national_focus\baltic_shared.txt	662	134	Connaught	Narva
common\national_focus\baltic_shared.txt	682	67	Oberschlesien	Kuldiga
common\national_focus\baltic_shared.txt	684	172	Navarre	Riga
common\national_focus\baltic_shared.txt	685	95	Nowogrodek	Valmiera
common\national_focus\baltic_shared.txt	1617	208	Pskov	Kretingos
common\national_focus\baltic_shared.txt	1623	227	Stalino	Klaipedos
common\national_focus\baltic_shared.txt	1635	146	Karelia	Saaremaa
common\national_focus\baltic_shared.txt	1636	155	Western Hungary	Parnu
common\national_focus\baltic_shared.txt	1637	133	Strathclyde	Harju
common\national_focus\baltic_shared.txt	1638	134	Connaught	Narva
common\national_focus\baltic_shared.txt	1658	67	Oberschlesien	Kuldiga
common\national_focus\baltic_shared.txt	1660	172	Navarre	Riga
common\national_focus\baltic_shared.txt	1661	95	Nowogrodek	Valmiera
common\national_focus\baltic_shared.txt	1736	242	Smolensk	Kauno
common\national_focus\baltic_shared.txt	1740	172	Navarre	Riga
common\national_focus\baltic_shared.txt	1744	133	Strathclyde	Harju
common\national_focus\baltic_shared.txt	1826	274	British Africa	Alytaus
common\national_focus\baltic_shared.txt	1850	227	Stalino	Klaipedos
common\national_focus\baltic_shared.txt	2015	274	British Africa	Alytaus
common\national_focus\baltic_shared.txt	2027	208	Pskov	Kretingos
common\national_focus\belgium.txt	375	482	Chihuahua	Hainaut
common\national_focus\belgium.txt	408	482	Chihuahua	Hainaut
common\national_focus\belgium.txt	762	455	Jordan	Oost-Vlaanderen
common\national_focus\belgium.txt	763	977	- Antwerp	Gegharkunik
common\national_focus\belgium.txt	764	482	Chihuahua	Hainaut
common\national_focus\belgium.txt	765	500	Rio de Janerio	Luxembourg Belge
common\national_focus\belgium.txt	3182	500	Rio de Janerio	Luxembourg Belge
common\national_focus\belgium.txt	3199	500	Rio de Janerio	Luxembourg Belge
common\national_focus\belgium.txt	3962	672	South Sumatra	Saint-Amand-Montrond
common\national_focus\belgium.txt	3963	335	West Java	Koscian
common\national_focus\belgium.txt	3964	334	Kalimantan Barat	Caernarvonshire
common\national_focus\belgium.txt	3965	673	Sulawesi	Schwytz
common\national_focus\belgium.txt	3966	667	West Nusa Tenggara	Neamt
common\national_focus\belgium.txt	3967	668	The Moluccas	Dole
common\national_focus\belgium.txt	3968	669	Dutch New Guinea	Luzern
common\national_focus\belgium.txt	3969	738	Aru Islands	Zrenjanin
common\national_focus\belgium.txt	3970	309	Dutch SA	Tambov
common\national_focus\belgium.txt	3971	695	Curacao	Prekmurje
common\national_focus\belgium.txt	3984	672	South Sumatra	Saint-Amand-Montrond
common\national_focus\belgium.txt	3985	335	West Java	Koscian
common\national_focus\belgium.txt	3986	334	Kalimantan Barat	Caernarvonshire
common\national_focus\belgium.txt	3987	673	Sulawesi	Schwytz
common\national_focus\belgium.txt	3988	667	West Nusa Tenggara	Neamt
common\national_focus\belgium.txt	3989	668	The Moluccas	Dole
common\national_focus\belgium.txt	3990	669	Dutch New Guinea	Luzern
common\national_focus\belgium.txt	3991	738	Aru Islands	Zrenjanin
common\national_focus\belgium.txt	3992	309	Dutch SA	Tambov
common\national_focus\belgium.txt	3993	695	Curacao	Prekmurje
common\national_focus\belgium.txt	6588	455	Jordan	Oost-Vlaanderen
common\national_focus\belgium.txt	6589	977	- Antwerp	Gegharkunik
common\national_focus\belgium.txt	6590	482	Chihuahua	Hainaut
common\national_focus\belgium.txt	6591	500	Rio de Janerio	Luxembourg Belge
common\national_focus\belgium.txt	6603	455	Jordan	Oost-Vlaanderen
common\national_focus\belgium.txt	6604	977	- Antwerp	Gegharkunik
common\national_focus\belgium.txt	6605	482	Chihuahua	Hainaut
common\national_focus\belgium.txt	6606	500	Rio de Janerio	Luxembourg Belge
common\national_focus\belgium.txt	7766	482	Chihuahua	Hainaut
common\national_focus\bulgaria.txt	503	868	Isan	Burgas
common\national_focus\bulgaria.txt	512	878	Khatangsky	Plovdiv
common\national_focus\bulgaria.txt	522	878	Khatangsky	Plovdiv
common\national_focus\bulgaria.txt	523	868	Isan	Burgas
common\national_focus\bulgaria.txt	1378	878	Khatangsky	Plovdiv
common\national_focus\bulgaria.txt	1380	868	Isan	Burgas
common\national_focus\bulgaria.txt	2531	868	Isan	Burgas
common\national_focus\bulgaria.txt	2952	212	Plovdiv	Malmohus
common\national_focus\bulgaria.txt	5301	212	Plovdiv	Malmohus
common\national_focus\bulgaria.txt	7708	796	North Angola	Nis
common\national_focus\bulgaria.txt	7709	862	ouest du quebec	Leskovac
common\national_focus\bulgaria.txt	7721	941	- Tocantins	Thessaloniki
common\national_focus\bulgaria.txt	7725	885	Bahr al Ghazal	Korce
common\national_focus\bulgaria.txt	7729	969	Rio Branco	Florina
common\national_focus\bulgaria.txt	8455	212	Plovdiv	Malmohus
common\national_focus\canada.txt	216	9	Czechoslovakia	Ontario
common\national_focus\canada.txt	286	8	Luxemburg	Nova Scotia
common\national_focus\canada.txt	287	6	Belgium	New Brunswick
common\national_focus\canada.txt	415	9	Czechoslovakia	Ontario
common\national_focus\canada.txt	783	9	Czechoslovakia	Ontario
common\national_focus\canada.txt	793	9	Czechoslovakia	Ontario
common\national_focus\canada.txt	803	9	Czechoslovakia	Ontario
common\national_focus\canada.txt	929	9	Czechoslovakia	Ontario
common\national_focus\canada.txt	945	9	Czechoslovakia	Ontario
common\national_focus\canada.txt	1016	1	France	Quebec
common\national_focus\canada.txt	1134	9	Czechoslovakia	Ontario
common\national_focus\canada.txt	1150	9	Czechoslovakia	Ontario
common\national_focus\canada.txt	1251	1	France	Quebec
common\national_focus\canada.txt	1263	9	Czechoslovakia	Ontario
common\national_focus\canada.txt	1286	1	France	Quebec
common\national_focus\canada.txt	1302	9	Czechoslovakia	Ontario
common\national_focus\canada.txt	1661	1	France	Quebec
common\national_focus\canada.txt	1699	1	France	Quebec
common\national_focus\canada.txt	2668	9	Czechoslovakia	Ontario
common\national_focus\canada.txt	2669	1	France	Quebec
common\national_focus\canada.txt	2713	9	Czechoslovakia	Ontario
common\national_focus\canada.txt	3318	64	Brandenburg	Newfoundland
common\national_focus\canada.txt	3358	64	Brandenburg	Newfoundland
common\national_focus\canada.txt	3375	64	Brandenburg	Newfoundland
common\national_focus\canada.txt	4149	473	British Columbia	Reichenberg
common\national_focus\canada.txt	4205	473	British Columbia	Reichenberg
common\national_focus\canada.txt	4218	473	British Columbia	Reichenberg
common\national_focus\canada.txt	4230	473	British Columbia	Reichenberg
common\national_focus\canada.txt	4550	8	Luxemburg	Nova Scotia
common\national_focus\congo.txt	679	890	Costermansville	Imereti
common\national_focus\congo.txt	680	888	Lusambo	Kacanik
common\national_focus\congo.txt	681	889	Elisabethville	Zaqatala
common\national_focus\congo.txt	728	718	Stanleyville	Torino
common\national_focus\congo.txt	729	538	Cameroun	Verdun
common\national_focus\congo.txt	1970	768	Rwanda	Dambovita
common\national_focus\congo.txt	1971	769	Burundi	Kerch
common\national_focus\congo.txt	2105	768	Rwanda	Dambovita
common\national_focus\congo.txt	2106	769	Burundi	Kerch
common\national_focus\congo.txt	3280	295	Congo	Naugard
common\national_focus\congo.txt	3373	295	Congo	Naugard
common\national_focus\congo.txt	3490	718	Stanleyville	Torino
common\national_focus\congo.txt	4312	538	Cameroun	Verdun
common\national_focus\congo.txt	4320	890	Costermansville	Imereti
common\national_focus\congo.txt	4416	889	Elisabethville	Zaqatala
common\national_focus\congo.txt	4537	796	North Angola	Nis
common\national_focus\congo.txt	4547	796	North Angola	Nis
common\national_focus\congo.txt	4668	538	Cameroun	Verdun
common\national_focus\congo.txt	4669	718	Stanleyville	Torino
common\national_focus\congo.txt	4670	890	Costermansville	Imereti
common\national_focus\congo.txt	4671	888	Lusambo	Kacanik
common\national_focus\congo.txt	4672	295	Congo	Naugard
common\national_focus\congo.txt	4673	772	Middle Congo	Ardeche
common\national_focus\congo.txt	4674	796	North Angola	Nis
common\national_focus\congo.txt	4675	540	Angola	Charente-Vienne
common\national_focus\congo.txt	4690	538	Cameroun	Verdun
common\national_focus\congo.txt	4691	718	Stanleyville	Torino
common\national_focus\congo.txt	4692	890	Costermansville	Imereti
common\national_focus\congo.txt	4693	888	Lusambo	Kacanik
common\national_focus\congo.txt	4694	295	Congo	Naugard
common\national_focus\congo.txt	4695	772	Middle Congo	Ardeche
common\national_focus\congo.txt	4696	796	North Angola	Nis
common\national_focus\congo.txt	4697	540	Angola	Charente-Vienne
common\national_focus\congo.txt	4814	718	Stanleyville	Torino
common\national_focus\congo.txt	4875	295	Congo	Naugard
common\national_focus\congo.txt	6550	540	Angola	Charente-Vienne
common\national_focus\congo.txt	6551	796	North Angola	Nis
common\national_focus\congo.txt	6552	892	South West Angola	Girona
common\national_focus\congo.txt	6553	891	Zambesi	Dasoguz
common\national_focus\congo.txt	7374	796	North Angola	Nis
common\national_focus\congo.txt	7391	796	North Angola	Nis
common\national_focus\congo.txt	7524	538	Cameroun	Verdun
common\national_focus\congo.txt	7525	718	Stanleyville	Torino
common\national_focus\congo.txt	7526	890	Costermansville	Imereti
common\national_focus\congo.txt	7527	888	Lusambo	Kacanik
common\national_focus\congo.txt	7528	889	Elisabethville	Zaqatala
common\national_focus\congo.txt	7529	295	Congo	Naugard
common\national_focus\congo.txt	7530	772	Middle Congo	Ardeche
common\national_focus\congo.txt	7531	539	Gabon	Budejovice
common\national_focus\congo.txt	7532	773	Cameroon	Drome
common\national_focus\congo.txt	7533	297	Belgian Africa	Louth
common\national_focus\congo.txt	7536	772	Middle Congo	Ardeche
common\national_focus\congo.txt	7820	769	Burundi	Kerch
common\national_focus\congo.txt	7821	768	Rwanda	Dambovita
common\national_focus\congo.txt	7822	546	Tanganyika	Tuchola
common\national_focus\congo.txt	7823	890	Costermansville	Imereti
common\national_focus\congo.txt	7824	548	Uganda	Eure
common\national_focus\congo.txt	7825	904	Nyanza-Rift Valley	Tetovo
common\national_focus\congo.txt	7826	771	Zambia	Modane
common\national_focus\congo.txt	7872	769	Burundi	Kerch
common\national_focus\congo.txt	7873	768	Rwanda	Dambovita
common\national_focus\congo.txt	7874	546	Tanganyika	Tuchola
common\national_focus\congo.txt	7875	890	Costermansville	Imereti
common\national_focus\congo.txt	7876	548	Uganda	Eure
common\national_focus\congo.txt	7877	904	Nyanza-Rift Valley	Tetovo
common\national_focus\congo.txt	7878	771	Zambia	Modane
common\national_focus\congo.txt	7892	769	Burundi	Kerch
common\national_focus\congo.txt	7893	768	Rwanda	Dambovita
common\national_focus\congo.txt	7894	546	Tanganyika	Tuchola
common\national_focus\congo.txt	7895	890	Costermansville	Imereti
common\national_focus\congo.txt	7896	548	Uganda	Eure
common\national_focus\congo.txt	7897	904	Nyanza-Rift Valley	Tetovo
common\national_focus\congo.txt	7898	771	Zambia	Modane
common\national_focus\congo.txt	7950	770	Malawi	Haute-Loire
common\national_focus\congo.txt	7951	897	Zambezia-Mocambique	Valladolid
common\national_focus\congo.txt	8083	768	Rwanda	Dambovita
common\national_focus\congo.txt	8084	769	Burundi	Kerch
common\national_focus\congo.txt	8085	548	Uganda	Eure
common\national_focus\congo.txt	8086	546	Tanganyika	Tuchola
common\national_focus\congo.txt	8087	904	Nyanza-Rift Valley	Tetovo
common\national_focus\congo.txt	8088	547	East Africa	Moselle
common\national_focus\congo.txt	8089	905	Mombasa	Blagoevgrad
common\national_focus\congo.txt	8090	903	Garissa	Viana do Castelo
common\national_focus\congo_shared.txt	193	295	Congo	Naugard
common\national_focus\congo_shared.txt	228	295	Congo	Naugard
common\national_focus\congo_shared.txt	288	295	Congo	Naugard
common\national_focus\congo_shared.txt	289	538	Cameroun	Verdun
common\national_focus\congo_shared.txt	290	718	Stanleyville	Torino
common\national_focus\congo_shared.txt	291	890	Costermansville	Imereti
common\national_focus\congo_shared.txt	292	888	Lusambo	Kacanik
common\national_focus\congo_shared.txt	293	889	Elisabethville	Zaqatala
common\national_focus\congo_shared.txt	294	768	Rwanda	Dambovita
common\national_focus\congo_shared.txt	295	769	Burundi	Kerch
common\national_focus\congo_shared.txt	296	796	North Angola	Nis
common\national_focus\congo_shared.txt	297	772	Middle Congo	Ardeche
common\national_focus\congo_shared.txt	298	540	Angola	Charente-Vienne
common\national_focus\congo_shared.txt	318	295	Congo	Naugard
common\national_focus\congo_shared.txt	319	538	Cameroun	Verdun
common\national_focus\congo_shared.txt	320	718	Stanleyville	Torino
common\national_focus\congo_shared.txt	321	890	Costermansville	Imereti
common\national_focus\congo_shared.txt	322	888	Lusambo	Kacanik
common\national_focus\congo_shared.txt	323	889	Elisabethville	Zaqatala
common\national_focus\congo_shared.txt	324	768	Rwanda	Dambovita
common\national_focus\congo_shared.txt	325	769	Burundi	Kerch
common\national_focus\congo_shared.txt	326	796	North Angola	Nis
common\national_focus\congo_shared.txt	327	772	Middle Congo	Ardeche
common\national_focus\congo_shared.txt	328	540	Angola	Charente-Vienne
common\national_focus\congo_shared.txt	387	295	Congo	Naugard
common\national_focus\congo_shared.txt	411	889	Elisabethville	Zaqatala
common\national_focus\congo_shared.txt	443	295	Congo	Naugard
common\national_focus\congo_shared.txt	467	889	Elisabethville	Zaqatala
common\national_focus\congo_shared.txt	586	295	Congo	Naugard
common\national_focus\congo_shared.txt	618	295	Congo	Naugard
common\national_focus\congo_shared.txt	682	890	Costermansville	Imereti
common\national_focus\congo_shared.txt	718	890	Costermansville	Imereti
common\national_focus\congo_shared.txt	978	295	Congo	Naugard
common\national_focus\congo_shared.txt	1016	295	Congo	Naugard
common\national_focus\congo_shared.txt	1192	889	Elisabethville	Zaqatala
common\national_focus\congo_shared.txt	1233	34	Wallonie	Skanderborg
common\national_focus\congo_shared.txt	1265	889	Elisabethville	Zaqatala
common\national_focus\congo_shared.txt	1306	34	Wallonie	Skanderborg
common\national_focus\congo_shared.txt	1380	295	Congo	Naugard
common\national_focus\congo_shared.txt	1437	295	Congo	Naugard
common\national_focus\congo_shared.txt	2072	538	Cameroun	Verdun
common\national_focus\congo_shared.txt	2098	538	Cameroun	Verdun
common\national_focus\congo_shared.txt	2099	718	Stanleyville	Torino
common\national_focus\congo_shared.txt	2100	890	Costermansville	Imereti
common\national_focus\congo_shared.txt	2101	888	Lusambo	Kacanik
common\national_focus\congo_shared.txt	2102	889	Elisabethville	Zaqatala
common\national_focus\congo_shared.txt	2103	295	Congo	Naugard
common\national_focus\congo_shared.txt	2104	772	Middle Congo	Ardeche
common\national_focus\congo_shared.txt	2105	539	Gabon	Budejovice
common\national_focus\congo_shared.txt	2106	773	Cameroon	Drome
common\national_focus\congo_shared.txt	2107	297	Belgian Africa	Louth
common\national_focus\congo_shared.txt	2110	538	Cameroun	Verdun
common\national_focus\congo_shared.txt	2134	538	Cameroun	Verdun
common\national_focus\congo_shared.txt	2135	718	Stanleyville	Torino
common\national_focus\congo_shared.txt	2136	890	Costermansville	Imereti
common\national_focus\congo_shared.txt	2137	888	Lusambo	Kacanik
common\national_focus\congo_shared.txt	2138	889	Elisabethville	Zaqatala
common\national_focus\congo_shared.txt	2139	295	Congo	Naugard
common\national_focus\congo_shared.txt	2140	772	Middle Congo	Ardeche
common\national_focus\congo_shared.txt	2141	539	Gabon	Budejovice
common\national_focus\congo_shared.txt	2142	773	Cameroon	Drome
common\national_focus\congo_shared.txt	2143	297	Belgian Africa	Louth
common\national_focus\congo_shared.txt	2146	718	Stanleyville	Torino
common\national_focus\congo_shared.txt	2186	538	Cameroun	Verdun
common\national_focus\congo_shared.txt	2212	538	Cameroun	Verdun
common\national_focus\congo_shared.txt	2213	718	Stanleyville	Torino
common\national_focus\congo_shared.txt	2214	890	Costermansville	Imereti
common\national_focus\congo_shared.txt	2215	888	Lusambo	Kacanik
common\national_focus\congo_shared.txt	2216	889	Elisabethville	Zaqatala
common\national_focus\congo_shared.txt	2217	295	Congo	Naugard
common\national_focus\congo_shared.txt	2218	772	Middle Congo	Ardeche
common\national_focus\congo_shared.txt	2219	539	Gabon	Budejovice
common\national_focus\congo_shared.txt	2220	773	Cameroon	Drome
common\national_focus\congo_shared.txt	2221	297	Belgian Africa	Louth
common\national_focus\congo_shared.txt	2224	538	Cameroun	Verdun
common\national_focus\congo_shared.txt	2248	538	Cameroun	Verdun
common\national_focus\congo_shared.txt	2249	718	Stanleyville	Torino
common\national_focus\congo_shared.txt	2250	890	Costermansville	Imereti
common\national_focus\congo_shared.txt	2251	888	Lusambo	Kacanik
common\national_focus\congo_shared.txt	2252	889	Elisabethville	Zaqatala
common\national_focus\congo_shared.txt	2253	295	Congo	Naugard
common\national_focus\congo_shared.txt	2254	772	Middle Congo	Ardeche
common\national_focus\congo_shared.txt	2255	539	Gabon	Budejovice
common\national_focus\congo_shared.txt	2256	773	Cameroon	Drome
common\national_focus\congo_shared.txt	2257	297	Belgian Africa	Louth
common\national_focus\congo_shared.txt	2260	718	Stanleyville	Torino
common\national_focus\congo_shared.txt	2563	977	- Antwerp	Gegharkunik
common\national_focus\congo_shared.txt	2585	295	Congo	Naugard
common\national_focus\congo_shared.txt	2614	977	- Antwerp	Gegharkunik
common\national_focus\congo_shared.txt	2635	295	Congo	Naugard
common\national_focus\congo_shared.txt	2845	888	Lusambo	Kacanik
common\national_focus\congo_shared.txt	2897	888	Lusambo	Kacanik
common\national_focus\congo_shared.txt	3266	538	Cameroun	Verdun
common\national_focus\congo_shared.txt	3267	718	Stanleyville	Torino
common\national_focus\congo_shared.txt	3268	890	Costermansville	Imereti
common\national_focus\congo_shared.txt	3269	888	Lusambo	Kacanik
common\national_focus\congo_shared.txt	3270	889	Elisabethville	Zaqatala
common\national_focus\congo_shared.txt	3271	295	Congo	Naugard
common\national_focus\congo_shared.txt	3272	772	Middle Congo	Ardeche
common\national_focus\congo_shared.txt	3273	539	Gabon	Budejovice
common\national_focus\congo_shared.txt	3274	773	Cameroon	Drome
common\national_focus\congo_shared.txt	3275	297	Belgian Africa	Louth
common\national_focus\congo_shared.txt	3278	890	Costermansville	Imereti
common\national_focus\congo_shared.txt	3302	538	Cameroun	Verdun
common\national_focus\congo_shared.txt	3303	718	Stanleyville	Torino
common\national_focus\congo_shared.txt	3304	890	Costermansville	Imereti
common\national_focus\congo_shared.txt	3305	888	Lusambo	Kacanik
common\national_focus\congo_shared.txt	3306	889	Elisabethville	Zaqatala
common\national_focus\congo_shared.txt	3307	295	Congo	Naugard
common\national_focus\congo_shared.txt	3308	772	Middle Congo	Ardeche
common\national_focus\congo_shared.txt	3309	539	Gabon	Budejovice
common\national_focus\congo_shared.txt	3310	773	Cameroon	Drome
common\national_focus\congo_shared.txt	3311	297	Belgian Africa	Louth
common\national_focus\congo_shared.txt	3314	718	Stanleyville	Torino
common\national_focus\congo_shared.txt	3363	538	Cameroun	Verdun
common\national_focus\congo_shared.txt	3364	718	Stanleyville	Torino
common\national_focus\congo_shared.txt	3365	890	Costermansville	Imereti
common\national_focus\congo_shared.txt	3366	888	Lusambo	Kacanik
common\national_focus\congo_shared.txt	3367	889	Elisabethville	Zaqatala
common\national_focus\congo_shared.txt	3368	295	Congo	Naugard
common\national_focus\congo_shared.txt	3369	772	Middle Congo	Ardeche
common\national_focus\congo_shared.txt	3370	539	Gabon	Budejovice
common\national_focus\congo_shared.txt	3371	773	Cameroon	Drome
common\national_focus\congo_shared.txt	3372	297	Belgian Africa	Louth
common\national_focus\congo_shared.txt	3375	890	Costermansville	Imereti
common\national_focus\congo_shared.txt	3399	538	Cameroun	Verdun
common\national_focus\congo_shared.txt	3400	718	Stanleyville	Torino
common\national_focus\congo_shared.txt	3401	890	Costermansville	Imereti
common\national_focus\congo_shared.txt	3402	888	Lusambo	Kacanik
common\national_focus\congo_shared.txt	3403	889	Elisabethville	Zaqatala
common\national_focus\congo_shared.txt	3404	295	Congo	Naugard
common\national_focus\congo_shared.txt	3405	772	Middle Congo	Ardeche
common\national_focus\congo_shared.txt	3406	539	Gabon	Budejovice
common\national_focus\congo_shared.txt	3407	773	Cameroon	Drome
common\national_focus\congo_shared.txt	3408	297	Belgian Africa	Louth
common\national_focus\congo_shared.txt	3411	718	Stanleyville	Torino
common\national_focus\congo_shared.txt	4547	671	Annam	Rowne
common\national_focus\congo_shared.txt	4553	671	Annam	Rowne
common\national_focus\congo_shared.txt	4557	286	Indochina	West Riding
common\national_focus\congo_shared.txt	4563	286	Indochina	West Riding
common\national_focus\congo_shared.txt	4567	670	Laos	Indre
common\national_focus\congo_shared.txt	4573	670	Laos	Indre
common\national_focus\congo_shared.txt	4577	741	Cambodia	Charente
common\national_focus\congo_shared.txt	4583	741	Cambodia	Charente
common\national_focus\congo_shared.txt	4643	538	Cameroun	Verdun
common\national_focus\congo_shared.txt	4644	718	Stanleyville	Torino
common\national_focus\congo_shared.txt	4645	890	Costermansville	Imereti
common\national_focus\congo_shared.txt	4646	888	Lusambo	Kacanik
common\national_focus\congo_shared.txt	4647	889	Elisabethville	Zaqatala
common\national_focus\congo_shared.txt	4648	295	Congo	Naugard
common\national_focus\congo_shared.txt	4649	772	Middle Congo	Ardeche
common\national_focus\congo_shared.txt	4650	539	Gabon	Budejovice
common\national_focus\congo_shared.txt	4651	773	Cameroon	Drome
common\national_focus\congo_shared.txt	4652	297	Belgian Africa	Louth
common\national_focus\congo_shared.txt	4655	890	Costermansville	Imereti
common\national_focus\congo_shared.txt	4679	538	Cameroun	Verdun
common\national_focus\congo_shared.txt	4680	718	Stanleyville	Torino
common\national_focus\congo_shared.txt	4681	890	Costermansville	Imereti
common\national_focus\congo_shared.txt	4682	888	Lusambo	Kacanik
common\national_focus\congo_shared.txt	4683	889	Elisabethville	Zaqatala
common\national_focus\congo_shared.txt	4684	295	Congo	Naugard
common\national_focus\congo_shared.txt	4685	772	Middle Congo	Ardeche
common\national_focus\congo_shared.txt	4686	539	Gabon	Budejovice
common\national_focus\congo_shared.txt	4687	773	Cameroon	Drome
common\national_focus\congo_shared.txt	4688	297	Belgian Africa	Louth
common\national_focus\congo_shared.txt	4691	718	Stanleyville	Torino
common\national_focus\congo_shared.txt	4715	538	Cameroun	Verdun
common\national_focus\congo_shared.txt	4716	718	Stanleyville	Torino
common\national_focus\congo_shared.txt	4717	890	Costermansville	Imereti
common\national_focus\congo_shared.txt	4718	888	Lusambo	Kacanik
common\national_focus\congo_shared.txt	4719	889	Elisabethville	Zaqatala
common\national_focus\congo_shared.txt	4720	295	Congo	Naugard
common\national_focus\congo_shared.txt	4721	772	Middle Congo	Ardeche
common\national_focus\congo_shared.txt	4722	539	Gabon	Budejovice
common\national_focus\congo_shared.txt	4723	773	Cameroon	Drome
common\national_focus\congo_shared.txt	4724	297	Belgian Africa	Louth
common\national_focus\congo_shared.txt	4727	538	Cameroun	Verdun
common\national_focus\congo_shared.txt	4777	538	Cameroun	Verdun
common\national_focus\congo_shared.txt	4778	718	Stanleyville	Torino
common\national_focus\congo_shared.txt	4779	890	Costermansville	Imereti
common\national_focus\congo_shared.txt	4780	888	Lusambo	Kacanik
common\national_focus\congo_shared.txt	4781	889	Elisabethville	Zaqatala
common\national_focus\congo_shared.txt	4782	295	Congo	Naugard
common\national_focus\congo_shared.txt	4783	772	Middle Congo	Ardeche
common\national_focus\congo_shared.txt	4784	539	Gabon	Budejovice
common\national_focus\congo_shared.txt	4785	773	Cameroon	Drome
common\national_focus\congo_shared.txt	4786	297	Belgian Africa	Louth
common\national_focus\congo_shared.txt	4789	890	Costermansville	Imereti
common\national_focus\congo_shared.txt	4813	538	Cameroun	Verdun
common\national_focus\congo_shared.txt	4814	718	Stanleyville	Torino
common\national_focus\congo_shared.txt	4815	890	Costermansville	Imereti
common\national_focus\congo_shared.txt	4816	888	Lusambo	Kacanik
common\national_focus\congo_shared.txt	4817	889	Elisabethville	Zaqatala
common\national_focus\congo_shared.txt	4818	295	Congo	Naugard
common\national_focus\congo_shared.txt	4819	772	Middle Congo	Ardeche
common\national_focus\congo_shared.txt	4820	539	Gabon	Budejovice
common\national_focus\congo_shared.txt	4821	773	Cameroon	Drome
common\national_focus\congo_shared.txt	4822	297	Belgian Africa	Louth
common\national_focus\congo_shared.txt	4825	718	Stanleyville	Torino
common\national_focus\congo_shared.txt	4849	538	Cameroun	Verdun
common\national_focus\congo_shared.txt	4850	718	Stanleyville	Torino
common\national_focus\congo_shared.txt	4851	890	Costermansville	Imereti
common\national_focus\congo_shared.txt	4852	888	Lusambo	Kacanik
common\national_focus\congo_shared.txt	4853	889	Elisabethville	Zaqatala
common\national_focus\congo_shared.txt	4854	295	Congo	Naugard
common\national_focus\congo_shared.txt	4855	772	Middle Congo	Ardeche
common\national_focus\congo_shared.txt	4856	539	Gabon	Budejovice
common\national_focus\congo_shared.txt	4857	773	Cameroon	Drome
common\national_focus\congo_shared.txt	4858	297	Belgian Africa	Louth
common\national_focus\congo_shared.txt	4861	538	Cameroun	Verdun
common\national_focus\congo_shared.txt	5230	977	- Antwerp	Gegharkunik
common\national_focus\congo_shared.txt	5315	980	- Ardennes	Cuenca
common\national_focus\congo_shared.txt	5318	977	- Antwerp	Gegharkunik
common\national_focus\congo_shared.txt	5345	980	- Ardennes	Cuenca
common\national_focus\congo_shared.txt	5348	977	- Antwerp	Gegharkunik
common\national_focus\congo_shared.txt	5771	295	Congo	Naugard
common\national_focus\congo_shared.txt	5789	295	Congo	Naugard
common\national_focus\congo_shared.txt	5829	295	Congo	Naugard
common\national_focus\congo_shared.txt	5847	295	Congo	Naugard
common\national_focus\congo_shared.txt	7195	538	Cameroun	Verdun
common\national_focus\congo_shared.txt	7208	890	Costermansville	Imereti
common\national_focus\congo_shared.txt	7221	888	Lusambo	Kacanik
common\national_focus\congo_shared.txt	7234	889	Elisabethville	Zaqatala
common\national_focus\congo_shared.txt	7271	538	Cameroun	Verdun
common\national_focus\congo_shared.txt	7284	890	Costermansville	Imereti
common\national_focus\congo_shared.txt	7297	888	Lusambo	Kacanik
common\national_focus\congo_shared.txt	7310	889	Elisabethville	Zaqatala
common\national_focus\congo_shared.txt	7676	889	Elisabethville	Zaqatala
common\national_focus\congo_shared.txt	7677	889	Elisabethville	Zaqatala
common\national_focus\congo_shared.txt	7713	889	Elisabethville	Zaqatala
common\national_focus\congo_shared.txt	7714	889	Elisabethville	Zaqatala
common\national_focus\congo_shared.txt	8088	295	Congo	Naugard
common\national_focus\congo_shared.txt	8107	295	Congo	Naugard
common\national_focus\congo_shared.txt	8134	295	Congo	Naugard
common\national_focus\congo_shared.txt	8153	295	Congo	Naugard
common\national_focus\congo_shared.txt	9212	705	Sao Tome	Arad
common\national_focus\congo_shared.txt	9231	891	Zambesi	Dasoguz
common\national_focus\congo_shared.txt	9232	892	South West Angola	Girona
common\national_focus\congo_shared.txt	9233	540	Angola	Charente-Vienne
common\national_focus\congo_shared.txt	9234	796	North Angola	Nis
common\national_focus\congo_shared.txt	9235	295	Congo	Naugard
common\national_focus\congo_shared.txt	9236	888	Lusambo	Kacanik
common\national_focus\congo_shared.txt	9237	889	Elisabethville	Zaqatala
common\national_focus\congo_shared.txt	9238	890	Costermansville	Imereti
common\national_focus\congo_shared.txt	9239	538	Cameroun	Verdun
common\national_focus\congo_shared.txt	9240	718	Stanleyville	Torino
common\national_focus\congo_shared.txt	9241	769	Burundi	Kerch
common\national_focus\congo_shared.txt	9242	768	Rwanda	Dambovita
common\national_focus\congo_shared.txt	9243	772	Middle Congo	Ardeche
common\national_focus\congo_shared.txt	9244	539	Gabon	Budejovice
common\national_focus\congo_shared.txt	9245	297	Belgian Africa	Louth
common\national_focus\congo_shared.txt	9246	705	Sao Tome	Arad
common\national_focus\congo_shared.txt	9247	773	Cameroon	Drome
common\national_focus\congo_shared.txt	9248	660	Equatorial Africa	Jura
common\national_focus\congo_shared.txt	9249	774	Chad	Gorj
common\national_focus\congo_shared.txt	9283	705	Sao Tome	Arad
common\national_focus\congo_shared.txt	9302	891	Zambesi	Dasoguz
common\national_focus\congo_shared.txt	9303	892	South West Angola	Girona
common\national_focus\congo_shared.txt	9304	540	Angola	Charente-Vienne
common\national_focus\congo_shared.txt	9305	796	North Angola	Nis
common\national_focus\congo_shared.txt	9306	295	Congo	Naugard
common\national_focus\congo_shared.txt	9307	888	Lusambo	Kacanik
common\national_focus\congo_shared.txt	9308	889	Elisabethville	Zaqatala
common\national_focus\congo_shared.txt	9309	890	Costermansville	Imereti
common\national_focus\congo_shared.txt	9310	538	Cameroun	Verdun
common\national_focus\congo_shared.txt	9311	718	Stanleyville	Torino
common\national_focus\congo_shared.txt	9312	769	Burundi	Kerch
common\national_focus\congo_shared.txt	9313	768	Rwanda	Dambovita
common\national_focus\congo_shared.txt	9314	772	Middle Congo	Ardeche
common\national_focus\congo_shared.txt	9315	539	Gabon	Budejovice
common\national_focus\congo_shared.txt	9316	297	Belgian Africa	Louth
common\national_focus\congo_shared.txt	9317	705	Sao Tome	Arad
common\national_focus\congo_shared.txt	9318	773	Cameroon	Drome
common\national_focus\congo_shared.txt	9319	660	Equatorial Africa	Jura
common\national_focus\congo_shared.txt	9320	774	Chad	Gorj
common\national_focus\czechoslovakia.txt	113	513	Southern Algeria	Praha
common\national_focus\czechoslovakia.txt	444	507	Southern Chile	Troppau
common\national_focus\czechoslovakia.txt	445	526	Okinawa	Zaolzie
common\national_focus\czechoslovakia.txt	446	577	Siberia 4	Zilina
common\national_focus\czechoslovakia.txt	448	541	South West Africa	Tatra
common\national_focus\czechoslovakia.txt	451	562	TS 4	Sobrance
common\national_focus\czechoslovakia.txt	455	564	TS 6	Northern Maramures
common\national_focus\czechoslovakia.txt	488	513	Southern Algeria	Praha
common\national_focus\czechoslovakia.txt	489	489	Monagas	Kladno
common\national_focus\czechoslovakia.txt	490	523	New Guinea	Plzen
common\national_focus\czechoslovakia.txt	492	539	Gabon	Budejovice
common\national_focus\czechoslovakia.txt	493	535	Nagano	Jihlava
common\national_focus\czechoslovakia.txt	494	529	Hiroshima	Jicin
common\national_focus\czechoslovakia.txt	495	486	Meta	Hradec Kralove
common\national_focus\czechoslovakia.txt	518	513	Southern Algeria	Praha
common\national_focus\czechoslovakia.txt	519	489	Monagas	Kladno
common\national_focus\czechoslovakia.txt	520	523	New Guinea	Plzen
common\national_focus\czechoslovakia.txt	522	539	Gabon	Budejovice
common\national_focus\czechoslovakia.txt	523	535	Nagano	Jihlava
common\national_focus\czechoslovakia.txt	524	529	Hiroshima	Jicin
common\national_focus\czechoslovakia.txt	525	486	Meta	Hradec Kralove
common\national_focus\czechoslovakia.txt	602	513	Southern Algeria	Praha
common\national_focus\czechoslovakia.txt	603	536	Hokkaido	Brno
common\national_focus\czechoslovakia.txt	651	513	Southern Algeria	Praha
common\national_focus\czechoslovakia.txt	652	536	Hokkaido	Brno
common\national_focus\czechoslovakia.txt	700	513	Southern Algeria	Praha
common\national_focus\czechoslovakia.txt	701	536	Hokkaido	Brno
common\national_focus\czechoslovakia.txt	758	513	Southern Algeria	Praha
common\national_focus\czechoslovakia.txt	812	513	Southern Algeria	Praha
common\national_focus\czechoslovakia.txt	813	550	Eritrea	Saris-Zemplin
common\national_focus\czechoslovakia.txt	866	513	Southern Algeria	Praha
common\national_focus\czechoslovakia.txt	867	574	Siberia 1	Hron
common\national_focus\czechoslovakia.txt	1728	574	Siberia 1	Hron
common\national_focus\czechoslovakia.txt	1729	550	Eritrea	Saris-Zemplin
common\national_focus\czechoslovakia_mu.txt	1587	481	Sinaloa	Katowice
common\national_focus\czechoslovakia_mu.txt	1789	441	Kashmir	Gorlitz
common\national_focus\czechoslovakia_mu.txt	1828	65	Sachsen	Pohjois-Savo
common\national_focus\czechoslovakia_mu.txt	3404	39	South Tyrol	Belomorsk
common\national_focus\czechoslovakia_mu.txt	3405	975	- Burgenland	Gumushane
common\national_focus\czechoslovakia_mu.txt	3452	582	Sourthern Urals	Linz
common\national_focus\czechoslovakia_mu.txt	3453	644	state 3	Innsbruck
common\national_focus\czechoslovakia_mu.txt	3492	153	Tyrol	Yaroslavl
common\national_focus\czechoslovakia_mu.txt	3501	744	Xian	Trieste
common\national_focus\czechoslovakia_mu.txt	3502	744	Xian	Trieste
common\national_focus\czechoslovakia_mu.txt	3505	755	Haixi	Fiume
common\national_focus\czechoslovakia_mu.txt	3506	755	Haixi	Fiume
common\national_focus\czechoslovakia_mu.txt	3514	744	Xian	Trieste
common\national_focus\czechoslovakia_mu.txt	3515	755	Haixi	Fiume
common\national_focus\czechoslovakia_mu.txt	3553	743	Qingdao	Ljubljana
common\national_focus\czechoslovakia_mu.txt	3554	743	Qingdao	Ljubljana
common\national_focus\czechoslovakia_mu.txt	3561	743	Qingdao	Ljubljana
common\national_focus\czechoslovakia_mu.txt	4870	508	Argentine Northwest	Warszawa
common\national_focus\czechoslovakia_mu.txt	4888	16	Ile de France	Rybachy Peninsula
common\national_focus\czechoslovakia_mu.txt	5578	569	TS 11	Levoca
common\national_focus\czechoslovakia_mu.txt	5579	550	Eritrea	Saris-Zemplin
common\national_focus\czechoslovakia_mu.txt	5581	562	TS 4	Sobrance
common\national_focus\czechoslovakia_mu.txt	5583	541	South West Africa	Tatra
common\national_focus\czechoslovakia_mu.txt	5584	574	Siberia 1	Hron
common\national_focus\czechoslovakia_mu.txt	5586	577	Siberia 4	Zilina
common\national_focus\czechoslovakia_mu.txt	5587	586	Kyrgyzstan	Nitra
common\national_focus\czechoslovakia_mu.txt	5591	591	Hainan	Malacky
common\national_focus\czechoslovakia_mu.txt	5592	555	Lagos	Trencin
common\national_focus\czechoslovakia_mu.txt	5700	569	TS 11	Levoca
common\national_focus\czechoslovakia_mu.txt	5701	550	Eritrea	Saris-Zemplin
common\national_focus\czechoslovakia_mu.txt	5703	562	TS 4	Sobrance
common\national_focus\czechoslovakia_mu.txt	5705	541	South West Africa	Tatra
common\national_focus\czechoslovakia_mu.txt	5706	574	Siberia 1	Hron
common\national_focus\czechoslovakia_mu.txt	5708	577	Siberia 4	Zilina
common\national_focus\czechoslovakia_mu.txt	5709	586	Kyrgyzstan	Nitra
common\national_focus\czechoslovakia_mu.txt	5713	591	Hainan	Malacky
common\national_focus\czechoslovakia_mu.txt	5714	555	Lagos	Trencin
common\national_focus\czechoslovakia_mu.txt	5722	569	TS 11	Levoca
common\national_focus\czechoslovakia_mu.txt	5723	550	Eritrea	Saris-Zemplin
common\national_focus\czechoslovakia_mu.txt	5725	562	TS 4	Sobrance
common\national_focus\czechoslovakia_mu.txt	5727	541	South West Africa	Tatra
common\national_focus\czechoslovakia_mu.txt	5728	574	Siberia 1	Hron
common\national_focus\czechoslovakia_mu.txt	5730	577	Siberia 4	Zilina
common\national_focus\czechoslovakia_mu.txt	5731	586	Kyrgyzstan	Nitra
common\national_focus\czechoslovakia_mu.txt	5735	591	Hainan	Malacky
common\national_focus\czechoslovakia_mu.txt	5736	555	Lagos	Trencin
common\national_focus\czechoslovakia_mu.txt	6645	542	Bechuana Land	Nadworna
common\national_focus\czechoslovakia_mu.txt	6646	628	Cebu	Maramures
common\national_focus\czechoslovakia_mu.txt	6647	622	China 19	Satu Mare
common\national_focus\czechoslovakia_mu.txt	6648	601	China 1	Abauj
common\national_focus\czechoslovakia_mu.txt	6649	611	China 10	Nograd
common\national_focus\czechoslovakia_mu.txt	6700	513	Southern Algeria	Praha
common\national_focus\czechoslovakia_mu.txt	6728	536	Hokkaido	Brno
common\national_focus\czechoslovakia_mu.txt	8292	473	British Columbia	Reichenberg
common\national_focus\czechoslovakia_mu.txt	8294	507	Southern Chile	Troppau
common\national_focus\czechoslovakia_mu.txt	9599	532	Nagoya	Olomouc
common\national_focus\czechoslovakia_mu.txt	9612	536	Hokkaido	Brno
common\national_focus\czechoslovakia_mu.txt	9623	532	Nagoya	Olomouc
common\national_focus\czechoslovakia_mu.txt	9636	532	Nagoya	Olomouc
common\national_focus\czechoslovakia_mu.txt	10622	617	Xinjiang	Transnistria
common\national_focus\czechoslovakia_mu.txt	10629	794	Eastern Aragon	Ismail
common\national_focus\czechoslovakia_mu.txt	10636	600	Jiangxi	Balti
common\national_focus\czechoslovakia_mu.txt	10637	592	Guangzhou	Hotin
common\national_focus\czechoslovakia_mu.txt	10640	590	Northern Kazakhstan	Storojinet
common\national_focus\czechoslovakia_mu.txt	10665	834	- Balta	Ivanjica
common\national_focus\czechoslovakia_mu.txt	10672	794	Eastern Aragon	Ismail
common\national_focus\czechoslovakia_mu.txt	10679	600	Jiangxi	Balti
common\national_focus\czechoslovakia_mu.txt	10680	592	Guangzhou	Hotin
common\national_focus\czechoslovakia_mu.txt	10683	590	Northern Kazakhstan	Storojinet
common\national_focus\czechoslovakia_mu.txt	12387	975	- Burgenland	Gumushane
common\national_focus\czechoslovakia_mu.txt	12802	89	Krakow	Paijat-Hame
common\national_focus\czechoslovakia_mu.txt	12803	91	Tarnopol	Ventspils
common\national_focus\czechoslovakia_mu.txt	12845	89	Krakow	Paijat-Hame
common\national_focus\czechoslovakia_mu.txt	12846	91	Tarnopol	Ventspils
common\national_focus\czechoslovakia_mu.txt	13127	513	Southern Algeria	Praha
common\national_focus\czechoslovakia_mu.txt	13368	513	Southern Algeria	Praha
common\national_focus\czechoslovakia_mu.txt	13396	536	Hokkaido	Brno
common\national_focus\czechoslovakia_mu.txt	13726	513	Southern Algeria	Praha
common\national_focus\czechoslovakia_mu.txt	13750	536	Hokkaido	Brno
common\national_focus\czechoslovakia_mu.txt	13822	593	Guangdong	Uzhorod a Mukacevo
common\national_focus\czechoslovakia_mu.txt	13902	513	Southern Algeria	Praha
common\national_focus\czechoslovakia_mu.txt	14121	513	Southern Algeria	Praha
common\national_focus\czechoslovakia_mu.txt	14122	536	Hokkaido	Brno
common\national_focus\czechoslovakia_mu.txt	14147	513	Southern Algeria	Praha
common\national_focus\czechoslovakia_mu.txt	14148	532	Nagoya	Olomouc
common\national_focus\czechoslovakia_mu.txt	14381	536	Hokkaido	Brno
common\national_focus\czechoslovakia_mu.txt	14413	513	Southern Algeria	Praha
common\national_focus\czechoslovakia_mu.txt	14522	513	Southern Algeria	Praha
common\national_focus\czechoslovakia_mu.txt	14596	610	China 9	Komarom
common\national_focus\czechoslovakia_mu.txt	14724	513	Southern Algeria	Praha
common\national_focus\czechoslovakia_mu.txt	14844	513	Southern Algeria	Praha
common\national_focus\czechoslovakia_mu.txt	14924	513	Southern Algeria	Praha
common\national_focus\czechoslovakia_mu.txt	15018	526	Okinawa	Zaolzie
common\national_focus\czechoslovakia_mu.txt	15087	507	Southern Chile	Troppau
common\national_focus\czechoslovakia_mu.txt	15196	513	Southern Algeria	Praha
common\national_focus\czechoslovakia_mu.txt	15367	574	Siberia 1	Hron
common\national_focus\czechoslovakia_mu.txt	15369	550	Eritrea	Saris-Zemplin
common\national_focus\czechoslovakia_mu.txt	15399	574	Siberia 1	Hron
common\national_focus\czechoslovakia_mu.txt	15419	550	Eritrea	Saris-Zemplin
common\national_focus\czechoslovakia_mu.txt	15542	473	British Columbia	Reichenberg
common\national_focus\czechoslovakia_mu.txt	15580	507	Southern Chile	Troppau
common\national_focus\czechoslovakia_mu.txt	15647	513	Southern Algeria	Praha
common\national_focus\czechoslovakia_mu.txt	16007	513	Southern Algeria	Praha
common\national_focus\czechoslovakia_mu.txt	16036	536	Hokkaido	Brno
common\national_focus\czechoslovakia_mu.txt	16094	550	Eritrea	Saris-Zemplin
common\national_focus\czechoslovakia_mu.txt	16358	513	Southern Algeria	Praha
common\national_focus\czechoslovakia_mu.txt	16717	507	Southern Chile	Troppau
common\national_focus\czechoslovakia_mu.txt	16718	473	British Columbia	Reichenberg
common\national_focus\czechoslovakia_mu.txt	16869	473	British Columbia	Reichenberg
common\national_focus\czechoslovakia_mu.txt	16870	507	Southern Chile	Troppau
common\national_focus\czechoslovakia_mu.txt	16941	513	Southern Algeria	Praha
common\national_focus\czechoslovakia_mu.txt	16942	536	Hokkaido	Brno
common\national_focus\czechoslovakia_mu.txt	16975	513	Southern Algeria	Praha
common\national_focus\czechoslovakia_mu.txt	16976	536	Hokkaido	Brno
common\national_focus\czechoslovakia_mu.txt	17009	513	Southern Algeria	Praha
common\national_focus\czechoslovakia_mu.txt	17010	536	Hokkaido	Brno
common\national_focus\czechoslovakia_mu.txt	17035	513	Southern Algeria	Praha
common\national_focus\czechoslovakia_mu.txt	17059	513	Southern Algeria	Praha
common\national_focus\czechoslovakia_mu.txt	17083	513	Southern Algeria	Praha
common\national_focus\czechoslovakia_mu.txt	17102	513	Southern Algeria	Praha
common\national_focus\czechoslovakia_mu.txt	17107	473	British Columbia	Reichenberg
common\national_focus\czechoslovakia_mu.txt	17108	507	Southern Chile	Troppau
common\national_focus\czechoslovakia_mu.txt	17110	550	Eritrea	Saris-Zemplin
common\national_focus\czechoslovakia_mu.txt	17147	536	Hokkaido	Brno
common\national_focus\czechoslovakia_mu.txt	17152	473	British Columbia	Reichenberg
common\national_focus\czechoslovakia_mu.txt	17153	507	Southern Chile	Troppau
common\national_focus\czechoslovakia_mu.txt	17155	550	Eritrea	Saris-Zemplin
common\national_focus\czechoslovakia_mu.txt	17192	536	Hokkaido	Brno
common\national_focus\czechoslovakia_mu.txt	17197	473	British Columbia	Reichenberg
common\national_focus\czechoslovakia_mu.txt	17198	507	Southern Chile	Troppau
common\national_focus\czechoslovakia_mu.txt	17200	550	Eritrea	Saris-Zemplin
common\national_focus\czechoslovakia_mu.txt	17313	507	Southern Chile	Troppau
common\national_focus\czechoslovakia_mu.txt	17376	473	British Columbia	Reichenberg
common\national_focus\czechoslovakia_mu.txt	17379	507	Southern Chile	Troppau
common\national_focus\czechoslovakia_mu.txt	17475	536	Hokkaido	Brno
common\national_focus\czechoslovakia_mu.txt	17562	513	Southern Algeria	Praha
common\national_focus\czechoslovakia_mu.txt	17678	513	Southern Algeria	Praha
common\national_focus\czechoslovakia_mu.txt	17770	513	Southern Algeria	Praha
common\national_focus\czechoslovakia_mu.txt	17989	550	Eritrea	Saris-Zemplin
common\national_focus\czechoslovakia_mu.txt	18142	513	Southern Algeria	Praha
common\national_focus\czechoslovakia_mu.txt	18166	532	Nagoya	Olomouc
common\national_focus\czechoslovakia_mu.txt	18563	513	Southern Algeria	Praha
common\national_focus\czechoslovakia_mu.txt	18580	507	Southern Chile	Troppau
common\national_focus\czechoslovakia_mu.txt	18614	532	Nagoya	Olomouc
common\national_focus\czechoslovakia_mu.txt	18879	536	Hokkaido	Brno
common\national_focus\czechoslovakia_mu.txt	18907	507	Southern Chile	Troppau
common\national_focus\czechoslovakia_mu.txt	18935	473	British Columbia	Reichenberg
common\national_focus\czechoslovakia_mu.txt	19330	536	Hokkaido	Brno
common\national_focus\czechoslovakia_mu.txt	19468	513	Southern Algeria	Praha
common\national_focus\czechoslovakia_mu.txt	19621	536	Hokkaido	Brno
common\national_focus\czechoslovakia_mu.txt	20395	513	Southern Algeria	Praha
common\national_focus\czechoslovakia_mu.txt	20396	536	Hokkaido	Brno
common\national_focus\czechoslovakia_mu.txt	22672	411	Hormozgan	Delitzsch
common\national_focus\czechoslovakia_mu.txt	22675	473	British Columbia	Reichenberg
common\national_focus\czechoslovakia_mu.txt	22676	507	Southern Chile	Troppau
common\national_focus\czechoslovakia_mu.txt	22678	975	- Burgenland	Gumushane
common\national_focus\czechoslovakia_mu.txt	22711	411	Hormozgan	Delitzsch
common\national_focus\czechoslovakia_mu.txt	22714	473	British Columbia	Reichenberg
common\national_focus\czechoslovakia_mu.txt	22715	507	Southern Chile	Troppau
common\national_focus\czechoslovakia_mu.txt	22717	975	- Burgenland	Gumushane
common\national_focus\denmark.txt	277	347	Izmit	Roskilde
common\national_focus\denmark.txt	344	70	Slovakia	Soro
common\national_focus\denmark.txt	408	76	Northern Transylvania	Randers
common\national_focus\denmark.txt	863	240	Voronezh	Odense
common\national_focus\denmark.txt	1432	315	Cuba	Kobenhavn
common\national_focus\denmark.txt	1448	240	Voronezh	Odense
common\national_focus\denmark.txt	2227	226	Nikopol	Gotland
common\national_focus\denmark.txt	3802	159	Lombardy	Hofudborgarsvaedid
common\national_focus\denmark.txt	3836	90	Lwow	Faero
common\national_focus\denmark.txt	4363	197	Mykolaiv	Ringkobing
common\national_focus\denmark.txt	4602	181	Guarda	Viborg
common\national_focus\denmark.txt	9941	240	Voronezh	Odense
common\national_focus\denmark.txt	10064	34	Wallonie	Skanderborg
common\national_focus\denmark.txt	10774	159	Lombardy	Hofudborgarsvaedid
common\national_focus\estonia.txt	2425	133	Strathclyde	Harju
common\national_focus\estonia.txt	2429	13	Estonia	Troms
common\national_focus\estonia.txt	2459	811	Saaremaa	Sibenik
common\national_focus\estonia.txt	2463	811	Saaremaa	Sibenik
common\national_focus\finland.txt	563	17	Alcase Lorraine	Petsamo
common\national_focus\finland.txt	565	33	Centre sud	Vanha Salla
common\national_focus\finland.txt	566	98	Mazurskie	Aland
common\national_focus\finland.txt	567	22	Roussillion	Kalastajasaarento
common\national_focus\finland.txt	1287	69	Sudatenland	nice
common\national_focus\finland.txt	2623	19	Aquitaine	Murmansk
common\national_focus\finland.txt	2624	52	Wuttemberg	Segezha
common\national_focus\finland.txt	3175	19	Aquitaine	Murmansk
common\national_focus\finland.txt	3176	52	Wuttemberg	Segezha
common\national_focus\finland.txt	3177	57	Westfalen	Olonets
common\national_focus\finland.txt	3189	4	Austria	Finnmark
common\national_focus\finland.txt	3191	13	Estonia	Troms
common\national_focus\finland.txt	3194	23	Poitou	Norrbotten
common\national_focus\finland.txt	4240	23	Poitou	Norrbotten
common\national_focus\finland.txt	4241	45	Yugoslavia	Vasterbotten
common\national_focus\finland.txt	4242	25	Limousin	Nordland
common\national_focus\finland.txt	4243	13	Estonia	Troms
common\national_focus\finland.txt	4244	4	Austria	Finnmark
common\national_focus\finland.txt	4245	19	Aquitaine	Murmansk
common\national_focus\finland.txt	4246	52	Wuttemberg	Segezha
common\national_focus\finland.txt	4247	57	Westfalen	Olonets
common\national_focus\finland.txt	4248	133	Strathclyde	Harju
common\national_focus\finland.txt	4249	134	Connaught	Narva
common\national_focus\finland.txt	4250	146	Karelia	Saaremaa
common\national_focus\finland.txt	4251	155	Western Hungary	Parnu
common\national_focus\finland.txt	4252	152	Upper Austria	Tarto
common\national_focus\finland.txt	4266	4	Austria	Finnmark
common\national_focus\finland.txt	4268	13	Estonia	Troms
common\national_focus\finland.txt	4271	23	Poitou	Norrbotten
common\national_focus\finland.txt	4308	119	Northern Ireland	Leningrad
common\national_focus\finland.txt	4311	102	North-Eastern Slovenia	Volkhov
common\national_focus\finland.txt	4313	127	South-east England	Leningrad Oblast
common\national_focus\finland.txt	4315	151	Eastern Swiss Alps	Pskov
common\national_focus\finland.txt	4338	23	Poitou	Norrbotten
common\national_focus\finland.txt	4339	45	Yugoslavia	Vasterbotten
common\national_focus\finland.txt	4340	25	Limousin	Nordland
common\national_focus\finland.txt	4341	13	Estonia	Troms
common\national_focus\finland.txt	4342	4	Austria	Finnmark
common\national_focus\finland.txt	4791	93	Volhynian	Etela-Karjala
common\national_focus\finland.txt	4792	81	Oltenia	Etela-Savo
common\national_focus\finland.txt	4793	65	Sachsen	Pohjois-Savo
common\national_focus\finland.txt	4852	65	Sachsen	Pohjois-Savo
common\national_focus\finland.txt	6922	19	Aquitaine	Murmansk
common\national_focus\finland.txt	6923	52	Wuttemberg	Segezha
common\national_focus\finland.txt	6937	4	Austria	Finnmark
common\national_focus\finland.txt	6939	13	Estonia	Troms
common\national_focus\finland.txt	6942	23	Poitou	Norrbotten
common\national_focus\finland.txt	7463	14	Brittany	Lappi
common\national_focus\finland.txt	9457	114	Sardinia	Uusimaa
common\national_focus\finland.txt	9471	109	Eastern Croatia	Varsinais-Suomi
common\national_focus\finland.txt	9485	69	Sudatenland	nice
common\national_focus\finland.txt	9499	81	Oltenia	Etela-Savo
common\national_focus\finland.txt	9513	65	Sachsen	Pohjois-Savo
common\national_focus\finland.txt	9527	42	Rhineland	Pohjois-Pohjanmaa
common\national_focus\finland.txt	9863	114	Sardinia	Uusimaa
common\national_focus\finland.txt	9890	109	Eastern Croatia	Varsinais-Suomi
common\national_focus\finland.txt	9903	63	WestPrussen	Keski-Pohjanmaa
common\national_focus\finland.txt	10159	65	Sachsen	Pohjois-Savo
common\national_focus\finland.txt	10178	85	Danzig	Pirkanmaa
common\national_focus\finland.txt	10197	77	Dobrogea	Viipuri
common\national_focus\finland.txt	10442	17	Alcase Lorraine	Petsamo
common\national_focus\finland.txt	10455	42	Rhineland	Pohjois-Pohjanmaa
common\national_focus\finland.txt	10468	109	Eastern Croatia	Varsinais-Suomi
common\national_focus\finland.txt	10651	73	Carpathian Ruthenia	Etela-Pohjanmaa
common\national_focus\finland.txt	10732	73	Carpathian Ruthenia	Etela-Pohjanmaa
common\national_focus\finland.txt	10819	114	Sardinia	Uusimaa
common\national_focus\finland.txt	10871	63	WestPrussen	Keski-Pohjanmaa
common\national_focus\finland.txt	12193	29	Pas de Calais	Suursaari
common\national_focus\finland.txt	12257	114	Sardinia	Uusimaa
common\national_focus\finland.txt	12300	114	Sardinia	Uusimaa
common\national_focus\finland.txt	12317	109	Eastern Croatia	Varsinais-Suomi
common\national_focus\finland.txt	12334	115	Sicily	Kymenlaakso
common\national_focus\finland.txt	12351	14	Brittany	Lappi
common\national_focus\finland.txt	12391	17	Alcase Lorraine	Petsamo
common\national_focus\finland.txt	12897	69	Sudatenland	nice
common\national_focus\finland.txt	13635	63	WestPrussen	Keski-Pohjanmaa
common\national_focus\finland.txt	14179	109	Eastern Croatia	Varsinais-Suomi
common\national_focus\finland.txt	14470	109	Eastern Croatia	Varsinais-Suomi
common\national_focus\france.txt	999	750	Changde	Mont-Blanc
common\national_focus\france.txt	1001	771	Zambia	Modane
common\national_focus\france.txt	1003	842	Tigray	Montgenevre
common\national_focus\france.txt	1005	810	Zemgale	Nice
common\national_focus\france.txt	1006	817	Gobi	Menton
common\national_focus\france.txt	6242	295	Congo	Naugard
common\national_focus\france.txt	6243	538	Cameroun	Verdun
common\national_focus\france.txt	6244	718	Stanleyville	Torino
common\national_focus\france.txt	6245	769	Burundi	Kerch
common\national_focus\france.txt	6246	768	Rwanda	Dambovita
common\national_focus\france.txt	6275	513	Southern Algeria	Praha
common\national_focus\france.txt	6276	455	Jordan	Oost-Vlaanderen
common\national_focus\france.txt	6277	500	Rio de Janerio	Luxembourg Belge
common\national_focus\france.txt	6327	455	Jordan	Oost-Vlaanderen
common\national_focus\france.txt	6328	454	Israel	West-Vlaanderen
common\national_focus\france.txt	6329	453	Sinai	Hampshire
common\national_focus\france.txt	7772	485	Guerrero	Eupen-Malmedy
common\national_focus\france.txt	8634	602	China 2	Sigmaringen
common\national_focus\france.txt	8635	602	China 2	Sigmaringen
common\national_focus\france.txt	8661	411	Hormozgan	Delitzsch
common\national_focus\france.txt	8665	440	West Punjab	Erfurt
common\national_focus\france.txt	8803	485	Guerrero	Eupen-Malmedy
common\national_focus\france.txt	8962	280	Brazil	Danzig
common\national_focus\germany.txt	2052	392	Iowa	Braunschweig
common\national_focus\germany.txt	2340	418	Semnan	Halle
common\national_focus\germany.txt	2455	433	Rajputana	Dortmund
common\national_focus\germany.txt	2548	418	Semnan	Halle
common\national_focus\germany.txt	5136	392	Iowa	Braunschweig
common\national_focus\germany.txt	6150	925	Finnmark	Ardahan
common\national_focus\germany.txt	6151	924	Troms	Samsun
common\national_focus\germany.txt	6152	144	Nord-Noreg	Thisted
common\national_focus\germany.txt	6153	923	Helgeland	Sanok
common\national_focus\germany.txt	6154	143	Midt-Noreg	Jarva
common\national_focus\germany.txt	6155	142	Vestlandet	Staraya Russa
common\national_focus\germany.txt	6156	922	Agder	Braga
common\national_focus\germany.txt	6157	921	Telemark	Bartin
common\national_focus\germany.txt	6158	110	Norway	Varmland
common\national_focus\germany.txt	6159	915	Bohuslan	Vila Real
common\national_focus\germany.txt	6160	140	Vaster Gotland	Hjorring
common\national_focus\germany.txt	6161	99	Jutland	Gniezno
common\national_focus\germany.txt	6162	912	Sonderjylland	Bari
common\national_focus\germany.txt	6163	909	South Schleswig	Kastamonu
common\national_focus\germany.txt	6164	58	Schleswig - Holstein	Hauts-de-Seine
common\national_focus\germany.txt	6165	59	Ost - Hannover	Suoyarvi
common\national_focus\germany.txt	6166	56	Weser-Ems	Sudurland
common\national_focus\germany.txt	6167	36	Friesland	Lavansaari
common\national_focus\germany.txt	6168	7	Holland	Maine
common\national_focus\germany.txt	6169	35	Gelderland	Komi
common\national_focus\germany.txt	6170	6	Belgium	New Brunswick
common\national_focus\germany.txt	6171	977	- Antwerp	Gegharkunik
common\national_focus\germany.txt	6172	29	Pas de Calais	Suursaari
common\national_focus\germany.txt	6173	785	Picardy	Kraljevo
common\national_focus\germany.txt	6174	15	Normandy	Arhus
common\national_focus\germany.txt	6175	14	Brittany	Lappi
common\national_focus\germany.txt	6368	392	Iowa	Braunschweig
common\national_focus\germany.txt	6982	807	Gdynia	Gard
common\national_focus\germany.txt	7535	14	Brittany	Lappi
common\national_focus\germany.txt	7536	30	Loire	Medvezhyegorsk
common\national_focus\germany.txt	7537	23	Poitou	Norrbotten
common\national_focus\germany.txt	7538	19	Aquitaine	Murmansk
common\national_focus\germany.txt	7539	806	French Basque Country	Karachay-Cherkess
common\national_focus\germany.txt	7540	792	Basque Country	Zenica
common\national_focus\germany.txt	7541	790	Asturias	Beograd
common\national_focus\germany.txt	7542	171	Galicia	Nizhny Novgorod
common\national_focus\germany.txt	7543	180	Porto	Aberdeen
common\national_focus\germany.txt	7544	112	Lisbon	Cesis
common\national_focus\germany.txt	7545	179	Beja	Banff
common\national_focus\germany.txt	7546	169	Sevilla	Ross and Cromarty
common\national_focus\germany.txt	7565	14	Brittany	Lappi
common\national_focus\germany.txt	7566	30	Loire	Medvezhyegorsk
common\national_focus\germany.txt	7567	23	Poitou	Norrbotten
common\national_focus\germany.txt	7568	19	Aquitaine	Murmansk
common\national_focus\germany.txt	7569	806	French Basque Country	Karachay-Cherkess
common\national_focus\germany.txt	7570	792	Basque Country	Zenica
common\national_focus\germany.txt	7571	790	Asturias	Beograd
common\national_focus\germany.txt	7572	171	Galicia	Nizhny Novgorod
common\national_focus\germany.txt	7573	180	Porto	Aberdeen
common\national_focus\germany.txt	7574	112	Lisbon	Cesis
common\national_focus\germany.txt	7575	179	Beja	Banff
common\national_focus\germany.txt	7576	169	Sevilla	Ross and Cromarty
common\national_focus\germany.txt	7663	914	JanMayen	Samtskhe
common\national_focus\germany.txt	7664	101	Greenland	Taurages
common\national_focus\germany.txt	7665	100	Iceland	Sortavala
common\national_focus\germany.txt	7666	337	Faroe Islands	Kildare
common\national_focus\germany.txt	7667	933	Shetland	Artvin
common\national_focus\germany.txt	7668	134	Connaught	Narva
common\national_focus\germany.txt	7669	119	Northern Ireland	Leningrad
common\national_focus\germany.txt	7670	178	Canary islands	Holbaek
common\national_focus\germany.txt	7671	698	Azores	Bacau
common\national_focus\germany.txt	7672	696	Bermuda	Krasnodar
common\national_focus\germany.txt	7673	697	Madeira	Tolna
common\national_focus\germany.txt	7674	702	Cape Verde	Chevagnes
common\national_focus\germany.txt	7693	101	Greenland	Taurages
common\national_focus\germany.txt	7695	100	Iceland	Sortavala
common\national_focus\germany.txt	7696	337	Faroe Islands	Kildare
common\national_focus\germany.txt	7697	933	Shetland	Artvin
common\national_focus\germany.txt	7698	134	Connaught	Narva
common\national_focus\germany.txt	7699	119	Northern Ireland	Leningrad
common\national_focus\germany.txt	7700	178	Canary islands	Holbaek
common\national_focus\germany.txt	7701	698	Azores	Bacau
common\national_focus\germany.txt	7702	696	Bermuda	Krasnodar
common\national_focus\germany.txt	7703	697	Madeira	Tolna
common\national_focus\germany.txt	7704	702	Cape Verde	Chevagnes
common\national_focus\germany.txt	7705	703	Ascension	Drava
common\national_focus\germany.txt	7706	704	Saint Helena	Belluno
common\national_focus\germany.txt	7707	297	Belgian Africa	Louth
common\national_focus\germany.txt	7708	705	Sao Tome	Arad
common\national_focus\germany.txt	7709	697	Madeira	Tolna
common\national_focus\germany.txt	7710	720	South Georgia	Canale
common\national_focus\germany.txt	7711	299	Falkand Islands	Penza
common\national_focus\germany.txt	8878	16	Ile de France	Rybachy Peninsula
common\national_focus\germany.txt	9128	522	Western Australia	Tachau
common\national_focus\germany.txt	9129	498	Rio Grande	Eger
common\national_focus\germany.txt	9131	471	Northwestern Canada	Aussig
common\national_focus\germany.txt	9132	473	British Columbia	Reichenberg
common\national_focus\germany.txt	9135	499	Bahia	Sternberg
common\national_focus\germany.txt	9136	504	Iguacu	Zwittau
common\national_focus\germany.txt	9138	507	Southern Chile	Troppau
common\national_focus\germany.txt	9231	568	TS 10	Baden
common\national_focus\germany.txt	9232	582	Sourthern Urals	Linz
common\national_focus\germany.txt	9233	621	China 18	Eisenstadt
common\national_focus\germany.txt	9234	625	Samar	Bischofshofen
common\national_focus\germany.txt	9235	635	New Caledonia	Murtal und Murau
common\national_focus\germany.txt	9236	644	state 3	Innsbruck
common\national_focus\germany.txt	9237	654	sov state 8	Voralberg
common\national_focus\germany.txt	9238	679	Hejaz	Lienz
common\national_focus\germany.txt	9239	681	Soviet Lakes	Klagenfurt
common\national_focus\germany.txt	9352	568	TS 10	Baden
common\national_focus\germany.txt	9353	582	Sourthern Urals	Linz
common\national_focus\germany.txt	9354	621	China 18	Eisenstadt
common\national_focus\germany.txt	9355	625	Samar	Bischofshofen
common\national_focus\germany.txt	9356	635	New Caledonia	Murtal und Murau
common\national_focus\germany.txt	9357	644	state 3	Innsbruck
common\national_focus\germany.txt	9358	654	sov state 8	Voralberg
common\national_focus\germany.txt	9359	679	Hejaz	Lienz
common\national_focus\germany.txt	9360	681	Soviet Lakes	Klagenfurt
common\national_focus\germany.txt	9442	568	TS 10	Baden
common\national_focus\germany.txt	9443	582	Sourthern Urals	Linz
common\national_focus\germany.txt	9444	621	China 18	Eisenstadt
common\national_focus\germany.txt	9445	625	Samar	Bischofshofen
common\national_focus\germany.txt	9446	635	New Caledonia	Murtal und Murau
common\national_focus\germany.txt	9447	644	state 3	Innsbruck
common\national_focus\germany.txt	9448	654	sov state 8	Voralberg
common\national_focus\germany.txt	9449	679	Hejaz	Lienz
common\national_focus\germany.txt	9450	681	Soviet Lakes	Klagenfurt
common\national_focus\germany.txt	9517	568	TS 10	Baden
common\national_focus\germany.txt	9518	582	Sourthern Urals	Linz
common\national_focus\germany.txt	9519	621	China 18	Eisenstadt
common\national_focus\germany.txt	9520	625	Samar	Bischofshofen
common\national_focus\germany.txt	9521	635	New Caledonia	Murtal und Murau
common\national_focus\germany.txt	9522	644	state 3	Innsbruck
common\national_focus\germany.txt	9523	654	sov state 8	Voralberg
common\national_focus\germany.txt	9524	679	Hejaz	Lienz
common\national_focus\germany.txt	9525	681	Soviet Lakes	Klagenfurt
common\national_focus\germany.txt	10220	473	British Columbia	Reichenberg
common\national_focus\germany.txt	10221	507	Southern Chile	Troppau
common\national_focus\germany.txt	10269	473	British Columbia	Reichenberg
common\national_focus\germany.txt	10270	507	Southern Chile	Troppau
common\national_focus\germany.txt	10320	473	British Columbia	Reichenberg
common\national_focus\germany.txt	10321	507	Southern Chile	Troppau
common\national_focus\germany.txt	10331	69	Sudatenland	nice
common\national_focus\germany.txt	10332	972	- South Sudetenland	Agcab@di
common\national_focus\germany.txt	10333	74	East Sudatenland	Porajarvi
common\national_focus\germany.txt	10399	473	British Columbia	Reichenberg
common\national_focus\germany.txt	10904	571	TS 13	Paris
common\national_focus\germany.txt	10907	571	TS 13	Paris
common\national_focus\germany.txt	11094	227	Stalino	Klaipedos
common\national_focus\germany.txt	11095	227	Stalino	Klaipedos
common\national_focus\germany.txt	11956	280	Brazil	Danzig
common\national_focus\germany.txt	11958	267	Afghanistan	Gdynia
common\national_focus\germany.txt	11966	85	Danzig	Pirkanmaa
common\national_focus\germany.txt	12900	485	Guerrero	Eupen-Malmedy
common\national_focus\germany.txt	12902	606	China 6	Haut-Rhin
common\national_focus\germany.txt	12904	566	TS 8	Bas-Rhin
common\national_focus\germany.txt	12907	547	East Africa	Moselle
common\national_focus\germany.txt	12908	512	Patagonia	Luxembourg
common\national_focus\germany.txt	12909	427	Hyderabad	Grevenmacher
common\national_focus\germany.txt	12910	404	Saykhin	Diekirch
common\national_focus\germany.txt	12916	606	China 6	Haut-Rhin
common\national_focus\germany.txt	12918	566	TS 8	Bas-Rhin
common\national_focus\germany.txt	12921	547	East Africa	Moselle
common\national_focus\germany.txt	12924	606	China 6	Haut-Rhin
common\national_focus\germany.txt	12926	566	TS 8	Bas-Rhin
common\national_focus\germany.txt	12929	547	East Africa	Moselle
common\national_focus\germany.txt	12934	485	Guerrero	Eupen-Malmedy
common\national_focus\germany.txt	12937	485	Guerrero	Eupen-Malmedy
common\national_focus\germany.txt	13697	743	Qingdao	Ljubljana
common\national_focus\germany.txt	13793	743	Qingdao	Ljubljana
common\national_focus\germany.txt	13877	743	Qingdao	Ljubljana
common\national_focus\germany.txt	13886	743	Qingdao	Ljubljana
common\national_focus\germany.txt	13898	846	Ticino	Pirot
common\national_focus\germany.txt	13906	858	Najiran	Pristina
common\national_focus\germany.txt	13914	881	Karagandy	Podgorica
common\national_focus\germany.txt	14059	846	Ticino	Pirot
common\national_focus\germany.txt	14098	881	Karagandy	Podgorica
common\national_focus\germany.txt	14102	858	Najiran	Pristina
common\national_focus\germany.txt	14211	731	Central Macedonia	Puy-de-Dome
common\national_focus\germany.txt	14212	184	Thrace	Halland
common\national_focus\germany.txt	14213	185	Epirus	Rezekne
common\national_focus\germany.txt	14260	941	- Tocantins	Thessaloniki
common\national_focus\germany.txt	14261	995	Pegu	Ioannina
common\national_focus\germany.txt	14460	185	Epirus	Rezekne
common\national_focus\germany.txt	14469	731	Central Macedonia	Puy-de-Dome
common\national_focus\germany.txt	14478	184	Thrace	Halland
common\national_focus\germany.txt	16766	59	Ost - Hannover	Suoyarvi
common\national_focus\germany.txt	18924	64	Brandenburg	Newfoundland
common\national_focus\germany.txt	19386	476	Oaxaca	Chemnitz
common\national_focus\germany.txt	19387	440	West Punjab	Erfurt
common\national_focus\germany.txt	19392	909	South Schleswig	Kastamonu
common\national_focus\germany.txt	19423	476	Oaxaca	Chemnitz
common\national_focus\germany.txt	19424	440	West Punjab	Erfurt
common\national_focus\germany.txt	19429	58	Schleswig - Holstein	Hauts-de-Seine
common\national_focus\germany.txt	19460	476	Oaxaca	Chemnitz
common\national_focus\germany.txt	19461	440	West Punjab	Erfurt
common\national_focus\germany.txt	19466	61	Mecklenburg	Pudozh
common\national_focus\germany.txt	21253	50	Baden	Kainuu
common\national_focus\germany.txt	21271	50	Baden	Kainuu
common\national_focus\germany.txt	21292	50	Baden	Kainuu
common\national_focus\germany.txt	21598	51	Moselland	Vesturland
common\national_focus\germany.txt	21746	69	Sudatenland	nice
common\national_focus\germany.txt	21747	972	- South Sudetenland	Agcab@di
common\national_focus\germany.txt	21748	9	Czechoslovakia	Ontario
common\national_focus\germany.txt	21749	75	Moravia	More og Romsdal
common\national_focus\germany.txt	21750	74	East Sudatenland	Porajarvi
common\national_focus\germany.txt	21751	526	Okinawa	Zaolzie
common\national_focus\germany.txt	21780	69	Sudatenland	nice
common\national_focus\germany.txt	21781	972	- South Sudetenland	Agcab@di
common\national_focus\germany.txt	21782	9	Czechoslovakia	Ontario
common\national_focus\germany.txt	21783	75	Moravia	More og Romsdal
common\national_focus\germany.txt	21784	74	East Sudatenland	Porajarvi
common\national_focus\germany.txt	21785	526	Okinawa	Zaolzie
common\national_focus\germany.txt	21835	69	Sudatenland	nice
common\national_focus\germany.txt	21836	972	- South Sudetenland	Agcab@di
common\national_focus\germany.txt	21837	9	Czechoslovakia	Ontario
common\national_focus\germany.txt	21838	75	Moravia	More og Romsdal
common\national_focus\germany.txt	21839	74	East Sudatenland	Porajarvi
common\national_focus\germany.txt	21840	526	Okinawa	Zaolzie
common\national_focus\germany.txt	21909	807	Gdynia	Gard
common\national_focus\germany.txt	21910	85	Danzig	Pirkanmaa
common\national_focus\germany.txt	21911	86	Poznan	Satakunta
common\national_focus\germany.txt	21912	87	Lodz	Jekabpils
common\national_focus\germany.txt	21913	88	Kielce	Kopparberg
common\national_focus\germany.txt	21914	90	Lwow	Faero
common\national_focus\germany.txt	21915	92	Lublin	Sogn og Fjordane
common\national_focus\germany.txt	21916	98	Mazurskie	Aland
common\national_focus\germany.txt	21917	10	Poland	New Hampshire
common\national_focus\germany.txt	21918	762	Katowice	Istria
common\national_focus\germany.txt	21947	807	Gdynia	Gard
common\national_focus\germany.txt	21948	85	Danzig	Pirkanmaa
common\national_focus\germany.txt	21949	86	Poznan	Satakunta
common\national_focus\germany.txt	21950	87	Lodz	Jekabpils
common\national_focus\germany.txt	21951	88	Kielce	Kopparberg
common\national_focus\germany.txt	21952	90	Lwow	Faero
common\national_focus\germany.txt	21953	92	Lublin	Sogn og Fjordane
common\national_focus\germany.txt	21954	98	Mazurskie	Aland
common\national_focus\germany.txt	21955	10	Poland	New Hampshire
common\national_focus\germany.txt	21956	762	Katowice	Istria
common\national_focus\germany.txt	22010	807	Gdynia	Gard
common\national_focus\germany.txt	22011	85	Danzig	Pirkanmaa
common\national_focus\germany.txt	22012	86	Poznan	Satakunta
common\national_focus\germany.txt	22013	87	Lodz	Jekabpils
common\national_focus\germany.txt	22014	88	Kielce	Kopparberg
common\national_focus\germany.txt	22015	90	Lwow	Faero
common\national_focus\germany.txt	22016	92	Lublin	Sogn og Fjordane
common\national_focus\germany.txt	22017	98	Mazurskie	Aland
common\national_focus\germany.txt	22018	10	Poland	New Hampshire
common\national_focus\germany.txt	22019	762	Katowice	Istria
common\national_focus\germany.txt	22087	155	Western Hungary	Parnu
common\national_focus\germany.txt	22088	174	Leon	Liepaja
common\national_focus\germany.txt	22089	973	- Bacs	Erzurum
common\national_focus\germany.txt	22090	43	Hungary	Delaware
common\national_focus\germany.txt	22091	154	Southern plain	Tver
common\national_focus\germany.txt	22120	155	Western Hungary	Parnu
common\national_focus\germany.txt	22121	174	Leon	Liepaja
common\national_focus\germany.txt	22122	973	- Bacs	Erzurum
common\national_focus\germany.txt	22123	43	Hungary	Delaware
common\national_focus\germany.txt	22124	154	Southern plain	Tver
common\national_focus\germany.txt	22175	155	Western Hungary	Parnu
common\national_focus\germany.txt	22176	174	Leon	Liepaja
common\national_focus\germany.txt	22177	973	- Bacs	Erzurum
common\national_focus\germany.txt	22178	43	Hungary	Delaware
common\national_focus\germany.txt	22179	154	Southern plain	Tver
common\national_focus\germany.txt	24023	36	Friesland	Lavansaari
common\national_focus\germany.txt	25060	621	China 18	Eisenstadt
common\national_focus\germany.txt	25063	610	China 9	Komarom
common\national_focus\germany.txt	25064	580	Siberia 7	Nyitra es Pozsony
common\national_focus\germany.txt	25070	593	Guangdong	Uzhorod a Mukacevo
common\national_focus\germany.txt	25075	564	TS 6	Northern Maramures
common\national_focus\germany.txt	25079	695	Curacao	Prekmurje
common\national_focus\germany.txt	25080	712	Cocos Islands	Medimurje
common\national_focus\germany.txt	25085	735	Savoy	Subotica
common\national_focus\germany.txt	25091	738	Aru Islands	Zrenjanin
common\national_focus\germany.txt	25098	664	Southern Slovakia	Oradea
common\national_focus\germany.txt	25101	622	China 19	Satu Mare
common\national_focus\germany.txt	25103	639	Maiana	Salaj
common\national_focus\germany.txt	25107	628	Cebu	Maramures
common\national_focus\germany.txt	25110	649	Galapagos Islands	Nasaud
common\national_focus\germany.txt	25112	665	Gabes	Cluj
common\national_focus\germany.txt	25113	680	Deir-az-Zur	Mures
common\national_focus\germany.txt	25115	674	Central Australia	Ciuc
common\national_focus\germany.txt	25119	705	Sao Tome	Arad
common\national_focus\germany.txt	25123	686	Puerto Rico	Beius
common\national_focus\germany.txt	25125	692	Windward Islands	Turda
common\national_focus\germany.txt	25127	713	Kerguelen	Alba
common\national_focus\germany.txt	25128	727	Line Islands	Hunedoara
common\national_focus\germany.txt	25131	730	St Pierre and Miquelon 	Sibiu
common\national_focus\germany.txt	25134	737	New Britain	Brasov
common\national_focus\germany.txt	25138	736	Litorale	Timis-Torontal
common\national_focus\germany.txt	25141	756	Jiuquan	Caras
common\national_focus\germany.txt	25160	621	China 18	Eisenstadt
common\national_focus\germany.txt	25163	610	China 9	Komarom
common\national_focus\germany.txt	25164	580	Siberia 7	Nyitra es Pozsony
common\national_focus\germany.txt	25170	593	Guangdong	Uzhorod a Mukacevo
common\national_focus\germany.txt	25175	564	TS 6	Northern Maramures
common\national_focus\germany.txt	25179	695	Curacao	Prekmurje
common\national_focus\germany.txt	25180	712	Cocos Islands	Medimurje
common\national_focus\germany.txt	25185	735	Savoy	Subotica
common\national_focus\germany.txt	25191	738	Aru Islands	Zrenjanin
common\national_focus\germany.txt	25198	664	Southern Slovakia	Oradea
common\national_focus\germany.txt	25201	622	China 19	Satu Mare
common\national_focus\germany.txt	25203	639	Maiana	Salaj
common\national_focus\germany.txt	25207	628	Cebu	Maramures
common\national_focus\germany.txt	25210	649	Galapagos Islands	Nasaud
common\national_focus\germany.txt	25212	665	Gabes	Cluj
common\national_focus\germany.txt	25213	680	Deir-az-Zur	Mures
common\national_focus\germany.txt	25215	674	Central Australia	Ciuc
common\national_focus\germany.txt	25219	705	Sao Tome	Arad
common\national_focus\germany.txt	25223	686	Puerto Rico	Beius
common\national_focus\germany.txt	25225	692	Windward Islands	Turda
common\national_focus\germany.txt	25227	713	Kerguelen	Alba
common\national_focus\germany.txt	25228	727	Line Islands	Hunedoara
common\national_focus\germany.txt	25231	730	St Pierre and Miquelon 	Sibiu
common\national_focus\germany.txt	25234	737	New Britain	Brasov
common\national_focus\germany.txt	25238	736	Litorale	Timis-Torontal
common\national_focus\germany.txt	25241	756	Jiuquan	Caras
common\national_focus\germany.txt	25731	522	Western Australia	Tachau
common\national_focus\germany.txt	25732	498	Rio Grande	Eger
common\national_focus\germany.txt	25734	471	Northwestern Canada	Aussig
common\national_focus\germany.txt	25735	473	British Columbia	Reichenberg
common\national_focus\germany.txt	25738	499	Bahia	Sternberg
common\national_focus\germany.txt	25739	504	Iguacu	Zwittau
common\national_focus\germany.txt	25741	507	Southern Chile	Troppau
common\national_focus\germany.txt	25797	522	Western Australia	Tachau
common\national_focus\germany.txt	25798	498	Rio Grande	Eger
common\national_focus\germany.txt	25800	471	Northwestern Canada	Aussig
common\national_focus\germany.txt	25801	473	British Columbia	Reichenberg
common\national_focus\germany.txt	25804	499	Bahia	Sternberg
common\national_focus\germany.txt	25805	504	Iguacu	Zwittau
common\national_focus\germany.txt	25807	507	Southern Chile	Troppau
common\national_focus\germany.txt	25808	489	Monagas	Kladno
common\national_focus\germany.txt	25809	513	Southern Algeria	Praha
common\national_focus\germany.txt	25810	529	Hiroshima	Jicin
common\national_focus\germany.txt	25811	486	Meta	Hradec Kralove
common\national_focus\germany.txt	25813	489	Monagas	Kladno
common\national_focus\germany.txt	25814	523	New Guinea	Plzen
common\national_focus\germany.txt	25816	539	Gabon	Budejovice
common\national_focus\germany.txt	25818	514	North Africa	Pardubice
common\national_focus\germany.txt	25819	486	Meta	Hradec Kralove
common\national_focus\germany.txt	25820	535	Nagano	Jihlava
common\national_focus\germany.txt	25821	536	Hokkaido	Brno
common\national_focus\germany.txt	25822	532	Nagoya	Olomouc
common\national_focus\germany.txt	25824	528	Nagasaki	Zlin
common\national_focus\germany.txt	25855	522	Western Australia	Tachau
common\national_focus\germany.txt	25856	498	Rio Grande	Eger
common\national_focus\germany.txt	25858	471	Northwestern Canada	Aussig
common\national_focus\germany.txt	25859	473	British Columbia	Reichenberg
common\national_focus\germany.txt	25862	499	Bahia	Sternberg
common\national_focus\germany.txt	25863	504	Iguacu	Zwittau
common\national_focus\germany.txt	25865	507	Southern Chile	Troppau
common\national_focus\germany.txt	25866	489	Monagas	Kladno
common\national_focus\germany.txt	25867	513	Southern Algeria	Praha
common\national_focus\germany.txt	25868	529	Hiroshima	Jicin
common\national_focus\germany.txt	25869	486	Meta	Hradec Kralove
common\national_focus\germany.txt	25871	489	Monagas	Kladno
common\national_focus\germany.txt	25872	523	New Guinea	Plzen
common\national_focus\germany.txt	25874	539	Gabon	Budejovice
common\national_focus\germany.txt	25876	514	North Africa	Pardubice
common\national_focus\germany.txt	25877	486	Meta	Hradec Kralove
common\national_focus\germany.txt	25878	535	Nagano	Jihlava
common\national_focus\germany.txt	25879	536	Hokkaido	Brno
common\national_focus\germany.txt	25880	532	Nagoya	Olomouc
common\national_focus\germany.txt	25882	528	Nagasaki	Zlin
common\national_focus\germany.txt	25902	522	Western Australia	Tachau
common\national_focus\germany.txt	25903	498	Rio Grande	Eger
common\national_focus\germany.txt	25905	471	Northwestern Canada	Aussig
common\national_focus\germany.txt	25906	473	British Columbia	Reichenberg
common\national_focus\germany.txt	25909	499	Bahia	Sternberg
common\national_focus\germany.txt	25910	504	Iguacu	Zwittau
common\national_focus\germany.txt	25912	507	Southern Chile	Troppau
common\national_focus\germany.txt	25913	489	Monagas	Kladno
common\national_focus\germany.txt	25914	513	Southern Algeria	Praha
common\national_focus\germany.txt	25915	529	Hiroshima	Jicin
common\national_focus\germany.txt	25916	486	Meta	Hradec Kralove
common\national_focus\germany.txt	25918	489	Monagas	Kladno
common\national_focus\germany.txt	25919	523	New Guinea	Plzen
common\national_focus\germany.txt	25921	539	Gabon	Budejovice
common\national_focus\germany.txt	25923	514	North Africa	Pardubice
common\national_focus\germany.txt	25924	486	Meta	Hradec Kralove
common\national_focus\germany.txt	25925	535	Nagano	Jihlava
common\national_focus\germany.txt	25926	536	Hokkaido	Brno
common\national_focus\germany.txt	25927	532	Nagoya	Olomouc
common\national_focus\germany.txt	25929	528	Nagasaki	Zlin
common\national_focus\germany.txt	25959	522	Western Australia	Tachau
common\national_focus\germany.txt	25960	498	Rio Grande	Eger
common\national_focus\germany.txt	25962	471	Northwestern Canada	Aussig
common\national_focus\germany.txt	25963	473	British Columbia	Reichenberg
common\national_focus\germany.txt	25966	499	Bahia	Sternberg
common\national_focus\germany.txt	25967	504	Iguacu	Zwittau
common\national_focus\germany.txt	25969	507	Southern Chile	Troppau
common\national_focus\germany.txt	25970	489	Monagas	Kladno
common\national_focus\germany.txt	25971	513	Southern Algeria	Praha
common\national_focus\germany.txt	25972	529	Hiroshima	Jicin
common\national_focus\germany.txt	25973	486	Meta	Hradec Kralove
common\national_focus\germany.txt	25975	489	Monagas	Kladno
common\national_focus\germany.txt	25976	523	New Guinea	Plzen
common\national_focus\germany.txt	25978	539	Gabon	Budejovice
common\national_focus\germany.txt	25980	514	North Africa	Pardubice
common\national_focus\germany.txt	25981	486	Meta	Hradec Kralove
common\national_focus\germany.txt	25982	535	Nagano	Jihlava
common\national_focus\germany.txt	25983	536	Hokkaido	Brno
common\national_focus\germany.txt	25984	532	Nagoya	Olomouc
common\national_focus\germany.txt	25986	528	Nagasaki	Zlin
common\national_focus\germany.txt	26006	522	Western Australia	Tachau
common\national_focus\germany.txt	26007	498	Rio Grande	Eger
common\national_focus\germany.txt	26009	471	Northwestern Canada	Aussig
common\national_focus\germany.txt	26010	473	British Columbia	Reichenberg
common\national_focus\germany.txt	26013	499	Bahia	Sternberg
common\national_focus\germany.txt	26014	504	Iguacu	Zwittau
common\national_focus\germany.txt	26016	507	Southern Chile	Troppau
common\national_focus\germany.txt	26017	489	Monagas	Kladno
common\national_focus\germany.txt	26018	513	Southern Algeria	Praha
common\national_focus\germany.txt	26019	529	Hiroshima	Jicin
common\national_focus\germany.txt	26020	486	Meta	Hradec Kralove
common\national_focus\germany.txt	26022	489	Monagas	Kladno
common\national_focus\germany.txt	26023	523	New Guinea	Plzen
common\national_focus\germany.txt	26025	539	Gabon	Budejovice
common\national_focus\germany.txt	26027	514	North Africa	Pardubice
common\national_focus\germany.txt	26028	486	Meta	Hradec Kralove
common\national_focus\germany.txt	26029	535	Nagano	Jihlava
common\national_focus\germany.txt	26030	536	Hokkaido	Brno
common\national_focus\germany.txt	26031	532	Nagoya	Olomouc
common\national_focus\germany.txt	26033	528	Nagasaki	Zlin
common\national_focus\germany.txt	26042	526	Okinawa	Zaolzie
common\national_focus\germany.txt	26043	526	Okinawa	Zaolzie
common\national_focus\germany.txt	26059	522	Western Australia	Tachau
common\national_focus\germany.txt	26060	498	Rio Grande	Eger
common\national_focus\germany.txt	26062	471	Northwestern Canada	Aussig
common\national_focus\germany.txt	26063	473	British Columbia	Reichenberg
common\national_focus\germany.txt	26066	499	Bahia	Sternberg
common\national_focus\germany.txt	26067	504	Iguacu	Zwittau
common\national_focus\germany.txt	26069	507	Southern Chile	Troppau
common\national_focus\germany.txt	26070	489	Monagas	Kladno
common\national_focus\germany.txt	26071	513	Southern Algeria	Praha
common\national_focus\germany.txt	26072	529	Hiroshima	Jicin
common\national_focus\germany.txt	26073	486	Meta	Hradec Kralove
common\national_focus\germany.txt	26075	489	Monagas	Kladno
common\national_focus\germany.txt	26076	523	New Guinea	Plzen
common\national_focus\germany.txt	26078	539	Gabon	Budejovice
common\national_focus\germany.txt	26080	514	North Africa	Pardubice
common\national_focus\germany.txt	26081	486	Meta	Hradec Kralove
common\national_focus\germany.txt	26082	535	Nagano	Jihlava
common\national_focus\germany.txt	26083	536	Hokkaido	Brno
common\national_focus\germany.txt	26084	532	Nagoya	Olomouc
common\national_focus\germany.txt	26086	528	Nagasaki	Zlin
common\national_focus\germany.txt	26106	522	Western Australia	Tachau
common\national_focus\germany.txt	26107	498	Rio Grande	Eger
common\national_focus\germany.txt	26109	471	Northwestern Canada	Aussig
common\national_focus\germany.txt	26110	473	British Columbia	Reichenberg
common\national_focus\germany.txt	26113	499	Bahia	Sternberg
common\national_focus\germany.txt	26114	504	Iguacu	Zwittau
common\national_focus\germany.txt	26116	507	Southern Chile	Troppau
common\national_focus\germany.txt	26118	489	Monagas	Kladno
common\national_focus\germany.txt	26119	513	Southern Algeria	Praha
common\national_focus\germany.txt	26120	529	Hiroshima	Jicin
common\national_focus\germany.txt	26121	486	Meta	Hradec Kralove
common\national_focus\germany.txt	26123	489	Monagas	Kladno
common\national_focus\germany.txt	26124	523	New Guinea	Plzen
common\national_focus\germany.txt	26126	539	Gabon	Budejovice
common\national_focus\germany.txt	26128	514	North Africa	Pardubice
common\national_focus\germany.txt	26129	486	Meta	Hradec Kralove
common\national_focus\germany.txt	26130	535	Nagano	Jihlava
common\national_focus\germany.txt	26131	536	Hokkaido	Brno
common\national_focus\germany.txt	26132	532	Nagoya	Olomouc
common\national_focus\germany.txt	26134	528	Nagasaki	Zlin
common\national_focus\germany.txt	26136	555	Lagos	Trencin
common\national_focus\germany.txt	26137	591	Hainan	Malacky
common\national_focus\germany.txt	26140	610	China 9	Komarom
common\national_focus\germany.txt	26141	580	Siberia 7	Nyitra es Pozsony
common\national_focus\germany.txt	26142	586	Kyrgyzstan	Nitra
common\national_focus\germany.txt	26145	577	Siberia 4	Zilina
common\national_focus\germany.txt	26147	541	South West Africa	Tatra
common\national_focus\germany.txt	26148	574	Siberia 1	Hron
common\national_focus\germany.txt	26152	569	TS 11	Levoca
common\national_focus\germany.txt	26154	550	Eritrea	Saris-Zemplin
common\national_focus\germany.txt	26156	562	TS 4	Sobrance
common\national_focus\germany.txt	26160	593	Guangdong	Uzhorod a Mukacevo
common\national_focus\germany.txt	26162	564	TS 6	Northern Maramures
common\national_focus\germany.txt	26259	564	TS 6	Northern Maramures
common\national_focus\germany.txt	26261	526	Okinawa	Zaolzie
common\national_focus\germany.txt	26443	484	Baja California	Nisko
common\national_focus\germany.txt	26444	490	Pastaza	Drohobycz
common\national_focus\germany.txt	26445	496	Para	Tarnow
common\national_focus\germany.txt	26446	501	Saol Paulo	Lubaczow
common\national_focus\germany.txt	26447	502	Rio Grande Sul	Czortkow
common\national_focus\germany.txt	26448	509	Gran Chaco	Biala
common\national_focus\germany.txt	26449	542	Bechuana Land	Nadworna
common\national_focus\germany.txt	26450	836	Bale	Rzeszow
common\national_focus\germany.txt	26451	923	Helgeland	Sanok
common\national_focus\germany.txt	26476	526	Okinawa	Zaolzie
common\national_focus\germany.txt	26500	484	Baja California	Nisko
common\national_focus\germany.txt	26501	490	Pastaza	Drohobycz
common\national_focus\germany.txt	26502	496	Para	Tarnow
common\national_focus\germany.txt	26503	501	Saol Paulo	Lubaczow
common\national_focus\germany.txt	26504	502	Rio Grande Sul	Czortkow
common\national_focus\germany.txt	26505	509	Gran Chaco	Biala
common\national_focus\germany.txt	26506	542	Bechuana Land	Nadworna
common\national_focus\germany.txt	26507	836	Bale	Rzeszow
common\national_focus\germany.txt	26508	923	Helgeland	Sanok
common\national_focus\germany.txt	26533	526	Okinawa	Zaolzie
common\national_focus\germany.txt	26621	484	Baja California	Nisko
common\national_focus\germany.txt	26622	490	Pastaza	Drohobycz
common\national_focus\germany.txt	26623	496	Para	Tarnow
common\national_focus\germany.txt	26624	501	Saol Paulo	Lubaczow
common\national_focus\germany.txt	26625	502	Rio Grande Sul	Czortkow
common\national_focus\germany.txt	26626	509	Gran Chaco	Biala
common\national_focus\germany.txt	26627	542	Bechuana Land	Nadworna
common\national_focus\germany.txt	26628	836	Bale	Rzeszow
common\national_focus\germany.txt	26629	923	Helgeland	Sanok
common\national_focus\germany.txt	26654	526	Okinawa	Zaolzie
common\national_focus\germany.txt	26670	484	Baja California	Nisko
common\national_focus\germany.txt	26671	490	Pastaza	Drohobycz
common\national_focus\germany.txt	26672	496	Para	Tarnow
common\national_focus\germany.txt	26673	501	Saol Paulo	Lubaczow
common\national_focus\germany.txt	26674	502	Rio Grande Sul	Czortkow
common\national_focus\germany.txt	26675	509	Gran Chaco	Biala
common\national_focus\germany.txt	26676	542	Bechuana Land	Nadworna
common\national_focus\germany.txt	26677	836	Bale	Rzeszow
common\national_focus\germany.txt	26678	923	Helgeland	Sanok
common\national_focus\germany.txt	26703	526	Okinawa	Zaolzie
common\national_focus\germany.txt	26781	484	Baja California	Nisko
common\national_focus\germany.txt	26782	490	Pastaza	Drohobycz
common\national_focus\germany.txt	26783	496	Para	Tarnow
common\national_focus\germany.txt	26784	501	Saol Paulo	Lubaczow
common\national_focus\germany.txt	26785	502	Rio Grande Sul	Czortkow
common\national_focus\germany.txt	26786	509	Gran Chaco	Biala
common\national_focus\germany.txt	26787	542	Bechuana Land	Nadworna
common\national_focus\germany.txt	26788	836	Bale	Rzeszow
common\national_focus\germany.txt	26789	923	Helgeland	Sanok
common\national_focus\germany.txt	26814	526	Okinawa	Zaolzie
common\national_focus\germany.txt	26828	484	Baja California	Nisko
common\national_focus\germany.txt	26829	490	Pastaza	Drohobycz
common\national_focus\germany.txt	26830	496	Para	Tarnow
common\national_focus\germany.txt	26831	501	Saol Paulo	Lubaczow
common\national_focus\germany.txt	26832	502	Rio Grande Sul	Czortkow
common\national_focus\germany.txt	26833	509	Gran Chaco	Biala
common\national_focus\germany.txt	26834	542	Bechuana Land	Nadworna
common\national_focus\germany.txt	26835	836	Bale	Rzeszow
common\national_focus\germany.txt	26836	923	Helgeland	Sanok
common\national_focus\germany.txt	26861	526	Okinawa	Zaolzie
common\national_focus\germany.txt	26898	662	Sirte	Berettyoujfalu
common\national_focus\germany.txt	26899	711	Christmas Island	Csanad, Arad es Torontal
common\national_focus\germany.txt	26900	608	Beijing	Mateszalka
common\national_focus\germany.txt	26901	564	TS 6	Northern Maramures
common\national_focus\germany.txt	27096	735	Savoy	Subotica
common\national_focus\germany.txt	27102	738	Aru Islands	Zrenjanin
common\national_focus\germany.txt	27109	622	China 19	Satu Mare
common\national_focus\germany.txt	27112	628	Cebu	Maramures
common\national_focus\germany.txt	27115	649	Galapagos Islands	Nasaud
common\national_focus\germany.txt	27116	665	Gabes	Cluj
common\national_focus\germany.txt	27117	680	Deir-az-Zur	Mures
common\national_focus\germany.txt	27119	674	Central Australia	Ciuc
common\national_focus\germany.txt	27123	692	Windward Islands	Turda
common\national_focus\germany.txt	27124	713	Kerguelen	Alba
common\national_focus\germany.txt	27125	727	Line Islands	Hunedoara
common\national_focus\germany.txt	27128	730	St Pierre and Miquelon 	Sibiu
common\national_focus\germany.txt	27131	737	New Britain	Brasov
common\national_focus\germany.txt	27134	736	Litorale	Timis-Torontal
common\national_focus\germany.txt	27137	756	Jiuquan	Caras
common\national_focus\germany.txt	27142	639	Maiana	Salaj
common\national_focus\germany.txt	27145	664	Southern Slovakia	Oradea
common\national_focus\germany.txt	27147	686	Puerto Rico	Beius
common\national_focus\germany.txt	27149	705	Sao Tome	Arad
common\national_focus\germany.txt	27182	735	Savoy	Subotica
common\national_focus\germany.txt	27188	738	Aru Islands	Zrenjanin
common\national_focus\germany.txt	27195	622	China 19	Satu Mare
common\national_focus\germany.txt	27198	628	Cebu	Maramures
common\national_focus\germany.txt	27201	649	Galapagos Islands	Nasaud
common\national_focus\germany.txt	27202	665	Gabes	Cluj
common\national_focus\germany.txt	27203	680	Deir-az-Zur	Mures
common\national_focus\germany.txt	27205	674	Central Australia	Ciuc
common\national_focus\germany.txt	27209	692	Windward Islands	Turda
common\national_focus\germany.txt	27210	713	Kerguelen	Alba
common\national_focus\germany.txt	27211	727	Line Islands	Hunedoara
common\national_focus\germany.txt	27214	730	St Pierre and Miquelon 	Sibiu
common\national_focus\germany.txt	27217	737	New Britain	Brasov
common\national_focus\germany.txt	27220	736	Litorale	Timis-Torontal
common\national_focus\germany.txt	27223	756	Jiuquan	Caras
common\national_focus\germany.txt	27228	639	Maiana	Salaj
common\national_focus\germany.txt	27231	664	Southern Slovakia	Oradea
common\national_focus\germany.txt	27233	686	Puerto Rico	Beius
common\national_focus\germany.txt	27235	705	Sao Tome	Arad
common\national_focus\germany.txt	27352	735	Savoy	Subotica
common\national_focus\germany.txt	27358	738	Aru Islands	Zrenjanin
common\national_focus\germany.txt	27365	622	China 19	Satu Mare
common\national_focus\germany.txt	27368	628	Cebu	Maramures
common\national_focus\germany.txt	27371	649	Galapagos Islands	Nasaud
common\national_focus\germany.txt	27372	665	Gabes	Cluj
common\national_focus\germany.txt	27373	680	Deir-az-Zur	Mures
common\national_focus\germany.txt	27375	674	Central Australia	Ciuc
common\national_focus\germany.txt	27379	692	Windward Islands	Turda
common\national_focus\germany.txt	27380	713	Kerguelen	Alba
common\national_focus\germany.txt	27381	727	Line Islands	Hunedoara
common\national_focus\germany.txt	27384	730	St Pierre and Miquelon 	Sibiu
common\national_focus\germany.txt	27387	737	New Britain	Brasov
common\national_focus\germany.txt	27390	736	Litorale	Timis-Torontal
common\national_focus\germany.txt	27393	756	Jiuquan	Caras
common\national_focus\germany.txt	27398	639	Maiana	Salaj
common\national_focus\germany.txt	27401	664	Southern Slovakia	Oradea
common\national_focus\germany.txt	27403	686	Puerto Rico	Beius
common\national_focus\germany.txt	27405	705	Sao Tome	Arad
common\national_focus\germany.txt	27433	735	Savoy	Subotica
common\national_focus\germany.txt	27439	738	Aru Islands	Zrenjanin
common\national_focus\germany.txt	27446	622	China 19	Satu Mare
common\national_focus\germany.txt	27449	628	Cebu	Maramures
common\national_focus\germany.txt	27452	649	Galapagos Islands	Nasaud
common\national_focus\germany.txt	27453	665	Gabes	Cluj
common\national_focus\germany.txt	27454	680	Deir-az-Zur	Mures
common\national_focus\germany.txt	27456	674	Central Australia	Ciuc
common\national_focus\germany.txt	27460	692	Windward Islands	Turda
common\national_focus\germany.txt	27461	713	Kerguelen	Alba
common\national_focus\germany.txt	27462	727	Line Islands	Hunedoara
common\national_focus\germany.txt	27465	730	St Pierre and Miquelon 	Sibiu
common\national_focus\germany.txt	27468	737	New Britain	Brasov
common\national_focus\germany.txt	27471	736	Litorale	Timis-Torontal
common\national_focus\germany.txt	27474	756	Jiuquan	Caras
common\national_focus\germany.txt	27479	639	Maiana	Salaj
common\national_focus\germany.txt	27482	664	Southern Slovakia	Oradea
common\national_focus\germany.txt	27484	686	Puerto Rico	Beius
common\national_focus\germany.txt	27486	705	Sao Tome	Arad
common\national_focus\germany.txt	28694	227	Stalino	Klaipedos
common\national_focus\germany.txt	28808	287	Sinkiang	Brodnica
common\national_focus\germany.txt	28809	310	French SA	Torun
common\national_focus\germany.txt	28811	546	Tanganyika	Tuchola
common\national_focus\germany.txt	28813	264	Tikhvin	Koscierzyna
common\national_focus\germany.txt	28814	267	Afghanistan	Gdynia
common\national_focus\germany.txt	28816	80	Bocovina	Ostrow Wiel
common\national_focus\germany.txt	28817	335	West Java	Koscian
common\national_focus\germany.txt	28818	243	Roslavl	Srem
common\national_focus\germany.txt	28819	79	moldovia	Nowy Tomysl
common\national_focus\germany.txt	28820	122	Wales	Poznan
common\national_focus\germany.txt	28821	99	Jutland	Gniezno
common\national_focus\germany.txt	28822	82	Banat	Chodziez
common\national_focus\germany.txt	28823	549	Sudan	Bydgoszcz
common\national_focus\germany.txt	28826	481	Sinaloa	Katowice
common\national_focus\germany.txt	28842	287	Sinkiang	Brodnica
common\national_focus\germany.txt	28843	310	French SA	Torun
common\national_focus\germany.txt	28845	546	Tanganyika	Tuchola
common\national_focus\germany.txt	28847	264	Tikhvin	Koscierzyna
common\national_focus\germany.txt	28848	267	Afghanistan	Gdynia
common\national_focus\germany.txt	28852	80	Bocovina	Ostrow Wiel
common\national_focus\germany.txt	28853	335	West Java	Koscian
common\national_focus\germany.txt	28854	243	Roslavl	Srem
common\national_focus\germany.txt	28855	79	moldovia	Nowy Tomysl
common\national_focus\germany.txt	28856	122	Wales	Poznan
common\national_focus\germany.txt	28857	99	Jutland	Gniezno
common\national_focus\germany.txt	28858	82	Banat	Chodziez
common\national_focus\germany.txt	28859	549	Sudan	Bydgoszcz
common\national_focus\germany.txt	28864	481	Sinaloa	Katowice
common\national_focus\germany.txt	30051	280	Brazil	Danzig
common\national_focus\germany.txt	30054	297	Belgian Africa	Louth
common\national_focus\germany.txt	30055	310	French SA	Torun
common\national_focus\germany.txt	30057	546	Tanganyika	Tuchola
common\national_focus\germany.txt	30059	264	Tikhvin	Koscierzyna
common\national_focus\germany.txt	30060	267	Afghanistan	Gdynia
common\national_focus\germany.txt	30061	287	Sinkiang	Brodnica
common\national_focus\germany.txt	30065	80	Bocovina	Ostrow Wiel
common\national_focus\germany.txt	30066	335	West Java	Koscian
common\national_focus\germany.txt	30067	243	Roslavl	Srem
common\national_focus\germany.txt	30068	79	moldovia	Nowy Tomysl
common\national_focus\germany.txt	30069	122	Wales	Poznan
common\national_focus\germany.txt	30070	99	Jutland	Gniezno
common\national_focus\germany.txt	30071	82	Banat	Chodziez
common\national_focus\germany.txt	30072	549	Sudan	Bydgoszcz
common\national_focus\germany.txt	30075	481	Sinaloa	Katowice
common\national_focus\germany.txt	30099	280	Brazil	Danzig
common\national_focus\germany.txt	30102	297	Belgian Africa	Louth
common\national_focus\germany.txt	30103	310	French SA	Torun
common\national_focus\germany.txt	30105	546	Tanganyika	Tuchola
common\national_focus\germany.txt	30107	264	Tikhvin	Koscierzyna
common\national_focus\germany.txt	30108	267	Afghanistan	Gdynia
common\national_focus\germany.txt	30109	287	Sinkiang	Brodnica
common\national_focus\germany.txt	30113	80	Bocovina	Ostrow Wiel
common\national_focus\germany.txt	30114	335	West Java	Koscian
common\national_focus\germany.txt	30115	243	Roslavl	Srem
common\national_focus\germany.txt	30116	79	moldovia	Nowy Tomysl
common\national_focus\germany.txt	30117	122	Wales	Poznan
common\national_focus\germany.txt	30118	99	Jutland	Gniezno
common\national_focus\germany.txt	30119	82	Banat	Chodziez
common\national_focus\germany.txt	30120	549	Sudan	Bydgoszcz
common\national_focus\germany.txt	30123	481	Sinaloa	Katowice
common\national_focus\germany.txt	30236	306	Colombia	Augustow
common\national_focus\germany.txt	30238	284	New Zealand	Suwalki
common\national_focus\germany.txt	30239	312	Honduras	Lomza
common\national_focus\germany.txt	30240	351	Vologda	Ostrow Mazowiecka
common\national_focus\germany.txt	30243	319	Dominican Republic	Bielsk
common\national_focus\germany.txt	30246	752	Chamdo	Wloclawek
common\national_focus\germany.txt	30247	651	Sov state 5	Mlawa
common\national_focus\germany.txt	30248	311	BritMex	Plock
common\national_focus\germany.txt	30249	376	New Mexico	Przasnysz
common\national_focus\germany.txt	30250	122	Wales	Poznan
common\national_focus\germany.txt	30251	5	Germany	Pultusk
common\national_focus\germany.txt	30252	387	Idaho	Myszyniec
common\national_focus\germany.txt	30254	612	China 11	Wielun
common\national_focus\germany.txt	30255	656	Kuwait	Sieradz
common\national_focus\germany.txt	30256	594	Nanning	Kalisz
common\national_focus\germany.txt	30257	79	moldovia	Nowy Tomysl
common\national_focus\germany.txt	30258	381	Wyoming	Lodz
common\national_focus\germany.txt	30259	693	Southern Bahamas	Leczyca
common\national_focus\germany.txt	30260	687	British Guyana	Konin
common\national_focus\germany.txt	30261	329	Tannu Tuva	Gostynin
common\national_focus\germany.txt	30288	306	Colombia	Augustow
common\national_focus\germany.txt	30290	284	New Zealand	Suwalki
common\national_focus\germany.txt	30291	312	Honduras	Lomza
common\national_focus\germany.txt	30292	351	Vologda	Ostrow Mazowiecka
common\national_focus\germany.txt	30296	752	Chamdo	Wloclawek
common\national_focus\germany.txt	30297	651	Sov state 5	Mlawa
common\national_focus\germany.txt	30298	311	BritMex	Plock
common\national_focus\germany.txt	30299	376	New Mexico	Przasnysz
common\national_focus\germany.txt	30300	122	Wales	Poznan
common\national_focus\germany.txt	30301	5	Germany	Pultusk
common\national_focus\germany.txt	30302	387	Idaho	Myszyniec
common\national_focus\germany.txt	30304	612	China 11	Wielun
common\national_focus\germany.txt	30305	656	Kuwait	Sieradz
common\national_focus\germany.txt	30306	594	Nanning	Kalisz
common\national_focus\germany.txt	30307	79	moldovia	Nowy Tomysl
common\national_focus\germany.txt	30308	381	Wyoming	Lodz
common\national_focus\germany.txt	30309	693	Southern Bahamas	Leczyca
common\national_focus\germany.txt	30310	687	British Guyana	Konin
common\national_focus\germany.txt	30311	329	Tannu Tuva	Gostynin
common\national_focus\germany.txt	30395	982	- Madras States	Sokolka
common\national_focus\germany.txt	30398	1070	- Bougainville	Garwolin
common\national_focus\germany.txt	30399	1002	Yazd	Chelm
common\national_focus\germany.txt	30400	508	Argentine Northwest	Warszawa
common\national_focus\germany.txt	30401	370	Mississippi	Grojec
common\national_focus\germany.txt	30402	421	Kurdistan	Radomsko
common\national_focus\germany.txt	30403	867	Northern Manitoba	Kielce
common\national_focus\germany.txt	30404	827	- Kabardino-Balkaria	Radom
common\national_focus\germany.txt	30405	377	Arizona	Lublin
common\national_focus\germany.txt	30406	46	Romania	Krasnystaw
common\national_focus\germany.txt	30407	491	Loreto	Zamosc
common\national_focus\germany.txt	30410	501	Saol Paulo	Lubaczow
common\national_focus\germany.txt	30412	902	Sokoto	Opatow
common\national_focus\germany.txt	30413	429	Bombay	Jedrzejow
common\national_focus\germany.txt	30414	421	Kurdistan	Radomsko
common\national_focus\germany.txt	30416	1080	- Marlborough	Miechow
common\national_focus\germany.txt	30429	982	- Madras States	Sokolka
common\national_focus\germany.txt	30432	1070	- Bougainville	Garwolin
common\national_focus\germany.txt	30433	1002	Yazd	Chelm
common\national_focus\germany.txt	30434	508	Argentine Northwest	Warszawa
common\national_focus\germany.txt	30435	370	Mississippi	Grojec
common\national_focus\germany.txt	30436	421	Kurdistan	Radomsko
common\national_focus\germany.txt	30437	867	Northern Manitoba	Kielce
common\national_focus\germany.txt	30438	827	- Kabardino-Balkaria	Radom
common\national_focus\germany.txt	30439	377	Arizona	Lublin
common\national_focus\germany.txt	30440	46	Romania	Krasnystaw
common\national_focus\germany.txt	30441	491	Loreto	Zamosc
common\national_focus\germany.txt	30444	501	Saol Paulo	Lubaczow
common\national_focus\germany.txt	30446	902	Sokoto	Opatow
common\national_focus\germany.txt	30447	429	Bombay	Jedrzejow
common\national_focus\germany.txt	30448	421	Kurdistan	Radomsko
common\national_focus\germany.txt	30450	1080	- Marlborough	Miechow
common\national_focus\germany.txt	31252	606	China 6	Haut-Rhin
common\national_focus\germany.txt	31254	566	TS 8	Bas-Rhin
common\national_focus\germany.txt	31256	547	East Africa	Moselle
common\national_focus\germany.txt	31258	512	Patagonia	Luxembourg
common\national_focus\germany.txt	31259	427	Hyderabad	Grevenmacher
common\national_focus\germany.txt	31260	404	Saykhin	Diekirch
common\national_focus\germany.txt	31261	485	Guerrero	Eupen-Malmedy
common\national_focus\germany.txt	31268	606	China 6	Haut-Rhin
common\national_focus\germany.txt	31270	566	TS 8	Bas-Rhin
common\national_focus\germany.txt	31272	547	East Africa	Moselle
common\national_focus\germany.txt	31274	512	Patagonia	Luxembourg
common\national_focus\germany.txt	31275	427	Hyderabad	Grevenmacher
common\national_focus\germany.txt	31276	404	Saykhin	Diekirch
common\national_focus\germany.txt	31277	485	Guerrero	Eupen-Malmedy
common\national_focus\germany.txt	31766	547	East Africa	Moselle
common\national_focus\germany.txt	31767	566	TS 8	Bas-Rhin
common\national_focus\germany.txt	31768	606	China 6	Haut-Rhin
common\national_focus\germany.txt	31778	547	East Africa	Moselle
common\national_focus\germany.txt	31779	566	TS 8	Bas-Rhin
common\national_focus\germany.txt	31780	606	China 6	Haut-Rhin
common\national_focus\germany.txt	31789	547	East Africa	Moselle
common\national_focus\germany.txt	31790	566	TS 8	Bas-Rhin
common\national_focus\germany.txt	31791	606	China 6	Haut-Rhin
common\national_focus\germany.txt	31794	547	East Africa	Moselle
common\national_focus\germany.txt	31794	547	East Africa	Moselle
common\national_focus\germany.txt	31795	566	TS 8	Bas-Rhin
common\national_focus\germany.txt	31795	566	TS 8	Bas-Rhin
common\national_focus\germany.txt	31796	606	China 6	Haut-Rhin
common\national_focus\germany.txt	31796	606	China 6	Haut-Rhin
common\national_focus\germany.txt	31860	404	Saykhin	Diekirch
common\national_focus\germany.txt	31861	512	Patagonia	Luxembourg
common\national_focus\germany.txt	31862	427	Hyderabad	Grevenmacher
common\national_focus\germany.txt	31882	485	Guerrero	Eupen-Malmedy
common\national_focus\germany.txt	31899	485	Guerrero	Eupen-Malmedy
common\national_focus\germany.txt	31939	661	Tripolitania	Bern
common\national_focus\germany.txt	31941	694	French Caribbean	Bernese Oberland
common\national_focus\germany.txt	31942	710	Diego Garcia	Wallis
common\national_focus\germany.txt	31943	652	Sov state 6	Aargau
common\national_focus\germany.txt	31944	669	Dutch New Guinea	Luzern
common\national_focus\germany.txt	31948	673	Sulawesi	Schwytz
common\national_focus\germany.txt	31949	647	Palau	Zurich
common\national_focus\germany.txt	31952	643	Fongafale	St Gallen
common\national_focus\germany.txt	31957	685	Panama Canal	Graubunden
common\national_focus\germany.txt	31994	661	Tripolitania	Bern
common\national_focus\germany.txt	31996	694	French Caribbean	Bernese Oberland
common\national_focus\germany.txt	31997	710	Diego Garcia	Wallis
common\national_focus\germany.txt	31998	652	Sov state 6	Aargau
common\national_focus\germany.txt	31999	669	Dutch New Guinea	Luzern
common\national_focus\germany.txt	32003	673	Sulawesi	Schwytz
common\national_focus\germany.txt	32004	647	Palau	Zurich
common\national_focus\germany.txt	32007	643	Fongafale	St Gallen
common\national_focus\germany.txt	32012	685	Panama Canal	Graubunden
common\national_focus\germany.txt	32030	683	Northeastern Canada	Trento
common\national_focus\germany.txt	32053	683	Northeastern Canada	Trento
common\national_focus\germany.txt	33211	227	Stalino	Klaipedos
common\national_focus\germany.txt	33231	227	Stalino	Klaipedos
common\national_focus\germany.txt	33232	227	Stalino	Klaipedos
common\national_focus\germany.txt	33329	85	Danzig	Pirkanmaa
common\national_focus\germany.txt	33330	86	Poznan	Satakunta
common\national_focus\germany.txt	33331	762	Katowice	Istria
common\national_focus\germany.txt	33332	807	Gdynia	Gard
common\national_focus\germany.txt	35086	55	Nassau	Rhode Island
common\national_focus\germany.txt	35104	55	Nassau	Rhode Island
common\national_focus\greece.txt	735	932	Isle of Man	Bati Istanbul
common\national_focus\greece.txt	736	928	Kyme	Edirne
common\national_focus\greece.txt	737	1032	- Yanan	Izmir
common\national_focus\greece.txt	738	994	Tenasserim	Balikesir
common\national_focus\greece.txt	1151	187	Aegean Islands	Orkney
common\national_focus\greece.txt	1152	182	Crete	Nairn
common\national_focus\greece.txt	1572	1032	- Yanan	Izmir
common\national_focus\greece.txt	3203	186	Peloponnese	Mari El
common\national_focus\greece.txt	4263	184	Thrace	Halland
common\national_focus\greece.txt	4267	731	Central Macedonia	Puy-de-Dome
common\national_focus\greece.txt	4271	186	Peloponnese	Mari El
common\national_focus\greece.txt	4275	185	Epirus	Rezekne
common\national_focus\greece.txt	4723	995	Pegu	Ioannina
common\national_focus\hungary.txt	252	4	Austria	Finnmark
common\national_focus\hungary.txt	253	848	Voralberg	Cantabria
common\national_focus\hungary.txt	254	153	Tyrol	Yaroslavl
common\national_focus\hungary.txt	255	152	Upper Austria	Tarto
common\national_focus\hungary.txt	312	4	Austria	Finnmark
common\national_focus\hungary.txt	345	152	Upper Austria	Tarto
common\national_focus\hungary.txt	346	153	Tyrol	Yaroslavl
common\national_focus\hungary.txt	347	848	Voralberg	Cantabria
common\national_focus\hungary.txt	348	4	Austria	Finnmark
common\national_focus\hungary.txt	453	76	Northern Transylvania	Randers
common\national_focus\hungary.txt	454	83	crisana	Oppland
common\national_focus\hungary.txt	455	84	Transylvania	Gavleborg
common\national_focus\hungary.txt	456	82	Banat	Chodziez
common\national_focus\hungary.txt	477	76	Northern Transylvania	Randers
common\national_focus\hungary.txt	478	83	crisana	Oppland
common\national_focus\hungary.txt	479	84	Transylvania	Gavleborg
common\national_focus\hungary.txt	480	82	Banat	Chodziez
common\national_focus\hungary.txt	517	102	North-Eastern Slovenia	Volkhov
common\national_focus\hungary.txt	518	853	Ljubljana	Sinjajevina
common\national_focus\hungary.txt	519	103	Croatia	Kanta-Hame
common\national_focus\hungary.txt	520	109	Eastern Croatia	Varsinais-Suomi
common\national_focus\hungary.txt	521	104	Bosnia	Haderslev
common\national_focus\hungary.txt	522	45	Yugoslavia	Vasterbotten
common\national_focus\hungary.txt	523	163	Dalmatia	Alvsborg
common\national_focus\hungary.txt	524	764	West Banat	Prahova
common\national_focus\hungary.txt	525	804	Herzegovina	Teleorman
common\national_focus\hungary.txt	541	764	West Banat	Prahova
common\national_focus\hungary.txt	542	45	Yugoslavia	Vasterbotten
common\national_focus\hungary.txt	581	736	Litorale	Timis-Torontal
common\national_focus\hungary.txt	582	852	Istria	Soule
common\national_focus\hungary.txt	583	160	Veneto	Sudurnes
common\national_focus\hungary.txt	584	39	South Tyrol	Belomorsk
common\national_focus\hungary.txt	585	850	Trentino	Aude
common\national_focus\hungary.txt	634	88	Kielce	Kopparberg
common\national_focus\hungary.txt	635	89	Krakow	Paijat-Hame
common\national_focus\hungary.txt	636	91	Tarnopol	Ventspils
common\national_focus\hungary.txt	690	80	Bocovina	Ostrow Wiel
common\national_focus\hungary.txt	720	455	Jordan	Oost-Vlaanderen
common\national_focus\hungary.txt	721	454	Israel	West-Vlaanderen
common\national_focus\hungary.txt	722	66	Niederschlesien	Vasternorrland
common\national_focus\hungary.txt	723	67	Oberschlesien	Kuldiga
common\national_focus\hungary.txt	724	162	Tuscany	Udmurt
common\national_focus\hungary.txt	725	17	Alcase Lorraine	Petsamo
common\national_focus\hungary.txt	726	159	Lombardy	Hofudborgarsvaedid
common\national_focus\hungary.txt	727	161	Emilia Romagna	Sutherland
common\national_focus\hungary.txt	728	762	Katowice	Istria
common\national_focus\hungary.txt	1884	76	Northern Transylvania	Randers
common\national_focus\hungary.txt	1885	83	crisana	Oppland
common\national_focus\hungary.txt	1886	84	Transylvania	Gavleborg
common\national_focus\hungary.txt	1887	664	Southern Slovakia	Oradea
common\national_focus\hungary.txt	1888	45	Yugoslavia	Vasterbotten
common\national_focus\hungary.txt	1889	764	West Banat	Prahova
common\national_focus\hungary.txt	1911	76	Northern Transylvania	Randers
common\national_focus\hungary.txt	1912	83	crisana	Oppland
common\national_focus\hungary.txt	1913	84	Transylvania	Gavleborg
common\national_focus\hungary.txt	1936	76	Northern Transylvania	Randers
common\national_focus\hungary.txt	1937	83	crisana	Oppland
common\national_focus\hungary.txt	1938	84	Transylvania	Gavleborg
common\national_focus\hungary.txt	1997	664	Southern Slovakia	Oradea
common\national_focus\hungary.txt	2004	664	Southern Slovakia	Oradea
common\national_focus\hungary.txt	2005	664	Southern Slovakia	Oradea
common\national_focus\hungary.txt	2023	664	Southern Slovakia	Oradea
common\national_focus\hungary.txt	2026	664	Southern Slovakia	Oradea
common\national_focus\hungary.txt	2050	664	Southern Slovakia	Oradea
common\national_focus\hungary.txt	2095	45	Yugoslavia	Vasterbotten
common\national_focus\hungary.txt	2135	45	Yugoslavia	Vasterbotten
common\national_focus\hungary.txt	2185	70	Slovakia	Soro
common\national_focus\hungary.txt	2186	71	East Slovakia	Sor-Trondelag
common\national_focus\hungary.txt	2187	72	Zaolzie	Keski-Suomi
common\national_focus\hungary.txt	2188	73	Carpathian Ruthenia	Etela-Pohjanmaa
common\national_focus\hungary.txt	2208	70	Slovakia	Soro
common\national_focus\hungary.txt	2209	71	East Slovakia	Sor-Trondelag
common\national_focus\hungary.txt	2210	72	Zaolzie	Keski-Suomi
common\national_focus\hungary.txt	2211	73	Carpathian Ruthenia	Etela-Pohjanmaa
common\national_focus\hungary.txt	2236	70	Slovakia	Soro
common\national_focus\hungary.txt	2237	71	East Slovakia	Sor-Trondelag
common\national_focus\hungary.txt	2238	72	Zaolzie	Keski-Suomi
common\national_focus\hungary.txt	2239	73	Carpathian Ruthenia	Etela-Pohjanmaa
common\national_focus\hungary.txt	2295	664	Southern Slovakia	Oradea
common\national_focus\hungary.txt	2296	73	Carpathian Ruthenia	Etela-Pohjanmaa
common\national_focus\hungary.txt	2297	76	Northern Transylvania	Randers
common\national_focus\hungary.txt	2298	84	Transylvania	Gavleborg
common\national_focus\hungary.txt	2299	83	crisana	Oppland
common\national_focus\hungary.txt	2300	82	Banat	Chodziez
common\national_focus\hungary.txt	2301	45	Yugoslavia	Vasterbotten
common\national_focus\hungary.txt	2638	76	Northern Transylvania	Randers
common\national_focus\hungary.txt	2639	78	Bessarabia	Hedmark
common\national_focus\hungary.txt	2802	155	Western Hungary	Parnu
common\national_focus\hungary.txt	2817	43	Hungary	Delaware
common\national_focus\hungary.txt	2832	664	Southern Slovakia	Oradea
common\national_focus\hungary.txt	3180	43	Hungary	Delaware
common\national_focus\hungary.txt	4865	43	Hungary	Delaware
common\national_focus\hungary.txt	5227	103	Croatia	Kanta-Hame
common\national_focus\hungary_wuw.txt	1307	621	China 18	Eisenstadt
common\national_focus\hungary_wuw.txt	1308	610	China 9	Komarom
common\national_focus\hungary_wuw.txt	1309	580	Siberia 7	Nyitra es Pozsony
common\national_focus\hungary_wuw.txt	1313	593	Guangdong	Uzhorod a Mukacevo
common\national_focus\hungary_wuw.txt	1318	564	TS 6	Northern Maramures
common\national_focus\hungary_wuw.txt	1320	695	Curacao	Prekmurje
common\national_focus\hungary_wuw.txt	1321	712	Cocos Islands	Medimurje
common\national_focus\hungary_wuw.txt	1325	735	Savoy	Subotica
common\national_focus\hungary_wuw.txt	1329	738	Aru Islands	Zrenjanin
common\national_focus\hungary_wuw.txt	1332	622	China 19	Satu Mare
common\national_focus\hungary_wuw.txt	1335	628	Cebu	Maramures
common\national_focus\hungary_wuw.txt	1338	649	Galapagos Islands	Nasaud
common\national_focus\hungary_wuw.txt	1339	665	Gabes	Cluj
common\national_focus\hungary_wuw.txt	1340	680	Deir-az-Zur	Mures
common\national_focus\hungary_wuw.txt	1342	674	Central Australia	Ciuc
common\national_focus\hungary_wuw.txt	1345	692	Windward Islands	Turda
common\national_focus\hungary_wuw.txt	1346	713	Kerguelen	Alba
common\national_focus\hungary_wuw.txt	1347	727	Line Islands	Hunedoara
common\national_focus\hungary_wuw.txt	1350	730	St Pierre and Miquelon 	Sibiu
common\national_focus\hungary_wuw.txt	1353	737	New Britain	Brasov
common\national_focus\hungary_wuw.txt	1355	736	Litorale	Timis-Torontal
common\national_focus\hungary_wuw.txt	1358	756	Jiuquan	Caras
common\national_focus\hungary_wuw.txt	1362	569	TS 11	Levoca
common\national_focus\hungary_wuw.txt	1363	550	Eritrea	Saris-Zemplin
common\national_focus\hungary_wuw.txt	1365	562	TS 4	Sobrance
common\national_focus\hungary_wuw.txt	1367	541	South West Africa	Tatra
common\national_focus\hungary_wuw.txt	1368	574	Siberia 1	Hron
common\national_focus\hungary_wuw.txt	1370	577	Siberia 4	Zilina
common\national_focus\hungary_wuw.txt	1371	586	Kyrgyzstan	Nitra
common\national_focus\hungary_wuw.txt	1375	591	Hainan	Malacky
common\national_focus\hungary_wuw.txt	1376	555	Lagos	Trencin
common\national_focus\hungary_wuw.txt	1380	639	Maiana	Salaj
common\national_focus\hungary_wuw.txt	1383	664	Southern Slovakia	Oradea
common\national_focus\hungary_wuw.txt	1385	686	Puerto Rico	Beius
common\national_focus\hungary_wuw.txt	1387	705	Sao Tome	Arad
common\national_focus\hungary_wuw.txt	2007	41	Madrid	Arkhangelsk
common\national_focus\hungary_wuw.txt	2149	10	Poland	New Hampshire
common\national_focus\hungary_wuw.txt	2226	762	Katowice	Istria
common\national_focus\hungary_wuw.txt	2227	88	Kielce	Kopparberg
common\national_focus\hungary_wuw.txt	2228	91	Tarnopol	Ventspils
common\national_focus\hungary_wuw.txt	2229	89	Krakow	Paijat-Hame
common\national_focus\hungary_wuw.txt	2230	80	Bocovina	Ostrow Wiel
common\national_focus\hungary_wuw.txt	2231	526	Okinawa	Zaolzie
common\national_focus\hungary_wuw.txt	2232	93	Volhynian	Etela-Karjala
common\national_focus\hungary_wuw.txt	2308	277	Mexico	Praesto
common\national_focus\hungary_wuw.txt	2547	93	Volhynian	Etela-Karjala
common\national_focus\hungary_wuw.txt	2556	199	Khmelnytskyi	Arcyll
common\national_focus\hungary_wuw.txt	2565	201	Zhytomyr	Bashkortostan
common\national_focus\hungary_wuw.txt	2574	202	Western Kiev	Kristianstad
common\national_focus\hungary_wuw.txt	2583	198	Vinnytsia	Vladimir
common\national_focus\hungary_wuw.txt	2592	834	- Balta	Ivanjica
common\national_focus\hungary_wuw.txt	2601	192	Odessa	Bute
common\national_focus\hungary_wuw.txt	2610	203	Cherkasy	Blekinge
common\national_focus\hungary_wuw.txt	2619	197	Mykolaiv	Ringkobing
common\national_focus\hungary_wuw.txt	2628	193	Kiev	Angus
common\national_focus\hungary_wuw.txt	2637	225	Glukhov	Utenos
common\national_focus\hungary_wuw.txt	2646	259	Liski	Marijampoles
common\national_focus\hungary_wuw.txt	2655	226	Nikopol	Gotland
common\national_focus\hungary_wuw.txt	2664	196	Kherson	Jelgava
common\national_focus\hungary_wuw.txt	2673	200	Rivne	Tatarstan
common\national_focus\hungary_wuw.txt	2682	227	Stalino	Klaipedos
common\national_focus\hungary_wuw.txt	2691	221	Kharkov	Midlothian
common\national_focus\hungary_wuw.txt	2700	228	Taganrog	Ribe
common\national_focus\hungary_wuw.txt	2709	137	Crimea	Jaanilinn
common\national_focus\hungary_wuw.txt	2718	218	Rostov Area	Vyazma
common\national_focus\hungary_wuw.txt	2727	234	Krasodar	Northumberland
common\national_focus\hungary_wuw.txt	2769	93	Volhynian	Etela-Karjala
common\national_focus\hungary_wuw.txt	2770	199	Khmelnytskyi	Arcyll
common\national_focus\hungary_wuw.txt	2771	201	Zhytomyr	Bashkortostan
common\national_focus\hungary_wuw.txt	2772	198	Vinnytsia	Vladimir
common\national_focus\hungary_wuw.txt	2773	834	- Balta	Ivanjica
common\national_focus\hungary_wuw.txt	2774	192	Odessa	Bute
common\national_focus\hungary_wuw.txt	2775	766	Southern Bessarabia	Cantal
common\national_focus\hungary_wuw.txt	2776	202	Western Kiev	Kristianstad
common\national_focus\hungary_wuw.txt	2777	193	Kiev	Angus
common\national_focus\hungary_wuw.txt	2778	225	Glukhov	Utenos
common\national_focus\hungary_wuw.txt	2779	259	Liski	Marijampoles
common\national_focus\hungary_wuw.txt	2780	203	Cherkasy	Blekinge
common\national_focus\hungary_wuw.txt	2781	197	Mykolaiv	Ringkobing
common\national_focus\hungary_wuw.txt	2782	226	Nikopol	Gotland
common\national_focus\hungary_wuw.txt	2783	196	Kherson	Jelgava
common\national_focus\hungary_wuw.txt	2784	200	Rivne	Tatarstan
common\national_focus\hungary_wuw.txt	2785	221	Kharkov	Midlothian
common\national_focus\hungary_wuw.txt	2786	227	Stalino	Klaipedos
common\national_focus\hungary_wuw.txt	2787	228	Taganrog	Ribe
common\national_focus\hungary_wuw.txt	2788	137	Crimea	Jaanilinn
common\national_focus\hungary_wuw.txt	2789	218	Rostov Area	Vyazma
common\national_focus\hungary_wuw.txt	2790	234	Krasodar	Northumberland
common\national_focus\hungary_wuw.txt	2802	93	Volhynian	Etela-Karjala
common\national_focus\hungary_wuw.txt	2803	199	Khmelnytskyi	Arcyll
common\national_focus\hungary_wuw.txt	2804	201	Zhytomyr	Bashkortostan
common\national_focus\hungary_wuw.txt	2805	198	Vinnytsia	Vladimir
common\national_focus\hungary_wuw.txt	2806	834	- Balta	Ivanjica
common\national_focus\hungary_wuw.txt	2807	192	Odessa	Bute
common\national_focus\hungary_wuw.txt	2808	766	Southern Bessarabia	Cantal
common\national_focus\hungary_wuw.txt	2809	202	Western Kiev	Kristianstad
common\national_focus\hungary_wuw.txt	2810	193	Kiev	Angus
common\national_focus\hungary_wuw.txt	2811	225	Glukhov	Utenos
common\national_focus\hungary_wuw.txt	2812	259	Liski	Marijampoles
common\national_focus\hungary_wuw.txt	2813	203	Cherkasy	Blekinge
common\national_focus\hungary_wuw.txt	2814	197	Mykolaiv	Ringkobing
common\national_focus\hungary_wuw.txt	2815	226	Nikopol	Gotland
common\national_focus\hungary_wuw.txt	2816	196	Kherson	Jelgava
common\national_focus\hungary_wuw.txt	2817	200	Rivne	Tatarstan
common\national_focus\hungary_wuw.txt	2818	221	Kharkov	Midlothian
common\national_focus\hungary_wuw.txt	2819	227	Stalino	Klaipedos
common\national_focus\hungary_wuw.txt	2820	228	Taganrog	Ribe
common\national_focus\hungary_wuw.txt	2821	137	Crimea	Jaanilinn
common\national_focus\hungary_wuw.txt	2822	218	Rostov Area	Vyazma
common\national_focus\hungary_wuw.txt	2823	234	Krasodar	Northumberland
common\national_focus\hungary_wuw.txt	2877	231	Georgia	Lida
common\national_focus\hungary_wuw.txt	2886	826	- Abkhazia	Kabardino-Balkar
common\national_focus\hungary_wuw.txt	2919	231	Georgia	Lida
common\national_focus\hungary_wuw.txt	2920	826	- Abkhazia	Kabardino-Balkar
common\national_focus\hungary_wuw.txt	2988	736	Litorale	Timis-Torontal
common\national_focus\hungary_wuw.txt	3044	665	Gabes	Cluj
common\national_focus\hungary_wuw.txt	3047	622	China 19	Satu Mare
common\national_focus\hungary_wuw.txt	3049	628	Cebu	Maramures
common\national_focus\hungary_wuw.txt	3052	649	Galapagos Islands	Nasaud
common\national_focus\hungary_wuw.txt	3053	665	Gabes	Cluj
common\national_focus\hungary_wuw.txt	3054	680	Deir-az-Zur	Mures
common\national_focus\hungary_wuw.txt	3056	674	Central Australia	Ciuc
common\national_focus\hungary_wuw.txt	3062	639	Maiana	Salaj
common\national_focus\hungary_wuw.txt	3065	664	Southern Slovakia	Oradea
common\national_focus\hungary_wuw.txt	3067	686	Puerto Rico	Beius
common\national_focus\hungary_wuw.txt	3069	705	Sao Tome	Arad
common\national_focus\hungary_wuw.txt	3076	692	Windward Islands	Turda
common\national_focus\hungary_wuw.txt	3077	713	Kerguelen	Alba
common\national_focus\hungary_wuw.txt	3078	727	Line Islands	Hunedoara
common\national_focus\hungary_wuw.txt	3081	730	St Pierre and Miquelon 	Sibiu
common\national_focus\hungary_wuw.txt	3084	737	New Britain	Brasov
common\national_focus\hungary_wuw.txt	3088	736	Litorale	Timis-Torontal
common\national_focus\hungary_wuw.txt	3091	756	Jiuquan	Caras
common\national_focus\hungary_wuw.txt	3278	541	South West Africa	Tatra
common\national_focus\hungary_wuw.txt	3279	550	Eritrea	Saris-Zemplin
common\national_focus\hungary_wuw.txt	3280	555	Lagos	Trencin
common\national_focus\hungary_wuw.txt	3281	562	TS 4	Sobrance
common\national_focus\hungary_wuw.txt	3282	564	TS 6	Northern Maramures
common\national_focus\hungary_wuw.txt	3283	569	TS 11	Levoca
common\national_focus\hungary_wuw.txt	3284	574	Siberia 1	Hron
common\national_focus\hungary_wuw.txt	3285	577	Siberia 4	Zilina
common\national_focus\hungary_wuw.txt	3286	580	Siberia 7	Nyitra es Pozsony
common\national_focus\hungary_wuw.txt	3287	586	Kyrgyzstan	Nitra
common\national_focus\hungary_wuw.txt	3288	591	Hainan	Malacky
common\national_focus\hungary_wuw.txt	3289	593	Guangdong	Uzhorod a Mukacevo
common\national_focus\hungary_wuw.txt	3290	610	China 9	Komarom
common\national_focus\hungary_wuw.txt	3327	541	South West Africa	Tatra
common\national_focus\hungary_wuw.txt	3328	550	Eritrea	Saris-Zemplin
common\national_focus\hungary_wuw.txt	3329	555	Lagos	Trencin
common\national_focus\hungary_wuw.txt	3330	562	TS 4	Sobrance
common\national_focus\hungary_wuw.txt	3331	564	TS 6	Northern Maramures
common\national_focus\hungary_wuw.txt	3332	569	TS 11	Levoca
common\national_focus\hungary_wuw.txt	3333	574	Siberia 1	Hron
common\national_focus\hungary_wuw.txt	3334	577	Siberia 4	Zilina
common\national_focus\hungary_wuw.txt	3335	580	Siberia 7	Nyitra es Pozsony
common\national_focus\hungary_wuw.txt	3336	586	Kyrgyzstan	Nitra
common\national_focus\hungary_wuw.txt	3337	591	Hainan	Malacky
common\national_focus\hungary_wuw.txt	3338	593	Guangdong	Uzhorod a Mukacevo
common\national_focus\hungary_wuw.txt	3339	610	China 9	Komarom
common\national_focus\hungary_wuw.txt	3376	541	South West Africa	Tatra
common\national_focus\hungary_wuw.txt	3377	550	Eritrea	Saris-Zemplin
common\national_focus\hungary_wuw.txt	3378	555	Lagos	Trencin
common\national_focus\hungary_wuw.txt	3379	562	TS 4	Sobrance
common\national_focus\hungary_wuw.txt	3380	564	TS 6	Northern Maramures
common\national_focus\hungary_wuw.txt	3381	569	TS 11	Levoca
common\national_focus\hungary_wuw.txt	3382	574	Siberia 1	Hron
common\national_focus\hungary_wuw.txt	3383	577	Siberia 4	Zilina
common\national_focus\hungary_wuw.txt	3384	580	Siberia 7	Nyitra es Pozsony
common\national_focus\hungary_wuw.txt	3385	586	Kyrgyzstan	Nitra
common\national_focus\hungary_wuw.txt	3386	591	Hainan	Malacky
common\national_focus\hungary_wuw.txt	3387	593	Guangdong	Uzhorod a Mukacevo
common\national_focus\hungary_wuw.txt	3388	610	China 9	Komarom
common\national_focus\hungary_wuw.txt	3449	481	Sinaloa	Katowice
common\national_focus\hungary_wuw.txt	3516	762	Katowice	Istria
common\national_focus\hungary_wuw.txt	3517	762	Katowice	Istria
common\national_focus\hungary_wuw.txt	3524	481	Sinaloa	Katowice
common\national_focus\hungary_wuw.txt	3525	481	Sinaloa	Katowice
common\national_focus\hungary_wuw.txt	3612	484	Baja California	Nisko
common\national_focus\hungary_wuw.txt	3613	490	Pastaza	Drohobycz
common\national_focus\hungary_wuw.txt	3614	496	Para	Tarnow
common\national_focus\hungary_wuw.txt	3615	501	Saol Paulo	Lubaczow
common\national_focus\hungary_wuw.txt	3616	502	Rio Grande Sul	Czortkow
common\national_focus\hungary_wuw.txt	3617	509	Gran Chaco	Biala
common\national_focus\hungary_wuw.txt	3618	542	Bechuana Land	Nadworna
common\national_focus\hungary_wuw.txt	3619	836	Bale	Rzeszow
common\national_focus\hungary_wuw.txt	3620	923	Helgeland	Sanok
common\national_focus\hungary_wuw.txt	3664	484	Baja California	Nisko
common\national_focus\hungary_wuw.txt	3665	490	Pastaza	Drohobycz
common\national_focus\hungary_wuw.txt	3666	496	Para	Tarnow
common\national_focus\hungary_wuw.txt	3667	501	Saol Paulo	Lubaczow
common\national_focus\hungary_wuw.txt	3668	502	Rio Grande Sul	Czortkow
common\national_focus\hungary_wuw.txt	3669	509	Gran Chaco	Biala
common\national_focus\hungary_wuw.txt	3670	542	Bechuana Land	Nadworna
common\national_focus\hungary_wuw.txt	3671	836	Bale	Rzeszow
common\national_focus\hungary_wuw.txt	3672	923	Helgeland	Sanok
common\national_focus\hungary_wuw.txt	3717	484	Baja California	Nisko
common\national_focus\hungary_wuw.txt	3718	484	Baja California	Nisko
common\national_focus\hungary_wuw.txt	3721	490	Pastaza	Drohobycz
common\national_focus\hungary_wuw.txt	3722	490	Pastaza	Drohobycz
common\national_focus\hungary_wuw.txt	3725	496	Para	Tarnow
common\national_focus\hungary_wuw.txt	3726	496	Para	Tarnow
common\national_focus\hungary_wuw.txt	3729	501	Saol Paulo	Lubaczow
common\national_focus\hungary_wuw.txt	3730	501	Saol Paulo	Lubaczow
common\national_focus\hungary_wuw.txt	3733	502	Rio Grande Sul	Czortkow
common\national_focus\hungary_wuw.txt	3734	502	Rio Grande Sul	Czortkow
common\national_focus\hungary_wuw.txt	3737	509	Gran Chaco	Biala
common\national_focus\hungary_wuw.txt	3738	509	Gran Chaco	Biala
common\national_focus\hungary_wuw.txt	3741	542	Bechuana Land	Nadworna
common\national_focus\hungary_wuw.txt	3742	542	Bechuana Land	Nadworna
common\national_focus\hungary_wuw.txt	3745	836	Bale	Rzeszow
common\national_focus\hungary_wuw.txt	3746	836	Bale	Rzeszow
common\national_focus\hungary_wuw.txt	3749	923	Helgeland	Sanok
common\national_focus\hungary_wuw.txt	3750	923	Helgeland	Sanok
common\national_focus\hungary_wuw.txt	4056	776	Dahomey	Usora
common\national_focus\hungary_wuw.txt	4057	777	Togo	Bihac
common\national_focus\hungary_wuw.txt	4058	782	Tombouctou	Foca
common\national_focus\hungary_wuw.txt	4059	792	Basque Country	Zenica
common\national_focus\hungary_wuw.txt	4060	813	Rakvere	Mostar
common\national_focus\hungary_wuw.txt	4061	835	Haraghe	Trebinje
common\national_focus\hungary_wuw.txt	4159	721	Portuguese Timor	Osijek
common\national_focus\hungary_wuw.txt	4164	712	Cocos Islands	Medimurje
common\national_focus\hungary_wuw.txt	4178	754	Golog	Lika-Gacka
common\national_focus\hungary_wuw.txt	4187	811	Saaremaa	Sibenik
common\national_focus\hungary_wuw.txt	4189	815	Aukstaitija	Cetina
common\national_focus\hungary_wuw.txt	4200	884	Upper Nile	Kotor
common\national_focus\hungary_wuw.txt	4240	721	Portuguese Timor	Osijek
common\national_focus\hungary_wuw.txt	4245	712	Cocos Islands	Medimurje
common\national_focus\hungary_wuw.txt	4259	754	Golog	Lika-Gacka
common\national_focus\hungary_wuw.txt	4268	811	Saaremaa	Sibenik
common\national_focus\hungary_wuw.txt	4270	815	Aukstaitija	Cetina
common\national_focus\hungary_wuw.txt	4281	884	Upper Nile	Kotor
common\national_focus\hungary_wuw.txt	4307	735	Savoy	Subotica
common\national_focus\hungary_wuw.txt	4313	738	Aru Islands	Zrenjanin
common\national_focus\hungary_wuw.txt	4337	695	Curacao	Prekmurje
common\national_focus\hungary_wuw.txt	4338	703	Ascension	Drava
common\national_focus\hungary_wuw.txt	4339	714	Heilungkiang	Gorenjska
common\national_focus\hungary_wuw.txt	4340	720	South Georgia	Canale
common\national_focus\hungary_wuw.txt	4341	743	Qingdao	Ljubljana
common\national_focus\hungary_wuw.txt	4496	547	East Africa	Moselle
common\national_focus\hungary_wuw.txt	4505	709	Seychelles	Milano
common\national_focus\hungary_wuw.txt	4574	547	East Africa	Moselle
common\national_focus\hungary_wuw.txt	4575	709	Seychelles	Milano
common\national_focus\hungary_wuw.txt	4610	547	East Africa	Moselle
common\national_focus\hungary_wuw.txt	4611	709	Seychelles	Milano
common\national_focus\hungary_wuw.txt	4640	744	Xian	Trieste
common\national_focus\hungary_wuw.txt	4642	762	Katowice	Istria
common\national_focus\hungary_wuw.txt	4723	718	Stanleyville	Torino
common\national_focus\hungary_wuw.txt	4813	708	Comoro Islands	Ticino
common\national_focus\hungary_wuw.txt	4814	708	Comoro Islands	Ticino
common\national_focus\hungary_wuw.txt	4903	745	Dalian	Aosta
common\national_focus\hungary_wuw.txt	5037	779	Ivory Coast	Bologna
common\national_focus\hungary_wuw.txt	5311	805	Northern Epirus	Firenze
common\national_focus\hungary_wuw.txt	5467	823	- Karakalpakstan	Ancona
common\national_focus\hungary_wuw.txt	5540	839	Welega	Perugia
common\national_focus\hungary_wuw.txt	5702	876	Udachny	Roma Centro
common\national_focus\hungary_wuw.txt	5787	872	North Queensland	Aquila degli Abruzzi
common\national_focus\hungary_wuw.txt	5858	908	Afar	Campobasso
common\national_focus\hungary_wuw.txt	5945	912	Sonderjylland	Bari
common\national_focus\hungary_wuw.txt	6035	920	Opplandene	Gaeta
common\national_focus\hungary_wuw.txt	6036	934	Shkoder	Napoli
common\national_focus\hungary_wuw.txt	6107	956	- Santa Fe	Potenza
common\national_focus\hungary_wuw.txt	6184	1009	Farah	Catanzaro
common\national_focus\hungary_wuw.txt	6285	1075	- West Queensland	Palermo
common\national_focus\hungary_wuw.txt	6386	944	- Parana	Cagliari
common\national_focus\hungary_wuw.txt	6455	866	Districts of Ontario	Corse-du-Sud
common\national_focus\hungary_wuw.txt	6456	866	Districts of Ontario	Corse-du-Sud
common\national_focus\hungary_wuw.txt	6481	798	Amasya	Genova
common\national_focus\hungary_wuw.txt	6607	454	Israel	West-Vlaanderen
common\national_focus\hungary_wuw.txt	6976	4	Austria	Finnmark
common\national_focus\hungary_wuw.txt	7044	9	Czechoslovakia	Ontario
common\national_focus\hungary_wuw.txt	7062	4	Austria	Finnmark
common\national_focus\hungary_wuw.txt	7423	659	Arabian UK 2	Veszprem
common\national_focus\hungary_wuw.txt	7430	659	Arabian UK 2	Veszprem
common\national_focus\hungary_wuw.txt	7437	659	Arabian UK 2	Veszprem
common\national_focus\hungary_wuw.txt	7514	975	- Burgenland	Gumushane
common\national_focus\hungary_wuw.txt	8304	43	Hungary	Delaware
common\national_focus\hungary_wuw.txt	8734	621	China 18	Eisenstadt
common\national_focus\hungary_wuw.txt	8735	621	China 18	Eisenstadt
common\national_focus\hungary_wuw.txt	8761	621	China 18	Eisenstadt
common\national_focus\hungary_wuw.txt	8970	721	Portuguese Timor	Osijek
common\national_focus\hungary_wuw.txt	8975	712	Cocos Islands	Medimurje
common\national_focus\hungary_wuw.txt	8989	754	Golog	Lika-Gacka
common\national_focus\hungary_wuw.txt	8998	811	Saaremaa	Sibenik
common\national_focus\hungary_wuw.txt	9000	815	Aukstaitija	Cetina
common\national_focus\hungary_wuw.txt	9011	884	Upper Nile	Kotor
common\national_focus\hungary_wuw.txt	9016	735	Savoy	Subotica
common\national_focus\hungary_wuw.txt	9022	738	Aru Islands	Zrenjanin
common\national_focus\hungary_wuw.txt	9029	735	Savoy	Subotica
common\national_focus\hungary_wuw.txt	9092	541	South West Africa	Tatra
common\national_focus\hungary_wuw.txt	9093	550	Eritrea	Saris-Zemplin
common\national_focus\hungary_wuw.txt	9094	555	Lagos	Trencin
common\national_focus\hungary_wuw.txt	9095	562	TS 4	Sobrance
common\national_focus\hungary_wuw.txt	9096	564	TS 6	Northern Maramures
common\national_focus\hungary_wuw.txt	9097	569	TS 11	Levoca
common\national_focus\hungary_wuw.txt	9098	574	Siberia 1	Hron
common\national_focus\hungary_wuw.txt	9099	577	Siberia 4	Zilina
common\national_focus\hungary_wuw.txt	9100	580	Siberia 7	Nyitra es Pozsony
common\national_focus\hungary_wuw.txt	9101	586	Kyrgyzstan	Nitra
common\national_focus\hungary_wuw.txt	9102	591	Hainan	Malacky
common\national_focus\hungary_wuw.txt	9103	593	Guangdong	Uzhorod a Mukacevo
common\national_focus\hungary_wuw.txt	9104	610	China 9	Komarom
common\national_focus\hungary_wuw.txt	9183	622	China 19	Satu Mare
common\national_focus\hungary_wuw.txt	9186	628	Cebu	Maramures
common\national_focus\hungary_wuw.txt	9189	649	Galapagos Islands	Nasaud
common\national_focus\hungary_wuw.txt	9190	665	Gabes	Cluj
common\national_focus\hungary_wuw.txt	9191	680	Deir-az-Zur	Mures
common\national_focus\hungary_wuw.txt	9193	674	Central Australia	Ciuc
common\national_focus\hungary_wuw.txt	9198	692	Windward Islands	Turda
common\national_focus\hungary_wuw.txt	9199	713	Kerguelen	Alba
common\national_focus\hungary_wuw.txt	9200	727	Line Islands	Hunedoara
common\national_focus\hungary_wuw.txt	9203	730	St Pierre and Miquelon 	Sibiu
common\national_focus\hungary_wuw.txt	9206	737	New Britain	Brasov
common\national_focus\hungary_wuw.txt	9210	736	Litorale	Timis-Torontal
common\national_focus\hungary_wuw.txt	9213	756	Jiuquan	Caras
common\national_focus\hungary_wuw.txt	9219	639	Maiana	Salaj
common\national_focus\hungary_wuw.txt	9222	664	Southern Slovakia	Oradea
common\national_focus\hungary_wuw.txt	9224	686	Puerto Rico	Beius
common\national_focus\hungary_wuw.txt	9226	705	Sao Tome	Arad
common\national_focus\hungary_wuw.txt	11904	621	China 18	Eisenstadt
common\national_focus\hungary_wuw.txt	11905	610	China 9	Komarom
common\national_focus\hungary_wuw.txt	11906	580	Siberia 7	Nyitra es Pozsony
common\national_focus\hungary_wuw.txt	11910	593	Guangdong	Uzhorod a Mukacevo
common\national_focus\hungary_wuw.txt	11915	564	TS 6	Northern Maramures
common\national_focus\hungary_wuw.txt	11917	695	Curacao	Prekmurje
common\national_focus\hungary_wuw.txt	11918	712	Cocos Islands	Medimurje
common\national_focus\hungary_wuw.txt	11922	735	Savoy	Subotica
common\national_focus\hungary_wuw.txt	11926	738	Aru Islands	Zrenjanin
common\national_focus\hungary_wuw.txt	11931	622	China 19	Satu Mare
common\national_focus\hungary_wuw.txt	11933	639	Maiana	Salaj
common\national_focus\hungary_wuw.txt	11937	628	Cebu	Maramures
common\national_focus\hungary_wuw.txt	11940	649	Galapagos Islands	Nasaud
common\national_focus\hungary_wuw.txt	11942	665	Gabes	Cluj
common\national_focus\hungary_wuw.txt	11943	680	Deir-az-Zur	Mures
common\national_focus\hungary_wuw.txt	11945	674	Central Australia	Ciuc
common\national_focus\hungary_wuw.txt	11947	705	Sao Tome	Arad
common\national_focus\hungary_wuw.txt	11951	686	Puerto Rico	Beius
common\national_focus\hungary_wuw.txt	11953	692	Windward Islands	Turda
common\national_focus\hungary_wuw.txt	11955	713	Kerguelen	Alba
common\national_focus\hungary_wuw.txt	11956	727	Line Islands	Hunedoara
common\national_focus\hungary_wuw.txt	11959	730	St Pierre and Miquelon 	Sibiu
common\national_focus\hungary_wuw.txt	11962	737	New Britain	Brasov
common\national_focus\hungary_wuw.txt	11964	736	Litorale	Timis-Torontal
common\national_focus\hungary_wuw.txt	11967	756	Jiuquan	Caras
common\national_focus\hungary_wuw.txt	12010	721	Portuguese Timor	Osijek
common\national_focus\hungary_wuw.txt	12015	712	Cocos Islands	Medimurje
common\national_focus\hungary_wuw.txt	12029	754	Golog	Lika-Gacka
common\national_focus\hungary_wuw.txt	12038	811	Saaremaa	Sibenik
common\national_focus\hungary_wuw.txt	12040	815	Aukstaitija	Cetina
common\national_focus\hungary_wuw.txt	12051	884	Upper Nile	Kotor
common\national_focus\hungary_wuw.txt	12080	721	Portuguese Timor	Osijek
common\national_focus\hungary_wuw.txt	12085	712	Cocos Islands	Medimurje
common\national_focus\hungary_wuw.txt	12099	754	Golog	Lika-Gacka
common\national_focus\hungary_wuw.txt	12109	811	Saaremaa	Sibenik
common\national_focus\hungary_wuw.txt	12111	815	Aukstaitija	Cetina
common\national_focus\hungary_wuw.txt	12122	884	Upper Nile	Kotor
common\national_focus\hungary_wuw.txt	12147	721	Portuguese Timor	Osijek
common\national_focus\hungary_wuw.txt	12152	712	Cocos Islands	Medimurje
common\national_focus\hungary_wuw.txt	12166	754	Golog	Lika-Gacka
common\national_focus\hungary_wuw.txt	12175	811	Saaremaa	Sibenik
common\national_focus\hungary_wuw.txt	12177	815	Aukstaitija	Cetina
common\national_focus\hungary_wuw.txt	12188	884	Upper Nile	Kotor
common\national_focus\hungary_wuw.txt	12384	593	Guangdong	Uzhorod a Mukacevo
common\national_focus\hungary_wuw.txt	12411	593	Guangdong	Uzhorod a Mukacevo
common\national_focus\hungary_wuw.txt	12474	665	Gabes	Cluj
common\national_focus\hungary_wuw.txt	12531	665	Gabes	Cluj
common\national_focus\hungary_wuw.txt	12770	580	Siberia 7	Nyitra es Pozsony
common\national_focus\hungary_wuw.txt	12772	574	Siberia 1	Hron
common\national_focus\hungary_wuw.txt	12796	580	Siberia 7	Nyitra es Pozsony
common\national_focus\hungary_wuw.txt	12798	574	Siberia 1	Hron
common\national_focus\hungary_wuw.txt	12826	550	Eritrea	Saris-Zemplin
common\national_focus\hungary_wuw.txt	12827	574	Siberia 1	Hron
common\national_focus\hungary_wuw.txt	12828	541	South West Africa	Tatra
common\national_focus\hungary_wuw.txt	12894	574	Siberia 1	Hron
common\national_focus\hungary_wuw.txt	12896	550	Eritrea	Saris-Zemplin
common\national_focus\hungary_wuw.txt	12911	574	Siberia 1	Hron
common\national_focus\hungary_wuw.txt	12913	550	Eritrea	Saris-Zemplin
common\national_focus\hungary_wuw.txt	12955	574	Siberia 1	Hron
common\national_focus\hungary_wuw.txt	12957	550	Eritrea	Saris-Zemplin
common\national_focus\hungary_wuw.txt	13007	622	China 19	Satu Mare
common\national_focus\hungary_wuw.txt	14064	633	Marshall Islands	Pest-Pilis
common\national_focus\hungary_wuw.txt	14065	154	Southern plain	Tver
common\national_focus\hungary_wuw.txt	14179	633	Marshall Islands	Pest-Pilis
common\national_focus\hungary_wuw.txt	14180	154	Southern plain	Tver
common\national_focus\hungary_wuw.txt	14231	633	Marshall Islands	Pest-Pilis
common\national_focus\hungary_wuw.txt	14267	633	Marshall Islands	Pest-Pilis
common\national_focus\hungary_wuw.txt	14299	633	Marshall Islands	Pest-Pilis
common\national_focus\hungary_wuw.txt	14443	973	- Bacs	Erzurum
common\national_focus\hungary_wuw.txt	14474	648	Marcus Island	Fejer
common\national_focus\hungary_wuw.txt	15244	622	China 19	Satu Mare
common\national_focus\hungary_wuw.txt	15247	628	Cebu	Maramures
common\national_focus\hungary_wuw.txt	15250	649	Galapagos Islands	Nasaud
common\national_focus\hungary_wuw.txt	15251	665	Gabes	Cluj
common\national_focus\hungary_wuw.txt	15252	680	Deir-az-Zur	Mures
common\national_focus\hungary_wuw.txt	15254	674	Central Australia	Ciuc
common\national_focus\hungary_wuw.txt	15259	639	Maiana	Salaj
common\national_focus\hungary_wuw.txt	15262	664	Southern Slovakia	Oradea
common\national_focus\hungary_wuw.txt	15264	686	Puerto Rico	Beius
common\national_focus\hungary_wuw.txt	15266	705	Sao Tome	Arad
common\national_focus\hungary_wuw.txt	15273	622	China 19	Satu Mare
common\national_focus\hungary_wuw.txt	15276	628	Cebu	Maramures
common\national_focus\hungary_wuw.txt	15279	649	Galapagos Islands	Nasaud
common\national_focus\hungary_wuw.txt	15280	665	Gabes	Cluj
common\national_focus\hungary_wuw.txt	15281	680	Deir-az-Zur	Mures
common\national_focus\hungary_wuw.txt	15283	674	Central Australia	Ciuc
common\national_focus\hungary_wuw.txt	15288	639	Maiana	Salaj
common\national_focus\hungary_wuw.txt	15291	664	Southern Slovakia	Oradea
common\national_focus\hungary_wuw.txt	15293	686	Puerto Rico	Beius
common\national_focus\hungary_wuw.txt	15295	705	Sao Tome	Arad
common\national_focus\hungary_wuw.txt	15323	622	China 19	Satu Mare
common\national_focus\hungary_wuw.txt	15326	628	Cebu	Maramures
common\national_focus\hungary_wuw.txt	15329	649	Galapagos Islands	Nasaud
common\national_focus\hungary_wuw.txt	15330	665	Gabes	Cluj
common\national_focus\hungary_wuw.txt	15331	680	Deir-az-Zur	Mures
common\national_focus\hungary_wuw.txt	15333	674	Central Australia	Ciuc
common\national_focus\hungary_wuw.txt	15338	639	Maiana	Salaj
common\national_focus\hungary_wuw.txt	15341	664	Southern Slovakia	Oradea
common\national_focus\hungary_wuw.txt	15343	686	Puerto Rico	Beius
common\national_focus\hungary_wuw.txt	15345	705	Sao Tome	Arad
common\national_focus\hungary_wuw.txt	15538	695	Curacao	Prekmurje
common\national_focus\hungary_wuw.txt	15539	712	Cocos Islands	Medimurje
common\national_focus\hungary_wuw.txt	15544	735	Savoy	Subotica
common\national_focus\hungary_wuw.txt	15550	738	Aru Islands	Zrenjanin
common\national_focus\hungary_wuw.txt	15557	622	China 19	Satu Mare
common\national_focus\hungary_wuw.txt	15560	628	Cebu	Maramures
common\national_focus\hungary_wuw.txt	15563	649	Galapagos Islands	Nasaud
common\national_focus\hungary_wuw.txt	15564	665	Gabes	Cluj
common\national_focus\hungary_wuw.txt	15565	680	Deir-az-Zur	Mures
common\national_focus\hungary_wuw.txt	15567	674	Central Australia	Ciuc
common\national_focus\hungary_wuw.txt	15573	639	Maiana	Salaj
common\national_focus\hungary_wuw.txt	15576	664	Southern Slovakia	Oradea
common\national_focus\hungary_wuw.txt	15578	686	Puerto Rico	Beius
common\national_focus\hungary_wuw.txt	15580	705	Sao Tome	Arad
common\national_focus\hungary_wuw.txt	15587	692	Windward Islands	Turda
common\national_focus\hungary_wuw.txt	15588	713	Kerguelen	Alba
common\national_focus\hungary_wuw.txt	15589	727	Line Islands	Hunedoara
common\national_focus\hungary_wuw.txt	15592	730	St Pierre and Miquelon 	Sibiu
common\national_focus\hungary_wuw.txt	15595	737	New Britain	Brasov
common\national_focus\hungary_wuw.txt	15599	736	Litorale	Timis-Torontal
common\national_focus\hungary_wuw.txt	15602	756	Jiuquan	Caras
common\national_focus\hungary_wuw.txt	15616	695	Curacao	Prekmurje
common\national_focus\hungary_wuw.txt	15617	712	Cocos Islands	Medimurje
common\national_focus\hungary_wuw.txt	15622	735	Savoy	Subotica
common\national_focus\hungary_wuw.txt	15628	738	Aru Islands	Zrenjanin
common\national_focus\hungary_wuw.txt	15635	622	China 19	Satu Mare
common\national_focus\hungary_wuw.txt	15638	628	Cebu	Maramures
common\national_focus\hungary_wuw.txt	15641	649	Galapagos Islands	Nasaud
common\national_focus\hungary_wuw.txt	15642	665	Gabes	Cluj
common\national_focus\hungary_wuw.txt	15643	680	Deir-az-Zur	Mures
common\national_focus\hungary_wuw.txt	15645	674	Central Australia	Ciuc
common\national_focus\hungary_wuw.txt	15651	639	Maiana	Salaj
common\national_focus\hungary_wuw.txt	15654	664	Southern Slovakia	Oradea
common\national_focus\hungary_wuw.txt	15656	686	Puerto Rico	Beius
common\national_focus\hungary_wuw.txt	15658	705	Sao Tome	Arad
common\national_focus\hungary_wuw.txt	15665	692	Windward Islands	Turda
common\national_focus\hungary_wuw.txt	15666	713	Kerguelen	Alba
common\national_focus\hungary_wuw.txt	15667	727	Line Islands	Hunedoara
common\national_focus\hungary_wuw.txt	15670	730	St Pierre and Miquelon 	Sibiu
common\national_focus\hungary_wuw.txt	15673	737	New Britain	Brasov
common\national_focus\hungary_wuw.txt	15677	736	Litorale	Timis-Torontal
common\national_focus\hungary_wuw.txt	15680	756	Jiuquan	Caras
common\national_focus\hungary_wuw.txt	15756	695	Curacao	Prekmurje
common\national_focus\hungary_wuw.txt	15757	712	Cocos Islands	Medimurje
common\national_focus\hungary_wuw.txt	15762	735	Savoy	Subotica
common\national_focus\hungary_wuw.txt	15768	738	Aru Islands	Zrenjanin
common\national_focus\hungary_wuw.txt	15775	622	China 19	Satu Mare
common\national_focus\hungary_wuw.txt	15778	628	Cebu	Maramures
common\national_focus\hungary_wuw.txt	15781	649	Galapagos Islands	Nasaud
common\national_focus\hungary_wuw.txt	15782	665	Gabes	Cluj
common\national_focus\hungary_wuw.txt	15783	680	Deir-az-Zur	Mures
common\national_focus\hungary_wuw.txt	15785	674	Central Australia	Ciuc
common\national_focus\hungary_wuw.txt	15791	639	Maiana	Salaj
common\national_focus\hungary_wuw.txt	15794	664	Southern Slovakia	Oradea
common\national_focus\hungary_wuw.txt	15796	686	Puerto Rico	Beius
common\national_focus\hungary_wuw.txt	15798	705	Sao Tome	Arad
common\national_focus\hungary_wuw.txt	15805	692	Windward Islands	Turda
common\national_focus\hungary_wuw.txt	15806	713	Kerguelen	Alba
common\national_focus\hungary_wuw.txt	15807	727	Line Islands	Hunedoara
common\national_focus\hungary_wuw.txt	15810	730	St Pierre and Miquelon 	Sibiu
common\national_focus\hungary_wuw.txt	15813	737	New Britain	Brasov
common\national_focus\hungary_wuw.txt	15817	736	Litorale	Timis-Torontal
common\national_focus\hungary_wuw.txt	15820	756	Jiuquan	Caras
common\national_focus\hungary_wuw.txt	16455	695	Curacao	Prekmurje
common\national_focus\hungary_wuw.txt	16456	712	Cocos Islands	Medimurje
common\national_focus\hungary_wuw.txt	16461	735	Savoy	Subotica
common\national_focus\hungary_wuw.txt	16467	738	Aru Islands	Zrenjanin
common\national_focus\hungary_wuw.txt	16474	622	China 19	Satu Mare
common\national_focus\hungary_wuw.txt	16477	628	Cebu	Maramures
common\national_focus\hungary_wuw.txt	16480	649	Galapagos Islands	Nasaud
common\national_focus\hungary_wuw.txt	16481	665	Gabes	Cluj
common\national_focus\hungary_wuw.txt	16482	680	Deir-az-Zur	Mures
common\national_focus\hungary_wuw.txt	16484	674	Central Australia	Ciuc
common\national_focus\hungary_wuw.txt	16490	639	Maiana	Salaj
common\national_focus\hungary_wuw.txt	16493	664	Southern Slovakia	Oradea
common\national_focus\hungary_wuw.txt	16495	686	Puerto Rico	Beius
common\national_focus\hungary_wuw.txt	16497	705	Sao Tome	Arad
common\national_focus\hungary_wuw.txt	16504	692	Windward Islands	Turda
common\national_focus\hungary_wuw.txt	16505	713	Kerguelen	Alba
common\national_focus\hungary_wuw.txt	16506	727	Line Islands	Hunedoara
common\national_focus\hungary_wuw.txt	16509	730	St Pierre and Miquelon 	Sibiu
common\national_focus\hungary_wuw.txt	16512	737	New Britain	Brasov
common\national_focus\hungary_wuw.txt	16516	736	Litorale	Timis-Torontal
common\national_focus\hungary_wuw.txt	16519	756	Jiuquan	Caras
common\national_focus\hungary_wuw.txt	16523	593	Guangdong	Uzhorod a Mukacevo
common\national_focus\hungary_wuw.txt	16528	564	TS 6	Northern Maramures
common\national_focus\hungary_wuw.txt	16612	622	China 19	Satu Mare
common\national_focus\hungary_wuw.txt	16615	628	Cebu	Maramures
common\national_focus\hungary_wuw.txt	16618	649	Galapagos Islands	Nasaud
common\national_focus\hungary_wuw.txt	16619	665	Gabes	Cluj
common\national_focus\hungary_wuw.txt	16620	680	Deir-az-Zur	Mures
common\national_focus\hungary_wuw.txt	16622	674	Central Australia	Ciuc
common\national_focus\hungary_wuw.txt	16627	639	Maiana	Salaj
common\national_focus\hungary_wuw.txt	16630	664	Southern Slovakia	Oradea
common\national_focus\hungary_wuw.txt	16632	686	Puerto Rico	Beius
common\national_focus\hungary_wuw.txt	16634	705	Sao Tome	Arad
common\national_focus\hungary_wuw.txt	16639	592	Guangzhou	Hotin
common\national_focus\hungary_wuw.txt	16641	600	Jiangxi	Balti
common\national_focus\hungary_wuw.txt	17087	593	Guangdong	Uzhorod a Mukacevo
common\national_focus\hungary_wuw.txt	17088	550	Eritrea	Saris-Zemplin
common\national_focus\hungary_wuw.txt	17097	593	Guangdong	Uzhorod a Mukacevo
common\national_focus\hungary_wuw.txt	17098	550	Eritrea	Saris-Zemplin
common\national_focus\hungary_wuw.txt	17338	622	China 19	Satu Mare
common\national_focus\hungary_wuw.txt	18351	648	Marcus Island	Fejer
common\national_focus\hungary_wuw.txt	18367	633	Marshall Islands	Pest-Pilis
common\national_focus\hungary_wuw.txt	18383	664	Southern Slovakia	Oradea
common\national_focus\hungary_wuw.txt	19614	633	Marshall Islands	Pest-Pilis
common\national_focus\hungary_wuw.txt	21431	633	Marshall Islands	Pest-Pilis
common\national_focus\hungary_wuw.txt	23034	103	Croatia	Kanta-Hame
common\national_focus\iceland.txt	1238	159	Lombardy	Hofudborgarsvaedid
common\national_focus\iceland.txt	2054	159	Lombardy	Hofudborgarsvaedid
common\national_focus\iceland.txt	2448	159	Lombardy	Hofudborgarsvaedid
common\national_focus\iceland.txt	2546	159	Lombardy	Hofudborgarsvaedid
common\national_focus\iceland.txt	2707	159	Lombardy	Hofudborgarsvaedid
common\national_focus\iceland.txt	2838	90	Lwow	Faero
common\national_focus\iceland.txt	2839	116	Malta	Zetland
common\national_focus\iceland.txt	2840	187	Aegean Islands	Orkney
common\national_focus\iceland.txt	3146	159	Lombardy	Hofudborgarsvaedid
common\national_focus\italy.txt	1600	1009	Farah	Catanzaro
common\national_focus\italy.txt	1803	934	Shkoder	Napoli
common\national_focus\italy.txt	1805	876	Udachny	Roma Centro
common\national_focus\italy.txt	1806	779	Ivory Coast	Bologna
common\national_focus\italy.txt	1924	779	Ivory Coast	Bologna
common\national_focus\italy.txt	2000	744	Xian	Trieste
common\national_focus\italy.txt	2056	742	Stalinabad	Venezia
common\national_focus\italy.txt	2167	718	Stanleyville	Torino
common\national_focus\italy.txt	3719	805	Northern Epirus	Firenze
common\national_focus\italy.txt	4910	1009	Farah	Catanzaro
common\national_focus\italy.txt	5327	720	South Georgia	Canale
common\national_focus\italy.txt	5866	720	South Georgia	Canale
common\national_focus\italy.txt	8474	882	Pavlodar	Gibraltar
common\national_focus\italy.txt	12785	454	Israel	West-Vlaanderen
common\national_focus\italy.txt	12966	743	Qingdao	Ljubljana
common\national_focus\italy.txt	13964	571	TS 13	Paris
common\national_focus\italy.txt	13972	170	Extremadura	Madona
common\national_focus\italy.txt	13973	170	Extremadura	Madona
common\national_focus\italy.txt	13989	810	Zemgale	Nice
common\national_focus\italy.txt	14032	743	Qingdao	Ljubljana
common\national_focus\italy.txt	14543	339	Izmir	Landsberg
common\national_focus\italy.txt	14849	1016	- Dhofar	Islas Baleares
common\national_focus\italy.txt	14858	1016	- Dhofar	Islas Baleares
common\national_focus\italy.txt	14872	1016	- Dhofar	Islas Baleares
common\national_focus\italy.txt	14880	1016	- Dhofar	Islas Baleares
common\national_focus\italy.txt	14890	1016	- Dhofar	Islas Baleares
common\national_focus\italy.txt	20120	550	Eritrea	Saris-Zemplin
common\national_focus\latvia.txt	2469	784	Ermland-Masuren	Avar
common\national_focus\latvia.txt	2470	96	Wilejka	Vologda
common\national_focus\latvia.txt	2471	95	Nowogrodek	Valmiera
common\national_focus\latvia.txt	2472	94	Polesie	Ilukste
common\national_focus\lithuania.txt	439	784	Ermland-Masuren	Avar
common\national_focus\lithuania.txt	685	227	Stalino	Klaipedos
common\national_focus\lithuania.txt	689	227	Stalino	Klaipedos
common\national_focus\lithuania.txt	1356	241	Pochep	Wilno
common\national_focus\lithuania.txt	1584	227	Stalino	Klaipedos
common\national_focus\lithuania.txt	1589	227	Stalino	Klaipedos
common\national_focus\lithuania.txt	2966	784	Ermland-Masuren	Avar
common\national_focus\lithuania.txt	3879	784	Ermland-Masuren	Avar
common\national_focus\lithuania.txt	4682	450	Benghasi	Belgorod
common\national_focus\netherlands.txt	639	335	West Java	Koscian
common\national_focus\netherlands.txt	711	335	West Java	Koscian
common\national_focus\netherlands.txt	778	335	West Java	Koscian
common\national_focus\netherlands.txt	779	672	South Sumatra	Saint-Amand-Montrond
common\national_focus\netherlands.txt	780	334	Kalimantan Barat	Caernarvonshire
common\national_focus\netherlands.txt	781	673	Sulawesi	Schwytz
common\national_focus\netherlands.txt	782	667	West Nusa Tenggara	Neamt
common\national_focus\netherlands.txt	783	309	Dutch SA	Tambov
common\national_focus\netherlands.txt	951	358	New York	Noord-Holland
common\national_focus\netherlands.txt	953	336	Singapore	Friesland
common\national_focus\netherlands.txt	1031	358	New York	Noord-Holland
common\national_focus\netherlands.txt	1084	336	Singapore	Friesland
common\national_focus\netherlands.txt	1085	358	New York	Noord-Holland
common\national_focus\netherlands.txt	1086	399	Izhevsk	Utrecht
common\national_focus\netherlands.txt	1134	336	Singapore	Friesland
common\national_focus\netherlands.txt	1135	358	New York	Noord-Holland
common\national_focus\netherlands.txt	1136	399	Izhevsk	Utrecht
common\national_focus\netherlands.txt	1168	402	Akhtubinsk	Zuid-Holland
common\national_focus\netherlands.txt	1206	336	Singapore	Friesland
common\national_focus\netherlands.txt	1207	358	New York	Noord-Holland
common\national_focus\netherlands.txt	1208	399	Izhevsk	Utrecht
common\national_focus\netherlands.txt	2701	358	New York	Noord-Holland
common\national_focus\netherlands.txt	2702	479	Tamaulipas	Oost Noord-Brabant
common\national_focus\netherlands.txt	2703	402	Akhtubinsk	Zuid-Holland
common\national_focus\netherlands.txt	2951	358	New York	Noord-Holland
common\national_focus\netherlands.txt	3917	335	West Java	Koscian
common\national_focus\netherlands.txt	3918	672	South Sumatra	Saint-Amand-Montrond
common\national_focus\netherlands.txt	3919	334	Kalimantan Barat	Caernarvonshire
common\national_focus\netherlands.txt	3920	673	Sulawesi	Schwytz
common\national_focus\netherlands.txt	3921	667	West Nusa Tenggara	Neamt
common\national_focus\netherlands.txt	3925	335	West Java	Koscian
common\national_focus\netherlands.txt	3926	672	South Sumatra	Saint-Amand-Montrond
common\national_focus\netherlands.txt	3927	334	Kalimantan Barat	Caernarvonshire
common\national_focus\netherlands.txt	3928	673	Sulawesi	Schwytz
common\national_focus\netherlands.txt	3929	667	West Nusa Tenggara	Neamt
common\national_focus\netherlands.txt	3938	335	West Java	Koscian
common\national_focus\netherlands.txt	3939	672	South Sumatra	Saint-Amand-Montrond
common\national_focus\netherlands.txt	3940	334	Kalimantan Barat	Caernarvonshire
common\national_focus\netherlands.txt	3941	673	Sulawesi	Schwytz
common\national_focus\netherlands.txt	3942	667	West Nusa Tenggara	Neamt
common\national_focus\netherlands.txt	3943	309	Dutch SA	Tambov
common\national_focus\netherlands.txt	3947	335	West Java	Koscian
common\national_focus\netherlands.txt	3948	672	South Sumatra	Saint-Amand-Montrond
common\national_focus\netherlands.txt	3949	334	Kalimantan Barat	Caernarvonshire
common\national_focus\netherlands.txt	3950	673	Sulawesi	Schwytz
common\national_focus\netherlands.txt	3951	667	West Nusa Tenggara	Neamt
common\national_focus\netherlands.txt	3952	309	Dutch SA	Tambov
common\national_focus\nordic_shared.txt	2956	914	JanMayen	Samtskhe
common\national_focus\nordic_shared.txt	2976	914	JanMayen	Samtskhe
common\national_focus\nordic_shared.txt	3063	914	JanMayen	Samtskhe
common\national_focus\nordic_shared.txt	3079	914	JanMayen	Samtskhe
common\national_focus\norway.txt	2122	41	Madrid	Arkhangelsk
common\national_focus\norway.txt	2650	4	Austria	Finnmark
common\national_focus\norway.txt	3426	124	Gotland	Oslo
common\national_focus\norway.txt	3427	25	Limousin	Nordland
common\national_focus\norway.txt	3493	124	Gotland	Oslo
common\national_focus\norway.txt	3494	25	Limousin	Nordland
common\national_focus\norway.txt	6274	54	Bayreuth	Jamtland
common\national_focus\norway.txt	6315	54	Bayreuth	Jamtland
common\national_focus\norway.txt	6341	54	Bayreuth	Jamtland
common\national_focus\norway.txt	6379	90	Lwow	Faero
common\national_focus\norway.txt	6498	159	Lombardy	Hofudborgarsvaedid
common\national_focus\norway.txt	6538	159	Lombardy	Hofudborgarsvaedid
common\national_focus\norway.txt	6585	315	Cuba	Kobenhavn
common\national_focus\norway.txt	6597	315	Cuba	Kobenhavn
common\national_focus\norway.txt	6669	246	Rzhev	Tonder
common\national_focus\norway.txt	6670	139	Smaland	Abenra-Sonderborg
common\national_focus\norway.txt	6671	104	Bosnia	Haderslev
common\national_focus\norway.txt	6672	228	Taganrog	Ribe
common\national_focus\norway.txt	6673	223	tula	Vejle
common\national_focus\norway.txt	6674	34	Wallonie	Skanderborg
common\national_focus\norway.txt	6675	15	Normandy	Arhus
common\national_focus\norway.txt	6676	76	Northern Transylvania	Randers
common\national_focus\norway.txt	6677	181	Guarda	Viborg
common\national_focus\norway.txt	6678	120	Scottish Highlands	Alborg
common\national_focus\norway.txt	6679	140	Vaster Gotland	Hjorring
common\national_focus\norway.txt	6680	144	Nord-Noreg	Thisted
common\national_focus\norway.txt	6681	197	Mykolaiv	Ringkobing
common\national_focus\norway.txt	6682	240	Voronezh	Odense
common\national_focus\norway.txt	6683	247	Tver	Svendborg
common\national_focus\norway.txt	6684	164	Dodecanese	Bornholm
common\national_focus\norway.txt	6777	41	Madrid	Arkhangelsk
common\national_focus\norway.txt	6817	320	French India	Dublin
common\national_focus\norway.txt	6905	221	Kharkov	Midlothian
common\national_focus\norway.txt	6906	116	Malta	Zetland
common\national_focus\norway.txt	6907	221	Kharkov	Midlothian
common\national_focus\norway.txt	6908	116	Malta	Zetland
common\national_focus\norway.txt	7008	64	Brandenburg	Newfoundland
common\national_focus\norway.txt	7025	64	Brandenburg	Newfoundland
common\national_focus\norway.txt	7026	64	Brandenburg	Newfoundland
common\national_focus\norway.txt	7098	54	Bayreuth	Jamtland
common\national_focus\norway.txt	7101	90	Lwow	Faero
common\national_focus\norway.txt	7102	116	Malta	Zetland
common\national_focus\norway.txt	7901	124	Gotland	Oslo
common\national_focus\poland.txt	140	508	Argentine Northwest	Warszawa
common\national_focus\poland.txt	156	867	Northern Manitoba	Kielce
common\national_focus\poland.txt	172	377	Arizona	Lublin
common\national_focus\poland.txt	177	381	Wyoming	Lodz
common\national_focus\poland.txt	239	122	Wales	Poznan
common\national_focus\poland.txt	256	549	Sudan	Bydgoszcz
common\national_focus\poland.txt	468	481	Sinaloa	Katowice
common\national_focus\poland.txt	473	481	Sinaloa	Katowice
common\national_focus\poland.txt	766	481	Sinaloa	Katowice
common\national_focus\poland.txt	913	992	Province of Aden	Kowel
common\national_focus\poland.txt	945	292	Saudi Arabia	Baranowicze
common\national_focus\poland.txt	1019	496	Para	Tarnow
common\national_focus\poland.txt	1100	508	Argentine Northwest	Warszawa
common\national_focus\poland.txt	1121	867	Northern Manitoba	Kielce
common\national_focus\poland.txt	1137	311	BritMex	Plock
common\national_focus\poland.txt	1179	508	Argentine Northwest	Warszawa
common\national_focus\poland.txt	1196	508	Argentine Northwest	Warszawa
common\national_focus\poland.txt	1219	377	Arizona	Lublin
common\national_focus\poland.txt	1237	241	Pochep	Wilno
common\national_focus\poland.txt	1708	508	Argentine Northwest	Warszawa
common\national_focus\poland.txt	2912	227	Stalino	Klaipedos
common\national_focus\poland.txt	2983	235	Stravropol	Safonovo
common\national_focus\poland.txt	3619	549	Sudan	Bydgoszcz
common\national_focus\poland.txt	3650	467	Manitoba	Sosnowiec
common\national_focus\poland.txt	3651	612	China 11	Wielun
common\national_focus\poland.txt	3652	80	Bocovina	Ostrow Wiel
common\national_focus\poland.txt	3653	335	West Java	Koscian
common\national_focus\poland.txt	3654	79	moldovia	Nowy Tomysl
common\national_focus\poland.txt	3655	82	Banat	Chodziez
common\national_focus\poland.txt	3671	467	Manitoba	Sosnowiec
common\national_focus\poland.txt	3672	612	China 11	Wielun
common\national_focus\poland.txt	3673	80	Bocovina	Ostrow Wiel
common\national_focus\poland.txt	3674	335	West Java	Koscian
common\national_focus\poland.txt	3675	79	moldovia	Nowy Tomysl
common\national_focus\poland.txt	3676	82	Banat	Chodziez
common\national_focus\poland.txt	3848	481	Sinaloa	Katowice
common\national_focus\poland.txt	3851	509	Gran Chaco	Biala
common\national_focus\poland.txt	3872	481	Sinaloa	Katowice
common\national_focus\poland.txt	3875	509	Gran Chaco	Biala
common\national_focus\poland.txt	4052	292	Saudi Arabia	Baranowicze
common\national_focus\poland.txt	4397	502	Rio Grande Sul	Czortkow
common\national_focus\poland.txt	4399	459	Western Algeria	Krzemieniec
common\national_focus\poland.txt	4401	420	Gilan	Sarny
common\national_focus\poland.txt	4433	508	Argentine Northwest	Warszawa
common\national_focus\poland.txt	4435	549	Sudan	Bydgoszcz
common\national_focus\poland.txt	4984	274	British Africa	Alytaus
common\national_focus\poland.txt	4986	208	Pskov	Kretingos
common\national_focus\poland.txt	4987	241	Pochep	Wilno
common\national_focus\poland.txt	5882	508	Argentine Northwest	Warszawa
common\national_focus\poland.txt	5899	508	Argentine Northwest	Warszawa
common\national_focus\poland.txt	6008	508	Argentine Northwest	Warszawa
common\national_focus\poland.txt	6119	1000	East Azerbaijan	Oszmiana
common\national_focus\poland.txt	6119	1000	East Azerbaijan	Oszmiana
common\national_focus\poland.txt	6120	1000	East Azerbaijan	Oszmiana
common\national_focus\poland.txt	6123	326	HongKong	Wolkowysk
common\national_focus\poland.txt	6123	326	HongKong	Wolkowysk
common\national_focus\poland.txt	6124	326	HongKong	Wolkowysk
common\national_focus\poland.txt	6131	434	Arunachal Pradesh	Wlodzimierz Wolynski
common\national_focus\poland.txt	6131	434	Arunachal Pradesh	Wlodzimierz Wolynski
common\national_focus\poland.txt	6132	434	Arunachal Pradesh	Wlodzimierz Wolynski
common\national_focus\poland.txt	6148	241	Pochep	Wilno
common\national_focus\poland.txt	6148	241	Pochep	Wilno
common\national_focus\poland.txt	6149	241	Pochep	Wilno
common\national_focus\poland.txt	6153	274	British Africa	Alytaus
common\national_focus\poland.txt	6153	274	British Africa	Alytaus
common\national_focus\poland.txt	6154	274	British Africa	Alytaus
common\national_focus\poland.txt	6157	227	Stalino	Klaipedos
common\national_focus\poland.txt	6157	227	Stalino	Klaipedos
common\national_focus\poland.txt	6158	227	Stalino	Klaipedos
common\national_focus\poland.txt	6161	208	Pskov	Kretingos
common\national_focus\poland.txt	6161	208	Pskov	Kretingos
common\national_focus\poland.txt	6162	208	Pskov	Kretingos
common\national_focus\poland.txt	7251	1000	East Azerbaijan	Oszmiana
common\national_focus\poland.txt	7252	326	HongKong	Wolkowysk
common\national_focus\poland.txt	7254	434	Arunachal Pradesh	Wlodzimierz Wolynski
common\national_focus\poland.txt	7411	508	Argentine Northwest	Warszawa
common\national_focus\poland.txt	7816	526	Okinawa	Zaolzie
common\national_focus\poland.txt	7818	499	Bahia	Sternberg
common\national_focus\poland.txt	7819	532	Nagoya	Olomouc
common\national_focus\poland.txt	7820	513	Southern Algeria	Praha
common\national_focus\poland.txt	7832	526	Okinawa	Zaolzie
common\national_focus\poland.txt	7834	499	Bahia	Sternberg
common\national_focus\poland.txt	7835	532	Nagoya	Olomouc
common\national_focus\poland.txt	7836	513	Southern Algeria	Praha
common\national_focus\poland.txt	8528	227	Stalino	Klaipedos
common\national_focus\poland.txt	8670	513	Southern Algeria	Praha
common\national_focus\poland.txt	8752	513	Southern Algeria	Praha
common\national_focus\poland.txt	8974	292	Saudi Arabia	Baranowicze
common\national_focus\poland.txt	9409	388	Montana	Kursk
common\national_focus\poland.txt	9410	318	Haiti	Oryol
common\national_focus\poland.txt	9411	330	Mongolia	Lokot
common\national_focus\poland.txt	9419	298	Liberia	Kletnya
common\national_focus\poland.txt	9420	303	Peru	Lyudinovo
common\national_focus\poland.txt	9432	511	Cuyo	Rostov
common\national_focus\poland.txt	9794	229	baku	Moscow
common\national_focus\poland.txt	9795	138	Skane	Novgorod
common\national_focus\poland.txt	9802	457	Aswan	Volgograd
common\national_focus\poland.txt	9803	408	Vladivostok	Oxfordshire
common\national_focus\poland.txt	9847	5	Germany	Pultusk
common\national_focus\poland.txt	9848	763	Konigsberg	Nogay
common\national_focus\poland.txt	9960	508	Argentine Northwest	Warszawa
common\national_focus\poland.txt	10579	671	Annam	Rowne
common\national_focus\poland.txt	10766	511	Cuyo	Rostov
common\national_focus\poland.txt	10767	318	Haiti	Oryol
common\national_focus\poland.txt	10769	252	Nizhny Novogrod	Konigsberg
common\national_focus\poland.txt	10807	388	Montana	Kursk
common\national_focus\poland.txt	10808	318	Haiti	Oryol
common\national_focus\poland.txt	10809	330	Mongolia	Lokot
common\national_focus\poland.txt	10817	298	Liberia	Kletnya
common\national_focus\poland.txt	10818	303	Peru	Lyudinovo
common\national_focus\poland.txt	10830	511	Cuyo	Rostov
common\national_focus\poland.txt	11844	227	Stalino	Klaipedos
common\national_focus\poland.txt	13106	339	Izmir	Landsberg
common\national_focus\poland.txt	13125	281	India	Stralsund
common\national_focus\poland.txt	13132	339	Izmir	Landsberg
common\national_focus\poland.txt	13301	388	Montana	Kursk
common\national_focus\poland.txt	13302	318	Haiti	Oryol
common\national_focus\poland.txt	13303	330	Mongolia	Lokot
common\national_focus\poland.txt	13311	298	Liberia	Kletnya
common\national_focus\poland.txt	13312	303	Peru	Lyudinovo
common\national_focus\poland.txt	13324	511	Cuyo	Rostov
common\national_focus\poland.txt	15321	280	Brazil	Danzig
common\national_focus\poland.txt	15343	267	Afghanistan	Gdynia
common\national_focus\poland.txt	15349	280	Brazil	Danzig
common\national_focus\poland.txt	15417	280	Brazil	Danzig
common\national_focus\poland.txt	15428	280	Brazil	Danzig
common\national_focus\poland.txt	15439	267	Afghanistan	Gdynia
common\national_focus\poland.txt	15444	267	Afghanistan	Gdynia
common\national_focus\poland.txt	15591	280	Brazil	Danzig
common\national_focus\poland.txt	15622	267	Afghanistan	Gdynia
common\national_focus\poland.txt	15642	280	Brazil	Danzig
common\national_focus\poland.txt	15690	280	Brazil	Danzig
common\national_focus\poland.txt	15733	280	Brazil	Danzig
common\national_focus\poland.txt	15743	267	Afghanistan	Gdynia
common\national_focus\poland.txt	15753	280	Brazil	Danzig
common\national_focus\portugal.txt	2224	847	Western Swiss Alps	Setubal
common\national_focus\portugal.txt	2607	847	Western Swiss Alps	Setubal
common\national_focus\portugal.txt	2720	882	Pavlodar	Gibraltar
common\national_focus\portugal.txt	2755	882	Pavlodar	Gibraltar
common\national_focus\portugal.txt	3369	592	Guangzhou	Hotin
common\national_focus\portugal.txt	3414	592	Guangzhou	Hotin
common\national_focus\portugal.txt	3495	1042	- Khotan	Lisboa
common\national_focus\portugal.txt	3719	847	Western Swiss Alps	Setubal
common\national_focus\portugal.txt	4317	1042	- Khotan	Lisboa
common\national_focus\portugal.txt	4710	847	Western Swiss Alps	Setubal
common\national_focus\portugal.txt	5290	847	Western Swiss Alps	Setubal
common\national_focus\portugal.txt	5361	1079	Auckland	Sevilla
common\national_focus\portugal.txt	5362	987	- Waziristan	Caceres
common\national_focus\romania.txt	503	46	Romania	Krasnystaw
common\national_focus\romania.txt	1008	79	moldovia	Nowy Tomysl
common\national_focus\romania.txt	1024	79	moldovia	Nowy Tomysl
common\national_focus\romania.txt	1254	727	Line Islands	Hunedoara
common\national_focus\romania.txt	1320	737	New Britain	Brasov
common\national_focus\romania.txt	1571	48	Bulgaria	Austurland
common\national_focus\romania.txt	1572	212	Plovdiv	Malmohus
common\national_focus\romania.txt	1573	211	Burgas	Kinross
common\national_focus\romania.txt	1932	663	Cyrenaica	Vas
common\national_focus\romania.txt	1933	633	Marshall Islands	Pest-Pilis
common\national_focus\romania.txt	1934	631	Midway Island	Hajdu
common\national_focus\romania.txt	3101	46	Romania	Krasnystaw
common\national_focus\romania.txt	3117	46	Romania	Krasnystaw
common\national_focus\romania.txt	3880	46	Romania	Krasnystaw
common\national_focus\romania.txt	4087	46	Romania	Krasnystaw
common\national_focus\romania.txt	4283	46	Romania	Krasnystaw
common\national_focus\romania.txt	4460	46	Romania	Krasnystaw
common\national_focus\soviet.txt	2915	138	Skane	Novgorod
common\national_focus\soviet.txt	5105	557	Mauritania	Stalino
common\national_focus\soviet.txt	5301	229	baku	Moscow
common\national_focus\soviet.txt	7821	41	Madrid	Arkhangelsk
common\national_focus\soviet.txt	7825	405	Atyrau	Buckinghamshire
common\national_focus\soviet.txt	7989	108	Eastern Serbia	Kirov
common\national_focus\soviet.txt	7991	632	Wake Island	Astrakhan
common\national_focus\soviet.txt	7992	430	Bangladesh	Batys Kazakhstan
common\national_focus\soviet.txt	8006	108	Eastern Serbia	Kirov
common\national_focus\soviet.txt	8008	632	Wake Island	Astrakhan
common\national_focus\soviet.txt	8009	430	Bangladesh	Batys Kazakhstan
common\national_focus\soviet.txt	8157	430	Bangladesh	Batys Kazakhstan
common\national_focus\soviet.txt	8159	261	USA	Ulyanovsk
common\national_focus\soviet.txt	8162	436	Central Provinces	Zhitomir
common\national_focus\soviet.txt	8240	696	Bermuda	Krasnodar
common\national_focus\soviet.txt	8241	557	Mauritania	Stalino
common\national_focus\soviet.txt	8697	171	Galicia	Nizhny Novgorod
common\national_focus\soviet.txt	8727	138	Skane	Novgorod
common\national_focus\soviet.txt	8821	1005	Qataghan	Ararat
common\national_focus\soviet.txt	8823	405	Atyrau	Buckinghamshire
common\national_focus\soviet.txt	8824	408	Vladivostok	Oxfordshire
common\national_focus\soviet.txt	8825	1006	Khyber Pass	Ahal
common\national_focus\soviet.txt	8826	586	Kyrgyzstan	Nitra
common\national_focus\soviet.txt	8827	464	Nova Scotia	Aqtobe
common\national_focus\soviet.txt	8828	732	Pamir	Stavropol
common\national_focus\soviet.txt	8829	743	Qingdao	Ljubljana
common\national_focus\soviet.txt	9097	41	Madrid	Arkhangelsk
common\national_focus\soviet.txt	9101	405	Atyrau	Buckinghamshire
common\national_focus\soviet.txt	9837	171	Galicia	Nizhny Novgorod
common\national_focus\soviet.txt	12439	650	Attu Island	Bourges
common\national_focus\soviet.txt	12457	650	Attu Island	Bourges
common\national_focus\soviet.txt	12503	650	Attu Island	Bourges
common\national_focus\soviet.txt	12874	557	Mauritania	Stalino
common\national_focus\soviet.txt	12967	100	Iceland	Sortavala
common\national_focus\soviet.txt	12968	77	Dobrogea	Viipuri
common\national_focus\soviet.txt	12969	113	Ireland	Terijoki
common\national_focus\soviet.txt	13649	419	Azerbaijan	Monmouthshire
common\national_focus\soviet.txt	13650	420	Gilan	Sarny
common\national_focus\soviet.txt	13651	266	Persia	Krupki
common\national_focus\soviet.txt	13652	416	Razavi Khorasan	Hertfordshire
common\national_focus\soviet.txt	13655	676	Mosul	Zala
common\national_focus\soviet.txt	13656	291	Iraq	Cavan
common\national_focus\soviet.txt	13681	419	Azerbaijan	Monmouthshire
common\national_focus\soviet.txt	13682	420	Gilan	Sarny
common\national_focus\soviet.txt	13683	266	Persia	Krupki
common\national_focus\soviet.txt	13684	416	Razavi Khorasan	Hertfordshire
common\national_focus\soviet.txt	13699	676	Mosul	Zala
common\national_focus\soviet.txt	13700	291	Iraq	Cavan
common\national_focus\soviet.txt	15269	119	Northern Ireland	Leningrad
common\national_focus\soviet.txt	15538	876	Udachny	Roma Centro
common\national_focus\soviet.txt	15567	932	Isle of Man	Bati Istanbul
common\national_focus\soviet.txt	16328	632	Wake Island	Astrakhan
common\national_focus\spain.txt	259	926	Turku	Segovia
common\national_focus\spain.txt	260	950	- Araucania	Avila
common\national_focus\spain.txt	280	926	Turku	Segovia
common\national_focus\spain.txt	281	950	- Araucania	Avila
common\national_focus\spain.txt	301	926	Turku	Segovia
common\national_focus\spain.txt	302	950	- Araucania	Avila
common\national_focus\spain.txt	1997	882	Pavlodar	Gibraltar
common\national_focus\spain.txt	2033	882	Pavlodar	Gibraltar
common\national_focus\spain.txt	5169	882	Pavlodar	Gibraltar
common\national_focus\sweden.txt	510	168	Murcia	Kalmar
common\national_focus\sweden.txt	658	212	Plovdiv	Malmohus
common\national_focus\sweden.txt	720	212	Plovdiv	Malmohus
common\national_focus\sweden.txt	1401	141	Sodermanland	Stockholm
common\national_focus\sweden.txt	1489	23	Poitou	Norrbotten
common\national_focus\sweden.txt	1638	150	Kuopio	Ostergotland
common\national_focus\sweden.txt	1701	110	Norway	Varmland
common\national_focus\sweden.txt	1714	110	Norway	Varmland
common\national_focus\sweden.txt	1743	110	Norway	Varmland
common\national_focus\sweden.txt	1803	148	Lappi	Goteborgs och Bohus
common\national_focus\sweden.txt	1861	148	Lappi	Goteborgs och Bohus
common\national_focus\sweden.txt	2980	150	Kuopio	Ostergotland
common\national_focus\sweden.txt	8141	141	Sodermanland	Stockholm
common\national_focus\sweden.txt	8546	27	Champagne2	Nenets
common\national_focus\sweden.txt	8579	27	Champagne2	Nenets
common\national_focus\sweden.txt	8601	27	Champagne2	Nenets
common\national_focus\sweden.txt	9025	25	Limousin	Nordland
common\national_focus\sweden.txt	9029	13	Estonia	Troms
common\national_focus\sweden.txt	9032	4	Austria	Finnmark
common\national_focus\sweden.txt	9080	164	Dodecanese	Bornholm
common\national_focus\sweden.txt	9125	98	Mazurskie	Aland
common\national_focus\sweden.txt	9282	159	Lombardy	Hofudborgarsvaedid
common\national_focus\sweden.txt	9312	90	Lwow	Faero
common\national_focus\sweden.txt	9573	225	Glukhov	Utenos
common\national_focus\switzerland.txt	5895	654	sov state 8	Voralberg
common\national_focus\switzerland.txt	5896	654	sov state 8	Voralberg
common\national_focus\switzerland.txt	8882	848	Voralberg	Cantabria
common\national_focus\switzerland.txt	8883	848	Voralberg	Cantabria
common\national_focus\turkey.txt	753	799	Hatay	Basses-Alpes
common\national_focus\turkey.txt	761	799	Hatay	Basses-Alpes
common\national_focus\turkey.txt	768	799	Hatay	Basses-Alpes
common\national_focus\turkey.txt	1703	933	Shetland	Artvin
common\national_focus\turkey.txt	1704	925	Finnmark	Ardahan
common\national_focus\turkey.txt	1705	953	- Tierra del Fuego	Kars
common\national_focus\turkey.txt	1707	1001	Kurdistan	Igdir
common\national_focus\turkey.txt	1720	933	Shetland	Artvin
common\national_focus\turkey.txt	1721	925	Finnmark	Ardahan
common\national_focus\turkey.txt	1722	953	- Tierra del Fuego	Kars
common\national_focus\turkey.txt	1724	1001	Kurdistan	Igdir
common\national_focus\turkey.txt	1736	933	Shetland	Artvin
common\national_focus\turkey.txt	1737	925	Finnmark	Ardahan
common\national_focus\turkey.txt	1738	953	- Tierra del Fuego	Kars
common\national_focus\turkey.txt	1740	1001	Kurdistan	Igdir
common\national_focus\turkey.txt	2496	910	Bornholm	Evros
common\national_focus\turkey.txt	2497	937	- Piaui	Rhodope
common\national_focus\turkey.txt	2505	929	Oulu	Drama
common\national_focus\turkey.txt	2510	941	- Tocantins	Thessaloniki
common\national_focus\turkey.txt	3824	979	- Kaiser Wilhelms Land	Ankara
common\national_focus\turkey.txt	3826	932	Isle of Man	Bati Istanbul
common\national_focus\turkey.txt	3827	928	Kyme	Edirne
common\national_focus\turkey.txt	3867	941	- Tocantins	Thessaloniki
common\national_focus\turkey.txt	3868	910	Bornholm	Evros
common\national_focus\turkey.txt	3900	790	Asturias	Beograd
common\national_focus\turkey.txt	3901	858	Najiran	Pristina
common\national_focus\turkey.txt	3934	801	Moesia	Ilfov
common\national_focus\turkey.txt	3935	793	Guadalajara	Constanta
common\national_focus\turkey.txt	3936	797	Istanbul	Dolj
common\national_focus\turkey.txt	3973	941	- Tocantins	Thessaloniki
common\national_focus\turkey.txt	3974	910	Bornholm	Evros
common\national_focus\turkey.txt	4010	801	Moesia	Ilfov
common\national_focus\turkey.txt	4011	793	Guadalajara	Constanta
common\national_focus\turkey.txt	4012	797	Istanbul	Dolj
common\national_focus\turkey.txt	4051	790	Asturias	Beograd
common\national_focus\turkey.txt	4052	858	Najiran	Pristina
common\national_focus\turkey.txt	5278	455	Jordan	Oost-Vlaanderen
common\national_focus\turkey.txt	5279	454	Israel	West-Vlaanderen
common\national_focus\turkey.txt	5280	453	Sinai	Hampshire
common\national_focus\turkey.txt	6603	937	- Piaui	Rhodope
common\national_focus\turkey.txt	6604	910	Bornholm	Evros
common\national_focus\turkey.txt	8166	164	Dodecanese	Bornholm
common\national_focus\turkey.txt	8223	929	Oulu	Drama
common\national_focus\turkey.txt	8225	941	- Tocantins	Thessaloniki
common\national_focus\turkey.txt	8244	184	Thrace	Halland
common\national_focus\turkey.txt	8245	230	Armenia	Ayr
common\national_focus\turkey.txt	8246	187	Aegean Islands	Orkney
common\national_focus\turkey.txt	8247	731	Central Macedonia	Puy-de-Dome
common\national_focus\turkey.txt	8265	184	Thrace	Halland
common\national_focus\turkey.txt	8266	230	Armenia	Ayr
common\national_focus\turkey.txt	8267	187	Aegean Islands	Orkney
common\national_focus\turkey.txt	8268	731	Central Macedonia	Puy-de-Dome
common\national_focus\turkey.txt	8287	184	Thrace	Halland
common\national_focus\turkey.txt	8288	230	Armenia	Ayr
common\national_focus\turkey.txt	8289	187	Aegean Islands	Orkney
common\national_focus\turkey.txt	8290	731	Central Macedonia	Puy-de-Dome
common\national_focus\turkey.txt	8311	184	Thrace	Halland
common\national_focus\turkey.txt	8312	230	Armenia	Ayr
common\national_focus\turkey.txt	8313	187	Aegean Islands	Orkney
common\national_focus\turkey.txt	8314	731	Central Macedonia	Puy-de-Dome
common\national_focus\turkey.txt	8461	1019	- South Tohoku	Syunik
common\national_focus\turkey.txt	8578	1019	- South Tohoku	Syunik
common\national_focus\turkey.txt	8799	419	Azerbaijan	Monmouthshire
common\national_focus\turkey.txt	8800	680	Deir-az-Zur	Mures
common\national_focus\turkey.txt	8801	676	Mosul	Zala
common\national_focus\turkey.txt	8802	421	Kurdistan	Radomsko
common\national_focus\turkey.txt	8821	419	Azerbaijan	Monmouthshire
common\national_focus\turkey.txt	8822	680	Deir-az-Zur	Mures
common\national_focus\turkey.txt	8823	676	Mosul	Zala
common\national_focus\turkey.txt	8824	421	Kurdistan	Radomsko
common\national_focus\turkey.txt	8845	419	Azerbaijan	Monmouthshire
common\national_focus\turkey.txt	8846	680	Deir-az-Zur	Mures
common\national_focus\turkey.txt	8847	676	Mosul	Zala
common\national_focus\turkey.txt	8848	421	Kurdistan	Radomsko
common\national_focus\uk.txt	2971	64	Brandenburg	Newfoundland
common\national_focus\uk.txt	3024	882	Pavlodar	Gibraltar
common\national_focus\uk.txt	3751	320	French India	Dublin
common\national_focus\uk.txt	3752	321	Goa	Leitrim
common\national_focus\uk.txt	4832	64	Brandenburg	Newfoundland
common\national_focus\uk.txt	7941	113	Ireland	Terijoki
common\national_focus\uk.txt	7942	134	Connaught	Narva
common\national_focus\uk.txt	7943	135	Munster	Kostroma
common\national_focus\usa.txt	2126	371	Louisiana	Limerick
common\national_focus\usa.txt	2196	375	Texas	Rutland
common\national_focus\usa.txt	2267	378	California	Kerry
common\national_focus\usa.txt	3189	9	Czechoslovakia	Ontario
common\national_focus\usa.txt	3190	1	France	Quebec
common\national_focus\usa.txt	3191	6	Belgium	New Brunswick
common\national_focus\usa.txt	3192	8	Luxemburg	Nova Scotia
common\national_focus\usa.txt	3193	60	Sud-Hannover	Prince Edward Island
common\national_focus\usa.txt	3798	64	Brandenburg	Newfoundland
common\national_focus\usa.txt	4708	11	Kaunas	New York
common\national_focus\usa.txt	4709	31	Midi Pyrenees	North Carolina
common\national_focus\vichy_france.txt	482	229	baku	Moscow
common\national_focus\yugoslavia.txt	352	755	Haixi	Fiume
common\national_focus\yugoslavia.txt	353	762	Katowice	Istria
common\national_focus\yugoslavia.txt	358	720	South Georgia	Canale
common\national_focus\yugoslavia.txt	493	721	Portuguese Timor	Osijek
common\national_focus\yugoslavia.txt	527	813	Rakvere	Mostar
common\national_focus\yugoslavia.txt	562	775	B.E.T.	Stara Pazova
common\national_focus\yugoslavia.txt	639	813	Rakvere	Mostar
common\national_focus\yugoslavia.txt	641	721	Portuguese Timor	Osijek
common\national_focus\yugoslavia.txt	668	813	Rakvere	Mostar
common\national_focus\yugoslavia.txt	674	884	Upper Nile	Kotor
common\national_focus\yugoslavia.txt	706	754	Golog	Lika-Gacka
common\national_focus\yugoslavia.txt	782	775	B.E.T.	Stara Pazova
common\national_focus\yugoslavia.txt	842	777	Togo	Bihac
common\national_focus\yugoslavia.txt	872	835	Haraghe	Trebinje
common\national_focus\yugoslavia.txt	874	782	Tombouctou	Foca
common\national_focus\yugoslavia.txt	882	792	Basque Country	Zenica
common\national_focus\yugoslavia.txt	888	813	Rakvere	Mostar
common\national_focus\yugoslavia.txt	1000	792	Basque Country	Zenica
common\national_focus\yugoslavia.txt	1011	834	- Balta	Ivanjica
common\national_focus\yugoslavia.txt	1020	835	Haraghe	Trebinje
common\national_focus\yugoslavia.txt	1022	782	Tombouctou	Foca
common\national_focus\yugoslavia.txt	1024	813	Rakvere	Mostar
common\national_focus\yugoslavia.txt	1087	858	Najiran	Pristina
common\national_focus\yugoslavia.txt	1093	858	Najiran	Pristina
common\national_focus\yugoslavia.txt	1193	782	Tombouctou	Foca
common\national_focus\yugoslavia.txt	1195	835	Haraghe	Trebinje
common\national_focus\yugoslavia.txt	1200	844	jubaland	Sjenica
common\national_focus\yugoslavia.txt	1292	738	Aru Islands	Zrenjanin
common\national_focus\yugoslavia.txt	1313	738	Aru Islands	Zrenjanin
common\national_focus\yugoslavia.txt	1346	735	Savoy	Subotica
common\national_focus\yugoslavia.txt	1430	738	Aru Islands	Zrenjanin
common\national_focus\yugoslavia.txt	1513	775	B.E.T.	Stara Pazova
common\national_focus\yugoslavia.txt	1516	775	B.E.T.	Stara Pazova
common\national_focus\yugoslavia.txt	1679	735	Savoy	Subotica
common\national_focus\yugoslavia.txt	1727	738	Aru Islands	Zrenjanin
common\national_focus\yugoslavia.txt	1880	815	Aukstaitija	Cetina
common\national_focus\yugoslavia.txt	1966	743	Qingdao	Ljubljana
common\national_focus\yugoslavia.txt	1967	703	Ascension	Drava
common\national_focus\yugoslavia.txt	2054	743	Qingdao	Ljubljana
common\national_focus\yugoslavia.txt	2068	695	Curacao	Prekmurje
common\national_focus\yugoslavia.txt	2069	712	Cocos Islands	Medimurje
common\national_focus\yugoslavia.txt	2100	714	Heilungkiang	Gorenjska
common\national_focus\yugoslavia.txt	2104	703	Ascension	Drava
common\national_focus\yugoslavia.txt	2111	743	Qingdao	Ljubljana
common\national_focus\yugoslavia.txt	2116	695	Curacao	Prekmurje
common\national_focus\yugoslavia.txt	2117	712	Cocos Islands	Medimurje
common\national_focus\yugoslavia.txt	2122	4	Austria	Finnmark
common\national_focus\yugoslavia.txt	2128	714	Heilungkiang	Gorenjska
common\national_focus\yugoslavia.txt	2132	703	Ascension	Drava
common\national_focus\yugoslavia.txt	2139	714	Heilungkiang	Gorenjska
common\national_focus\yugoslavia.txt	2143	703	Ascension	Drava
common\national_focus\yugoslavia.txt	2277	865	Northern Saskatchewan	Vranje
common\national_focus\yugoslavia.txt	2303	865	Northern Saskatchewan	Vranje
common\national_focus\yugoslavia.txt	2305	846	Ticino	Pirot
common\national_focus\yugoslavia.txt	2310	904	Nyanza-Rift Valley	Tetovo
common\national_focus\yugoslavia.txt	2312	959	- Los Andes	Ohrid
common\national_focus\yugoslavia.txt	2314	894	Kuneme	Veles
common\national_focus\yugoslavia.txt	2321	888	Lusambo	Kacanik
common\national_focus\yugoslavia.txt	2709	941	- Tocantins	Thessaloniki
common\national_focus\yugoslavia.txt	2717	969	Rio Branco	Florina
common\national_focus\yugoslavia.txt	2735	941	- Tocantins	Thessaloniki
common\national_focus\yugoslavia.txt	2743	969	Rio Branco	Florina
common\national_focus\yugoslavia.txt	2752	941	- Tocantins	Thessaloniki
common\national_focus\yugoslavia.txt	2760	969	Rio Branco	Florina
common\national_focus\yugoslavia.txt	4830	743	Qingdao	Ljubljana
common\national_focus\yugoslavia.txt	5112	743	Qingdao	Ljubljana
common\national_focus\yugoslavia.txt	5487	776	Dahomey	Usora
common\on_actions\00_on_actions.txt	85	141	Sodermanland	Stockholm
common\on_actions\00_on_actions.txt	97	141	Sodermanland	Stockholm
common\on_actions\00_on_actions.txt	111	681	Soviet Lakes	Klagenfurt
common\on_actions\00_on_actions.txt	237	378	California	Kerry
common\on_actions\00_on_actions.txt	294	953	- Tierra del Fuego	Kars
common\on_actions\00_on_actions.txt	761	219	Moscow Area	Lanmark
common\on_actions\00_on_actions.txt	968	654	sov state 8	Voralberg
common\on_actions\00_on_actions.txt	969	621	China 18	Eisenstadt
common\on_actions\00_on_actions.txt	970	681	Soviet Lakes	Klagenfurt
common\on_actions\00_on_actions.txt	4605	16	Ile de France	Rybachy Peninsula
common\on_actions\00_on_actions.txt	4630	508	Argentine Northwest	Warszawa
common\on_actions\00_on_actions.txt	4732	85	Danzig	Pirkanmaa
common\on_actions\00_testing_on_actions.txt	8	202	Western Kiev	Kristianstad
common\on_actions\01_tfv_on_actions.txt	13	334	Kalimantan Barat	Caernarvonshire
common\on_actions\01_tfv_on_actions.txt	14	673	Sulawesi	Schwytz
common\on_actions\01_tfv_on_actions.txt	15	669	Dutch New Guinea	Luzern
common\on_actions\01_tfv_on_actions.txt	16	668	The Moluccas	Dole
common\on_actions\01_tfv_on_actions.txt	17	738	Aru Islands	Zrenjanin
common\on_actions\01_tfv_on_actions.txt	18	667	West Nusa Tenggara	Neamt
common\on_actions\01_tfv_on_actions.txt	19	672	South Sumatra	Saint-Amand-Montrond
common\on_actions\01_tfv_on_actions.txt	20	335	West Java	Koscian
common\on_actions\04_mtg_on_actions.txt	482	64	Brandenburg	Newfoundland
common\on_actions\04_mtg_on_actions.txt	521	290	Spanish Africa	East Riding
common\on_actions\04_mtg_on_actions.txt	609	116	Malta	Zetland
common\on_actions\04_mtg_on_actions.txt	918	893	Karas	Ceuta
common\on_actions\04_mtg_on_actions.txt	1053	871	Esperence-Goldfields	Pyrenees-Orientales
common\on_actions\04_mtg_on_actions.txt	1316	440	West Punjab	Erfurt
common\on_actions\04_mtg_on_actions.txt	1330	392	Iowa	Braunschweig
common\on_actions\04_mtg_on_actions.txt	1710	876	Udachny	Roma Centro
common\on_actions\04_mtg_on_actions.txt	1862	876	Udachny	Roma Centro
common\on_actions\04_mtg_on_actions.txt	2078	743	Qingdao	Ljubljana
common\on_actions\04_mtg_on_actions.txt	2084	743	Qingdao	Ljubljana
common\on_actions\04_mtg_on_actions.txt	2551	16	Ile de France	Rybachy Peninsula
common\on_actions\05_lar_on_actions.txt	314	41	Madrid	Arkhangelsk
common\on_actions\05_lar_on_actions.txt	315	165	Catalonia	Petseri
common\on_actions\05_lar_on_actions.txt	316	167	Valencia	Jonkoping
common\on_actions\05_lar_on_actions.txt	317	168	Murcia	Kalmar
common\on_actions\05_lar_on_actions.txt	318	173	Granada	Voru
common\on_actions\05_lar_on_actions.txt	319	175	Ciudad Real	Sverdlovsk
common\on_actions\05_lar_on_actions.txt	320	790	Asturias	Beograd
common\on_actions\05_lar_on_actions.txt	321	792	Basque Country	Zenica
common\on_actions\05_lar_on_actions.txt	322	793	Guadalajara	Constanta
common\on_actions\05_lar_on_actions.txt	323	794	Eastern Aragon	Ismail
common\on_actions\05_lar_on_actions.txt	1411	882	Pavlodar	Gibraltar
common\on_actions\06_bftb_on_actions.txt	92	341	Edirne	Anglesey
common\on_actions\07_nsb_on_actions.txt	42	742	Stalinabad	Venezia
common\on_actions\07_nsb_on_actions.txt	63	280	Brazil	Danzig
common\on_actions\07_nsb_on_actions.txt	71	280	Brazil	Danzig
common\on_actions\07_nsb_on_actions.txt	123	254	Ryazan	Londonder
common\on_actions\07_nsb_on_actions.txt	415	172	Navarre	Riga
common\on_actions\07_nsb_on_actions.txt	417	172	Navarre	Riga
common\on_actions\07_nsb_on_actions.txt	423	133	Strathclyde	Harju
common\on_actions\07_nsb_on_actions.txt	425	133	Strathclyde	Harju
common\on_actions\07_nsb_on_actions.txt	433	241	Pochep	Wilno
common\on_actions\07_nsb_on_actions.txt	434	242	Smolensk	Kauno
common\on_actions\07_nsb_on_actions.txt	438	242	Smolensk	Kauno
common\on_actions\07_nsb_on_actions.txt	439	242	Smolensk	Kauno
common\on_actions\07_nsb_on_actions.txt	442	241	Pochep	Wilno
common\on_actions\07_nsb_on_actions.txt	443	241	Pochep	Wilno
common\on_actions\07_nsb_on_actions.txt	2257	457	Aswan	Volgograd
common\on_actions\07_nsb_on_actions.txt	2261	457	Aswan	Volgograd
common\on_actions\08_bba_on_actions.txt	27	44	Albania	Vestfirdir
common\on_actions\08_bba_on_actions.txt	205	876	Udachny	Roma Centro
common\on_actions\08_bba_on_actions.txt	208	876	Udachny	Roma Centro
common\on_actions\08_bba_on_actions.txt	623	876	Udachny	Roma Centro
common\on_actions\08_bba_on_actions.txt	628	742	Stalinabad	Venezia
common\on_actions\09_aat_on_actions.txt	150	110	Norway	Varmland
common\on_actions\09_aat_on_actions.txt	934	88	Kielce	Kopparberg
common\on_actions\09_aat_on_actions.txt	1571	119	Northern Ireland	Leningrad
common\on_actions\09_aat_on_actions.txt	1653	47	Greece	New Jersey
common\on_actions\09_aat_on_actions.txt	1663	11	Kaunas	New York
common\on_actions\09_aat_on_actions.txt	1673	11	Kaunas	New York
common\on_actions\09_aat_on_actions.txt	1725	119	Northern Ireland	Leningrad
common\on_actions\09_aat_on_actions.txt	1778	119	Northern Ireland	Leningrad
common\on_actions\09_aat_on_actions.txt	1782	229	baku	Moscow
common\on_actions\09_aat_on_actions.txt	1784	511	Cuyo	Rostov
common\on_actions\09_aat_on_actions.txt	1785	457	Aswan	Volgograd
common\on_actions\09_aat_on_actions.txt	1786	171	Galicia	Nizhny Novgorod
common\on_actions\09_aat_on_actions.txt	1787	200	Rivne	Tatarstan
common\on_actions\09_aat_on_actions.txt	1789	154	Southern plain	Tver
common\on_actions\09_aat_on_actions.txt	1791	41	Madrid	Arkhangelsk
common\on_actions\09_aat_on_actions.txt	1847	914	JanMayen	Samtskhe
common\on_actions\09_aat_on_actions.txt	3044	146	Karelia	Saaremaa
common\on_actions\09_aat_on_actions.txt	3281	146	Karelia	Saaremaa
common\on_actions\09_aat_on_actions.txt	3282	213	Murmansk	Dunbarton
common\on_actions\09_aat_on_actions.txt	3283	215	Eastern Karelia	Gorodok
common\on_actions\09_aat_on_actions.txt	3284	216	Below Zero	Frederiksborg
common\on_actions\12_wuw_on_actions.txt	2127	768	Rwanda	Dambovita
common\on_actions\12_wuw_on_actions.txt	2156	769	Burundi	Kerch
common\on_actions\12_wuw_on_actions.txt	2536	229	baku	Moscow
common\on_actions\12_wuw_on_actions.txt	2537	234	Krasodar	Northumberland
common\on_actions\12_wuw_on_actions.txt	2559	564	TS 6	Northern Maramures
common\on_actions\12_wuw_on_actions.txt	2560	401	Engels	Brecknockshire
common\on_actions\12_wuw_on_actions.txt	2580	402	Akhtubinsk	Zuid-Holland
common\on_actions\12_wuw_on_actions.txt	2581	573	Ts 15	Eure-et-Loir
common\on_actions\12_wuw_on_actions.txt	2622	16	Ile de France	Rybachy Peninsula
common\on_actions\12_wuw_on_actions.txt	2666	977	- Antwerp	Gegharkunik
common\on_actions\12_wuw_on_actions.txt	2667	6	Belgium	New Brunswick
common\on_actions\12_wuw_on_actions.txt	2668	34	Wallonie	Skanderborg
common\on_actions\12_wuw_on_actions.txt	2686	633	Marshall Islands	Pest-Pilis
common\on_actions\12_wuw_on_actions.txt	2714	571	TS 13	Paris
common\on_actions\13_goe_on_actions.txt	107	731	Central Macedonia	Puy-de-Dome
common\on_actions\13_goe_on_actions.txt	108	184	Thrace	Halland
common\on_actions\13_goe_on_actions.txt	109	341	Edirne	Anglesey
common\on_actions\13_goe_on_actions.txt	110	164	Dodecanese	Bornholm
common\on_actions\13_goe_on_actions.txt	111	183	Cyprus	Inverness
common\on_actions\13_goe_on_actions.txt	112	231	Georgia	Lida
common\on_actions\13_goe_on_actions.txt	113	229	baku	Moscow
common\on_actions\13_goe_on_actions.txt	114	230	Armenia	Ayr
common\on_actions\13_goe_on_actions.txt	115	451	Derna	Zeeland
common\on_actions\13_goe_on_actions.txt	116	450	Benghasi	Belgorod
common\on_actions\13_goe_on_actions.txt	117	663	Cyrenaica	Vas
common\on_actions\13_goe_on_actions.txt	118	584	Turkmenistan	Aube
common\on_actions\13_goe_on_actions.txt	119	832	- Dashhowuz	North Ossetia
common\on_actions\13_goe_on_actions.txt	120	831	- Khiva	Veliko Tarnovo
common\on_actions\13_goe_on_actions.txt	121	585	Uzbekistan	Reolais et Bastide
common\on_actions\13_goe_on_actions.txt	122	442	Peshawar	Laon
common\on_actions\13_goe_on_actions.txt	151	787	North Kashmir	Aveyron
common\on_actions\13_goe_on_actions.txt	152	441	Kashmir	Gorlitz
common\on_actions\13_goe_on_actions.txt	153	986	- East Punjab	Susehri
common\on_actions\13_goe_on_actions.txt	154	438	United Provinces	Dobeln
common\on_actions\13_goe_on_actions.txt	155	323	Nepal	Dankov
common\on_actions\13_goe_on_actions.txt	156	985	- Sikkim	Coimbra
common\on_actions\13_goe_on_actions.txt	157	431	Calcutta	Duesseldorf
common\on_actions\13_goe_on_actions.txt	158	324	Bhutan	Cheshire
common\on_actions\13_goe_on_actions.txt	159	432	Assam	Limburg Voormaas
common\on_actions\13_goe_on_actions.txt	160	434	Arunachal Pradesh	Wlodzimierz Wolynski
common\on_actions\13_goe_on_actions.txt	161	990	Manipur	Castelo Branco
common\on_actions\13_goe_on_actions.txt	496	435	Bihar	Brent
common\on_actions\13_goe_on_actions.txt	510	426	Orissa	Glamorganshire
common\on_actions\13_goe_on_actions.txt	524	432	Assam	Limburg Voormaas
common\on_actions\13_goe_on_actions.txt	1496	733	Andaman	Putna
common\on_actions\13_goe_on_actions.txt	1515	733	Andaman	Putna
common\on_actions\15_mun_on_actions.txt	6	73	Carpathian Ruthenia	Etela-Pohjanmaa
common\on_actions\15_mun_on_actions.txt	27	73	Carpathian Ruthenia	Etela-Pohjanmaa
common\on_actions\15_mun_on_actions.txt	50	9	Czechoslovakia	Ontario
common\on_actions\15_mun_on_actions.txt	51	74	East Sudatenland	Porajarvi
common\on_actions\15_mun_on_actions.txt	76	73	Carpathian Ruthenia	Etela-Pohjanmaa
common\on_actions\15_mun_on_actions.txt	77	71	East Slovakia	Sor-Trondelag
common\on_actions\15_mun_on_actions.txt	388	73	Carpathian Ruthenia	Etela-Pohjanmaa
common\on_actions\15_mun_on_actions.txt	389	71	East Slovakia	Sor-Trondelag
common\on_actions\15_mun_on_actions.txt	412	155	Western Hungary	Parnu
common\on_actions\15_mun_on_actions.txt	425	106	Macedonia	Buskerud
common\on_actions\15_mun_on_actions.txt	438	202	Western Kiev	Kristianstad
common\on_actions\alb_state_renaming_on_actions.txt	105	885	Bahr al Ghazal	Korce
common\on_actions\aus_state_renaming_on_actions.txt	19	621	China 18	Eisenstadt
common\on_actions\bel_state_renaming_on_actions.txt	9	444	Baluchistan States	Antwerpen
common\on_actions\bel_state_renaming_on_actions.txt	13	454	Israel	West-Vlaanderen
common\on_actions\bel_state_renaming_on_actions.txt	17	444	Baluchistan States	Antwerpen
common\on_actions\bel_state_renaming_on_actions.txt	31	454	Israel	West-Vlaanderen
common\on_actions\bel_state_renaming_on_actions.txt	53	455	Jordan	Oost-Vlaanderen
common\on_actions\bel_state_renaming_on_actions.txt	71	456	Luxor	Vlaams-Limburg
common\on_actions\bel_state_renaming_on_actions.txt	85	470	Alberta	Vlaams-Brabant
common\on_actions\bel_state_renaming_on_actions.txt	113	482	Chihuahua	Hainaut
common\on_actions\bel_state_renaming_on_actions.txt	131	487	Amazinas	Namur
common\on_actions\bel_state_renaming_on_actions.txt	145	480	Coahuila	Liege
common\on_actions\bel_state_renaming_on_actions.txt	159	500	Rio de Janerio	Luxembourg Belge
common\on_actions\bel_state_renaming_on_actions.txt	187	422	Ceylon	Brabant wallon
common\on_actions\cze_state_renaming_on_actions.txt	23	562	TS 4	Sobrance
common\on_actions\cze_state_renaming_on_actions.txt	69	564	TS 6	Northern Maramures
common\on_actions\cze_state_renaming_on_actions.txt	91	593	Guangdong	Uzhorod a Mukacevo
common\on_actions\cze_state_renaming_on_actions.txt	160	610	China 9	Komarom
common\on_actions\cze_state_renaming_on_actions.txt	186	591	Hainan	Malacky
common\on_actions\cze_state_renaming_on_actions.txt	264	555	Lagos	Trencin
common\on_actions\cze_state_renaming_on_actions.txt	279	577	Siberia 4	Zilina
common\on_actions\cze_state_renaming_on_actions.txt	294	550	Eritrea	Saris-Zemplin
common\on_actions\cze_state_renaming_on_actions.txt	324	574	Siberia 1	Hron
common\on_actions\cze_state_renaming_on_actions.txt	339	569	TS 11	Levoca
common\on_actions\cze_state_renaming_on_actions.txt	369	580	Siberia 7	Nyitra es Pozsony
common\on_actions\cze_state_renaming_on_actions.txt	384	541	South West Africa	Tatra
common\on_actions\cze_state_renaming_on_actions.txt	401	586	Kyrgyzstan	Nitra
common\on_actions\eng_state_renaming_on_actions.txt	9	253	Ivanovo	Antrim
common\on_actions\eng_state_renaming_on_actions.txt	24	254	Ryazan	Londonder
common\on_actions\eng_state_renaming_on_actions.txt	39	262	Torzhok	Tyrone
common\on_actions\eng_state_renaming_on_actions.txt	54	268	French Somaliland	Down
common\on_actions\eng_state_renaming_on_actions.txt	69	272	French Africa	Fermanagh
common\on_actions\eng_state_renaming_on_actions.txt	84	276	Canada	Armagh
common\on_actions\fra_state_renaming_on_actions.txt	9	871	Esperence-Goldfields	Pyrenees-Orientales
common\on_actions\fra_state_renaming_on_actions.txt	35	866	Districts of Ontario	Corse-du-Sud
common\on_actions\fra_state_renaming_on_actions.txt	74	810	Zemgale	Nice
common\on_actions\fra_state_renaming_on_actions.txt	105	817	Gobi	Menton
common\on_actions\fra_state_renaming_on_actions.txt	126	750	Changde	Mont-Blanc
common\on_actions\fra_state_renaming_on_actions.txt	141	771	Zambia	Modane
common\on_actions\fra_state_renaming_on_actions.txt	160	842	Tigray	Montgenevre
common\on_actions\fra_state_renaming_on_actions.txt	201	747	Dali Bai	Lyon
common\on_actions\fra_state_renaming_on_actions.txt	224	719	Natal	Annecy
common\on_actions\fra_state_renaming_on_actions.txt	246	746	Ordos	Chambery
common\on_actions\fra_state_renaming_on_actions.txt	294	780	Guinea	Gap
common\on_actions\fra_state_renaming_on_actions.txt	320	749	Huangshan	Isere
common\on_actions\fra_state_renaming_on_actions.txt	355	799	Hatay	Basses-Alpes
common\on_actions\fra_state_renaming_on_actions.txt	373	825	- Nenetsia	Grasse
common\on_actions\fra_state_renaming_on_actions.txt	386	829	- Volga Germany	Var
common\on_actions\fra_state_renaming_on_actions.txt	421	773	Cameroon	Drome
common\on_actions\fra_state_renaming_on_actions.txt	442	808	Riga	Vaucluse
common\on_actions\fra_state_renaming_on_actions.txt	463	824	- Yamalia	Bouches-du-Rhone
common\on_actions\fra_state_renaming_on_actions.txt	515	466	Quebec	Hainaut Francais
common\on_actions\fra_state_renaming_on_actions.txt	529	472	Northwest Territories	Calais
common\on_actions\fra_state_renaming_on_actions.txt	567	448	Tripoli	Abbeville
common\on_actions\fra_state_renaming_on_actions.txt	602	566	TS 8	Bas-Rhin
common\on_actions\fra_state_renaming_on_actions.txt	612	606	China 6	Haut-Rhin
common\on_actions\fra_state_renaming_on_actions.txt	623	547	East Africa	Moselle
common\on_actions\fra_state_renaming_on_actions.txt	640	512	Patagonia	Luxembourg
common\on_actions\ger_state_renaming_on_actions.txt	11	537	South Sakhalin	Saarland
common\on_actions\ger_state_renaming_on_actions.txt	28	506	Northern Chile	Kreuznach
common\on_actions\ger_state_renaming_on_actions.txt	112	524	Taiwan	Zweibruecken
common\on_actions\ger_state_renaming_on_actions.txt	160	521	Queensland	Mainz
common\on_actions\ger_state_renaming_on_actions.txt	194	423	Madras	Kleve
common\on_actions\ger_state_renaming_on_actions.txt	211	460	Eastern Algeria	Aachen
common\on_actions\ger_state_renaming_on_actions.txt	275	469	Saskatchewan	Bonn
common\on_actions\ger_state_renaming_on_actions.txt	292	488	Bolivar	Koblenz
common\on_actions\ger_state_renaming_on_actions.txt	309	503	Santa Catarina	Bittburg
common\on_actions\ger_state_renaming_on_actions.txt	348	477	Veracruz	Schleiden
common\on_actions\ger_state_renaming_on_actions.txt	398	461	Northern Morocco	Rosenberg
common\on_actions\ger_state_renaming_on_actions.txt	587	425	Mysore	Schweidnitz
common\on_actions\ger_state_renaming_on_actions.txt	603	425	Mysore	Schweidnitz
common\on_actions\ger_state_renaming_on_actions.txt	735	415	South Khorasan	Bunzlau
common\on_actions\ger_state_renaming_on_actions.txt	901	301	paraguay	Schneidemuhl
common\on_actions\ger_state_renaming_on_actions.txt	951	263	Veliky Novogrod	Stolp
common\on_actions\ger_state_renaming_on_actions.txt	965	280	Brazil	Danzig
common\on_actions\ger_state_renaming_on_actions.txt	991	339	Izmir	Landsberg
common\on_actions\ger_state_renaming_on_actions.txt	1083	273	Italian Africa	Kolberg
common\on_actions\ger_state_renaming_on_actions.txt	1109	295	Congo	Naugard
common\on_actions\ger_state_renaming_on_actions.txt	1274	282	Japan	Rastenburg
common\on_actions\ger_state_renaming_on_actions.txt	1321	441	Kashmir	Gorlitz
common\on_actions\ger_state_renaming_on_actions.txt	1388	365	Georgia	Luckau
common\on_actions\ger_state_renaming_on_actions.txt	1401	252	Nizhny Novogrod	Konigsberg
common\on_actions\hol_state_renaming_on_actions.txt	78	432	Assam	Limburg Voormaas
common\on_actions\hol_state_renaming_on_actions.txt	89	432	Assam	Limburg Voormaas
common\on_actions\hol_state_renaming_on_actions.txt	100	331	Newfoundland	Groningen
common\on_actions\hol_state_renaming_on_actions.txt	112	331	Newfoundland	Groningen
common\on_actions\hol_state_renaming_on_actions.txt	146	364	South Carolina	Overijssel
common\on_actions\hol_state_renaming_on_actions.txt	157	364	South Carolina	Overijssel
common\on_actions\hol_state_renaming_on_actions.txt	168	336	Singapore	Friesland
common\on_actions\hol_state_renaming_on_actions.txt	180	336	Singapore	Friesland
common\on_actions\hol_state_renaming_on_actions.txt	192	383	Kansas	Gelderland
common\on_actions\hol_state_renaming_on_actions.txt	204	383	Kansas	Gelderland
common\on_actions\hol_state_renaming_on_actions.txt	216	399	Izhevsk	Utrecht
common\on_actions\hol_state_renaming_on_actions.txt	227	399	Izhevsk	Utrecht
common\on_actions\hol_state_renaming_on_actions.txt	238	358	New York	Noord-Holland
common\on_actions\hol_state_renaming_on_actions.txt	250	358	New York	Noord-Holland
common\on_actions\hol_state_renaming_on_actions.txt	262	402	Akhtubinsk	Zuid-Holland
common\on_actions\hol_state_renaming_on_actions.txt	274	402	Akhtubinsk	Zuid-Holland
common\on_actions\hol_state_renaming_on_actions.txt	308	479	Tamaulipas	Oost Noord-Brabant
common\on_actions\hol_state_renaming_on_actions.txt	319	479	Tamaulipas	Oost Noord-Brabant
common\on_actions\hol_state_renaming_on_actions.txt	376	451	Derna	Zeeland
common\on_actions\hol_state_renaming_on_actions.txt	388	451	Derna	Zeeland
common\on_actions\ita_state_renaming_on_actions.txt	146	745	Dalian	Aosta
common\on_actions\ita_state_renaming_on_actions.txt	317	683	Northeastern Canada	Trento
common\on_actions\ita_state_renaming_on_actions.txt	352	762	Katowice	Istria
common\on_actions\ita_state_renaming_on_actions.txt	439	744	Xian	Trieste
common\on_actions\ita_state_renaming_on_actions.txt	472	755	Haixi	Fiume
common\on_actions\ita_state_renaming_on_actions.txt	538	720	South Georgia	Canale
common\on_actions\ita_state_renaming_on_actions.txt	674	718	Stanleyville	Torino
common\on_actions\ita_state_renaming_on_actions.txt	897	709	Seychelles	Milano
common\on_actions\ita_state_renaming_on_actions.txt	1125	742	Stalinabad	Venezia
common\on_actions\ita_state_renaming_on_actions.txt	1268	704	Saint Helena	Belluno
common\on_actions\ita_state_renaming_on_actions.txt	1550	706	Reunion	Udine
common\on_actions\ita_state_renaming_on_actions.txt	1621	798	Amasya	Genova
common\on_actions\ita_state_renaming_on_actions.txt	1868	779	Ivory Coast	Bologna
common\on_actions\ita_state_renaming_on_actions.txt	2137	934	Shkoder	Napoli
common\on_actions\ita_state_renaming_on_actions.txt	2203	920	Opplandene	Gaeta
common\on_actions\ita_state_renaming_on_actions.txt	2341	908	Afar	Campobasso
common\on_actions\ita_state_renaming_on_actions.txt	2432	912	Sonderjylland	Bari
common\on_actions\ita_state_renaming_on_actions.txt	2504	956	- Santa Fe	Potenza
common\on_actions\ita_state_renaming_on_actions.txt	2640	944	- Parana	Cagliari
common\on_actions\ita_state_renaming_on_actions.txt	2668	1075	- West Queensland	Palermo
common\on_actions\lit_state_renaming_on_actions.txt	26	227	Stalino	Klaipedos
common\on_actions\pol_state_renaming_on_actions.txt	46	267	Afghanistan	Gdynia
common\on_actions\pol_state_renaming_on_actions.txt	80	264	Tikhvin	Koscierzyna
common\on_actions\pol_state_renaming_on_actions.txt	137	546	Tanganyika	Tuchola
common\on_actions\pol_state_renaming_on_actions.txt	161	310	French SA	Torun
common\on_actions\pol_state_renaming_on_actions.txt	177	287	Sinkiang	Brodnica
common\on_actions\pol_state_renaming_on_actions.txt	192	549	Sudan	Bydgoszcz
common\on_actions\pol_state_renaming_on_actions.txt	206	82	Banat	Chodziez
common\on_actions\pol_state_renaming_on_actions.txt	220	79	moldovia	Nowy Tomysl
common\on_actions\pol_state_renaming_on_actions.txt	234	99	Jutland	Gniezno
common\on_actions\pol_state_renaming_on_actions.txt	250	122	Wales	Poznan
common\on_actions\pol_state_renaming_on_actions.txt	264	335	West Java	Koscian
common\on_actions\pol_state_renaming_on_actions.txt	280	243	Roslavl	Srem
common\on_actions\pol_state_renaming_on_actions.txt	294	80	Bocovina	Ostrow Wiel
common\on_actions\pol_state_renaming_on_actions.txt	357	481	Sinaloa	Katowice
common\on_actions\pol_state_renaming_on_actions.txt	384	509	Gran Chaco	Biala
common\on_actions\pol_state_renaming_on_actions.txt	411	467	Manitoba	Sosnowiec
common\on_actions\pol_state_renaming_on_actions.txt	426	752	Chamdo	Wloclawek
common\on_actions\pol_state_renaming_on_actions.txt	440	651	Sov state 5	Mlawa
common\on_actions\pol_state_renaming_on_actions.txt	454	311	BritMex	Plock
common\on_actions\pol_state_renaming_on_actions.txt	482	5	Germany	Pultusk
common\on_actions\pol_state_renaming_on_actions.txt	500	376	New Mexico	Przasnysz
common\on_actions\pol_state_renaming_on_actions.txt	547	329	Tannu Tuva	Gostynin
common\on_actions\pol_state_renaming_on_actions.txt	559	381	Wyoming	Lodz
common\on_actions\pol_state_renaming_on_actions.txt	584	693	Southern Bahamas	Leczyca
common\on_actions\pol_state_renaming_on_actions.txt	609	594	Nanning	Kalisz
common\on_actions\pol_state_renaming_on_actions.txt	621	656	Kuwait	Sieradz
common\on_actions\pol_state_renaming_on_actions.txt	649	612	China 11	Wielun
common\on_actions\pol_state_renaming_on_actions.txt	662	284	New Zealand	Suwalki
common\on_actions\pol_state_renaming_on_actions.txt	684	312	Honduras	Lomza
common\on_actions\pol_state_renaming_on_actions.txt	766	300	Uruguay	Grodno
common\on_actions\pol_state_renaming_on_actions.txt	796	326	HongKong	Wolkowysk
common\on_actions\pol_state_renaming_on_actions.txt	869	294	Oman	Druskieniki
common\on_actions\pol_state_renaming_on_actions.txt	909	241	Pochep	Wilno
common\on_actions\pol_state_renaming_on_actions.txt	935	307	Venezuela	Slonim
common\on_actions\pol_state_renaming_on_actions.txt	980	319	Dominican Republic	Bielsk
common\on_actions\pol_state_renaming_on_actions.txt	1037	231	Georgia	Lida
common\on_actions\pol_state_renaming_on_actions.txt	1131	306	Colombia	Augustow
common\on_actions\pol_state_renaming_on_actions.txt	1165	1000	East Azerbaijan	Oszmiana
common\on_actions\pol_state_renaming_on_actions.txt	1209	232	Grozny	Dzisna
common\on_actions\pol_state_renaming_on_actions.txt	1269	236	Astrakhan	Swieciany
common\on_actions\pol_state_renaming_on_actions.txt	1411	367	Alabama	Kobryn
common\on_actions\pol_state_renaming_on_actions.txt	1486	292	Saudi Arabia	Baranowicze
common\on_actions\pol_state_renaming_on_actions.txt	1515	1002	Yazd	Chelm
common\on_actions\pol_state_renaming_on_actions.txt	1527	491	Loreto	Zamosc
common\on_actions\pol_state_renaming_on_actions.txt	1543	46	Romania	Krasnystaw
common\on_actions\pol_state_renaming_on_actions.txt	1564	923	Helgeland	Sanok
common\on_actions\pol_state_renaming_on_actions.txt	1586	501	Saol Paulo	Lubaczow
common\on_actions\pol_state_renaming_on_actions.txt	1680	490	Pastaza	Drohobycz
common\on_actions\pol_state_renaming_on_actions.txt	1746	542	Bechuana Land	Nadworna
common\on_actions\pol_state_renaming_on_actions.txt	1797	502	Rio Grande Sul	Czortkow
common\on_actions\pol_state_renaming_on_actions.txt	1866	992	Province of Aden	Kowel
common\on_actions\pol_state_renaming_on_actions.txt	1896	1041	- Chengdu	Luboml
common\on_actions\pol_state_renaming_on_actions.txt	1910	434	Arunachal Pradesh	Wlodzimierz Wolynski
common\on_actions\pol_state_renaming_on_actions.txt	1927	1030	- Gyeongsang	Luck
common\on_actions\pol_state_renaming_on_actions.txt	1961	459	Western Algeria	Krzemieniec
common\on_actions\pol_state_renaming_on_actions.txt	1978	671	Annam	Rowne
common\on_actions\rom_state_renaming_on_actions.txt	70	736	Litorale	Timis-Torontal
common\on_actions\rom_state_renaming_on_actions.txt	149	756	Jiuquan	Caras
common\on_actions\rom_state_renaming_on_actions.txt	267	686	Puerto Rico	Beius
common\on_actions\rom_state_renaming_on_actions.txt	434	692	Windward Islands	Turda
common\on_actions\rom_state_renaming_on_actions.txt	651	674	Central Australia	Ciuc
common\on_actions\rom_state_renaming_on_actions.txt	676	664	Southern Slovakia	Oradea
common\on_actions\rom_state_renaming_on_actions.txt	744	622	China 19	Satu Mare
common\on_actions\rom_state_renaming_on_actions.txt	778	639	Maiana	Salaj
common\on_actions\rom_state_renaming_on_actions.txt	812	713	Kerguelen	Alba
common\on_actions\rom_state_renaming_on_actions.txt	846	730	St Pierre and Miquelon 	Sibiu
common\on_actions\rom_state_renaming_on_actions.txt	880	737	New Britain	Brasov
common\on_actions\rom_state_renaming_on_actions.txt	914	665	Gabes	Cluj
common\on_actions\rom_state_renaming_on_actions.txt	1016	628	Cebu	Maramures
common\on_actions\rom_state_renaming_on_actions.txt	1041	649	Galapagos Islands	Nasaud
common\on_actions\rom_state_renaming_on_actions.txt	1165	680	Deir-az-Zur	Mures
common\on_actions\rom_state_renaming_on_actions.txt	1233	727	Line Islands	Hunedoara
common\on_actions\rom_state_renaming_on_actions.txt	1320	590	Northern Kazakhstan	Storojinet
common\on_actions\rom_state_renaming_on_actions.txt	1392	629	Hawaii	Campulung
common\on_actions\rom_state_renaming_on_actions.txt	1412	818	Khovd	Bazargic
common\on_actions\rom_state_renaming_on_actions.txt	1429	793	Guadalajara	Constanta
common\on_actions\rom_state_renaming_on_actions.txt	1460	767	North Darfur	Tulcea
common\on_actions\rom_state_renaming_on_actions.txt	1501	592	Guangzhou	Hotin
common\on_actions\rom_state_renaming_on_actions.txt	1613	600	Jiangxi	Balti
common\on_actions\rom_state_renaming_on_actions.txt	1669	794	Eastern Aragon	Ismail
common\on_actions\spr_state_renaming_on_actions.txt	10	974	- South Transdanubia	Castellon
common\on_actions\spr_state_renaming_on_actions.txt	24	1056	Manado	Alicante
common\on_actions\spr_state_renaming_on_actions.txt	39	1016	- Dhofar	Islas Baleares
common\on_actions\spr_state_renaming_on_actions.txt	65	875	Chukchi Peninsulay	Lleida
common\on_actions\spr_state_renaming_on_actions.txt	89	1007	Maymanah	Valencia
common\on_actions\spr_state_renaming_on_actions.txt	103	854	Jawf	Navarra
common\on_actions\spr_state_renaming_on_actions.txt	116	860	Cote-Nord	Alava
common\on_actions\spr_state_renaming_on_actions.txt	129	851	Var	Guipuzcoa
common\on_actions\spr_state_renaming_on_actions.txt	142	849	Puglia	Vizcaya
common\on_actions\spr_state_renaming_on_actions.txt	155	845	Jura Mountains	Labourd et Basse-Navarre
common\on_actions\spr_state_renaming_on_actions.txt	168	852	Istria	Soule
common\on_actions\tur_state_renaming_on_actions.txt	15	928	Kyme	Edirne
common\on_actions\tur_state_renaming_on_actions.txt	16	906	Socotra	Kirklareli
common\on_actions\ukr_state_renaming_on_actions.txt	8	493	La Libertad	Proskuriv
common\on_actions\ukr_state_renaming_on_actions.txt	113	527	North Korea	Vinnytsia
common\on_actions\ukr_state_renaming_on_actions.txt	201	565	TS 7	Tomashpol
common\on_actions\ukr_state_renaming_on_actions.txt	236	617	Xinjiang	Transnistria
common\on_actions\ukr_state_renaming_on_actions.txt	315	613	China 12	Berezovka
common\on_actions\ukr_state_renaming_on_actions.txt	380	618	China 15	Ochakov
common\on_actions\ukr_state_renaming_on_actions.txt	398	614	China 13	Nikolayev
common\on_actions\ukr_state_renaming_on_actions.txt	542	436	Central Provinces	Zhitomir
common\on_actions\ukr_state_renaming_on_actions.txt	639	559	Somaliland	Oleksandriia
common\on_actions\ukr_state_renaming_on_actions.txt	697	510	Mesopotamia	Zolotonosha
common\on_actions\ukr_state_renaming_on_actions.txt	746	443	Sind	Borispol
common\on_actions\ukr_state_renaming_on_actions.txt	881	397	Syktyvkar	Chernigov
common\on_actions\ukr_state_renaming_on_actions.txt	960	398	Perm	Shostka
common\on_actions\ukr_state_renaming_on_actions.txt	1031	494	Ucayali	Lubny
common\on_actions\ukr_state_renaming_on_actions.txt	1128	497	Maranhao	Kharkov
common\on_actions\ukr_state_renaming_on_actions.txt	1178	579	Siberia 6	Mezhevaya
common\on_actions\ukr_state_renaming_on_actions.txt	1202	560	TS 2	Pokrovske
common\on_actions\ukr_state_renaming_on_actions.txt	1284	623	Luzon	Zaporozhye
common\on_actions\ukr_state_renaming_on_actions.txt	1308	623	Luzon	Zaporozhye
common\on_actions\ukr_state_renaming_on_actions.txt	1421	557	Mauritania	Stalino
common\on_actions\ukr_state_renaming_on_actions.txt	1494	518	Tasmania	Luhansk
common\on_actions\yug_state_renaming_on_actions.txt	119	735	Savoy	Subotica
common\on_actions\yug_state_renaming_on_actions.txt	224	738	Aru Islands	Zrenjanin
common\on_actions\yug_state_renaming_on_actions.txt	363	695	Curacao	Prekmurje
common\on_actions\yug_state_renaming_on_actions.txt	397	712	Cocos Islands	Medimurje
common\on_actions\yug_state_renaming_on_actions.txt	447	775	B.E.T.	Stara Pazova
common\on_actions\yug_state_renaming_on_actions.txt	565	721	Portuguese Timor	Osijek
common\on_actions\yug_state_renaming_on_actions.txt	956	754	Golog	Lika-Gacka
common\on_actions\yug_state_renaming_on_actions.txt	1001	703	Ascension	Drava
common\on_actions\yug_state_renaming_on_actions.txt	1096	714	Heilungkiang	Gorenjska
common\on_actions\yug_state_renaming_on_actions.txt	1190	743	Qingdao	Ljubljana
common\on_actions\yug_state_renaming_on_actions.txt	1210	811	Saaremaa	Sibenik
common\on_actions\yug_state_renaming_on_actions.txt	1551	815	Aukstaitija	Cetina
common\on_actions\yug_state_renaming_on_actions.txt	1627	884	Upper Nile	Kotor
common\on_actions\yug_state_renaming_on_actions.txt	1697	881	Karagandy	Podgorica
common\operations\LaR_FRA_operations.txt	234	158	Piedmont	Caithness
common\operations\LaR_FRA_operations.txt	359	165	Catalonia	Petseri
common\operations\LaR_FRA_operations.txt	483	42	Rhineland	Pohjois-Pohjanmaa
common\operations\LaR_FRA_operations.txt	546	461	Northern Morocco	Rosenberg
common\operations\LaR_FRA_operations.txt	547	462	Southern Morocco	Sussex
common\operations\LaR_FRA_operations.txt	548	459	Western Algeria	Krzemieniec
common\operations\LaR_FRA_operations.txt	549	513	Southern Algeria	Praha
common\operations\LaR_FRA_operations.txt	550	460	Eastern Algeria	Aachen
common\operations\LaR_FRA_operations.txt	551	458	Tunisia	Cornwall
common\operations\LaR_FRA_operations.txt	552	665	Gabes	Cluj
common\operations\LaR_FRA_operations.txt	565	461	Northern Morocco	Rosenberg
common\operations\LaR_FRA_operations.txt	566	462	Southern Morocco	Sussex
common\operations\LaR_FRA_operations.txt	567	459	Western Algeria	Krzemieniec
common\operations\LaR_FRA_operations.txt	568	513	Southern Algeria	Praha
common\operations\LaR_FRA_operations.txt	569	460	Eastern Algeria	Aachen
common\operations\LaR_FRA_operations.txt	570	458	Tunisia	Cornwall
common\operations\LaR_FRA_operations.txt	571	665	Gabes	Cluj
common\operations\LaR_FRA_operations.txt	596	461	Northern Morocco	Rosenberg
common\operations\LaR_FRA_operations.txt	597	462	Southern Morocco	Sussex
common\operations\LaR_FRA_operations.txt	598	459	Western Algeria	Krzemieniec
common\operations\LaR_FRA_operations.txt	599	513	Southern Algeria	Praha
common\operations\LaR_FRA_operations.txt	600	460	Eastern Algeria	Aachen
common\operations\LaR_FRA_operations.txt	601	458	Tunisia	Cornwall
common\operations\LaR_FRA_operations.txt	602	665	Gabes	Cluj
common\operations\LaR_FRA_operations.txt	620	461	Northern Morocco	Rosenberg
common\operations\LaR_FRA_operations.txt	621	462	Southern Morocco	Sussex
common\operations\LaR_FRA_operations.txt	622	459	Western Algeria	Krzemieniec
common\operations\LaR_FRA_operations.txt	623	513	Southern Algeria	Praha
common\operations\LaR_FRA_operations.txt	624	460	Eastern Algeria	Aachen
common\operations\LaR_FRA_operations.txt	625	458	Tunisia	Cornwall
common\operations\LaR_FRA_operations.txt	626	665	Gabes	Cluj
common\operations\LaR_FRA_operations.txt	676	677	Aleppo	Bekes
common\operations\LaR_FRA_operations.txt	677	680	Deir-az-Zur	Mures
common\operations\LaR_FRA_operations.txt	678	554	Syria	Passau
common\operations\LaR_FRA_operations.txt	679	553	Lebanon	Heilbronn
common\operations\LaR_FRA_operations.txt	690	677	Aleppo	Bekes
common\operations\LaR_FRA_operations.txt	691	680	Deir-az-Zur	Mures
common\operations\LaR_FRA_operations.txt	692	554	Syria	Passau
common\operations\LaR_FRA_operations.txt	693	553	Lebanon	Heilbronn
common\operations\LaR_FRA_operations.txt	714	677	Aleppo	Bekes
common\operations\LaR_FRA_operations.txt	715	680	Deir-az-Zur	Mures
common\operations\LaR_FRA_operations.txt	716	554	Syria	Passau
common\operations\LaR_FRA_operations.txt	717	553	Lebanon	Heilbronn
common\operations\LaR_FRA_operations.txt	735	677	Aleppo	Bekes
common\operations\LaR_FRA_operations.txt	736	680	Deir-az-Zur	Mures
common\operations\LaR_FRA_operations.txt	737	554	Syria	Passau
common\operations\LaR_FRA_operations.txt	738	553	Lebanon	Heilbronn
common\operations\LaR_FRA_operations.txt	788	671	Annam	Rowne
common\operations\LaR_FRA_operations.txt	789	670	Laos	Indre
common\operations\LaR_FRA_operations.txt	790	286	Indochina	West Riding
common\operations\LaR_FRA_operations.txt	791	741	Cambodia	Charente
common\operations\LaR_FRA_operations.txt	797	671	Annam	Rowne
common\operations\LaR_FRA_operations.txt	798	670	Laos	Indre
common\operations\LaR_FRA_operations.txt	799	286	Indochina	West Riding
common\operations\LaR_FRA_operations.txt	800	741	Cambodia	Charente
common\operations\LaR_FRA_operations.txt	828	671	Annam	Rowne
common\operations\LaR_FRA_operations.txt	829	670	Laos	Indre
common\operations\LaR_FRA_operations.txt	830	286	Indochina	West Riding
common\operations\LaR_FRA_operations.txt	831	741	Cambodia	Charente
common\operations\LaR_FRA_operations.txt	849	671	Annam	Rowne
common\operations\LaR_FRA_operations.txt	850	670	Laos	Indre
common\operations\LaR_FRA_operations.txt	851	286	Indochina	West Riding
common\operations\LaR_FRA_operations.txt	852	741	Cambodia	Charente
common\operations\LaR_FRA_operations.txt	902	772	Middle Congo	Ardeche
common\operations\LaR_FRA_operations.txt	903	539	Gabon	Budejovice
common\operations\LaR_FRA_operations.txt	904	773	Cameroon	Drome
common\operations\LaR_FRA_operations.txt	905	660	Equatorial Africa	Jura
common\operations\LaR_FRA_operations.txt	906	774	Chad	Gorj
common\operations\LaR_FRA_operations.txt	912	772	Middle Congo	Ardeche
common\operations\LaR_FRA_operations.txt	913	539	Gabon	Budejovice
common\operations\LaR_FRA_operations.txt	914	773	Cameroon	Drome
common\operations\LaR_FRA_operations.txt	915	660	Equatorial Africa	Jura
common\operations\LaR_FRA_operations.txt	916	774	Chad	Gorj
common\operations\LaR_FRA_operations.txt	943	772	Middle Congo	Ardeche
common\operations\LaR_FRA_operations.txt	944	539	Gabon	Budejovice
common\operations\LaR_FRA_operations.txt	945	773	Cameroon	Drome
common\operations\LaR_FRA_operations.txt	946	660	Equatorial Africa	Jura
common\operations\LaR_FRA_operations.txt	947	774	Chad	Gorj
common\operations\LaR_FRA_operations.txt	965	772	Middle Congo	Ardeche
common\operations\LaR_FRA_operations.txt	966	539	Gabon	Budejovice
common\operations\LaR_FRA_operations.txt	967	773	Cameroon	Drome
common\operations\LaR_FRA_operations.txt	968	660	Equatorial Africa	Jura
common\operations\LaR_FRA_operations.txt	969	774	Chad	Gorj
common\operations\LaR_FRA_operations.txt	1019	557	Mauritania	Stalino
common\operations\LaR_FRA_operations.txt	1020	272	French Africa	Fermanagh
common\operations\LaR_FRA_operations.txt	1021	556	Mali	Karlsruhe
common\operations\LaR_FRA_operations.txt	1022	898	Gao	Zamora
common\operations\LaR_FRA_operations.txt	1023	899	Kayes-Koulikoro	Shida Kartli
common\operations\LaR_FRA_operations.txt	1024	780	Guinea	Gap
common\operations\LaR_FRA_operations.txt	1025	779	Ivory Coast	Bologna
common\operations\LaR_FRA_operations.txt	1026	778	Upper Volta	Adygea
common\operations\LaR_FRA_operations.txt	1027	781	Niger	Mehedinti
common\operations\LaR_FRA_operations.txt	1028	776	Dahomey	Usora
common\operations\LaR_FRA_operations.txt	1036	557	Mauritania	Stalino
common\operations\LaR_FRA_operations.txt	1037	272	French Africa	Fermanagh
common\operations\LaR_FRA_operations.txt	1038	556	Mali	Karlsruhe
common\operations\LaR_FRA_operations.txt	1039	898	Gao	Zamora
common\operations\LaR_FRA_operations.txt	1040	899	Kayes-Koulikoro	Shida Kartli
common\operations\LaR_FRA_operations.txt	1041	780	Guinea	Gap
common\operations\LaR_FRA_operations.txt	1042	779	Ivory Coast	Bologna
common\operations\LaR_FRA_operations.txt	1043	778	Upper Volta	Adygea
common\operations\LaR_FRA_operations.txt	1044	781	Niger	Mehedinti
common\operations\LaR_FRA_operations.txt	1045	776	Dahomey	Usora
common\operations\LaR_FRA_operations.txt	1065	557	Mauritania	Stalino
common\operations\LaR_FRA_operations.txt	1066	272	French Africa	Fermanagh
common\operations\LaR_FRA_operations.txt	1067	556	Mali	Karlsruhe
common\operations\LaR_FRA_operations.txt	1068	898	Gao	Zamora
common\operations\LaR_FRA_operations.txt	1069	899	Kayes-Koulikoro	Shida Kartli
common\operations\LaR_FRA_operations.txt	1070	780	Guinea	Gap
common\operations\LaR_FRA_operations.txt	1071	779	Ivory Coast	Bologna
common\operations\LaR_FRA_operations.txt	1072	778	Upper Volta	Adygea
common\operations\LaR_FRA_operations.txt	1073	781	Niger	Mehedinti
common\operations\LaR_FRA_operations.txt	1074	776	Dahomey	Usora
common\operations\LaR_FRA_operations.txt	1096	557	Mauritania	Stalino
common\operations\LaR_FRA_operations.txt	1097	272	French Africa	Fermanagh
common\operations\LaR_FRA_operations.txt	1098	556	Mali	Karlsruhe
common\operations\LaR_FRA_operations.txt	1099	898	Gao	Zamora
common\operations\LaR_FRA_operations.txt	1100	899	Kayes-Koulikoro	Shida Kartli
common\operations\LaR_FRA_operations.txt	1101	780	Guinea	Gap
common\operations\LaR_FRA_operations.txt	1102	779	Ivory Coast	Bologna
common\operations\LaR_FRA_operations.txt	1103	778	Upper Volta	Adygea
common\operations\LaR_FRA_operations.txt	1104	781	Niger	Mehedinti
common\operations\LaR_FRA_operations.txt	1105	776	Dahomey	Usora
common\operations\LaR_FRA_operations.txt	1154	543	Madagascar	Bar-le-Duc
common\operations\LaR_FRA_operations.txt	1161	543	Madagascar	Bar-le-Duc
common\operations\LaR_FRA_operations.txt	1178	543	Madagascar	Bar-le-Duc
common\operations\LaR_FRA_operations.txt	1189	543	Madagascar	Bar-le-Duc
common\operations\LaR_historical_operations.txt	17	123	Cornwall	Telemark
common\operations\NSB_historical_operations.txt	16	277	Mexico	Praesto
common\operations\NSB_historical_operations.txt	29	277	Mexico	Praesto
common\operations\NSB_historical_operations.txt	132	277	Mexico	Praesto
common\operations\NSB_historical_operations.txt	141	110	Norway	Varmland
common\operations\POL_historical_operations.txt	103	10	Poland	New Hampshire
common\operations\POL_historical_operations.txt	104	72	Zaolzie	Keski-Suomi
common\operations\POL_historical_operations.txt	105	162	Tuscany	Udmurt
common\operations\POL_historical_operations.txt	106	784	Ermland-Masuren	Avar
common\operations\POL_historical_operations.txt	107	807	Gdynia	Gard
common\operations\POL_historical_operations.txt	108	85	Danzig	Pirkanmaa
common\operations\POL_historical_operations.txt	109	86	Poznan	Satakunta
common\operations\POL_historical_operations.txt	110	87	Lodz	Jekabpils
common\operations\POL_historical_operations.txt	111	88	Kielce	Kopparberg
common\operations\POL_historical_operations.txt	112	89	Krakow	Paijat-Hame
common\operations\POL_historical_operations.txt	113	90	Lwow	Faero
common\operations\POL_historical_operations.txt	114	91	Tarnopol	Ventspils
common\operations\POL_historical_operations.txt	115	92	Lublin	Sogn og Fjordane
common\operations\POL_historical_operations.txt	116	93	Volhynian	Etela-Karjala
common\operations\POL_historical_operations.txt	117	94	Polesie	Ilukste
common\operations\POL_historical_operations.txt	118	95	Nowogrodek	Valmiera
common\operations\POL_historical_operations.txt	119	96	Wilejka	Vologda
common\operations\POL_historical_operations.txt	120	97	Bialystok	Perm
common\operations\POL_historical_operations.txt	121	98	Mazurskie	Aland
common\peace_conference\ai_peace\00_misc.txt	38	738	Aru Islands	Zrenjanin
common\peace_conference\ai_peace\00_misc.txt	39	860	Cote-Nord	Alava
common\peace_conference\ai_peace\00_misc.txt	40	458	Tunisia	Cornwall
common\peace_conference\ai_peace\00_misc.txt	41	446	Cairo	Kent
common\peace_conference\ai_peace\00_misc.txt	42	126	Greater London Area	Glasgow
common\peace_conference\ai_peace\00_misc.txt	43	286	Indochina	West Riding
common\peace_conference\ai_peace\00_misc.txt	47	137	Crimea	Jaanilinn
common\peace_conference\ai_peace\00_misc.txt	48	797	Istanbul	Dolj
common\peace_conference\ai_peace\00_misc.txt	49	118	Gibralter	Akershus
common\peace_conference\ai_peace\00_misc.txt	85	738	Aru Islands	Zrenjanin
common\peace_conference\ai_peace\00_misc.txt	86	860	Cote-Nord	Alava
common\peace_conference\ai_peace\00_misc.txt	87	458	Tunisia	Cornwall
common\peace_conference\ai_peace\00_misc.txt	88	446	Cairo	Kent
common\peace_conference\ai_peace\00_misc.txt	89	126	Greater London Area	Glasgow
common\peace_conference\ai_peace\00_misc.txt	90	286	Indochina	West Riding
common\peace_conference\ai_peace\00_misc.txt	94	137	Crimea	Jaanilinn
common\peace_conference\ai_peace\00_misc.txt	95	797	Istanbul	Dolj
common\peace_conference\ai_peace\00_misc.txt	96	118	Gibralter	Akershus
common\peace_conference\ai_peace\GER.txt	16	467	Manitoba	Sosnowiec
common\peace_conference\ai_peace\GER.txt	17	243	Roslavl	Srem
common\peace_conference\ai_peace\GER.txt	18	280	Brazil	Danzig
common\peace_conference\ai_peace\GER.txt	21	227	Stalino	Klaipedos
common\peace_conference\ai_peace\GER.txt	24	104	Bosnia	Haderslev
common\peace_conference\ai_peace\GRE.txt	16	799	Hatay	Basses-Alpes
common\peace_conference\ai_peace\GRE.txt	33	799	Hatay	Basses-Alpes
common\peace_conference\ai_peace\ITA.txt	40	852	Istria	Soule
common\peace_conference\ai_peace\ITA.txt	41	163	Dalmatia	Alvsborg
common\peace_conference\ai_peace\ITA.txt	45	103	Croatia	Kanta-Hame
common\peace_conference\ai_peace\JAP.txt	44	621	China 18	Eisenstadt
common\peace_conference\ai_peace\SOV.txt	12	763	Konigsberg	Nogay
common\peace_conference\ai_peace\SOV.txt	25	227	Stalino	Klaipedos
common\peace_conference\ai_peace\SOV.txt	37	227	Stalino	Klaipedos
common\peace_conference\ai_peace\SOV.txt	62	73	Carpathian Ruthenia	Etela-Pohjanmaa
common\peace_conference\ai_peace\SOV.txt	63	763	Konigsberg	Nogay
common\peace_conference\ai_peace\SOV.txt	64	5	Germany	Pultusk
common\peace_conference\ai_peace\SOV.txt	89	527	North Korea	Vinnytsia
common\peace_conference\ai_peace\SOV.txt	109	525	South Korea	Charleville-Mezieres
common\peace_conference\ai_peace\USA.txt	11	526	Okinawa	Zaolzie
common\peace_conference\ai_peace\USA.txt	26	526	Okinawa	Zaolzie
common\peace_conference\ai_peace\USA.txt	41	525	South Korea	Charleville-Mezieres
common\peace_conference\ai_peace\USA.txt	66	525	South Korea	Charleville-Mezieres
common\peace_conference\ai_peace\USA.txt	93	527	North Korea	Vinnytsia
common\peace_conference\ai_peace\USA.txt	120	526	Okinawa	Zaolzie
common\peace_conference\ai_peace\USA.txt	146	526	Okinawa	Zaolzie
common\peace_conference\ai_peace\yalta.txt	31	42	Rhineland	Pohjois-Pohjanmaa
common\peace_conference\ai_peace\yalta.txt	52	55	Nassau	Rhode Island
common\peace_conference\ai_peace\yalta.txt	53	54	Bayreuth	Jamtland
common\peace_conference\ai_peace\yalta.txt	54	52	Wuttemberg	Segezha
common\peace_conference\ai_peace\yalta.txt	55	53	Oberbayern	Nord-Trondelag
common\peace_conference\ai_peace\yalta.txt	56	50	Baden	Kainuu
common\peace_conference\ai_peace\yalta.txt	57	978	- Actual Baden	Kotayk
common\peace_conference\ai_peace\yalta.txt	81	55	Nassau	Rhode Island
common\peace_conference\ai_peace\yalta.txt	82	54	Bayreuth	Jamtland
common\peace_conference\ai_peace\yalta.txt	83	52	Wuttemberg	Segezha
common\peace_conference\ai_peace\yalta.txt	84	53	Oberbayern	Nord-Trondelag
common\peace_conference\ai_peace\yalta.txt	85	50	Baden	Kainuu
common\peace_conference\ai_peace\yalta.txt	86	978	- Actual Baden	Kotayk
common\peace_conference\ai_peace\yalta.txt	107	51	Moselland	Vesturland
common\peace_conference\ai_peace\yalta.txt	108	56	Weser-Ems	Sudurland
common\peace_conference\ai_peace\yalta.txt	109	57	Westfalen	Olonets
common\peace_conference\ai_peace\yalta.txt	110	58	Schleswig - Holstein	Hauts-de-Seine
common\peace_conference\ai_peace\yalta.txt	111	909	South Schleswig	Kastamonu
common\peace_conference\ai_peace\yalta.txt	112	59	Ost - Hannover	Suoyarvi
common\peace_conference\ai_peace\yalta.txt	136	51	Moselland	Vesturland
common\peace_conference\ai_peace\yalta.txt	137	56	Weser-Ems	Sudurland
common\peace_conference\ai_peace\yalta.txt	138	57	Westfalen	Olonets
common\peace_conference\ai_peace\yalta.txt	139	58	Schleswig - Holstein	Hauts-de-Seine
common\peace_conference\ai_peace\yalta.txt	140	909	South Schleswig	Kastamonu
common\peace_conference\ai_peace\yalta.txt	141	59	Ost - Hannover	Suoyarvi
common\peace_conference\ai_peace\yalta.txt	164	42	Rhineland	Pohjois-Pohjanmaa
common\peace_conference\cost_modifiers\GER_peace.txt	196	66	Niederschlesien	Vasternorrland
common\peace_conference\cost_modifiers\GER_peace.txt	197	67	Oberschlesien	Kuldiga
common\peace_conference\cost_modifiers\GER_peace.txt	198	762	Katowice	Istria
common\peace_conference\cost_modifiers\yalta_peace.txt	258	848	Voralberg	Cantabria
common\peace_conference\cost_modifiers\yalta_peace.txt	259	153	Tyrol	Yaroslavl
common\peace_conference\cost_modifiers\yalta_peace.txt	260	152	Upper Austria	Tarto
common\peace_conference\cost_modifiers\yalta_peace.txt	261	976	- Steiermark Karnten	Armavir
common\peace_conference\cost_modifiers\yalta_peace.txt	262	4	Austria	Finnmark
common\peace_conference\cost_modifiers\yalta_peace.txt	263	975	- Burgenland	Gumushane
common\peace_conference\cost_modifiers\yalta_peace.txt	294	848	Voralberg	Cantabria
common\peace_conference\cost_modifiers\yalta_peace.txt	295	153	Tyrol	Yaroslavl
common\peace_conference\cost_modifiers\yalta_peace.txt	296	152	Upper Austria	Tarto
common\peace_conference\cost_modifiers\yalta_peace.txt	297	976	- Steiermark Karnten	Armavir
common\peace_conference\cost_modifiers\yalta_peace.txt	298	4	Austria	Finnmark
common\peace_conference\cost_modifiers\yalta_peace.txt	299	975	- Burgenland	Gumushane
common\raids\land_infiltration_custom.txt	82	524	Taiwan	Zweibruecken
common\raids\land_infiltration_custom.txt	692	1045	- Guyuan	Phthiotis-Phocis
common\raids\land_infiltration_custom.txt	696	1045	- Guyuan	Phthiotis-Phocis
common\raids\land_infiltration_custom.txt	707	1045	- Guyuan	Phthiotis-Phocis
common\raids\land_infiltration_custom.txt	719	615	Shanxi	Morbihan
common\raids\land_infiltration_custom.txt	723	615	Shanxi	Morbihan
common\raids\land_infiltration_custom.txt	734	615	Shanxi	Morbihan
common\raids\land_infiltration_custom.txt	745	615	Shanxi	Morbihan
common\raids\land_infiltration_custom.txt	814	1045	- Guyuan	Phthiotis-Phocis
common\raids\land_infiltration_custom.txt	818	1045	- Guyuan	Phthiotis-Phocis
common\raids\land_infiltration_custom.txt	829	1045	- Guyuan	Phthiotis-Phocis
common\raids\land_infiltration_custom.txt	841	615	Shanxi	Morbihan
common\raids\land_infiltration_custom.txt	845	615	Shanxi	Morbihan
common\raids\land_infiltration_custom.txt	856	615	Shanxi	Morbihan
common\raids\land_infiltration_custom.txt	867	615	Shanxi	Morbihan
common\raids\land_infiltration_custom.txt	937	1045	- Guyuan	Phthiotis-Phocis
common\raids\land_infiltration_custom.txt	941	1045	- Guyuan	Phthiotis-Phocis
common\raids\land_infiltration_custom.txt	952	1045	- Guyuan	Phthiotis-Phocis
common\raids\land_infiltration_custom.txt	964	615	Shanxi	Morbihan
common\raids\land_infiltration_custom.txt	968	615	Shanxi	Morbihan
common\raids\land_infiltration_custom.txt	979	615	Shanxi	Morbihan
common\raids\land_infiltration_custom.txt	990	615	Shanxi	Morbihan
common\raids\land_infiltration_custom.txt	1415	335	West Java	Koscian
common\raids\land_infiltration_custom.txt	1416	1051	East Java	Biltis
common\raids\land_infiltration_custom.txt	1417	1058	Batavia	Cordoba
common\raids\naval_commando_raids.txt	41	335	West Java	Koscian
common\raids\naval_commando_raids.txt	42	1051	East Java	Biltis
common\raids\naval_commando_raids.txt	43	1058	Batavia	Cordoba
common\raids\naval_commando_raids.txt	52	673	Sulawesi	Schwytz
common\raids\naval_commando_raids.txt	1303	1060	- Johor	Kahramanmaras
common\raids\naval_commando_raids.txt	1304	1063	- Pahang	Jaen
common\raids\naval_commando_raids.txt	1306	1064	- Perak	Isparta
common\raids\naval_commando_raids.txt	1307	1061	- Perlis Kedah	Zakynthos
common\scripted_effects\AST_scripted_effects.txt	1084	286	Indochina	West Riding
common\scripted_effects\AST_scripted_effects.txt	1085	670	Laos	Indre
common\scripted_effects\AST_scripted_effects.txt	1086	671	Annam	Rowne
common\scripted_effects\AST_scripted_effects.txt	1087	741	Cambodia	Charente
common\scripted_effects\AST_scripted_effects.txt	1088	1017	- Trung Bo	Kutahya
common\scripted_effects\AST_scripted_effects.txt	1089	1066	- Mekong Delta	Adana
common\scripted_effects\AST_scripted_effects.txt	1090	1067	- Battambang	Denizli
common\scripted_effects\AST_scripted_effects.txt	1091	1068	- Bassac	Nigde
common\scripted_effects\AST_scripted_effects.txt	1092	1069	- Lan Chang	Gilan
common\scripted_effects\AST_scripted_effects.txt	1139	286	Indochina	West Riding
common\scripted_effects\AST_scripted_effects.txt	1140	670	Laos	Indre
common\scripted_effects\AST_scripted_effects.txt	1141	671	Annam	Rowne
common\scripted_effects\AST_scripted_effects.txt	1142	741	Cambodia	Charente
common\scripted_effects\AST_scripted_effects.txt	1143	1017	- Trung Bo	Kutahya
common\scripted_effects\AST_scripted_effects.txt	1144	1066	- Mekong Delta	Adana
common\scripted_effects\AST_scripted_effects.txt	1145	1067	- Battambang	Denizli
common\scripted_effects\AST_scripted_effects.txt	1146	1068	- Bassac	Nigde
common\scripted_effects\AST_scripted_effects.txt	1147	1069	- Lan Chang	Gilan
common\scripted_effects\AST_scripted_effects.txt	1190	286	Indochina	West Riding
common\scripted_effects\AST_scripted_effects.txt	1191	670	Laos	Indre
common\scripted_effects\AST_scripted_effects.txt	1192	671	Annam	Rowne
common\scripted_effects\AST_scripted_effects.txt	1193	741	Cambodia	Charente
common\scripted_effects\AST_scripted_effects.txt	1194	1017	- Trung Bo	Kutahya
common\scripted_effects\AST_scripted_effects.txt	1195	1066	- Mekong Delta	Adana
common\scripted_effects\AST_scripted_effects.txt	1196	1067	- Battambang	Denizli
common\scripted_effects\AST_scripted_effects.txt	1197	1068	- Bassac	Nigde
common\scripted_effects\AST_scripted_effects.txt	1198	1069	- Lan Chang	Gilan
common\scripted_effects\BUL_scripted_effects.txt	721	227	Stalino	Klaipedos
common\scripted_effects\BUL_scripted_effects.txt	722	763	Konigsberg	Nogay
common\scripted_effects\BUL_scripted_effects.txt	723	5	Germany	Pultusk
common\scripted_effects\BUL_scripted_effects.txt	724	807	Gdynia	Gard
common\scripted_effects\BUL_scripted_effects.txt	725	85	Danzig	Pirkanmaa
common\scripted_effects\BUL_scripted_effects.txt	782	868	Isan	Burgas
common\scripted_effects\BUL_scripted_effects.txt	784	820	Khovsgol	Shumen
common\scripted_effects\BUL_scripted_effects.txt	895	106	Macedonia	Buskerud
common\scripted_effects\BUL_scripted_effects.txt	1039	803	Southern Serbia	Landes
common\scripted_effects\BUL_scripted_effects.txt	1040	77	Dobrogea	Viipuri
common\scripted_effects\BUL_scripted_effects.txt	1080	212	Plovdiv	Malmohus
common\scripted_effects\BUL_scripted_effects.txt	1097	801	Moesia	Ilfov
common\scripted_effects\CHI_scripted_effects.txt	963	1037	- Chongqing	Albacete
common\scripted_effects\CHI_scripted_effects.txt	1012	1037	- Chongqing	Albacete
common\scripted_effects\CHI_scripted_effects.txt	1038	1037	- Chongqing	Albacete
common\scripted_effects\CHI_scripted_effects.txt	1087	1037	- Chongqing	Albacete
common\scripted_effects\CHI_scripted_effects.txt	1115	1035	- Nanjing	Badajoz
common\scripted_effects\CHI_scripted_effects.txt	1163	1035	- Nanjing	Badajoz
common\scripted_effects\CHI_scripted_effects.txt	1188	1035	- Nanjing	Badajoz
common\scripted_effects\CHI_scripted_effects.txt	1236	1035	- Nanjing	Badajoz
common\scripted_effects\CHI_scripted_effects.txt	1264	1037	- Chongqing	Albacete
common\scripted_effects\CHI_scripted_effects.txt	1312	1037	- Chongqing	Albacete
common\scripted_effects\CHI_scripted_effects.txt	1337	1037	- Chongqing	Albacete
common\scripted_effects\CHI_scripted_effects.txt	1385	1037	- Chongqing	Albacete
common\scripted_effects\DEN_scripted_effects.txt	3492	159	Lombardy	Hofudborgarsvaedid
common\scripted_effects\DEN_scripted_effects.txt	3506	114	Sardinia	Uusimaa
common\scripted_effects\DEN_scripted_effects.txt	3520	124	Gotland	Oslo
common\scripted_effects\ETH_scripted_effects.txt	502	271	ethiopia	North Riding
common\scripted_effects\ETH_scripted_effects.txt	509	843	Wello	Ingushetia
common\scripted_effects\ETH_scripted_effects.txt	516	842	Tigray	Montgenevre
common\scripted_effects\ETH_scripted_effects.txt	523	841	Begemder	Abkhazia
common\scripted_effects\ETH_scripted_effects.txt	530	840	Gojjam	Pyrenees-Atlantiques
common\scripted_effects\ETH_scripted_effects.txt	537	839	Welega	Perugia
common\scripted_effects\ETH_scripted_effects.txt	544	838	Illubabor	Hautes-Pyrenees
common\scripted_effects\ETH_scripted_effects.txt	551	837	Sidamo	Asturias
common\scripted_effects\ETH_scripted_effects.txt	558	836	Bale	Rzeszow
common\scripted_effects\ETH_scripted_effects.txt	565	835	Haraghe	Trebinje
common\scripted_effects\ETH_scripted_effects.txt	572	908	Afar	Campobasso
common\scripted_effects\ETH_scripted_effects.txt	1190	961	Deep Amazonas	Tavush
common\scripted_effects\ETH_scripted_effects.txt	1191	962	Deep Amazonas	Aveiro
common\scripted_effects\ETH_scripted_effects.txt	1192	963	Deep Amazonas	Amasya
common\scripted_effects\ETH_scripted_effects.txt	1193	964	Deep Amazonas	Giresun
common\scripted_effects\ETH_scripted_effects.txt	1194	965	Deep Amazonas	Yusufeli
common\scripted_effects\ETH_scripted_effects.txt	1195	966	Deep Amazonas	Dagliq Sirvan
common\scripted_effects\ETH_scripted_effects.txt	1196	967	Deep Amazonas	Bolu
common\scripted_effects\ETH_scripted_effects.txt	1197	968	Deep Amazonas	Abseron-Xizi
common\scripted_effects\GER_scripted_effects.txt	350	241	Pochep	Wilno
common\scripted_effects\GER_scripted_effects.txt	359	294	Oman	Druskieniki
common\scripted_effects\GER_scripted_effects.txt	361	236	Astrakhan	Swieciany
common\scripted_effects\GER_scripted_effects.txt	486	241	Pochep	Wilno
common\scripted_effects\GER_scripted_effects.txt	495	294	Oman	Druskieniki
common\scripted_effects\GER_scripted_effects.txt	497	236	Astrakhan	Swieciany
common\scripted_effects\GER_scripted_effects.txt	1170	85	Danzig	Pirkanmaa
common\scripted_effects\GER_scripted_effects.txt	1171	807	Gdynia	Gard
common\scripted_effects\GER_scripted_effects.txt	1172	86	Poznan	Satakunta
common\scripted_effects\GER_scripted_effects.txt	1173	762	Katowice	Istria
common\scripted_effects\GER_scripted_effects.txt	1174	87	Lodz	Jekabpils
common\scripted_effects\GER_scripted_effects.txt	1175	98	Mazurskie	Aland
common\scripted_effects\GER_scripted_effects.txt	1176	97	Bialystok	Perm
common\scripted_effects\GER_scripted_effects.txt	1267	69	Sudatenland	nice
common\scripted_effects\GER_scripted_effects.txt	1278	972	- South Sudetenland	Agcab@di
common\scripted_effects\GER_scripted_effects.txt	1289	74	East Sudatenland	Porajarvi
common\scripted_effects\GER_scripted_effects.txt	1365	807	Gdynia	Gard
common\scripted_effects\GER_scripted_effects.txt	1366	85	Danzig	Pirkanmaa
common\scripted_effects\GER_scripted_effects.txt	1367	86	Poznan	Satakunta
common\scripted_effects\GER_scripted_effects.txt	1368	87	Lodz	Jekabpils
common\scripted_effects\GER_scripted_effects.txt	1369	88	Kielce	Kopparberg
common\scripted_effects\GER_scripted_effects.txt	1370	90	Lwow	Faero
common\scripted_effects\GER_scripted_effects.txt	1371	92	Lublin	Sogn og Fjordane
common\scripted_effects\GER_scripted_effects.txt	1372	98	Mazurskie	Aland
common\scripted_effects\GER_scripted_effects.txt	1373	10	Poland	New Hampshire
common\scripted_effects\GER_scripted_effects.txt	1374	762	Katowice	Istria
common\scripted_effects\GER_scripted_effects.txt	1377	69	Sudatenland	nice
common\scripted_effects\GER_scripted_effects.txt	1378	972	- South Sudetenland	Agcab@di
common\scripted_effects\GER_scripted_effects.txt	1379	9	Czechoslovakia	Ontario
common\scripted_effects\GER_scripted_effects.txt	1380	75	Moravia	More og Romsdal
common\scripted_effects\GER_scripted_effects.txt	1381	74	East Sudatenland	Porajarvi
common\scripted_effects\GER_scripted_effects.txt	1382	526	Okinawa	Zaolzie
common\scripted_effects\GER_scripted_effects.txt	1412	89	Krakow	Paijat-Hame
common\scripted_effects\GER_scripted_effects.txt	1413	91	Tarnopol	Ventspils
common\scripted_effects\GER_scripted_effects.txt	1414	93	Volhynian	Etela-Karjala
common\scripted_effects\GER_scripted_effects.txt	1415	94	Polesie	Ilukste
common\scripted_effects\GER_scripted_effects.txt	1416	95	Nowogrodek	Valmiera
common\scripted_effects\GER_scripted_effects.txt	1417	96	Wilejka	Vologda
common\scripted_effects\GER_scripted_effects.txt	1418	97	Bialystok	Perm
common\scripted_effects\GER_scripted_effects.txt	1537	712	Cocos Islands	Medimurje
common\scripted_effects\GER_scripted_effects.txt	1538	711	Christmas Island	Csanad, Arad es Torontal
common\scripted_effects\GER_scripted_effects.txt	1539	710	Diego Garcia	Wallis
common\scripted_effects\GER_scripted_effects.txt	1540	709	Seychelles	Milano
common\scripted_effects\GER_scripted_effects.txt	1541	707	Mauritius	Vaud
common\scripted_effects\GER_scripted_effects.txt	1542	713	Kerguelen	Alba
common\scripted_effects\GER_scripted_effects.txt	1543	706	Reunion	Udine
common\scripted_effects\INS_scripted_effects.txt	784	1051	East Java	Biltis
common\scripted_effects\INS_scripted_effects.txt	1105	1058	Batavia	Cordoba
common\scripted_effects\INS_scripted_effects.txt	1106	1051	East Java	Biltis
common\scripted_effects\INS_scripted_effects.txt	1107	335	West Java	Koscian
common\scripted_effects\INS_scripted_effects.txt	1122	1058	Batavia	Cordoba
common\scripted_effects\INS_scripted_effects.txt	1123	1051	East Java	Biltis
common\scripted_effects\INS_scripted_effects.txt	1124	335	West Java	Koscian
common\scripted_effects\INS_scripted_effects.txt	1540	1058	Batavia	Cordoba
common\scripted_effects\INS_scripted_effects.txt	1541	1022	- Interior Borneo	Kirsehir
common\scripted_effects\INS_scripted_effects.txt	1544	1047	Bangka-Belitung	Elazig
common\scripted_effects\INS_scripted_effects.txt	1550	1058	Batavia	Cordoba
common\scripted_effects\INS_scripted_effects.txt	1551	1022	- Interior Borneo	Kirsehir
common\scripted_effects\INS_scripted_effects.txt	1554	1047	Bangka-Belitung	Elazig
common\scripted_effects\INS_scripted_effects.txt	1560	1058	Batavia	Cordoba
common\scripted_effects\INS_scripted_effects.txt	1561	1022	- Interior Borneo	Kirsehir
common\scripted_effects\INS_scripted_effects.txt	1564	1047	Bangka-Belitung	Elazig
common\scripted_effects\INS_scripted_effects.txt	1930	1058	Batavia	Cordoba
common\scripted_effects\INS_scripted_effects.txt	2025	1058	Batavia	Cordoba
common\scripted_effects\INS_scripted_effects.txt	2077	672	South Sumatra	Saint-Amand-Montrond
common\scripted_effects\INS_scripted_effects.txt	2081	1049	Medan and Riouw	Malatya
common\scripted_effects\ITA_scripted_effects.txt	31	271	ethiopia	North Riding
common\scripted_effects\ITA_scripted_effects.txt	742	103	Croatia	Kanta-Hame
common\scripted_effects\ITA_scripted_effects.txt	821	103	Croatia	Kanta-Hame
common\scripted_effects\ITA_scripted_effects.txt	1889	934	Shkoder	Napoli
common\scripted_effects\ITA_scripted_effects.txt	1916	718	Stanleyville	Torino
common\scripted_effects\ITA_scripted_effects.txt	1923	798	Amasya	Genova
common\scripted_effects\ITA_scripted_effects.txt	1943	742	Stalinabad	Venezia
common\scripted_effects\ITA_scripted_effects.txt	1950	744	Xian	Trieste
common\scripted_effects\ITA_scripted_effects.txt	1970	876	Udachny	Roma Centro
common\scripted_effects\ITA_scripted_effects.txt	2957	709	Seychelles	Milano
common\scripted_effects\ITA_scripted_effects.txt	2983	934	Shkoder	Napoli
common\scripted_effects\ITA_scripted_effects.txt	2994	920	Opplandene	Gaeta
common\scripted_effects\ITA_scripted_effects.txt	3264	115	Sicily	Kymenlaakso
common\scripted_effects\ITA_scripted_effects.txt	4139	852	Istria	Soule
common\scripted_effects\ITA_scripted_effects.txt	4158	163	Dalmatia	Alvsborg
common\scripted_effects\ITA_scripted_effects.txt	4179	164	Dodecanese	Bornholm
common\scripted_effects\JAP_scripted_effects.txt	1170	531	Osaka	Oise
common\scripted_effects\JAP_scripted_effects.txt	1950	531	Osaka	Oise
common\scripted_effects\NOR_scripted_effects.txt	901	124	Gotland	Oslo
common\scripted_effects\NOR_scripted_effects.txt	936	124	Gotland	Oslo
common\scripted_effects\NOR_scripted_effects.txt	966	124	Gotland	Oslo
common\scripted_effects\NOR_scripted_effects.txt	1098	124	Gotland	Oslo
common\scripted_effects\POL_scripted_effects.txt	477	241	Pochep	Wilno
common\scripted_effects\POL_scripted_effects.txt	480	241	Pochep	Wilno
common\scripted_effects\POL_scripted_effects.txt	492	241	Pochep	Wilno
common\scripted_effects\POL_scripted_effects.txt	735	227	Stalino	Klaipedos
common\scripted_effects\POL_scripted_effects.txt	757	227	Stalino	Klaipedos
common\scripted_effects\RAJ_GOE_scripted_effects.txt	934	992	Province of Aden	Kowel
common\scripted_effects\SOV_scripted_effects.txt	7011	408	Vladivostok	Oxfordshire
common\scripted_effects\SOV_scripted_effects.txt	7022	655	North Sakhalin	Vaslui
common\scripted_effects\SOV_scripted_effects.txt	7378	219	Moscow Area	Lanmark
common\scripted_effects\SOV_scripted_effects.txt	7410	563	TS 5	Melun
common\scripted_effects\SPR_scripted_effects.txt	64	951	- Arica	Madrid
common\scripted_effects\SPR_scripted_effects.txt	71	951	- Arica	Madrid
common\scripted_effects\SPR_scripted_effects.txt	78	951	- Arica	Madrid
common\scripted_effects\SPR_scripted_effects.txt	85	951	- Arica	Madrid
common\scripted_effects\SPR_scripted_effects.txt	92	951	- Arica	Madrid
common\scripted_effects\SPR_scripted_effects.txt	99	951	- Arica	Madrid
common\scripted_effects\TOA_scripted_effects.txt	835	961	Deep Amazonas	Tavush
common\scripted_effects\TOA_scripted_effects.txt	836	962	Deep Amazonas	Aveiro
common\scripted_effects\TOA_scripted_effects.txt	837	963	Deep Amazonas	Amasya
common\scripted_effects\TOA_scripted_effects.txt	838	964	Deep Amazonas	Giresun
common\scripted_effects\TOA_scripted_effects.txt	839	965	Deep Amazonas	Yusufeli
common\scripted_effects\TOA_scripted_effects.txt	840	966	Deep Amazonas	Dagliq Sirvan
common\scripted_effects\TOA_scripted_effects.txt	841	967	Deep Amazonas	Bolu
common\scripted_effects\TOA_scripted_effects.txt	842	968	Deep Amazonas	Abseron-Xizi
common\scripted_effects\YUG_scripted_effects.txt	115	107	Kosavo	Mazeikiu
common\scripted_effects\zzz_renames.txt	5	498	Rio Grande	Eger
common\scripted_effects\zzz_renames.txt	20	522	Western Australia	Tachau
common\scripted_effects\zzz_renames.txt	90	471	Northwestern Canada	Aussig
common\scripted_effects\zzz_renames.txt	115	473	British Columbia	Reichenberg
common\scripted_effects\zzz_renames.txt	145	504	Iguacu	Zwittau
common\scripted_effects\zzz_renames.txt	160	499	Bahia	Sternberg
common\scripted_effects\zzz_renames.txt	185	507	Southern Chile	Troppau
common\scripted_effects\zzz_renames.txt	213	498	Rio Grande	Eger
common\scripted_effects\zzz_renames.txt	228	522	Western Australia	Tachau
common\scripted_effects\zzz_renames.txt	298	471	Northwestern Canada	Aussig
common\scripted_effects\zzz_renames.txt	323	473	British Columbia	Reichenberg
common\scripted_effects\zzz_renames.txt	353	504	Iguacu	Zwittau
common\scripted_effects\zzz_renames.txt	368	499	Bahia	Sternberg
common\scripted_effects\zzz_renames.txt	393	507	Southern Chile	Troppau
common\scripted_localisation\NSB_soviet_scripted_loc.txt	904	246	Rzhev	Tonder
common\scripted_localisation\NSB_soviet_scripted_loc.txt	910	218	Rostov Area	Vyazma
common\scripted_localisation\NSB_soviet_scripted_loc.txt	916	217	Stalingrad Area	East Lothian
common\scripted_localisation\NSB_soviet_scripted_loc.txt	922	220	Kursk Area	West Lothian
common\scripted_localisation\NSB_soviet_scripted_loc.txt	928	206	Minsk	Siauliu
common\scripted_localisation\NSB_soviet_scripted_loc.txt	934	763	Konigsberg	Nogay
common\scripted_localisation\NSB_soviet_scripted_loc.txt	940	75	Moravia	More og Romsdal
common\scripted_localisation\NSB_soviet_scripted_loc.txt	946	88	Kielce	Kopparberg
common\scripted_localisation\NSB_soviet_scripted_loc.txt	952	10	Poland	New Hampshire
common\scripted_localisation\NSB_soviet_scripted_loc.txt	958	812	Tallinn	Armagnac
common\scripted_localisation\NSB_soviet_scripted_loc.txt	964	808	Riga	Vaucluse
common\scripted_localisation\NSB_soviet_scripted_loc.txt	970	43	Hungary	Delaware
common\scripted_localisation\NSB_soviet_scripted_loc.txt	976	46	Romania	Krasnystaw
common\scripted_localisation\NSB_soviet_scripted_loc.txt	982	44	Albania	Vestfirdir
common\scripted_localisation\NSB_soviet_scripted_loc.txt	988	9	Czechoslovakia	Ontario
common\scripted_localisation\NSB_soviet_scripted_loc.txt	994	2	Italy	Massachusetts
common\scripted_localisation\NSB_soviet_scripted_loc.txt	1000	3	Swiss Plateau	West Berlin
common\scripted_localisation\NSB_soviet_scripted_loc.txt	1006	64	Brandenburg	Newfoundland
common\scripted_localisation\NSB_soviet_scripted_loc.txt	1012	55	Nassau	Rhode Island
common\scripted_localisation\NSB_soviet_scripted_loc.txt	1018	58	Schleswig - Holstein	Hauts-de-Seine
common\scripted_localisation\NSB_soviet_scripted_loc.txt	1024	111	Uusima	Hordaland
common\scripted_localisation\NSB_soviet_scripted_loc.txt	1030	141	Sodermanland	Stockholm
common\scripted_localisation\NSB_soviet_scripted_loc.txt	1036	110	Norway	Varmland
common\scripted_localisation\NSB_soviet_scripted_loc.txt	1042	37	Denmark	Fontainebleau
common\scripted_localisation\NSB_soviet_scripted_loc.txt	1048	7	Holland	Maine
common\scripted_localisation\NSB_soviet_scripted_loc.txt	1054	16	Ile de France	Rybachy Peninsula
common\scripted_localisation\NSB_soviet_scripted_loc.txt	1060	126	Greater London Area	Glasgow
common\scripted_localisation\NSB_soviet_scripted_loc.txt	1066	113	Ireland	Terijoki
common\scripted_localisation\WTT_infiltration_localisation.txt	17	283	China	Monaghan
common\scripted_localisation\WTT_infiltration_localisation.txt	18	597	Shandong	Epinal
common\scripted_localisation\WTT_infiltration_localisation.txt	19	598	Jiansu	Saint-Die
common\scripted_localisation\WTT_infiltration_localisation.txt	20	607	China 7	Jersey
common\scripted_localisation\WTT_infiltration_localisation.txt	21	608	Beijing	Mateszalka
common\scripted_localisation\WTT_infiltration_localisation.txt	22	614	China 13	Nikolayev
common\scripted_localisation\WTT_infiltration_localisation.txt	23	615	Shanxi	Morbihan
common\scripted_localisation\WTT_infiltration_localisation.txt	24	621	China 18	Eisenstadt
common\scripted_localisation\WTT_infiltration_localisation.txt	25	744	Xian	Trieste
common\scripted_localisation\WTT_infiltration_localisation.txt	26	746	Ordos	Chambery
common\scripted_localisation\WTT_infiltration_localisation.txt	42	283	China	Monaghan
common\scripted_localisation\WTT_infiltration_localisation.txt	49	597	Shandong	Epinal
common\scripted_localisation\WTT_infiltration_localisation.txt	56	598	Jiansu	Saint-Die
common\scripted_localisation\WTT_infiltration_localisation.txt	63	607	China 7	Jersey
common\scripted_localisation\WTT_infiltration_localisation.txt	70	608	Beijing	Mateszalka
common\scripted_localisation\WTT_infiltration_localisation.txt	77	614	China 13	Nikolayev
common\scripted_localisation\WTT_infiltration_localisation.txt	84	615	Shanxi	Morbihan
common\scripted_localisation\WTT_infiltration_localisation.txt	91	621	China 18	Eisenstadt
common\scripted_localisation\WTT_infiltration_localisation.txt	98	744	Xian	Trieste
common\scripted_localisation\WTT_infiltration_localisation.txt	105	746	Ordos	Chambery
common\scripted_localisation\WTT_infiltration_localisation.txt	116	283	China	Monaghan
common\scripted_localisation\WTT_infiltration_localisation.txt	119	597	Shandong	Epinal
common\scripted_localisation\WTT_infiltration_localisation.txt	120	598	Jiansu	Saint-Die
common\scripted_localisation\WTT_infiltration_localisation.txt	121	607	China 7	Jersey
common\scripted_localisation\WTT_infiltration_localisation.txt	122	608	Beijing	Mateszalka
common\scripted_localisation\WTT_infiltration_localisation.txt	123	614	China 13	Nikolayev
common\scripted_localisation\WTT_infiltration_localisation.txt	124	615	Shanxi	Morbihan
common\scripted_localisation\WTT_infiltration_localisation.txt	125	621	China 18	Eisenstadt
common\scripted_localisation\WTT_infiltration_localisation.txt	126	744	Xian	Trieste
common\scripted_localisation\WTT_infiltration_localisation.txt	127	746	Ordos	Chambery
common\scripted_localisation\WTT_infiltration_localisation.txt	136	597	Shandong	Epinal
common\scripted_localisation\WTT_infiltration_localisation.txt	139	598	Jiansu	Saint-Die
common\scripted_localisation\WTT_infiltration_localisation.txt	140	607	China 7	Jersey
common\scripted_localisation\WTT_infiltration_localisation.txt	141	608	Beijing	Mateszalka
common\scripted_localisation\WTT_infiltration_localisation.txt	142	614	China 13	Nikolayev
common\scripted_localisation\WTT_infiltration_localisation.txt	143	615	Shanxi	Morbihan
common\scripted_localisation\WTT_infiltration_localisation.txt	144	621	China 18	Eisenstadt
common\scripted_localisation\WTT_infiltration_localisation.txt	145	744	Xian	Trieste
common\scripted_localisation\WTT_infiltration_localisation.txt	146	746	Ordos	Chambery
common\scripted_localisation\WTT_infiltration_localisation.txt	155	598	Jiansu	Saint-Die
common\scripted_localisation\WTT_infiltration_localisation.txt	158	607	China 7	Jersey
common\scripted_localisation\WTT_infiltration_localisation.txt	159	608	Beijing	Mateszalka
common\scripted_localisation\WTT_infiltration_localisation.txt	160	614	China 13	Nikolayev
common\scripted_localisation\WTT_infiltration_localisation.txt	161	615	Shanxi	Morbihan
common\scripted_localisation\WTT_infiltration_localisation.txt	162	621	China 18	Eisenstadt
common\scripted_localisation\WTT_infiltration_localisation.txt	163	744	Xian	Trieste
common\scripted_localisation\WTT_infiltration_localisation.txt	164	746	Ordos	Chambery
common\scripted_localisation\WTT_infiltration_localisation.txt	173	607	China 7	Jersey
common\scripted_localisation\WTT_infiltration_localisation.txt	176	608	Beijing	Mateszalka
common\scripted_localisation\WTT_infiltration_localisation.txt	177	614	China 13	Nikolayev
common\scripted_localisation\WTT_infiltration_localisation.txt	178	615	Shanxi	Morbihan
common\scripted_localisation\WTT_infiltration_localisation.txt	179	621	China 18	Eisenstadt
common\scripted_localisation\WTT_infiltration_localisation.txt	180	744	Xian	Trieste
common\scripted_localisation\WTT_infiltration_localisation.txt	181	746	Ordos	Chambery
common\scripted_localisation\WTT_infiltration_localisation.txt	190	608	Beijing	Mateszalka
common\scripted_localisation\WTT_infiltration_localisation.txt	193	614	China 13	Nikolayev
common\scripted_localisation\WTT_infiltration_localisation.txt	194	615	Shanxi	Morbihan
common\scripted_localisation\WTT_infiltration_localisation.txt	195	621	China 18	Eisenstadt
common\scripted_localisation\WTT_infiltration_localisation.txt	196	744	Xian	Trieste
common\scripted_localisation\WTT_infiltration_localisation.txt	197	746	Ordos	Chambery
common\scripted_localisation\WTT_infiltration_localisation.txt	206	614	China 13	Nikolayev
common\scripted_localisation\WTT_infiltration_localisation.txt	209	615	Shanxi	Morbihan
common\scripted_localisation\WTT_infiltration_localisation.txt	210	621	China 18	Eisenstadt
common\scripted_localisation\WTT_infiltration_localisation.txt	211	744	Xian	Trieste
common\scripted_localisation\WTT_infiltration_localisation.txt	212	746	Ordos	Chambery
common\scripted_localisation\WTT_infiltration_localisation.txt	221	615	Shanxi	Morbihan
common\scripted_localisation\WTT_infiltration_localisation.txt	224	621	China 18	Eisenstadt
common\scripted_localisation\WTT_infiltration_localisation.txt	225	744	Xian	Trieste
common\scripted_localisation\WTT_infiltration_localisation.txt	226	746	Ordos	Chambery
common\scripted_localisation\WTT_infiltration_localisation.txt	235	621	China 18	Eisenstadt
common\scripted_localisation\WTT_infiltration_localisation.txt	238	744	Xian	Trieste
common\scripted_localisation\WTT_infiltration_localisation.txt	239	746	Ordos	Chambery
common\scripted_localisation\WTT_infiltration_localisation.txt	248	744	Xian	Trieste
common\scripted_triggers\00_scripted_triggers.txt	337	366	Florida	Saratov
common\scripted_triggers\00_scripted_triggers.txt	338	365	Georgia	Luckau
common\scripted_triggers\00_scripted_triggers.txt	339	367	Alabama	Kobryn
common\scripted_triggers\00_scripted_triggers.txt	340	370	Mississippi	Grojec
common\scripted_triggers\00_scripted_triggers.txt	341	362	Virginia	Montgomeryshire
common\scripted_triggers\00_scripted_triggers.txt	342	363	North Carolina	Herford
common\scripted_triggers\00_scripted_triggers.txt	343	364	South Carolina	Overijssel
common\scripted_triggers\00_scripted_triggers.txt	344	371	Louisiana	Limerick
common\scripted_triggers\00_scripted_triggers.txt	345	375	Texas	Rutland
common\scripted_triggers\00_scripted_triggers.txt	346	368	Tennesse	Wexford
common\scripted_triggers\00_scripted_triggers.txt	347	372	Arkansas	Cambridgeshire
common\scripted_triggers\00_scripted_triggers.txt	806	118	Gibralter	Akershus
common\scripted_triggers\00_scripted_triggers.txt	807	173	Granada	Voru
common\scripted_triggers\00_scripted_triggers.txt	808	168	Murcia	Kalmar
common\scripted_triggers\00_scripted_triggers.txt	809	167	Valencia	Jonkoping
common\scripted_triggers\00_scripted_triggers.txt	810	165	Catalonia	Petseri
common\scripted_triggers\00_scripted_triggers.txt	811	177	Balearic Islands	Ivanovo
common\scripted_triggers\00_scripted_triggers.txt	812	31	Midi Pyrenees	North Carolina
common\scripted_triggers\00_scripted_triggers.txt	813	22	Roussillion	Kalastajasaarento
common\scripted_triggers\00_scripted_triggers.txt	814	21	Bouches-du-Rhone	Pennsylvania
common\scripted_triggers\00_scripted_triggers.txt	815	851	Var	Guipuzcoa
common\scripted_triggers\00_scripted_triggers.txt	816	735	Savoy	Subotica
common\scripted_triggers\00_scripted_triggers.txt	817	162	Tuscany	Udmurt
common\scripted_triggers\00_scripted_triggers.txt	818	2	Italy	Massachusetts
common\scripted_triggers\00_scripted_triggers.txt	819	117	Napoli	Uppsala
common\scripted_triggers\00_scripted_triggers.txt	820	156	Calabria	Viljandi
common\scripted_triggers\00_scripted_triggers.txt	821	115	Sicily	Kymenlaakso
common\scripted_triggers\00_scripted_triggers.txt	822	1	France	Quebec
common\scripted_triggers\00_scripted_triggers.txt	823	114	Sardinia	Uusimaa
common\scripted_triggers\00_scripted_triggers.txt	824	116	Malta	Zetland
common\scripted_triggers\00_scripted_triggers.txt	825	849	Puglia	Vizcaya
common\scripted_triggers\00_scripted_triggers.txt	826	157	Abruzzo	Hiiumaa
common\scripted_triggers\00_scripted_triggers.txt	827	158	Piedmont	Caithness
common\scripted_triggers\00_scripted_triggers.txt	828	161	Emilia Romagna	Sutherland
common\scripted_triggers\00_scripted_triggers.txt	829	160	Veneto	Sudurnes
common\scripted_triggers\00_scripted_triggers.txt	830	736	Litorale	Timis-Torontal
common\scripted_triggers\00_scripted_triggers.txt	831	852	Istria	Soule
common\scripted_triggers\00_scripted_triggers.txt	832	103	Croatia	Kanta-Hame
common\scripted_triggers\00_scripted_triggers.txt	833	163	Dalmatia	Alvsborg
common\scripted_triggers\00_scripted_triggers.txt	834	105	Montenegro	Hankoniemi
common\scripted_triggers\00_scripted_triggers.txt	835	44	Albania	Vestfirdir
common\scripted_triggers\00_scripted_triggers.txt	836	805	Northern Epirus	Firenze
common\scripted_triggers\00_scripted_triggers.txt	837	185	Epirus	Rezekne
common\scripted_triggers\00_scripted_triggers.txt	838	186	Peloponnese	Mari El
common\scripted_triggers\00_scripted_triggers.txt	839	47	Greece	New Jersey
common\scripted_triggers\00_scripted_triggers.txt	840	731	Central Macedonia	Puy-de-Dome
common\scripted_triggers\00_scripted_triggers.txt	841	184	Thrace	Halland
common\scripted_triggers\00_scripted_triggers.txt	842	187	Aegean Islands	Orkney
common\scripted_triggers\00_scripted_triggers.txt	843	182	Crete	Nairn
common\scripted_triggers\00_scripted_triggers.txt	844	164	Dodecanese	Bornholm
common\scripted_triggers\00_scripted_triggers.txt	845	341	Edirne	Anglesey
common\scripted_triggers\00_scripted_triggers.txt	846	797	Istanbul	Dolj
common\scripted_triggers\00_scripted_triggers.txt	847	340	Bursa	Buda-Kashalyova
common\scripted_triggers\00_scripted_triggers.txt	848	339	Izmir	Landsberg
common\scripted_triggers\00_scripted_triggers.txt	849	342	Antalya	Denbighshire
common\scripted_triggers\00_scripted_triggers.txt	850	345	Mersin	Laoighis
common\scripted_triggers\00_scripted_triggers.txt	851	344	Adana	Staffordshire
common\scripted_triggers\00_scripted_triggers.txt	852	799	Hatay	Basses-Alpes
common\scripted_triggers\00_scripted_triggers.txt	853	677	Aleppo	Bekes
common\scripted_triggers\00_scripted_triggers.txt	854	553	Lebanon	Heilbronn
common\scripted_triggers\00_scripted_triggers.txt	855	183	Cyprus	Inverness
common\scripted_triggers\00_scripted_triggers.txt	856	454	Israel	West-Vlaanderen
common\scripted_triggers\00_scripted_triggers.txt	857	453	Sinai	Hampshire
common\scripted_triggers\00_scripted_triggers.txt	858	446	Cairo	Kent
common\scripted_triggers\00_scripted_triggers.txt	859	907	Cairo	Sinop
common\scripted_triggers\00_scripted_triggers.txt	860	447	Alexandria	Surrey
common\scripted_triggers\00_scripted_triggers.txt	861	452	Marsa Matruh	Val-de-Marne
common\scripted_triggers\00_scripted_triggers.txt	862	451	Derna	Zeeland
common\scripted_triggers\00_scripted_triggers.txt	863	450	Benghasi	Belgorod
common\scripted_triggers\00_scripted_triggers.txt	864	449	Libyan Coast	Meissen
common\scripted_triggers\00_scripted_triggers.txt	865	448	Tripoli	Abbeville
common\scripted_triggers\00_scripted_triggers.txt	866	665	Gabes	Cluj
common\scripted_triggers\00_scripted_triggers.txt	867	458	Tunisia	Cornwall
common\scripted_triggers\00_scripted_triggers.txt	868	460	Eastern Algeria	Aachen
common\scripted_triggers\00_scripted_triggers.txt	869	459	Western Algeria	Krzemieniec
common\scripted_triggers\00_scripted_triggers.txt	870	461	Northern Morocco	Rosenberg
common\scripted_triggers\00_scripted_triggers.txt	871	290	Spanish Africa	East Riding
common\scripted_triggers\00_scripted_triggers.txt	872	934	Shkoder	Napoli
common\scripted_triggers\00_scripted_triggers.txt	879	37	Denmark	Fontainebleau
common\scripted_triggers\00_scripted_triggers.txt	880	911	Fyn	Braganca
common\scripted_triggers\00_scripted_triggers.txt	881	912	Sonderjylland	Bari
common\scripted_triggers\00_scripted_triggers.txt	882	909	South Schleswig	Kastamonu
common\scripted_triggers\00_scripted_triggers.txt	883	58	Schleswig - Holstein	Hauts-de-Seine
common\scripted_triggers\00_scripted_triggers.txt	884	61	Mecklenburg	Pudozh
common\scripted_triggers\00_scripted_triggers.txt	885	62	Pommern	Repola
common\scripted_triggers\00_scripted_triggers.txt	886	63	WestPrussen	Keski-Pohjanmaa
common\scripted_triggers\00_scripted_triggers.txt	887	807	Gdynia	Gard
common\scripted_triggers\00_scripted_triggers.txt	888	85	Danzig	Pirkanmaa
common\scripted_triggers\00_scripted_triggers.txt	889	5	Germany	Pultusk
common\scripted_triggers\00_scripted_triggers.txt	890	763	Konigsberg	Nogay
common\scripted_triggers\00_scripted_triggers.txt	891	188	Memel	Tukums
common\scripted_triggers\00_scripted_triggers.txt	892	189	Kaunas	Toropets
common\scripted_triggers\00_scripted_triggers.txt	893	190	Kurzeme	Kronoberg
common\scripted_triggers\00_scripted_triggers.txt	894	809	Latgale	Tarn-et-Garonne
common\scripted_triggers\00_scripted_triggers.txt	895	808	Riga	Vaucluse
common\scripted_triggers\00_scripted_triggers.txt	896	12	Latvia	Vermont
common\scripted_triggers\00_scripted_triggers.txt	897	13	Estonia	Troms
common\scripted_triggers\00_scripted_triggers.txt	898	811	Saaremaa	Sibenik
common\scripted_triggers\00_scripted_triggers.txt	899	812	Tallinn	Armagnac
common\scripted_triggers\00_scripted_triggers.txt	900	813	Rakvere	Mostar
common\scripted_triggers\00_scripted_triggers.txt	901	208	Pskov	Kretingos
common\scripted_triggers\00_scripted_triggers.txt	902	195	Leningrad Area	Moscow Oblast
common\scripted_triggers\00_scripted_triggers.txt	903	146	Karelia	Saaremaa
common\scripted_triggers\00_scripted_triggers.txt	904	928	Kyme	Edirne
common\scripted_triggers\00_scripted_triggers.txt	905	111	Uusima	Hordaland
common\scripted_triggers\00_scripted_triggers.txt	906	926	Turku	Segovia
common\scripted_triggers\00_scripted_triggers.txt	907	145	Aland	Laane
common\scripted_triggers\00_scripted_triggers.txt	908	149	Vaasa	Skaraborg
common\scripted_triggers\00_scripted_triggers.txt	909	929	Oulu	Drama
common\scripted_triggers\00_scripted_triggers.txt	910	148	Lappi	Goteborgs och Bohus
common\scripted_triggers\00_scripted_triggers.txt	911	666	Norrnorrland	omg its the devil number
common\scripted_triggers\00_scripted_triggers.txt	912	918	Vasterbotten	Quba-Xacmaz
common\scripted_triggers\00_scripted_triggers.txt	913	38	Sweden	Ukhta
common\scripted_triggers\00_scripted_triggers.txt	914	141	Sodermanland	Stockholm
common\scripted_triggers\00_scripted_triggers.txt	915	913	Ostergotland	Kardzhali
common\scripted_triggers\00_scripted_triggers.txt	916	139	Smaland	Abenra-Sonderborg
common\scripted_triggers\00_scripted_triggers.txt	917	138	Skane	Novgorod
common\scripted_triggers\00_scripted_triggers.txt	918	124	Gotland	Oslo
common\scripted_triggers\00_scripted_triggers.txt	931	271	ethiopia	North Riding
common\scripted_triggers\00_scripted_triggers.txt	932	835	Haraghe	Trebinje
common\scripted_triggers\00_scripted_triggers.txt	933	836	Bale	Rzeszow
common\scripted_triggers\00_scripted_triggers.txt	934	837	Sidamo	Asturias
common\scripted_triggers\00_scripted_triggers.txt	935	838	Illubabor	Hautes-Pyrenees
common\scripted_triggers\00_scripted_triggers.txt	936	839	Welega	Perugia
common\scripted_triggers\00_scripted_triggers.txt	937	840	Gojjam	Pyrenees-Atlantiques
common\scripted_triggers\00_scripted_triggers.txt	938	841	Begemder	Abkhazia
common\scripted_triggers\00_scripted_triggers.txt	939	842	Tigray	Montgenevre
common\scripted_triggers\00_scripted_triggers.txt	940	843	Wello	Ingushetia
common\scripted_triggers\00_scripted_triggers.txt	1023	21	Bouches-du-Rhone	Pennsylvania
common\scripted_triggers\00_scripted_triggers.txt	1024	851	Var	Guipuzcoa
common\scripted_triggers\00_scripted_triggers.txt	1025	735	Savoy	Subotica
common\scripted_triggers\00_scripted_triggers.txt	1026	32	Rhone Alpes	West Virginia
common\scripted_triggers\00_scripted_triggers.txt	1027	158	Piedmont	Caithness
common\scripted_triggers\00_scripted_triggers.txt	1028	159	Lombardy	Hofudborgarsvaedid
common\scripted_triggers\00_scripted_triggers.txt	1029	850	Trentino	Aude
common\scripted_triggers\00_scripted_triggers.txt	1030	39	South Tyrol	Belomorsk
common\scripted_triggers\00_scripted_triggers.txt	1031	847	Western Swiss Alps	Setubal
common\scripted_triggers\00_scripted_triggers.txt	1032	151	Eastern Swiss Alps	Pskov
common\scripted_triggers\00_scripted_triggers.txt	1033	846	Ticino	Pirot
common\scripted_triggers\00_scripted_triggers.txt	1034	848	Voralberg	Cantabria
common\scripted_triggers\00_scripted_triggers.txt	1035	153	Tyrol	Yaroslavl
common\scripted_triggers\00_scripted_triggers.txt	1036	152	Upper Austria	Tarto
common\scripted_triggers\00_scripted_triggers.txt	1037	4	Austria	Finnmark
common\scripted_triggers\00_scripted_triggers.txt	1038	975	- Burgenland	Gumushane
common\scripted_triggers\00_scripted_triggers.txt	1039	976	- Steiermark Karnten	Armavir
common\scripted_triggers\00_scripted_triggers.txt	1328	922	Agder	Braga
common\scripted_triggers\00_scripted_triggers.txt	1329	921	Telemark	Bartin
common\scripted_triggers\00_scripted_triggers.txt	1330	110	Norway	Varmland
common\scripted_triggers\00_scripted_triggers.txt	1331	915	Bohuslan	Vila Real
common\scripted_triggers\00_scripted_triggers.txt	1332	140	Vaster Gotland	Hjorring
common\scripted_triggers\00_scripted_triggers.txt	1333	138	Skane	Novgorod
common\scripted_triggers\00_scripted_triggers.txt	1334	99	Jutland	Gniezno
common\scripted_triggers\00_scripted_triggers.txt	1335	911	Fyn	Braganca
common\scripted_triggers\00_scripted_triggers.txt	1336	912	Sonderjylland	Bari
common\scripted_triggers\00_scripted_triggers.txt	1337	37	Denmark	Fontainebleau
common\scripted_triggers\00_scripted_triggers.txt	1338	909	South Schleswig	Kastamonu
common\scripted_triggers\00_scripted_triggers.txt	1339	58	Schleswig - Holstein	Hauts-de-Seine
common\scripted_triggers\00_scripted_triggers.txt	1340	61	Mecklenburg	Pudozh
common\scripted_triggers\00_scripted_triggers.txt	1341	62	Pommern	Repola
common\scripted_triggers\00_scripted_triggers.txt	1347	909	South Schleswig	Kastamonu
common\scripted_triggers\00_scripted_triggers.txt	1348	58	Schleswig - Holstein	Hauts-de-Seine
common\scripted_triggers\00_scripted_triggers.txt	1349	912	Sonderjylland	Bari
common\scripted_triggers\00_scripted_triggers.txt	1350	99	Jutland	Gniezno
common\scripted_triggers\00_scripted_triggers.txt	1351	922	Agder	Braga
common\scripted_triggers\00_scripted_triggers.txt	1352	142	Vestlandet	Staraya Russa
common\scripted_triggers\00_scripted_triggers.txt	1353	143	Midt-Noreg	Jarva
common\scripted_triggers\00_scripted_triggers.txt	1354	923	Helgeland	Sanok
common\scripted_triggers\00_scripted_triggers.txt	1355	144	Nord-Noreg	Thisted
common\scripted_triggers\00_scripted_triggers.txt	1356	924	Troms	Samsun
common\scripted_triggers\00_scripted_triggers.txt	1357	925	Finnmark	Ardahan
common\scripted_triggers\00_scripted_triggers_FR_loc.txt	2813	183	Cyprus	Inverness
common\scripted_triggers\00_scripted_triggers_FR_loc.txt	2814	315	Cuba	Kobenhavn
common\scripted_triggers\00_scripted_triggers_FR_loc.txt	2815	319	Dominican Republic	Bielsk
common\scripted_triggers\00_scripted_triggers_FR_loc.txt	2816	331	Newfoundland	Groningen
common\scripted_triggers\00_scripted_triggers_FR_loc.txt	2817	524	Taiwan	Zweibruecken
common\scripted_triggers\00_scripted_triggers_FR_loc.txt	2818	543	Madagascar	Bar-le-Duc
common\scripted_triggers\00_scripted_triggers_FR_loc.txt	2819	631	Midway Island	Hajdu
common\scripted_triggers\00_scripted_triggers_FR_loc.txt	2820	632	Wake Island	Astrakhan
common\scripted_triggers\00_scripted_triggers_FR_loc.txt	2821	638	Guam	Belfort
common\scripted_triggers\00_scripted_triggers_FR_loc.txt	2822	641	Tahiti	Sopron
common\scripted_triggers\00_scripted_triggers_FR_loc.txt	2823	672	South Sumatra	Saint-Amand-Montrond
common\scripted_triggers\00_scripted_triggers_FR_loc.txt	2824	673	Sulawesi	Schwytz
common\scripted_triggers\00_scripted_triggers_FR_loc.txt	2825	695	Curacao	Prekmurje
common\scripted_triggers\00_scripted_triggers_FR_loc.txt	2826	706	Reunion	Udine
common\scripted_triggers\00_scripted_triggers_FR_loc.txt	2827	707	Mauritius	Vaud
common\scripted_triggers\00_scripted_triggers_FR_loc.txt	2828	725	Nauru	Charente-Inferieure
common\scripted_triggers\00_scripted_triggers_FR_loc.txt	2829	729	Macau	Loire
common\scripted_triggers\00_scripted_triggers_FR_loc.txt	2830	730	St Pierre and Miquelon 	Sibiu
common\scripted_triggers\00_scripted_triggers_FR_loc.txt	2831	734	Nendo	Bassigny
common\scripted_triggers\00_scripted_triggers_FR_loc.txt	2839	318	Haiti	Oryol
common\scripted_triggers\00_scripted_triggers_FR_loc.txt	2840	526	Okinawa	Zaolzie
common\scripted_triggers\00_scripted_triggers_FR_loc.txt	2841	629	Hawaii	Campulung
common\scripted_triggers\00_scripted_triggers_FR_loc.txt	2842	645	Iwo Jima	Tours
common\scripted_triggers\00_scripted_triggers_FR_loc.txt	2850	8	Luxemburg	Nova Scotia
common\scripted_triggers\00_scripted_triggers_FR_loc.txt	2851	101	Greenland	Taurages
common\scripted_triggers\00_scripted_triggers_FR_loc.txt	2852	105	Montenegro	Hankoniemi
common\scripted_triggers\00_scripted_triggers_FR_loc.txt	2853	153	Tyrol	Yaroslavl
common\scripted_triggers\00_scripted_triggers_FR_loc.txt	2854	158	Piedmont	Caithness
common\scripted_triggers\00_scripted_triggers_FR_loc.txt	2855	272	French Africa	Fermanagh
common\scripted_triggers\00_scripted_triggers_FR_loc.txt	2856	274	British Africa	Alytaus
common\scripted_triggers\00_scripted_triggers_FR_loc.txt	2857	289	Western Siam	Schwerin
common\scripted_triggers\00_scripted_triggers_FR_loc.txt	2858	290	Spanish Africa	East Riding
common\scripted_triggers\00_scripted_triggers_FR_loc.txt	2859	293	Yemen	Lancashire
common\scripted_triggers\00_scripted_triggers_FR_loc.txt	2860	298	Liberia	Kletnya
common\scripted_triggers\00_scripted_triggers_FR_loc.txt	2861	301	paraguay	Schneidemuhl
common\scripted_triggers\00_scripted_triggers_FR_loc.txt	2862	304	Panama	Meath
common\scripted_triggers\00_scripted_triggers_FR_loc.txt	2863	309	Dutch SA	Tambov
common\scripted_triggers\00_scripted_triggers_FR_loc.txt	2864	311	BritMex	Plock
common\scripted_triggers\00_scripted_triggers_FR_loc.txt	2865	312	Honduras	Lomza
common\scripted_triggers\00_scripted_triggers_FR_loc.txt	2866	313	Guatemala	Lincolnshire
common\scripted_triggers\00_scripted_triggers_FR_loc.txt	2867	314	El Salvador	Wilhelmshaven
common\scripted_triggers\00_scripted_triggers_FR_loc.txt	2868	316	Costa Rica	Emden
common\scripted_triggers\00_scripted_triggers_FR_loc.txt	2869	317	Nicaragua	Galway
common\scripted_triggers\00_scripted_triggers_FR_loc.txt	2870	322	Tibet	Oldenburg
common\scripted_triggers\00_scripted_triggers_FR_loc.txt	2871	323	Nepal	Dankov
common\scripted_triggers\00_scripted_triggers_FR_loc.txt	2872	324	Bhutan	Cheshire
common\scripted_triggers\00_scripted_triggers_FR_loc.txt	2873	329	Tannu Tuva	Gostynin
common\scripted_triggers\00_scripted_triggers_FR_loc.txt	2874	332	Labrador	Celle
common\scripted_triggers\00_scripted_triggers_FR_loc.txt	2875	375	Texas	Rutland
common\scripted_triggers\00_scripted_triggers_FR_loc.txt	2876	376	New Mexico	Przasnysz
common\scripted_triggers\00_scripted_triggers_FR_loc.txt	2877	386	Washington	Suffolk
common\scripted_triggers\00_scripted_triggers_FR_loc.txt	2878	430	Bangladesh	Batys Kazakhstan
common\scripted_triggers\00_scripted_triggers_FR_loc.txt	2879	431	Calcutta	Duesseldorf
common\scripted_triggers\00_scripted_triggers_FR_loc.txt	2880	440	West Punjab	Erfurt
common\scripted_triggers\00_scripted_triggers_FR_loc.txt	2881	441	Kashmir	Gorlitz
common\scripted_triggers\00_scripted_triggers_FR_loc.txt	2882	444	Baluchistan States	Antwerpen
common\scripted_triggers\00_scripted_triggers_FR_loc.txt	2883	466	Quebec	Hainaut Francais
common\scripted_triggers\00_scripted_triggers_FR_loc.txt	2884	517	Victoria	Seine-Inferieure
common\scripted_triggers\00_scripted_triggers_FR_loc.txt	2885	539	Gabon	Budejovice
common\scripted_triggers\00_scripted_triggers_FR_loc.txt	2886	540	Angola	Charente-Vienne
common\scripted_triggers\00_scripted_triggers_FR_loc.txt	2887	542	Bechuana Land	Nadworna
common\scripted_triggers\00_scripted_triggers_FR_loc.txt	2888	544	East Africa	Briey
common\scripted_triggers\00_scripted_triggers_FR_loc.txt	2889	547	East Africa	Moselle
common\scripted_triggers\00_scripted_triggers_FR_loc.txt	2890	549	Sudan	Bydgoszcz
common\scripted_triggers\00_scripted_triggers_FR_loc.txt	2891	553	Lebanon	Heilbronn
common\scripted_triggers\00_scripted_triggers_FR_loc.txt	2892	556	Mali	Karlsruhe
common\scripted_triggers\00_scripted_triggers_FR_loc.txt	2893	558	Nigeria	Yvelines
common\scripted_triggers\00_scripted_triggers_FR_loc.txt	2894	559	Somaliland	Oleksandriia
common\scripted_triggers\00_scripted_triggers_FR_loc.txt	2895	656	Kuwait	Sieradz
common\scripted_triggers\00_scripted_triggers_FR_loc.txt	2896	657	Border state	Kakhovka
common\scripted_triggers\00_scripted_triggers_FR_loc.txt	2897	670	Laos	Indre
common\scripted_triggers\00_scripted_triggers_FR_loc.txt	2898	671	Annam	Rowne
common\scripted_triggers\00_scripted_triggers_FR_loc.txt	2899	702	Cape Verde	Chevagnes
common\scripted_triggers\00_scripted_triggers_FR_loc.txt	2900	741	Cambodia	Charente
common\scripted_triggers\00_scripted_triggers_FR_loc.txt	2908	49	Turkey	Nordurland vestra
common\scripted_triggers\00_scripted_triggers_FR_loc.txt	2909	192	Odessa	Bute
common\scripted_triggers\00_scripted_triggers_FR_loc.txt	2910	214	Arkhangelsk	Clackmannan
common\scripted_triggers\00_scripted_triggers_FR_loc.txt	2911	215	Eastern Karelia	Gorodok
common\scripted_triggers\00_scripted_triggers_FR_loc.txt	2912	216	Below Zero	Frederiksborg
common\scripted_triggers\00_scripted_triggers_FR_loc.txt	2913	222	Orel	Renfrew
common\scripted_triggers\00_scripted_triggers_FR_loc.txt	2914	236	Astrakhan	Swieciany
common\scripted_triggers\00_scripted_triggers_FR_loc.txt	2915	237	Elista	Roxburgh
common\scripted_triggers\00_scripted_triggers_FR_loc.txt	2916	250	ulyanovsky	Ryazan
common\scripted_triggers\00_scripted_triggers_FR_loc.txt	2917	253	Ivanovo	Antrim
common\scripted_triggers\00_scripted_triggers_FR_loc.txt	2918	294	Oman	Druskieniki
common\scripted_triggers\00_scripted_triggers_FR_loc.txt	2919	339	Izmir	Landsberg
common\scripted_triggers\00_scripted_triggers_FR_loc.txt	2920	341	Edirne	Anglesey
common\scripted_triggers\00_scripted_triggers_FR_loc.txt	2921	342	Antalya	Denbighshire
common\scripted_triggers\00_scripted_triggers_FR_loc.txt	2922	343	Afyon	Wicklow
common\scripted_triggers\00_scripted_triggers_FR_loc.txt	2923	344	Adana	Staffordshire
common\scripted_triggers\00_scripted_triggers_FR_loc.txt	2924	347	Izmit	Roskilde
common\scripted_triggers\00_scripted_triggers_FR_loc.txt	2925	353	Erzurum	Dessau
common\scripted_triggers\00_scripted_triggers_FR_loc.txt	2926	399	Izhevsk	Utrecht
common\scripted_triggers\00_scripted_triggers_FR_loc.txt	2927	401	Engels	Brecknockshire
common\scripted_triggers\00_scripted_triggers_FR_loc.txt	2928	402	Akhtubinsk	Zuid-Holland
common\scripted_triggers\00_scripted_triggers_FR_loc.txt	2929	407	Uralsk	Sochaczew
common\scripted_triggers\00_scripted_triggers_FR_loc.txt	2930	411	Hormozgan	Delitzsch
common\scripted_triggers\00_scripted_triggers_FR_loc.txt	2931	415	South Khorasan	Bunzlau
common\scripted_triggers\00_scripted_triggers_FR_loc.txt	2932	427	Hyderabad	Grevenmacher
common\scripted_triggers\00_scripted_triggers_FR_loc.txt	2933	437	Central Indian Provinces	Wiltshire
common\scripted_triggers\00_scripted_triggers_FR_loc.txt	2934	447	Alexandria	Surrey
common\scripted_triggers\00_scripted_triggers_FR_loc.txt	2935	449	Libyan Coast	Meissen
common\scripted_triggers\00_scripted_triggers_FR_loc.txt	2936	456	Luxor	Vlaams-Limburg
common\scripted_triggers\00_scripted_triggers_FR_loc.txt	2937	459	Western Algeria	Krzemieniec
common\scripted_triggers\00_scripted_triggers_FR_loc.txt	2938	492	Piura	Wuerzburg
common\scripted_triggers\00_scripted_triggers_FR_loc.txt	2939	506	Northern Chile	Kreuznach
common\scripted_triggers\00_scripted_triggers_FR_loc.txt	2940	562	TS 4	Sobrance
common\scripted_triggers\00_scripted_triggers_FR_loc.txt	2941	564	TS 6	Northern Maramures
common\scripted_triggers\00_scripted_triggers_FR_loc.txt	2942	566	TS 8	Bas-Rhin
common\scripted_triggers\00_scripted_triggers_FR_loc.txt	2943	571	TS 13	Paris
common\scripted_triggers\00_scripted_triggers_FR_loc.txt	2944	584	Turkmenistan	Aube
common\scripted_triggers\00_scripted_triggers_FR_loc.txt	2945	585	Uzbekistan	Reolais et Bastide
common\scripted_triggers\00_scripted_triggers_FR_loc.txt	2946	586	Kyrgyzstan	Nitra
common\scripted_triggers\00_scripted_triggers_FR_loc.txt	2947	589	Eastern Kazakhstan	Wolfach
common\scripted_triggers\00_scripted_triggers_FR_loc.txt	2948	590	Northern Kazakhstan	Storojinet
common\scripted_triggers\00_scripted_triggers_FR_loc.txt	2949	617	Xinjiang	Transnistria
common\scripted_triggers\00_scripted_triggers_FR_loc.txt	2950	651	Sov state 5	Mlawa
common\scripted_triggers\00_scripted_triggers_FR_loc.txt	2951	652	Sov state 6	Aargau
common\scripted_triggers\00_scripted_triggers_FR_loc.txt	2952	658	Arab UK 1	Doubs
common\scripted_triggers\00_scripted_triggers_FR_loc.txt	2953	659	Arabian UK 2	Veszprem
common\scripted_triggers\00_scripted_triggers_FR_loc.txt	2954	677	Aleppo	Bekes
common\scripted_triggers\00_scripted_triggers_FR_loc.txt	2962	10	Poland	New Hampshire
common\scripted_triggers\00_scripted_triggers_FR_loc.txt	2963	11	Kaunas	New York
common\scripted_triggers\00_scripted_triggers_FR_loc.txt	2964	40	USSR	Nordurland eystra
common\scripted_triggers\00_scripted_triggers_FR_loc.txt	2965	41	Madrid	Arkhangelsk
common\scripted_triggers\00_scripted_triggers_FR_loc.txt	2966	48	Bulgaria	Austurland
common\scripted_triggers\00_scripted_triggers_FR_loc.txt	2967	85	Danzig	Pirkanmaa
common\scripted_triggers\00_scripted_triggers_FR_loc.txt	2968	86	Poznan	Satakunta
common\scripted_triggers\00_scripted_triggers_FR_loc.txt	2969	87	Lodz	Jekabpils
common\scripted_triggers\00_scripted_triggers_FR_loc.txt	2970	88	Kielce	Kopparberg
common\scripted_triggers\00_scripted_triggers_FR_loc.txt	2971	89	Krakow	Paijat-Hame
common\scripted_triggers\00_scripted_triggers_FR_loc.txt	2972	90	Lwow	Faero
common\scripted_triggers\00_scripted_triggers_FR_loc.txt	2973	91	Tarnopol	Ventspils
common\scripted_triggers\00_scripted_triggers_FR_loc.txt	2974	92	Lublin	Sogn og Fjordane
common\scripted_triggers\00_scripted_triggers_FR_loc.txt	2975	95	Nowogrodek	Valmiera
common\scripted_triggers\00_scripted_triggers_FR_loc.txt	2976	96	Wilejka	Vologda
common\scripted_triggers\00_scripted_triggers_FR_loc.txt	2977	97	Bialystok	Perm
common\scripted_triggers\00_scripted_triggers_FR_loc.txt	2978	98	Mazurskie	Aland
common\scripted_triggers\00_scripted_triggers_FR_loc.txt	2979	112	Lisbon	Cesis
common\scripted_triggers\00_scripted_triggers_FR_loc.txt	2980	116	Malta	Zetland
common\scripted_triggers\00_scripted_triggers_FR_loc.txt	2981	118	Gibralter	Akershus
common\scripted_triggers\00_scripted_triggers_FR_loc.txt	2982	147	Salla	Vest-Agder
common\scripted_triggers\00_scripted_triggers_FR_loc.txt	2983	148	Lappi	Goteborgs och Bohus
common\scripted_triggers\00_scripted_triggers_FR_loc.txt	2984	163	Dalmatia	Alvsborg
common\scripted_triggers\00_scripted_triggers_FR_loc.txt	2985	167	Valencia	Jonkoping
common\scripted_triggers\00_scripted_triggers_FR_loc.txt	2986	168	Murcia	Kalmar
common\scripted_triggers\00_scripted_triggers_FR_loc.txt	2987	169	Sevilla	Ross and Cromarty
common\scripted_triggers\00_scripted_triggers_FR_loc.txt	2988	173	Granada	Voru
common\scripted_triggers\00_scripted_triggers_FR_loc.txt	2989	175	Ciudad Real	Sverdlovsk
common\scripted_triggers\00_scripted_triggers_FR_loc.txt	2990	176	Burgos	Moray
common\scripted_triggers\00_scripted_triggers_FR_loc.txt	2991	179	Beja	Banff
common\scripted_triggers\00_scripted_triggers_FR_loc.txt	2992	180	Porto	Aberdeen
common\scripted_triggers\00_scripted_triggers_FR_loc.txt	2993	181	Guarda	Viborg
common\scripted_triggers\00_scripted_triggers_FR_loc.txt	2994	188	Memel	Tukums
common\scripted_triggers\00_scripted_triggers_FR_loc.txt	2995	189	Kaunas	Toropets
common\scripted_triggers\00_scripted_triggers_FR_loc.txt	2996	191	Tartu	Kincardine
common\scripted_triggers\00_scripted_triggers_FR_loc.txt	2997	193	Kiev	Angus
common\scripted_triggers\00_scripted_triggers_FR_loc.txt	2998	194	Pinsk Marches	Perth
common\scripted_triggers\00_scripted_triggers_FR_loc.txt	2999	195	Leningrad Area	Moscow Oblast
common\scripted_triggers\00_scripted_triggers_FR_loc.txt	3000	196	Kherson	Jelgava
common\scripted_triggers\00_scripted_triggers_FR_loc.txt	3001	197	Mykolaiv	Ringkobing
common\scripted_triggers\00_scripted_triggers_FR_loc.txt	3002	198	Vinnytsia	Vladimir
common\scripted_triggers\00_scripted_triggers_FR_loc.txt	3003	199	Khmelnytskyi	Arcyll
common\scripted_triggers\00_scripted_triggers_FR_loc.txt	3004	200	Rivne	Tatarstan
common\scripted_triggers\00_scripted_triggers_FR_loc.txt	3005	201	Zhytomyr	Bashkortostan
common\scripted_triggers\00_scripted_triggers_FR_loc.txt	3006	202	Western Kiev	Kristianstad
common\scripted_triggers\00_scripted_triggers_FR_loc.txt	3007	203	Cherkasy	Blekinge
common\scripted_triggers\00_scripted_triggers_FR_loc.txt	3008	204	Brest	Fife
common\scripted_triggers\00_scripted_triggers_FR_loc.txt	3009	205	Hrodna	Telsiu
common\scripted_triggers\00_scripted_triggers_FR_loc.txt	3010	206	Minsk	Siauliu
common\scripted_triggers\00_scripted_triggers_FR_loc.txt	3011	207	Viciebsk	Panevezio
common\scripted_triggers\00_scripted_triggers_FR_loc.txt	3012	208	Pskov	Kretingos
common\scripted_triggers\00_scripted_triggers_FR_loc.txt	3013	209	Smolensk	Chuvash
common\scripted_triggers\00_scripted_triggers_FR_loc.txt	3014	210	Bryansk	Stirling
common\scripted_triggers\00_scripted_triggers_FR_loc.txt	3015	211	Burgas	Kinross
common\scripted_triggers\00_scripted_triggers_FR_loc.txt	3016	212	Plovdiv	Malmohus
common\scripted_triggers\00_scripted_triggers_FR_loc.txt	3017	213	Murmansk	Dunbarton
common\scripted_triggers\00_scripted_triggers_FR_loc.txt	3018	217	Stalingrad Area	East Lothian
common\scripted_triggers\00_scripted_triggers_FR_loc.txt	3019	218	Rostov Area	Vyazma
common\scripted_triggers\00_scripted_triggers_FR_loc.txt	3020	219	Moscow Area	Lanmark
common\scripted_triggers\00_scripted_triggers_FR_loc.txt	3021	220	Kursk Area	West Lothian
common\scripted_triggers\00_scripted_triggers_FR_loc.txt	3022	221	Kharkov	Midlothian
common\scripted_triggers\00_scripted_triggers_FR_loc.txt	3023	223	tula	Vejle
common\scripted_triggers\00_scripted_triggers_FR_loc.txt	3024	224	Bryansk	Berwick
common\scripted_triggers\00_scripted_triggers_FR_loc.txt	3025	225	Glukhov	Utenos
common\scripted_triggers\00_scripted_triggers_FR_loc.txt	3026	226	Nikopol	Gotland
common\scripted_triggers\00_scripted_triggers_FR_loc.txt	3027	227	Stalino	Klaipedos
common\scripted_triggers\00_scripted_triggers_FR_loc.txt	3028	228	Taganrog	Ribe
common\scripted_triggers\00_scripted_triggers_FR_loc.txt	3029	232	Grozny	Dzisna
common\scripted_triggers\00_scripted_triggers_FR_loc.txt	3030	234	Krasodar	Northumberland
common\scripted_triggers\00_scripted_triggers_FR_loc.txt	3031	235	Stravropol	Safonovo
common\scripted_triggers\00_scripted_triggers_FR_loc.txt	3032	238	volgodonsk	Sakiu
common\scripted_triggers\00_scripted_triggers_FR_loc.txt	3033	239	Saratov	Selkirk
common\scripted_triggers\00_scripted_triggers_FR_loc.txt	3034	240	Voronezh	Odense
common\scripted_triggers\00_scripted_triggers_FR_loc.txt	3035	241	Pochep	Wilno
common\scripted_triggers\00_scripted_triggers_FR_loc.txt	3036	242	Smolensk	Kauno
common\scripted_triggers\00_scripted_triggers_FR_loc.txt	3037	243	Roslavl	Srem
common\scripted_triggers\00_scripted_triggers_FR_loc.txt	3038	244	Gatchina	Ukmerges
common\scripted_triggers\00_scripted_triggers_FR_loc.txt	3039	245	Donetsk	Dumfries
common\scripted_triggers\00_scripted_triggers_FR_loc.txt	3040	246	Rzhev	Tonder
common\scripted_triggers\00_scripted_triggers_FR_loc.txt	3041	247	Tver	Svendborg
common\scripted_triggers\00_scripted_triggers_FR_loc.txt	3042	248	Yaroslavl	Donegal
common\scripted_triggers\00_scripted_triggers_FR_loc.txt	3043	249	Kazan	Kirkcud
common\scripted_triggers\00_scripted_triggers_FR_loc.txt	3044	251	Samara	Kaluga
common\scripted_triggers\00_scripted_triggers_FR_loc.txt	3045	252	Nizhny Novogrod	Konigsberg
common\scripted_triggers\00_scripted_triggers_FR_loc.txt	3046	254	Ryazan	Londonder
common\scripted_triggers\00_scripted_triggers_FR_loc.txt	3047	255	Penza	Ruzayevka
common\scripted_triggers\00_scripted_triggers_FR_loc.txt	3048	256	Cheboksary	Cumberland
common\scripted_triggers\00_scripted_triggers_FR_loc.txt	3049	257	Livny	Wigtown
common\scripted_triggers\00_scripted_triggers_FR_loc.txt	3050	258	lipetsk	Durham
common\scripted_triggers\00_scripted_triggers_FR_loc.txt	3051	259	Liski	Marijampoles
common\scripted_triggers\00_scripted_triggers_FR_loc.txt	3052	260	Borisoglbsk	Eiderstadt
common\scripted_triggers\00_scripted_triggers_FR_loc.txt	3053	262	Torzhok	Tyrone
common\scripted_triggers\00_scripted_triggers_FR_loc.txt	3054	263	Veliky Novogrod	Stolp
common\scripted_triggers\00_scripted_triggers_FR_loc.txt	3055	264	Tikhvin	Koscierzyna
common\scripted_triggers\00_scripted_triggers_FR_loc.txt	3056	265	Mikhaylovka	Tula
common\scripted_triggers\00_scripted_triggers_FR_loc.txt	3057	266	Persia	Krupki
common\scripted_triggers\00_scripted_triggers_FR_loc.txt	3058	267	Afghanistan	Gdynia
common\scripted_triggers\00_scripted_triggers_FR_loc.txt	3059	277	Mexico	Praesto
common\scripted_triggers\00_scripted_triggers_FR_loc.txt	3060	279	Chile	Sligo
common\scripted_triggers\00_scripted_triggers_FR_loc.txt	3061	291	Iraq	Cavan
common\scripted_triggers\00_scripted_triggers_FR_loc.txt	3062	295	Congo	Naugard
common\scripted_triggers\00_scripted_triggers_FR_loc.txt	3063	302	bolivia	Longford
common\scripted_triggers\00_scripted_triggers_FR_loc.txt	3064	303	Peru	Lyudinovo
common\scripted_triggers\00_scripted_triggers_FR_loc.txt	3065	321	Goa	Leitrim
common\scripted_triggers\00_scripted_triggers_FR_loc.txt	3066	326	HongKong	Wolkowysk
common\scripted_triggers\00_scripted_triggers_FR_loc.txt	3067	327	Philippines	Luckenwalde
common\scripted_triggers\00_scripted_triggers_FR_loc.txt	3068	336	Singapore	Friesland
common\scripted_triggers\00_scripted_triggers_FR_loc.txt	3069	340	Bursa	Buda-Kashalyova
common\scripted_triggers\00_scripted_triggers_FR_loc.txt	3070	345	Mersin	Laoighis
common\scripted_triggers\00_scripted_triggers_FR_loc.txt	3071	346	Konya	Drenthe
common\scripted_triggers\00_scripted_triggers_FR_loc.txt	3072	348	Kayseri	Tipperary
common\scripted_triggers\00_scripted_triggers_FR_loc.txt	3073	349	Silvas	Clare
common\scripted_triggers\00_scripted_triggers_FR_loc.txt	3074	350	Diyarbekir	Meppen
common\scripted_triggers\00_scripted_triggers_FR_loc.txt	3075	351	Vologda	Ostrow Mazowiecka
common\scripted_triggers\00_scripted_triggers_FR_loc.txt	3076	352	Hakkari	Hannover
common\scripted_triggers\00_scripted_triggers_FR_loc.txt	3077	354	Trabzon	Merionethshire
common\scripted_triggers\00_scripted_triggers_FR_loc.txt	3078	355	Samsun	Shropshire
common\scripted_triggers\00_scripted_triggers_FR_loc.txt	3079	356	Sinop	Norfolk
common\scripted_triggers\00_scripted_triggers_FR_loc.txt	3080	358	New York	Noord-Holland
common\scripted_triggers\00_scripted_triggers_FR_loc.txt	3081	397	Syktyvkar	Chernigov
common\scripted_triggers\00_scripted_triggers_FR_loc.txt	3082	398	Perm	Shostka
common\scripted_triggers\00_scripted_triggers_FR_loc.txt	3083	400	Kirov	Steinfurt
common\scripted_triggers\00_scripted_triggers_FR_loc.txt	3084	403	Kharabali	Bedfordshire
common\scripted_triggers\00_scripted_triggers_FR_loc.txt	3085	404	Saykhin	Diekirch
common\scripted_triggers\00_scripted_triggers_FR_loc.txt	3086	405	Atyrau	Buckinghamshire
common\scripted_triggers\00_scripted_triggers_FR_loc.txt	3087	406	Krasnyy Yar	Carmarthenshire
common\scripted_triggers\00_scripted_triggers_FR_loc.txt	3088	408	Vladivostok	Oxfordshire
common\scripted_triggers\00_scripted_triggers_FR_loc.txt	3089	409	Khabarovsk	Pembrokeshire
common\scripted_triggers\00_scripted_triggers_FR_loc.txt	3090	414	Kerman	Warendorf
common\scripted_triggers\00_scripted_triggers_FR_loc.txt	3091	417	Golestan	Hameln
common\scripted_triggers\00_scripted_triggers_FR_loc.txt	3092	418	Semnan	Halle
common\scripted_triggers\00_scripted_triggers_FR_loc.txt	3093	419	Azerbaijan	Monmouthshire
common\scripted_triggers\00_scripted_triggers_FR_loc.txt	3094	422	Ceylon	Brabant wallon
common\scripted_triggers\00_scripted_triggers_FR_loc.txt	3095	423	Madras	Kleve
common\scripted_triggers\00_scripted_triggers_FR_loc.txt	3096	424	Andra Pradesh	Mittel Ruhr
common\scripted_triggers\00_scripted_triggers_FR_loc.txt	3097	425	Mysore	Schweidnitz
common\scripted_triggers\00_scripted_triggers_FR_loc.txt	3098	429	Bombay	Jedrzejow
common\scripted_triggers\00_scripted_triggers_FR_loc.txt	3099	436	Central Provinces	Zhitomir
common\scripted_triggers\00_scripted_triggers_FR_loc.txt	3100	438	United Provinces	Dobeln
common\scripted_triggers\00_scripted_triggers_FR_loc.txt	3101	439	Delhi	Marburg
common\scripted_triggers\00_scripted_triggers_FR_loc.txt	3102	442	Peshawar	Laon
common\scripted_triggers\00_scripted_triggers_FR_loc.txt	3103	445	Quetta	Somerset
common\scripted_triggers\00_scripted_triggers_FR_loc.txt	3104	448	Tripoli	Abbeville
common\scripted_triggers\00_scripted_triggers_FR_loc.txt	3105	450	Benghasi	Belgorod
common\scripted_triggers\00_scripted_triggers_FR_loc.txt	3106	451	Derna	Zeeland
common\scripted_triggers\00_scripted_triggers_FR_loc.txt	3107	452	Marsa Matruh	Val-de-Marne
common\scripted_triggers\00_scripted_triggers_FR_loc.txt	3108	460	Eastern Algeria	Aachen
common\scripted_triggers\00_scripted_triggers_FR_loc.txt	3109	461	Northern Morocco	Rosenberg
common\scripted_triggers\00_scripted_triggers_FR_loc.txt	3110	462	Southern Morocco	Sussex
common\scripted_triggers\00_scripted_triggers_FR_loc.txt	3111	493	La Libertad	Proskuriv
common\scripted_triggers\00_scripted_triggers_FR_loc.txt	3112	499	Bahia	Sternberg
common\scripted_triggers\00_scripted_triggers_FR_loc.txt	3113	500	Rio de Janerio	Luxembourg Belge
common\scripted_triggers\00_scripted_triggers_FR_loc.txt	3114	501	Saol Paulo	Lubaczow
common\scripted_triggers\00_scripted_triggers_FR_loc.txt	3115	511	Cuyo	Rostov
common\scripted_triggers\00_scripted_triggers_FR_loc.txt	3116	513	Southern Algeria	Praha
common\scripted_triggers\00_scripted_triggers_FR_loc.txt	3117	551	Khartoum	Calvados
common\scripted_triggers\00_scripted_triggers_FR_loc.txt	3118	554	Syria	Passau
common\scripted_triggers\00_scripted_triggers_FR_loc.txt	3119	560	TS 2	Pokrovske
common\scripted_triggers\00_scripted_triggers_FR_loc.txt	3120	563	TS 5	Melun
common\scripted_triggers\00_scripted_triggers_FR_loc.txt	3121	565	TS 7	Tomashpol
common\scripted_triggers\00_scripted_triggers_FR_loc.txt	3122	567	TS 9	Kempten
common\scripted_triggers\00_scripted_triggers_FR_loc.txt	3123	568	TS 10	Baden
common\scripted_triggers\00_scripted_triggers_FR_loc.txt	3124	569	TS 11	Levoca
common\scripted_triggers\00_scripted_triggers_FR_loc.txt	3125	570	TS 12	Nancy
common\scripted_triggers\00_scripted_triggers_FR_loc.txt	3126	572	TS 14	Orne
common\scripted_triggers\00_scripted_triggers_FR_loc.txt	3127	573	Ts 15	Eure-et-Loir
common\scripted_triggers\00_scripted_triggers_FR_loc.txt	3128	574	Siberia 1	Hron
common\scripted_triggers\00_scripted_triggers_FR_loc.txt	3129	575	Siberia 2	Rottweil
common\scripted_triggers\00_scripted_triggers_FR_loc.txt	3130	576	Siberia 3	Rosenheim
common\scripted_triggers\00_scripted_triggers_FR_loc.txt	3131	577	Siberia 4	Zilina
common\scripted_triggers\00_scripted_triggers_FR_loc.txt	3132	578	Siberia 5	Cotes-du-Nord
common\scripted_triggers\00_scripted_triggers_FR_loc.txt	3133	579	Siberia 6	Mezhevaya
common\scripted_triggers\00_scripted_triggers_FR_loc.txt	3134	580	Siberia 7	Nyitra es Pozsony
common\scripted_triggers\00_scripted_triggers_FR_loc.txt	3135	582	Sourthern Urals	Linz
common\scripted_triggers\00_scripted_triggers_FR_loc.txt	3136	583	Kazakhstan	Finistere
common\scripted_triggers\00_scripted_triggers_FR_loc.txt	3137	588	Some Mountains	Chaumont
common\scripted_triggers\00_scripted_triggers_FR_loc.txt	3138	592	Guangzhou	Hotin
common\scripted_triggers\00_scripted_triggers_FR_loc.txt	3139	594	Nanning	Kalisz
common\scripted_triggers\00_scripted_triggers_FR_loc.txt	3140	608	Beijing	Mateszalka
common\scripted_triggers\00_scripted_triggers_FR_loc.txt	3141	613	China 12	Berezovka
common\scripted_triggers\00_scripted_triggers_FR_loc.txt	3142	640	Mandalay	Montaigne et Gurson
common\scripted_triggers\00_scripted_triggers_FR_loc.txt	3143	653	Sov state 7	Nievre
common\scripted_triggers\00_scripted_triggers_FR_loc.txt	3144	654	sov state 8	Voralberg
common\scripted_triggers\00_scripted_triggers_FR_loc.txt	3145	662	Sirte	Berettyoujfalu
common\scripted_triggers\00_scripted_triggers_FR_loc.txt	3146	665	Gabes	Cluj
common\scripted_triggers\00_scripted_triggers_FR_loc.txt	3147	676	Mosul	Zala
common\scripted_triggers\00_scripted_triggers_FR_loc.txt	3148	680	Deir-az-Zur	Mures
common\scripted_triggers\00_scripted_triggers_FR_loc.txt	3149	686	Puerto Rico	Beius
common\scripted_triggers\00_scripted_triggers_FR_loc.txt	3150	718	Stanleyville	Torino
common\scripted_triggers\00_scripted_triggers_FR_loc.txt	3151	722	Petsamo	Baranya
common\scripted_triggers\00_scripted_triggers_FR_loc.txt	3152	742	Stalinabad	Venezia
common\scripted_triggers\00_scripted_triggers_FR_loc.txt	3153	743	Qingdao	Ljubljana
common\scripted_triggers\00_scripted_triggers_FR_loc.txt	3154	744	Xian	Trieste
common\scripted_triggers\00_scripted_triggers_FR_loc.txt	3155	745	Dalian	Aosta
common\scripted_triggers\00_scripted_triggers_FR_loc.txt	3156	746	Ordos	Chambery
common\scripted_triggers\00_scripted_triggers_FR_loc.txt	3157	747	Dali Bai	Lyon
common\scripted_triggers\00_scripted_triggers_FR_loc.txt	3158	748	Zunyi	Zemplen
common\scripted_triggers\00_scripted_triggers_FR_loc.txt	3159	749	Huangshan	Isere
common\scripted_triggers\00_scripted_triggers_FR_loc.txt	3160	750	Changde	Mont-Blanc
common\scripted_triggers\00_scripted_triggers_FR_loc.txt	3161	751	Liangshan	Correze
common\scripted_triggers\00_scripted_triggers_FR_loc.txt	3162	752	Chamdo	Wloclawek
common\scripted_triggers\00_scripted_triggers_FR_loc.txt	3163	753	Gannan	Dordogne
common\scripted_triggers\00_scripted_triggers_FR_loc.txt	3164	755	Haixi	Fiume
common\scripted_triggers\00_scripted_triggers_FR_loc.txt	3165	756	Jiuquan	Caras
common\scripted_triggers\00_scripted_triggers_FR_loc.txt	3166	757	Shigatse	Buzau
common\scripted_triggers\00_scripted_triggers_FR_loc.txt	3167	758	Ngari	Muscel
common\scripted_triggers\00_scripted_triggers_FR_loc.txt	3168	760	Dabancheng	Gironde
common\scripted_triggers\00_scripted_triggers_FR_loc.txt	3169	761	Hulunbuir	Karakalpakstan
common\scripted_triggers\00_scripted_triggers_FR_loc.txt	3170	762	Katowice	Istria
common\scripted_triggers\00_scripted_triggers_FR_loc.txt	3171	763	Konigsberg	Nogay
common\scripted_triggers\00_scripted_triggers_FR_loc.txt	3172	782	Tombouctou	Foca
common\scripted_triggers\00_scripted_triggers_FR_loc.txt	3173	783	Sidi Ifni	Lot
common\scripted_triggers\00_scripted_triggers_FR_loc.txt	3174	784	Ermland-Masuren	Avar
common\scripted_triggers\00_scripted_triggers_FR_loc.txt	3175	788	Salamanca	Olt
common\scripted_triggers\00_scripted_triggers_FR_loc.txt	3176	789	Cordoba	Essonne
common\scripted_triggers\00_scripted_triggers_FR_loc.txt	3177	791	Valladolid	Ialomita
common\scripted_triggers\00_scripted_triggers_FR_loc.txt	3178	793	Guadalajara	Constanta
common\scripted_triggers\00_scripted_triggers_FR_loc.txt	3179	795	Santarem	Lot-et-Garonne
common\scripted_triggers\00_scripted_triggers_FR_loc.txt	3180	446	Cairo	Kent
common\scripted_triggers\00_scripted_triggers_FR_loc.txt	3181	681	Soviet Lakes	Klagenfurt
common\scripted_triggers\00_scripted_triggers_FR_loc.txt	3189	177	Balearic Islands	Ivanovo
common\scripted_triggers\00_scripted_triggers_FR_loc.txt	3190	178	Canary islands	Holbaek
common\scripted_triggers\00_scripted_triggers_FR_loc.txt	3191	281	India	Stralsund
common\scripted_triggers\00_scripted_triggers_FR_loc.txt	3192	299	Falkand Islands	Penza
common\scripted_triggers\00_scripted_triggers_FR_loc.txt	3193	647	Palau	Zurich
common\scripted_triggers\00_scripted_triggers_FR_loc.txt	3194	649	Galapagos Islands	Nasaud
common\scripted_triggers\00_scripted_triggers_FR_loc.txt	3195	668	The Moluccas	Dole
common\scripted_triggers\00_scripted_triggers_FR_loc.txt	3196	754	Golog	Lika-Gacka
common\scripted_triggers\00_scripted_triggers_FR_loc.txt	3207	68	Wartheland	Pohjois-Karjala
common\scripted_triggers\00_scripted_triggers_FR_loc.txt	3208	111	Uusima	Hordaland
common\scripted_triggers\00_scripted_triggers_FR_loc.txt	3209	136	Aberdeenshire	Sodermanland
common\scripted_triggers\00_scripted_triggers_FR_loc.txt	3210	154	Southern plain	Tver
common\scripted_triggers\00_scripted_triggers_FR_loc.txt	3211	380	Utah	Cardiganshire
common\scripted_triggers\00_scripted_triggers_FR_loc.txt	3212	385	Oregon	Seine-Saint-Denis
common\scripted_triggers\00_scripted_triggers_FR_loc.txt	3213	387	Idaho	Myszyniec
common\scripted_triggers\00_scripted_triggers_FR_loc.txt	3214	395	Illinois	Waterford
common\scripted_triggers\00_scripted_triggers_FR_loc.txt	3215	396	Indiana	Herefordshire
common\scripted_triggers\00_scripted_triggers_FR_loc.txt	3216	494	Ucayali	Lubny
common\scripted_triggers\00_scripted_triggers_FR_loc.txt	3217	495	Amazonas	Bayreuth
common\scripted_triggers\00_scripted_triggers_FR_loc.txt	3218	504	Iguacu	Zwittau
common\scripted_triggers\00_scripted_triggers_FR_loc.txt	3219	561	TS 3	Atyrau
common\scripted_triggers\00_scripted_triggers_FR_loc.txt	3220	581	Northern Urals	Ravensburg
common\scripted_triggers\00_scripted_triggers_FR_loc.txt	3221	606	China 6	Haut-Rhin
common\scripted_triggers\00_scripted_triggers_FR_loc.txt	3222	682	Northern Ontario	Deux-Sevres
common\scripted_triggers\00_scripted_triggers_FR_loc.txt	3230	30	Loire	Medvezhyegorsk
common\scripted_triggers\00_scripted_triggers_FR_loc.txt	3231	278	Argentina	Chausy
common\scripted_triggers\00_scripted_triggers_FR_loc.txt	3239	2	Italy	Massachusetts
common\scripted_triggers\00_scripted_triggers_FR_loc.txt	3240	12	Latvia	Vermont
common\scripted_triggers\00_scripted_triggers_FR_loc.txt	3241	13	Estonia	Troms
common\scripted_triggers\00_scripted_triggers_FR_loc.txt	3242	20	Franche-comte	Maribo
common\scripted_triggers\00_scripted_triggers_FR_loc.txt	3243	22	Roussillion	Kalastajasaarento
common\scripted_triggers\00_scripted_triggers_FR_loc.txt	3244	23	Poitou	Norrbotten
common\scripted_triggers\00_scripted_triggers_FR_loc.txt	3245	24	Centre	Petrozavodsk
common\scripted_triggers\00_scripted_triggers_FR_loc.txt	3246	25	Limousin	Nordland
common\scripted_triggers\00_scripted_triggers_FR_loc.txt	3247	29	Pas de Calais	Suursaari
common\scripted_triggers\00_scripted_triggers_FR_loc.txt	3248	33	Centre sud	Vanha Salla
common\scripted_triggers\00_scripted_triggers_FR_loc.txt	3249	35	Gelderland	Komi
common\scripted_triggers\00_scripted_triggers_FR_loc.txt	3250	37	Denmark	Fontainebleau
common\scripted_triggers\00_scripted_triggers_FR_loc.txt	3251	38	Sweden	Ukhta
common\scripted_triggers\00_scripted_triggers_FR_loc.txt	3252	39	South Tyrol	Belomorsk
common\scripted_triggers\00_scripted_triggers_FR_loc.txt	3253	42	Rhineland	Pohjois-Pohjanmaa
common\scripted_triggers\00_scripted_triggers_FR_loc.txt	3254	50	Baden	Kainuu
common\scripted_triggers\00_scripted_triggers_FR_loc.txt	3255	58	Schleswig - Holstein	Hauts-de-Seine
common\scripted_triggers\00_scripted_triggers_FR_loc.txt	3256	59	Ost - Hannover	Suoyarvi
common\scripted_triggers\00_scripted_triggers_FR_loc.txt	3257	61	Mecklenburg	Pudozh
common\scripted_triggers\00_scripted_triggers_FR_loc.txt	3258	64	Brandenburg	Newfoundland
common\scripted_triggers\00_scripted_triggers_FR_loc.txt	3259	82	Banat	Chodziez
common\scripted_triggers\00_scripted_triggers_FR_loc.txt	3260	99	Jutland	Gniezno
common\scripted_triggers\00_scripted_triggers_FR_loc.txt	3261	113	Ireland	Terijoki
common\scripted_triggers\00_scripted_triggers_FR_loc.txt	3262	121	Scottish Lowlands	Vastmanland
common\scripted_triggers\00_scripted_triggers_FR_loc.txt	3263	122	Wales	Poznan
common\scripted_triggers\00_scripted_triggers_FR_loc.txt	3264	126	Greater London Area	Glasgow
common\scripted_triggers\00_scripted_triggers_FR_loc.txt	3265	127	South-east England	Leningrad Oblast
common\scripted_triggers\00_scripted_triggers_FR_loc.txt	3266	130	Yorkshire	Isle of Mann
common\scripted_triggers\00_scripted_triggers_FR_loc.txt	3267	131	Northern England	Vestfold
common\scripted_triggers\00_scripted_triggers_FR_loc.txt	3268	132	North-west England	Aust-Agder
common\scripted_triggers\00_scripted_triggers_FR_loc.txt	3269	133	Strathclyde	Harju
common\scripted_triggers\00_scripted_triggers_FR_loc.txt	3270	134	Connaught	Narva
common\scripted_triggers\00_scripted_triggers_FR_loc.txt	3271	135	Munster	Kostroma
common\scripted_triggers\00_scripted_triggers_FR_loc.txt	3272	139	Smaland	Abenra-Sonderborg
common\scripted_triggers\00_scripted_triggers_FR_loc.txt	3273	140	Vaster Gotland	Hjorring
common\scripted_triggers\00_scripted_triggers_FR_loc.txt	3274	141	Sodermanland	Stockholm
common\scripted_triggers\00_scripted_triggers_FR_loc.txt	3275	142	Vestlandet	Staraya Russa
common\scripted_triggers\00_scripted_triggers_FR_loc.txt	3276	143	Midt-Noreg	Jarva
common\scripted_triggers\00_scripted_triggers_FR_loc.txt	3277	144	Nord-Noreg	Thisted
common\scripted_triggers\00_scripted_triggers_FR_loc.txt	3278	164	Dodecanese	Bornholm
common\scripted_triggers\00_scripted_triggers_FR_loc.txt	3279	174	Leon	Liepaja
common\scripted_triggers\00_scripted_triggers_FR_loc.txt	3280	186	Peloponnese	Mari El
common\scripted_triggers\00_scripted_triggers_FR_loc.txt	3281	273	Italian Africa	Kolberg
common\scripted_triggers\00_scripted_triggers_FR_loc.txt	3282	275	South Africa	Traku
common\scripted_triggers\00_scripted_triggers_FR_loc.txt	3283	276	Canada	Armagh
common\scripted_triggers\00_scripted_triggers_FR_loc.txt	3284	280	Brazil	Danzig
common\scripted_triggers\00_scripted_triggers_FR_loc.txt	3285	282	Japan	Rastenburg
common\scripted_triggers\00_scripted_triggers_FR_loc.txt	3286	283	China	Monaghan
common\scripted_triggers\00_scripted_triggers_FR_loc.txt	3287	287	Sinkiang	Brodnica
common\scripted_triggers\00_scripted_triggers_FR_loc.txt	3288	292	Saudi Arabia	Baranowicze
common\scripted_triggers\00_scripted_triggers_FR_loc.txt	3289	306	Colombia	Augustow
common\scripted_triggers\00_scripted_triggers_FR_loc.txt	3290	307	Venezuela	Slonim
common\scripted_triggers\00_scripted_triggers_FR_loc.txt	3291	325	Yunnan	Derbyshire
common\scripted_triggers\00_scripted_triggers_FR_loc.txt	3292	328	Manchukuo	Nottinghamshire
common\scripted_triggers\00_scripted_triggers_FR_loc.txt	3293	338	Gloucestershire	Flintshire
common\scripted_triggers\00_scripted_triggers_FR_loc.txt	3294	359	New Jersey	Lipetsk
common\scripted_triggers\00_scripted_triggers_FR_loc.txt	3295	361	Maryland	Kilkenny
common\scripted_triggers\00_scripted_triggers_FR_loc.txt	3296	368	Tennesse	Wexford
common\scripted_triggers\00_scripted_triggers_FR_loc.txt	3297	369	Kentucky	Northamptonshire
common\scripted_triggers\00_scripted_triggers_FR_loc.txt	3298	370	Mississippi	Grojec
common\scripted_triggers\00_scripted_triggers_FR_loc.txt	3299	373	Missouri	Osnabruck
common\scripted_triggers\00_scripted_triggers_FR_loc.txt	3300	379	Nevada	Huntingdonshire
common\scripted_triggers\00_scripted_triggers_FR_loc.txt	3301	381	Wyoming	Lodz
common\scripted_triggers\00_scripted_triggers_FR_loc.txt	3302	382	Colorado	Paderborn
common\scripted_triggers\00_scripted_triggers_FR_loc.txt	3303	383	Kansas	Gelderland
common\scripted_triggers\00_scripted_triggers_FR_loc.txt	3304	384	Nebraska	Zhitkovichi
common\scripted_triggers\00_scripted_triggers_FR_loc.txt	3305	388	Montana	Kursk
common\scripted_triggers\00_scripted_triggers_FR_loc.txt	3306	389	North Dakota	Radnorshire
common\scripted_triggers\00_scripted_triggers_FR_loc.txt	3307	390	South Dakota	Worcestershire
common\scripted_triggers\00_scripted_triggers_FR_loc.txt	3308	391	Minnesota	Muenster
common\scripted_triggers\00_scripted_triggers_FR_loc.txt	3309	393	Michigan	Hildesheim
common\scripted_triggers\00_scripted_triggers_FR_loc.txt	3310	394	Wisconsin	Cork
common\scripted_triggers\00_scripted_triggers_FR_loc.txt	3311	410	Sistan	Gloucestershire
common\scripted_triggers\00_scripted_triggers_FR_loc.txt	3312	412	Fars	Voronezh
common\scripted_triggers\00_scripted_triggers_FR_loc.txt	3313	413	Khuzestan	Essex
common\scripted_triggers\00_scripted_triggers_FR_loc.txt	3314	416	Razavi Khorasan	Hertfordshire
common\scripted_triggers\00_scripted_triggers_FR_loc.txt	3315	420	Gilan	Sarny
common\scripted_triggers\00_scripted_triggers_FR_loc.txt	3316	421	Kurdistan	Radomsko
common\scripted_triggers\00_scripted_triggers_FR_loc.txt	3317	428	Western Indian States	Berkshire
common\scripted_triggers\00_scripted_triggers_FR_loc.txt	3318	433	Rajputana	Dortmund
common\scripted_triggers\00_scripted_triggers_FR_loc.txt	3319	435	Bihar	Brent
common\scripted_triggers\00_scripted_triggers_FR_loc.txt	3320	443	Sind	Borispol
common\scripted_triggers\00_scripted_triggers_FR_loc.txt	3321	453	Sinai	Hampshire
common\scripted_triggers\00_scripted_triggers_FR_loc.txt	3322	457	Aswan	Volgograd
common\scripted_triggers\00_scripted_triggers_FR_loc.txt	3323	465	New Brunswick	Siegkreis
common\scripted_triggers\00_scripted_triggers_FR_loc.txt	3324	467	Manitoba	Sosnowiec
common\scripted_triggers\00_scripted_triggers_FR_loc.txt	3325	468	Nunavut	Dorset
common\scripted_triggers\00_scripted_triggers_FR_loc.txt	3326	471	Northwestern Canada	Aussig
common\scripted_triggers\00_scripted_triggers_FR_loc.txt	3327	472	Northwest Territories	Calais
common\scripted_triggers\00_scripted_triggers_FR_loc.txt	3328	474	Yucatan	Limburg
common\scripted_triggers\00_scripted_triggers_FR_loc.txt	3329	475	Chiapas	Altenkirchen
common\scripted_triggers\00_scripted_triggers_FR_loc.txt	3330	476	Oaxaca	Chemnitz
common\scripted_triggers\00_scripted_triggers_FR_loc.txt	3331	477	Veracruz	Schleiden
common\scripted_triggers\00_scripted_triggers_FR_loc.txt	3332	478	Nayarit	Giessen
common\scripted_triggers\00_scripted_triggers_FR_loc.txt	3333	479	Tamaulipas	Oost Noord-Brabant
common\scripted_triggers\00_scripted_triggers_FR_loc.txt	3334	480	Coahuila	Liege
common\scripted_triggers\00_scripted_triggers_FR_loc.txt	3335	481	Sinaloa	Katowice
common\scripted_triggers\00_scripted_triggers_FR_loc.txt	3336	482	Chihuahua	Hainaut
common\scripted_triggers\00_scripted_triggers_FR_loc.txt	3337	483	Sonora	Westerburg
common\scripted_triggers\00_scripted_triggers_FR_loc.txt	3338	485	Guerrero	Eupen-Malmedy
common\scripted_triggers\00_scripted_triggers_FR_loc.txt	3339	486	Meta	Hradec Kralove
common\scripted_triggers\00_scripted_triggers_FR_loc.txt	3340	487	Amazinas	Namur
common\scripted_triggers\00_scripted_triggers_FR_loc.txt	3341	488	Bolivar	Koblenz
common\scripted_triggers\00_scripted_triggers_FR_loc.txt	3342	489	Monagas	Kladno
common\scripted_triggers\00_scripted_triggers_FR_loc.txt	3343	490	Pastaza	Drohobycz
common\scripted_triggers\00_scripted_triggers_FR_loc.txt	3344	491	Loreto	Zamosc
common\scripted_triggers\00_scripted_triggers_FR_loc.txt	3345	496	Para	Tarnow
common\scripted_triggers\00_scripted_triggers_FR_loc.txt	3346	497	Maranhao	Kharkov
common\scripted_triggers\00_scripted_triggers_FR_loc.txt	3347	498	Rio Grande	Eger
common\scripted_triggers\00_scripted_triggers_FR_loc.txt	3348	502	Rio Grande Sul	Czortkow
common\scripted_triggers\00_scripted_triggers_FR_loc.txt	3349	503	Santa Catarina	Bittburg
common\scripted_triggers\00_scripted_triggers_FR_loc.txt	3350	505	Goias	Amiens
common\scripted_triggers\00_scripted_triggers_FR_loc.txt	3351	508	Argentine Northwest	Warszawa
common\scripted_triggers\00_scripted_triggers_FR_loc.txt	3352	509	Gran Chaco	Biala
common\scripted_triggers\00_scripted_triggers_FR_loc.txt	3353	514	North Africa	Pardubice
common\scripted_triggers\00_scripted_triggers_FR_loc.txt	3354	515	Central Africa	Sedan
common\scripted_triggers\00_scripted_triggers_FR_loc.txt	3355	520	Northern Territory	Parsberg
common\scripted_triggers\00_scripted_triggers_FR_loc.txt	3356	521	Queensland	Mainz
common\scripted_triggers\00_scripted_triggers_FR_loc.txt	3357	531	Osaka	Oise
common\scripted_triggers\00_scripted_triggers_FR_loc.txt	3358	532	Nagoya	Olomouc
common\scripted_triggers\00_scripted_triggers_FR_loc.txt	3359	533	Akita	Ansbach
common\scripted_triggers\00_scripted_triggers_FR_loc.txt	3360	534	Niigata	Manche
common\scripted_triggers\00_scripted_triggers_FR_loc.txt	3361	535	Nagano	Jihlava
common\scripted_triggers\00_scripted_triggers_FR_loc.txt	3362	538	Cameroun	Verdun
common\scripted_triggers\00_scripted_triggers_FR_loc.txt	3363	541	South West Africa	Tatra
common\scripted_triggers\00_scripted_triggers_FR_loc.txt	3364	546	Tanganyika	Tuchola
common\scripted_triggers\00_scripted_triggers_FR_loc.txt	3365	552	Western Egypt	Marne
common\scripted_triggers\00_scripted_triggers_FR_loc.txt	3366	591	Hainan	Malacky
common\scripted_triggers\00_scripted_triggers_FR_loc.txt	3367	593	Guangdong	Uzhorod a Mukacevo
common\scripted_triggers\00_scripted_triggers_FR_loc.txt	3368	595	Fujian	Mayenne
common\scripted_triggers\00_scripted_triggers_FR_loc.txt	3369	596	Zhejiang	Borsod
common\scripted_triggers\00_scripted_triggers_FR_loc.txt	3370	597	Shandong	Epinal
common\scripted_triggers\00_scripted_triggers_FR_loc.txt	3371	598	Jiansu	Saint-Die
common\scripted_triggers\00_scripted_triggers_FR_loc.txt	3372	599	Guanxi	Sarthe
common\scripted_triggers\00_scripted_triggers_FR_loc.txt	3373	600	Jiangxi	Balti
common\scripted_triggers\00_scripted_triggers_FR_loc.txt	3374	601	China 1	Abauj
common\scripted_triggers\00_scripted_triggers_FR_loc.txt	3375	602	China 2	Sigmaringen
common\scripted_triggers\00_scripted_triggers_FR_loc.txt	3376	603	China 3	Szabolcs
common\scripted_triggers\00_scripted_triggers_FR_loc.txt	3377	604	China 4	Auxerre
common\scripted_triggers\00_scripted_triggers_FR_loc.txt	3378	605	China 5	Loiret
common\scripted_triggers\00_scripted_triggers_FR_loc.txt	3379	607	China 7	Jersey
common\scripted_triggers\00_scripted_triggers_FR_loc.txt	3380	609	China 8	Botosani
common\scripted_triggers\00_scripted_triggers_FR_loc.txt	3381	610	China 9	Komarom
common\scripted_triggers\00_scripted_triggers_FR_loc.txt	3382	611	China 10	Nograd
common\scripted_triggers\00_scripted_triggers_FR_loc.txt	3383	612	China 11	Wielun
common\scripted_triggers\00_scripted_triggers_FR_loc.txt	3384	614	China 13	Nikolayev
common\scripted_triggers\00_scripted_triggers_FR_loc.txt	3385	615	Shanxi	Morbihan
common\scripted_triggers\00_scripted_triggers_FR_loc.txt	3386	616	China 14	Konstanz
common\scripted_triggers\00_scripted_triggers_FR_loc.txt	3387	619	China 16	Heves
common\scripted_triggers\00_scripted_triggers_FR_loc.txt	3388	620	China 17	Loir-et-Cher
common\scripted_triggers\00_scripted_triggers_FR_loc.txt	3389	621	China 18	Eisenstadt
common\scripted_triggers\00_scripted_triggers_FR_loc.txt	3390	622	China 19	Satu Mare
common\scripted_triggers\00_scripted_triggers_FR_loc.txt	3391	637	State 1	Maine-et-Loire
common\scripted_triggers\00_scripted_triggers_FR_loc.txt	3392	675	Al Hajara	Poitiers
common\scripted_triggers\00_scripted_triggers_FR_loc.txt	3393	678	Rub al Khali	Chalon-sur-Saone
common\scripted_triggers\00_scripted_triggers_FR_loc.txt	3394	679	Hejaz	Lienz
common\scripted_triggers\00_scripted_triggers_FR_loc.txt	3395	683	Northeastern Canada	Trento
common\scripted_triggers\00_scripted_triggers_FR_loc.txt	3396	685	Panama Canal	Graubunden
common\scripted_triggers\00_scripted_triggers_FR_loc.txt	3397	688	Chaco Boreal	Lons-le-Saunier
common\scripted_triggers\00_scripted_triggers_FR_loc.txt	3398	699	Rio de Oro	Allier
common\scripted_triggers\00_scripted_triggers_FR_loc.txt	3399	714	Heilungkiang	Gorenjska
common\scripted_triggers\00_scripted_triggers_FR_loc.txt	3400	715	Liaoning	Ain
common\scripted_triggers\00_scripted_triggers_FR_loc.txt	3401	716	Liaotung	Mangystau
common\scripted_triggers\00_scripted_triggers_FR_loc.txt	3402	717	Chuho	Creuse
common\scripted_triggers\00_scripted_triggers_FR_loc.txt	3403	719	Natal	Annecy
common\scripted_triggers\00_scripted_triggers_FR_loc.txt	3404	721	Portuguese Timor	Osijek
common\scripted_triggers\00_scripted_triggers_FR_loc.txt	3405	728	Guangzhouwan	Rhone
common\scripted_triggers\00_scripted_triggers_FR_loc.txt	3406	732	Pamir	Stavropol
common\scripted_triggers\00_scripted_triggers_FR_loc.txt	3407	759	Kunlun	Valcea
common\scripted_triggers\00_scripted_triggers_FR_loc.txt	3408	764	West Banat	Prahova
common\scripted_triggers\00_scripted_triggers_FR_loc.txt	3409	765	Qatar	Braila
common\scripted_triggers\00_scripted_triggers_FR_loc.txt	3410	767	North Darfur	Tulcea
common\scripted_triggers\00_scripted_triggers_FR_loc.txt	3411	768	Rwanda	Dambovita
common\scripted_triggers\00_scripted_triggers_FR_loc.txt	3412	769	Burundi	Kerch
common\scripted_triggers\00_scripted_triggers_FR_loc.txt	3413	770	Malawi	Haute-Loire
common\scripted_triggers\00_scripted_triggers_FR_loc.txt	3414	772	Middle Congo	Ardeche
common\scripted_triggers\00_scripted_triggers_FR_loc.txt	3415	773	Cameroon	Drome
common\scripted_triggers\00_scripted_triggers_FR_loc.txt	3416	774	Chad	Gorj
common\scripted_triggers\00_scripted_triggers_FR_loc.txt	3417	775	B.E.T.	Stara Pazova
common\scripted_triggers\00_scripted_triggers_FR_loc.txt	3418	776	Dahomey	Usora
common\scripted_triggers\00_scripted_triggers_FR_loc.txt	3419	777	Togo	Bihac
common\scripted_triggers\00_scripted_triggers_FR_loc.txt	3420	781	Niger	Mehedinti
common\scripted_triggers\00_scripted_triggers_FR_loc.txt	3421	786	Mauritanian Desert	Lozere
common\scripted_triggers\00_scripted_triggers_FR_loc.txt	3422	787	North Kashmir	Aveyron
common\scripted_triggers\00_scripted_triggers_FR_loc.txt	3423	792	Basque Country	Zenica
common\scripted_triggers\00_scripted_triggers_FR_loc.txt	3424	796	North Angola	Nis
common\scripted_triggers\00_scripted_triggers_FR_loc.txt	3432	6	Belgium	New Brunswick
common\scripted_triggers\00_scripted_triggers_FR_loc.txt	3433	32	Rhone Alpes	West Virginia
common\scripted_triggers\00_scripted_triggers_FR_loc.txt	3434	69	Sudatenland	nice
common\scripted_triggers\00_scripted_triggers_FR_loc.txt	3435	972	- South Sudetenland	Agcab@di
common\scripted_triggers\00_scripted_triggers_FR_loc.txt	3436	74	East Sudatenland	Porajarvi
common\scripted_triggers\00_scripted_triggers_FR_loc.txt	3437	120	Scottish Highlands	Alborg
common\scripted_triggers\00_scripted_triggers_FR_loc.txt	3438	128	West Midlands	Rogaland
common\scripted_triggers\00_scripted_triggers_FR_loc.txt	3439	129	East Midlands	Ostfold
common\scripted_triggers\00_scripted_triggers_FR_loc.txt	3440	157	Abruzzo	Hiiumaa
common\scripted_triggers\00_scripted_triggers_FR_loc.txt	3441	187	Aegean Islands	Orkney
common\scripted_triggers\00_scripted_triggers_FR_loc.txt	3442	233	Caucasus Mountains	Peebles
common\scripted_triggers\00_scripted_triggers_FR_loc.txt	3443	270	Pitcarin Island	Kuybyshev
common\scripted_triggers\00_scripted_triggers_FR_loc.txt	3444	308	Britain SA	Westmeath
common\scripted_triggers\00_scripted_triggers_FR_loc.txt	3445	337	Faroe Islands	Kildare
common\scripted_triggers\00_scripted_triggers_FR_loc.txt	3446	555	Lagos	Trencin
common\scripted_triggers\00_scripted_triggers_FR_loc.txt	3447	624	Central islands	Gyor es Pozsony
common\scripted_triggers\00_scripted_triggers_FR_loc.txt	3448	633	Marshall Islands	Pest-Pilis
common\scripted_triggers\00_scripted_triggers_FR_loc.txt	3449	634	Solomon Islands	Loire-Inferieure
common\scripted_triggers\00_scripted_triggers_FR_loc.txt	3450	636	Fiji	Esztergom
common\scripted_triggers\00_scripted_triggers_FR_loc.txt	3451	639	Maiana	Salaj
common\scripted_triggers\00_scripted_triggers_FR_loc.txt	3452	642	Phoenix Island	Salsk
common\scripted_triggers\00_scripted_triggers_FR_loc.txt	3453	643	Fongafale	St Gallen
common\scripted_triggers\00_scripted_triggers_FR_loc.txt	3454	667	West Nusa Tenggara	Neamt
common\scripted_triggers\00_scripted_triggers_FR_loc.txt	3455	684	Caroline Islands	Vendee
common\scripted_triggers\00_scripted_triggers_FR_loc.txt	3456	690	Bahama Islands	Somogy
common\scripted_triggers\00_scripted_triggers_FR_loc.txt	3457	692	Windward Islands	Turda
common\scripted_triggers\00_scripted_triggers_FR_loc.txt	3458	693	Southern Bahamas	Leczyca
common\scripted_triggers\00_scripted_triggers_FR_loc.txt	3459	694	French Caribbean	Bernese Oberland
common\scripted_triggers\00_scripted_triggers_FR_loc.txt	3460	696	Bermuda	Krasnodar
common\scripted_triggers\00_scripted_triggers_FR_loc.txt	3461	698	Azores	Bacau
common\scripted_triggers\00_scripted_triggers_FR_loc.txt	3462	708	Comoro Islands	Ticino
common\scripted_triggers\00_scripted_triggers_FR_loc.txt	3463	709	Seychelles	Milano
common\scripted_triggers\00_scripted_triggers_FR_loc.txt	3464	712	Cocos Islands	Medimurje
common\scripted_triggers\00_scripted_triggers_FR_loc.txt	3465	713	Kerguelen	Alba
common\scripted_triggers\00_scripted_triggers_FR_loc.txt	3466	726	Samoa	Bacs
common\scripted_triggers\00_scripted_triggers_FR_loc.txt	3467	727	Line Islands	Hunedoara
common\scripted_triggers\00_scripted_triggers_FR_loc.txt	3468	733	Andaman	Putna
common\scripted_triggers\00_scripted_triggers_FR_loc.txt	3469	738	Aru Islands	Zrenjanin
common\scripted_triggers\00_scripted_triggers_FR_loc.txt	3470	739	Haida Gwaii	Covurlui
common\scripted_triggers\00_scripted_triggers_FR_loc.txt	3471	790	Asturias	Beograd
common\scripted_triggers\00_scripted_triggers_FR_loc.txt	3479	31	Midi Pyrenees	North Carolina
common\scripted_triggers\00_scripted_triggers_FR_loc.txt	3480	507	Southern Chile	Troppau
common\scripted_triggers\00_scripted_triggers_FR_loc.txt	3481	529	Hiroshima	Jicin
common\scripted_triggers\00_scripted_triggers_FR_loc.txt	3489	1	France	Quebec
common\scripted_triggers\00_scripted_triggers_FR_loc.txt	3490	3	Swiss Plateau	West Berlin
common\scripted_triggers\00_scripted_triggers_FR_loc.txt	3491	4	Austria	Finnmark
common\scripted_triggers\00_scripted_triggers_FR_loc.txt	3492	7	Holland	Maine
common\scripted_triggers\00_scripted_triggers_FR_loc.txt	3493	9	Czechoslovakia	Ontario
common\scripted_triggers\00_scripted_triggers_FR_loc.txt	3494	14	Brittany	Lappi
common\scripted_triggers\00_scripted_triggers_FR_loc.txt	3495	15	Normandy	Arhus
common\scripted_triggers\00_scripted_triggers_FR_loc.txt	3496	17	Alcase Lorraine	Petsamo
common\scripted_triggers\00_scripted_triggers_FR_loc.txt	3497	18	Champagne	Connecticut
common\scripted_triggers\00_scripted_triggers_FR_loc.txt	3498	21	Bouches-du-Rhone	Pennsylvania
common\scripted_triggers\00_scripted_triggers_FR_loc.txt	3499	27	Champagne2	Nenets
common\scripted_triggers\00_scripted_triggers_FR_loc.txt	3500	34	Wallonie	Skanderborg
common\scripted_triggers\00_scripted_triggers_FR_loc.txt	3501	36	Friesland	Lavansaari
common\scripted_triggers\00_scripted_triggers_FR_loc.txt	3502	43	Hungary	Delaware
common\scripted_triggers\00_scripted_triggers_FR_loc.txt	3503	45	Yugoslavia	Vasterbotten
common\scripted_triggers\00_scripted_triggers_FR_loc.txt	3504	46	Romania	Krasnystaw
common\scripted_triggers\00_scripted_triggers_FR_loc.txt	3505	47	Greece	New Jersey
common\scripted_triggers\00_scripted_triggers_FR_loc.txt	3506	51	Moselland	Vesturland
common\scripted_triggers\00_scripted_triggers_FR_loc.txt	3507	52	Wuttemberg	Segezha
common\scripted_triggers\00_scripted_triggers_FR_loc.txt	3508	53	Oberbayern	Nord-Trondelag
common\scripted_triggers\00_scripted_triggers_FR_loc.txt	3509	54	Bayreuth	Jamtland
common\scripted_triggers\00_scripted_triggers_FR_loc.txt	3510	55	Nassau	Rhode Island
common\scripted_triggers\00_scripted_triggers_FR_loc.txt	3511	56	Weser-Ems	Sudurland
common\scripted_triggers\00_scripted_triggers_FR_loc.txt	3512	57	Westfalen	Olonets
common\scripted_triggers\00_scripted_triggers_FR_loc.txt	3513	60	Sud-Hannover	Prince Edward Island
common\scripted_triggers\00_scripted_triggers_FR_loc.txt	3514	62	Pommern	Repola
common\scripted_triggers\00_scripted_triggers_FR_loc.txt	3515	63	WestPrussen	Keski-Pohjanmaa
common\scripted_triggers\00_scripted_triggers_FR_loc.txt	3516	65	Sachsen	Pohjois-Savo
common\scripted_triggers\00_scripted_triggers_FR_loc.txt	3517	66	Niederschlesien	Vasternorrland
common\scripted_triggers\00_scripted_triggers_FR_loc.txt	3518	67	Oberschlesien	Kuldiga
common\scripted_triggers\00_scripted_triggers_FR_loc.txt	3519	70	Slovakia	Soro
common\scripted_triggers\00_scripted_triggers_FR_loc.txt	3520	71	East Slovakia	Sor-Trondelag
common\scripted_triggers\00_scripted_triggers_FR_loc.txt	3521	72	Zaolzie	Keski-Suomi
common\scripted_triggers\00_scripted_triggers_FR_loc.txt	3522	73	Carpathian Ruthenia	Etela-Pohjanmaa
common\scripted_triggers\00_scripted_triggers_FR_loc.txt	3523	75	Moravia	More og Romsdal
common\scripted_triggers\00_scripted_triggers_FR_loc.txt	3524	76	Northern Transylvania	Randers
common\scripted_triggers\00_scripted_triggers_FR_loc.txt	3525	77	Dobrogea	Viipuri
common\scripted_triggers\00_scripted_triggers_FR_loc.txt	3526	78	Bessarabia	Hedmark
common\scripted_triggers\00_scripted_triggers_FR_loc.txt	3527	79	moldovia	Nowy Tomysl
common\scripted_triggers\00_scripted_triggers_FR_loc.txt	3528	80	Bocovina	Ostrow Wiel
common\scripted_triggers\00_scripted_triggers_FR_loc.txt	3529	83	crisana	Oppland
common\scripted_triggers\00_scripted_triggers_FR_loc.txt	3530	84	Transylvania	Gavleborg
common\scripted_triggers\00_scripted_triggers_FR_loc.txt	3531	93	Volhynian	Etela-Karjala
common\scripted_triggers\00_scripted_triggers_FR_loc.txt	3532	94	Polesie	Ilukste
common\scripted_triggers\00_scripted_triggers_FR_loc.txt	3533	102	North-Eastern Slovenia	Volkhov
common\scripted_triggers\00_scripted_triggers_FR_loc.txt	3534	103	Croatia	Kanta-Hame
common\scripted_triggers\00_scripted_triggers_FR_loc.txt	3535	104	Bosnia	Haderslev
common\scripted_triggers\00_scripted_triggers_FR_loc.txt	3536	106	Macedonia	Buskerud
common\scripted_triggers\00_scripted_triggers_FR_loc.txt	3537	107	Kosavo	Mazeikiu
common\scripted_triggers\00_scripted_triggers_FR_loc.txt	3538	108	Eastern Serbia	Kirov
common\scripted_triggers\00_scripted_triggers_FR_loc.txt	3539	109	Eastern Croatia	Varsinais-Suomi
common\scripted_triggers\00_scripted_triggers_FR_loc.txt	3540	114	Sardinia	Uusimaa
common\scripted_triggers\00_scripted_triggers_FR_loc.txt	3541	115	Sicily	Kymenlaakso
common\scripted_triggers\00_scripted_triggers_FR_loc.txt	3542	117	Napoli	Uppsala
common\scripted_triggers\00_scripted_triggers_FR_loc.txt	3543	137	Crimea	Jaanilinn
common\scripted_triggers\00_scripted_triggers_FR_loc.txt	3544	138	Skane	Novgorod
common\scripted_triggers\00_scripted_triggers_FR_loc.txt	3545	146	Karelia	Saaremaa
common\scripted_triggers\00_scripted_triggers_FR_loc.txt	3546	150	Kuopio	Ostergotland
common\scripted_triggers\00_scripted_triggers_FR_loc.txt	3547	151	Eastern Swiss Alps	Pskov
common\scripted_triggers\00_scripted_triggers_FR_loc.txt	3548	152	Upper Austria	Tarto
common\scripted_triggers\00_scripted_triggers_FR_loc.txt	3549	155	Western Hungary	Parnu
common\scripted_triggers\00_scripted_triggers_FR_loc.txt	3550	156	Calabria	Viljandi
common\scripted_triggers\00_scripted_triggers_FR_loc.txt	3551	159	Lombardy	Hofudborgarsvaedid
common\scripted_triggers\00_scripted_triggers_FR_loc.txt	3552	160	Veneto	Sudurnes
common\scripted_triggers\00_scripted_triggers_FR_loc.txt	3553	162	Tuscany	Udmurt
common\scripted_triggers\00_scripted_triggers_FR_loc.txt	3554	165	Catalonia	Petseri
common\scripted_triggers\00_scripted_triggers_FR_loc.txt	3555	171	Galicia	Nizhny Novgorod
common\scripted_triggers\00_scripted_triggers_FR_loc.txt	3556	172	Navarre	Riga
common\scripted_triggers\00_scripted_triggers_FR_loc.txt	3557	182	Crete	Nairn
common\scripted_triggers\00_scripted_triggers_FR_loc.txt	3558	184	Thrace	Halland
common\scripted_triggers\00_scripted_triggers_FR_loc.txt	3559	190	Kurzeme	Kronoberg
common\scripted_triggers\00_scripted_triggers_FR_loc.txt	3560	231	Georgia	Lida
common\scripted_triggers\00_scripted_triggers_FR_loc.txt	3561	268	French Somaliland	Down
common\scripted_triggers\00_scripted_triggers_FR_loc.txt	3562	269	British Somaliland	Westmorland
common\scripted_triggers\00_scripted_triggers_FR_loc.txt	3563	285	Austraila	Orenburg
common\scripted_triggers\00_scripted_triggers_FR_loc.txt	3564	286	Indochina	West Riding
common\scripted_triggers\00_scripted_triggers_FR_loc.txt	3565	288	Magwe	Mayo
common\scripted_triggers\00_scripted_triggers_FR_loc.txt	3566	296	Portugal Africa	Roscommon
common\scripted_triggers\00_scripted_triggers_FR_loc.txt	3567	297	Belgian Africa	Louth
common\scripted_triggers\00_scripted_triggers_FR_loc.txt	3568	310	French SA	Torun
common\scripted_triggers\00_scripted_triggers_FR_loc.txt	3569	330	Mongolia	Lokot
common\scripted_triggers\00_scripted_triggers_FR_loc.txt	3570	357	New England	Leicestershire
common\scripted_triggers\00_scripted_triggers_FR_loc.txt	3571	360	Pennsylvania	Carlow
common\scripted_triggers\00_scripted_triggers_FR_loc.txt	3572	362	Virginia	Montgomeryshire
common\scripted_triggers\00_scripted_triggers_FR_loc.txt	3573	363	North Carolina	Herford
common\scripted_triggers\00_scripted_triggers_FR_loc.txt	3574	364	South Carolina	Overijssel
common\scripted_triggers\00_scripted_triggers_FR_loc.txt	3575	365	Georgia	Luckau
common\scripted_triggers\00_scripted_triggers_FR_loc.txt	3576	366	Florida	Saratov
common\scripted_triggers\00_scripted_triggers_FR_loc.txt	3577	371	Louisiana	Limerick
common\scripted_triggers\00_scripted_triggers_FR_loc.txt	3578	378	California	Kerry
common\scripted_triggers\00_scripted_triggers_FR_loc.txt	3579	454	Israel	West-Vlaanderen
common\scripted_triggers\00_scripted_triggers_FR_loc.txt	3580	455	Jordan	Oost-Vlaanderen
common\scripted_triggers\00_scripted_triggers_FR_loc.txt	3581	458	Tunisia	Cornwall
common\scripted_triggers\00_scripted_triggers_FR_loc.txt	3582	464	Nova Scotia	Aqtobe
common\scripted_triggers\00_scripted_triggers_FR_loc.txt	3583	469	Saskatchewan	Bonn
common\scripted_triggers\00_scripted_triggers_FR_loc.txt	3584	473	British Columbia	Reichenberg
common\scripted_triggers\00_scripted_triggers_FR_loc.txt	3585	484	Baja California	Nisko
common\scripted_triggers\00_scripted_triggers_FR_loc.txt	3586	510	Mesopotamia	Zolotonosha
common\scripted_triggers\00_scripted_triggers_FR_loc.txt	3587	512	Patagonia	Luxembourg
common\scripted_triggers\00_scripted_triggers_FR_loc.txt	3588	516	Northern Siberia	Darmstadt
common\scripted_triggers\00_scripted_triggers_FR_loc.txt	3589	518	Tasmania	Luhansk
common\scripted_triggers\00_scripted_triggers_FR_loc.txt	3590	523	New Guinea	Plzen
common\scripted_triggers\00_scripted_triggers_FR_loc.txt	3591	525	South Korea	Charleville-Mezieres
common\scripted_triggers\00_scripted_triggers_FR_loc.txt	3592	527	North Korea	Vinnytsia
common\scripted_triggers\00_scripted_triggers_FR_loc.txt	3593	537	South Sakhalin	Saarland
common\scripted_triggers\00_scripted_triggers_FR_loc.txt	3594	545	Rhodessa	Heidenheim
common\scripted_triggers\00_scripted_triggers_FR_loc.txt	3595	557	Mauritania	Stalino
common\scripted_triggers\00_scripted_triggers_FR_loc.txt	3596	618	China 15	Ochakov
common\scripted_triggers\00_scripted_triggers_FR_loc.txt	3597	635	New Caledonia	Murtal und Murau
common\scripted_triggers\00_scripted_triggers_FR_loc.txt	3598	644	state 3	Innsbruck
common\scripted_triggers\00_scripted_triggers_FR_loc.txt	3599	655	North Sakhalin	Vaslui
common\scripted_triggers\00_scripted_triggers_FR_loc.txt	3600	661	Tripolitania	Bern
common\scripted_triggers\00_scripted_triggers_FR_loc.txt	3601	663	Cyrenaica	Vas
common\scripted_triggers\00_scripted_triggers_FR_loc.txt	3602	664	Southern Slovakia	Oradea
common\scripted_triggers\00_scripted_triggers_FR_loc.txt	3603	666	Norrnorrland	omg its the devil number
common\scripted_triggers\00_scripted_triggers_FR_loc.txt	3604	669	Dutch New Guinea	Luzern
common\scripted_triggers\00_scripted_triggers_FR_loc.txt	3605	687	British Guyana	Konin
common\scripted_triggers\00_scripted_triggers_FR_loc.txt	3606	689	Jamaica	Tutova
common\scripted_triggers\00_scripted_triggers_FR_loc.txt	3607	691	Trinidad	Macon
common\scripted_triggers\00_scripted_triggers_FR_loc.txt	3608	700	Sierra Leone	Szeged
common\scripted_triggers\00_scripted_triggers_FR_loc.txt	3609	701	Gambia	Val d'Oise
common\scripted_triggers\00_scripted_triggers_FR_loc.txt	3610	720	South Georgia	Canale
common\scripted_triggers\00_scripted_triggers_FR_loc.txt	3611	724	Southern Siam	Valais
common\scripted_triggers\00_scripted_triggers_FR_loc.txt	3612	731	Central Macedonia	Puy-de-Dome
common\scripted_triggers\00_scripted_triggers_FR_loc.txt	3613	735	Savoy	Subotica
common\scripted_triggers\00_scripted_triggers_FR_loc.txt	3614	766	Southern Bessarabia	Cantal
common\scripted_triggers\00_scripted_triggers_FR_loc.txt	3615	778	Upper Volta	Adygea
common\scripted_triggers\00_scripted_triggers_FR_loc.txt	3616	779	Ivory Coast	Bologna
common\scripted_triggers\00_scripted_triggers_FR_loc.txt	3617	780	Guinea	Gap
common\scripted_triggers\00_scripted_triggers_FR_loc.txt	3618	785	Picardy	Kraljevo
common\scripted_triggers\00_scripted_triggers_FR_loc.txt	3619	1017	- Trung Bo	Kutahya
common\scripted_triggers\00_scripted_triggers_FR_loc.txt	3627	5	Germany	Pultusk
common\scripted_triggers\00_scripted_triggers_FR_loc.txt	3628	16	Ile de France	Rybachy Peninsula
common\scripted_triggers\00_scripted_triggers_FR_loc.txt	3629	19	Aquitaine	Murmansk
common\scripted_triggers\00_scripted_triggers_FR_loc.txt	3630	26	Bourgogne	Maryland
common\scripted_triggers\00_scripted_triggers_FR_loc.txt	3631	28	Alcase	Virginia
common\scripted_triggers\00_scripted_triggers_FR_loc.txt	3632	44	Albania	Vestfirdir
common\scripted_triggers\00_scripted_triggers_FR_loc.txt	3633	81	Oltenia	Etela-Savo
common\scripted_triggers\00_scripted_triggers_FR_loc.txt	3634	100	Iceland	Sortavala
common\scripted_triggers\00_scripted_triggers_FR_loc.txt	3635	110	Norway	Varmland
common\scripted_triggers\00_scripted_triggers_FR_loc.txt	3636	119	Northern Ireland	Leningrad
common\scripted_triggers\00_scripted_triggers_FR_loc.txt	3637	123	Cornwall	Telemark
common\scripted_triggers\00_scripted_triggers_FR_loc.txt	3638	125	East Anglia	Orebro
common\scripted_triggers\00_scripted_triggers_FR_loc.txt	3639	149	Vaasa	Skaraborg
common\scripted_triggers\00_scripted_triggers_FR_loc.txt	3640	161	Emilia Romagna	Sutherland
common\scripted_triggers\00_scripted_triggers_FR_loc.txt	3641	170	Extremadura	Madona
common\scripted_triggers\00_scripted_triggers_FR_loc.txt	3649	166	Western Aragon	Valga
common\scripted_triggers\00_scripted_triggers_FR_loc.txt	3650	185	Epirus	Rezekne
common\scripted_triggers\00_scripted_triggers_FR_loc.txt	3651	229	baku	Moscow
common\scripted_triggers\00_scripted_triggers_FR_loc.txt	3652	230	Armenia	Ayr
common\scripted_triggers\00_scripted_triggers_FR_loc.txt	3653	261	USA	Ulyanovsk
common\scripted_triggers\00_scripted_triggers_FR_loc.txt	3654	271	ethiopia	North Riding
common\scripted_triggers\00_scripted_triggers_FR_loc.txt	3655	300	Uruguay	Grodno
common\scripted_triggers\00_scripted_triggers_FR_loc.txt	3656	305	Ecuador	Rotenburg
common\scripted_triggers\00_scripted_triggers_FR_loc.txt	3657	320	French India	Dublin
common\scripted_triggers\00_scripted_triggers_FR_loc.txt	3658	367	Alabama	Kobryn
common\scripted_triggers\00_scripted_triggers_FR_loc.txt	3659	372	Arkansas	Cambridgeshire
common\scripted_triggers\00_scripted_triggers_FR_loc.txt	3660	374	Oklahoma	Warkwickshire
common\scripted_triggers\00_scripted_triggers_FR_loc.txt	3661	377	Arizona	Lublin
common\scripted_triggers\00_scripted_triggers_FR_loc.txt	3662	392	Iowa	Braunschweig
common\scripted_triggers\00_scripted_triggers_FR_loc.txt	3663	426	Orissa	Glamorganshire
common\scripted_triggers\00_scripted_triggers_FR_loc.txt	3664	432	Assam	Limburg Voormaas
common\scripted_triggers\00_scripted_triggers_FR_loc.txt	3665	434	Arunachal Pradesh	Wlodzimierz Wolynski
common\scripted_triggers\00_scripted_triggers_FR_loc.txt	3666	463	Alaska	Eisenach
common\scripted_triggers\00_scripted_triggers_FR_loc.txt	3667	470	Alberta	Vlaams-Brabant
common\scripted_triggers\00_scripted_triggers_FR_loc.txt	3668	519	South Australia	Soissons
common\scripted_triggers\00_scripted_triggers_FR_loc.txt	3669	522	Western Australia	Tachau
common\scripted_triggers\00_scripted_triggers_FR_loc.txt	3670	548	Uganda	Eure
common\scripted_triggers\00_scripted_triggers_FR_loc.txt	3671	550	Eritrea	Saris-Zemplin
common\scripted_triggers\00_scripted_triggers_FR_loc.txt	3672	660	Equatorial Africa	Jura
common\scripted_triggers\00_scripted_triggers_FR_loc.txt	3673	674	Central Australia	Ciuc
common\scripted_triggers\00_scripted_triggers_FR_loc.txt	3674	736	Litorale	Timis-Torontal
common\scripted_triggers\00_scripted_triggers_FR_loc.txt	3675	794	Eastern Aragon	Ismail
common\scripted_triggers\00_scripted_triggers_FR_loc.txt	3683	124	Gotland	Oslo
common\scripted_triggers\00_scripted_triggers_FR_loc.txt	3684	333	British Borneo	Offaly
common\scripted_triggers\00_scripted_triggers_FR_loc.txt	3685	334	Kalimantan Barat	Caernarvonshire
common\scripted_triggers\00_scripted_triggers_FR_loc.txt	3686	335	West Java	Koscian
common\scripted_triggers\00_scripted_triggers_FR_loc.txt	3687	528	Nagasaki	Zlin
common\scripted_triggers\00_scripted_triggers_FR_loc.txt	3688	530	Tokushima	Buchen
common\scripted_triggers\00_scripted_triggers_FR_loc.txt	3689	623	Luzon	Zaporozhye
common\scripted_triggers\00_scripted_triggers_FR_loc.txt	3690	625	Samar	Bischofshofen
common\scripted_triggers\00_scripted_triggers_FR_loc.txt	3691	626	Palawan	Cote-d'Or
common\scripted_triggers\00_scripted_triggers_FR_loc.txt	3692	627	Mindanao	Haute-Saone
common\scripted_triggers\00_scripted_triggers_FR_loc.txt	3693	628	Cebu	Maramures
common\scripted_triggers\00_scripted_triggers_FR_loc.txt	3694	646	Saipan	Jasz-Nagykun-Szolnok
common\scripted_triggers\00_scripted_triggers_FR_loc.txt	3695	648	Marcus Island	Fejer
common\scripted_triggers\00_scripted_triggers_FR_loc.txt	3696	697	Madeira	Tolna
common\scripted_triggers\00_scripted_triggers_FR_loc.txt	3697	704	Saint Helena	Belluno
common\scripted_triggers\00_scripted_triggers_FR_loc.txt	3698	705	Sao Tome	Arad
common\scripted_triggers\00_scripted_triggers_FR_loc.txt	3699	710	Diego Garcia	Wallis
common\scripted_triggers\00_scripted_triggers_FR_loc.txt	3700	737	New Britain	Brasov
common\scripted_triggers\00_scripted_triggers_FR_loc.txt	3708	145	Aland	Laane
common\scripted_triggers\00_scripted_triggers_FR_loc.txt	3709	536	Hokkaido	Brno
common\scripted_triggers\00_scripted_triggers_FR_loc.txt	3710	650	Attu Island	Bourges
common\scripted_triggers\00_scripted_triggers_FR_loc.txt	3718	284	New Zealand	Suwalki
common\scripted_triggers\00_scripted_triggers_FR_loc.txt	3719	587	Western Kazakstan	Ille-et-Vilaine
common\scripted_triggers\00_scripted_triggers_FR_loc.txt	3720	630	Johnston Atoll	Kalmykia
common\scripted_triggers\00_scripted_triggers_FR_loc.txt	3721	703	Ascension	Drava
common\scripted_triggers\00_scripted_triggers_FR_loc.txt	3722	711	Christmas Island	Csanad, Arad es Torontal
common\scripted_triggers\00_scripted_triggers_FR_loc.txt	3723	723	Southern Island	Haute-Vienne
common\scripted_triggers\00_scripted_triggers_FR_loc.txt	3724	740	Vancouver Island	Montmorillon
common\scripted_triggers\00_scripted_triggers_FR_loc.txt	3734	2	Italy	Massachusetts
common\scripted_triggers\00_scripted_triggers_FR_loc.txt	3735	8	Luxemburg	Nova Scotia
common\scripted_triggers\00_scripted_triggers_FR_loc.txt	3736	12	Latvia	Vermont
common\scripted_triggers\00_scripted_triggers_FR_loc.txt	3737	13	Estonia	Troms
common\scripted_triggers\00_scripted_triggers_FR_loc.txt	3738	20	Franche-comte	Maribo
common\scripted_triggers\00_scripted_triggers_FR_loc.txt	3739	22	Roussillion	Kalastajasaarento
common\scripted_triggers\00_scripted_triggers_FR_loc.txt	3740	23	Poitou	Norrbotten
common\scripted_triggers\00_scripted_triggers_FR_loc.txt	3741	24	Centre	Petrozavodsk
common\scripted_triggers\00_scripted_triggers_FR_loc.txt	3742	25	Limousin	Nordland
common\scripted_triggers\00_scripted_triggers_FR_loc.txt	3743	29	Pas de Calais	Suursaari
common\scripted_triggers\00_scripted_triggers_FR_loc.txt	3744	33	Centre sud	Vanha Salla
common\scripted_triggers\00_scripted_triggers_FR_loc.txt	3745	35	Gelderland	Komi
common\scripted_triggers\00_scripted_triggers_FR_loc.txt	3746	37	Denmark	Fontainebleau
common\scripted_triggers\00_scripted_triggers_FR_loc.txt	3747	38	Sweden	Ukhta
common\scripted_triggers\00_scripted_triggers_FR_loc.txt	3748	39	South Tyrol	Belomorsk
common\scripted_triggers\00_scripted_triggers_FR_loc.txt	3749	42	Rhineland	Pohjois-Pohjanmaa
common\scripted_triggers\00_scripted_triggers_FR_loc.txt	3750	50	Baden	Kainuu
common\scripted_triggers\00_scripted_triggers_FR_loc.txt	3751	58	Schleswig - Holstein	Hauts-de-Seine
common\scripted_triggers\00_scripted_triggers_FR_loc.txt	3752	59	Ost - Hannover	Suoyarvi
common\scripted_triggers\00_scripted_triggers_FR_loc.txt	3753	61	Mecklenburg	Pudozh
common\scripted_triggers\00_scripted_triggers_FR_loc.txt	3754	64	Brandenburg	Newfoundland
common\scripted_triggers\00_scripted_triggers_FR_loc.txt	3755	82	Banat	Chodziez
common\scripted_triggers\00_scripted_triggers_FR_loc.txt	3756	99	Jutland	Gniezno
common\scripted_triggers\00_scripted_triggers_FR_loc.txt	3757	101	Greenland	Taurages
common\scripted_triggers\00_scripted_triggers_FR_loc.txt	3758	105	Montenegro	Hankoniemi
common\scripted_triggers\00_scripted_triggers_FR_loc.txt	3759	113	Ireland	Terijoki
common\scripted_triggers\00_scripted_triggers_FR_loc.txt	3760	121	Scottish Lowlands	Vastmanland
common\scripted_triggers\00_scripted_triggers_FR_loc.txt	3761	122	Wales	Poznan
common\scripted_triggers\00_scripted_triggers_FR_loc.txt	3762	126	Greater London Area	Glasgow
common\scripted_triggers\00_scripted_triggers_FR_loc.txt	3763	127	South-east England	Leningrad Oblast
common\scripted_triggers\00_scripted_triggers_FR_loc.txt	3764	130	Yorkshire	Isle of Mann
common\scripted_triggers\00_scripted_triggers_FR_loc.txt	3765	131	Northern England	Vestfold
common\scripted_triggers\00_scripted_triggers_FR_loc.txt	3766	132	North-west England	Aust-Agder
common\scripted_triggers\00_scripted_triggers_FR_loc.txt	3767	133	Strathclyde	Harju
common\scripted_triggers\00_scripted_triggers_FR_loc.txt	3768	134	Connaught	Narva
common\scripted_triggers\00_scripted_triggers_FR_loc.txt	3769	135	Munster	Kostroma
common\scripted_triggers\00_scripted_triggers_FR_loc.txt	3770	139	Smaland	Abenra-Sonderborg
common\scripted_triggers\00_scripted_triggers_FR_loc.txt	3771	140	Vaster Gotland	Hjorring
common\scripted_triggers\00_scripted_triggers_FR_loc.txt	3772	141	Sodermanland	Stockholm
common\scripted_triggers\00_scripted_triggers_FR_loc.txt	3773	142	Vestlandet	Staraya Russa
common\scripted_triggers\00_scripted_triggers_FR_loc.txt	3774	143	Midt-Noreg	Jarva
common\scripted_triggers\00_scripted_triggers_FR_loc.txt	3775	144	Nord-Noreg	Thisted
common\scripted_triggers\00_scripted_triggers_FR_loc.txt	3776	153	Tyrol	Yaroslavl
common\scripted_triggers\00_scripted_triggers_FR_loc.txt	3777	158	Piedmont	Caithness
common\scripted_triggers\00_scripted_triggers_FR_loc.txt	3778	164	Dodecanese	Bornholm
common\scripted_triggers\00_scripted_triggers_FR_loc.txt	3779	174	Leon	Liepaja
common\scripted_triggers\00_scripted_triggers_FR_loc.txt	3780	186	Peloponnese	Mari El
common\scripted_triggers\00_scripted_triggers_FR_loc.txt	3781	272	French Africa	Fermanagh
common\scripted_triggers\00_scripted_triggers_FR_loc.txt	3782	273	Italian Africa	Kolberg
common\scripted_triggers\00_scripted_triggers_FR_loc.txt	3783	274	British Africa	Alytaus
common\scripted_triggers\00_scripted_triggers_FR_loc.txt	3784	275	South Africa	Traku
common\scripted_triggers\00_scripted_triggers_FR_loc.txt	3785	276	Canada	Armagh
common\scripted_triggers\00_scripted_triggers_FR_loc.txt	3786	280	Brazil	Danzig
common\scripted_triggers\00_scripted_triggers_FR_loc.txt	3787	282	Japan	Rastenburg
common\scripted_triggers\00_scripted_triggers_FR_loc.txt	3788	283	China	Monaghan
common\scripted_triggers\00_scripted_triggers_FR_loc.txt	3789	287	Sinkiang	Brodnica
common\scripted_triggers\00_scripted_triggers_FR_loc.txt	3790	289	Western Siam	Schwerin
common\scripted_triggers\00_scripted_triggers_FR_loc.txt	3791	290	Spanish Africa	East Riding
common\scripted_triggers\00_scripted_triggers_FR_loc.txt	3792	292	Saudi Arabia	Baranowicze
common\scripted_triggers\00_scripted_triggers_FR_loc.txt	3793	293	Yemen	Lancashire
common\scripted_triggers\00_scripted_triggers_FR_loc.txt	3794	298	Liberia	Kletnya
common\scripted_triggers\00_scripted_triggers_FR_loc.txt	3795	301	paraguay	Schneidemuhl
common\scripted_triggers\00_scripted_triggers_FR_loc.txt	3796	304	Panama	Meath
common\scripted_triggers\00_scripted_triggers_FR_loc.txt	3797	306	Colombia	Augustow
common\scripted_triggers\00_scripted_triggers_FR_loc.txt	3798	307	Venezuela	Slonim
common\scripted_triggers\00_scripted_triggers_FR_loc.txt	3799	309	Dutch SA	Tambov
common\scripted_triggers\00_scripted_triggers_FR_loc.txt	3800	311	BritMex	Plock
common\scripted_triggers\00_scripted_triggers_FR_loc.txt	3801	312	Honduras	Lomza
common\scripted_triggers\00_scripted_triggers_FR_loc.txt	3802	313	Guatemala	Lincolnshire
common\scripted_triggers\00_scripted_triggers_FR_loc.txt	3803	314	El Salvador	Wilhelmshaven
common\scripted_triggers\00_scripted_triggers_FR_loc.txt	3804	316	Costa Rica	Emden
common\scripted_triggers\00_scripted_triggers_FR_loc.txt	3805	317	Nicaragua	Galway
common\scripted_triggers\00_scripted_triggers_FR_loc.txt	3806	322	Tibet	Oldenburg
common\scripted_triggers\00_scripted_triggers_FR_loc.txt	3807	323	Nepal	Dankov
common\scripted_triggers\00_scripted_triggers_FR_loc.txt	3808	324	Bhutan	Cheshire
common\scripted_triggers\00_scripted_triggers_FR_loc.txt	3809	325	Yunnan	Derbyshire
common\scripted_triggers\00_scripted_triggers_FR_loc.txt	3810	328	Manchukuo	Nottinghamshire
common\scripted_triggers\00_scripted_triggers_FR_loc.txt	3811	329	Tannu Tuva	Gostynin
common\scripted_triggers\00_scripted_triggers_FR_loc.txt	3812	332	Labrador	Celle
common\scripted_triggers\00_scripted_triggers_FR_loc.txt	3813	338	Gloucestershire	Flintshire
common\scripted_triggers\00_scripted_triggers_FR_loc.txt	3814	359	New Jersey	Lipetsk
common\scripted_triggers\00_scripted_triggers_FR_loc.txt	3815	361	Maryland	Kilkenny
common\scripted_triggers\00_scripted_triggers_FR_loc.txt	3816	368	Tennesse	Wexford
common\scripted_triggers\00_scripted_triggers_FR_loc.txt	3817	369	Kentucky	Northamptonshire
common\scripted_triggers\00_scripted_triggers_FR_loc.txt	3818	370	Mississippi	Grojec
common\scripted_triggers\00_scripted_triggers_FR_loc.txt	3819	373	Missouri	Osnabruck
common\scripted_triggers\00_scripted_triggers_FR_loc.txt	3820	375	Texas	Rutland
common\scripted_triggers\00_scripted_triggers_FR_loc.txt	3821	376	New Mexico	Przasnysz
common\scripted_triggers\00_scripted_triggers_FR_loc.txt	3822	379	Nevada	Huntingdonshire
common\scripted_triggers\00_scripted_triggers_FR_loc.txt	3823	381	Wyoming	Lodz
common\scripted_triggers\00_scripted_triggers_FR_loc.txt	3824	382	Colorado	Paderborn
common\scripted_triggers\00_scripted_triggers_FR_loc.txt	3825	383	Kansas	Gelderland
common\scripted_triggers\00_scripted_triggers_FR_loc.txt	3826	384	Nebraska	Zhitkovichi
common\scripted_triggers\00_scripted_triggers_FR_loc.txt	3827	386	Washington	Suffolk
common\scripted_triggers\00_scripted_triggers_FR_loc.txt	3828	388	Montana	Kursk
common\scripted_triggers\00_scripted_triggers_FR_loc.txt	3829	389	North Dakota	Radnorshire
common\scripted_triggers\00_scripted_triggers_FR_loc.txt	3830	390	South Dakota	Worcestershire
common\scripted_triggers\00_scripted_triggers_FR_loc.txt	3831	391	Minnesota	Muenster
common\scripted_triggers\00_scripted_triggers_FR_loc.txt	3832	393	Michigan	Hildesheim
common\scripted_triggers\00_scripted_triggers_FR_loc.txt	3833	394	Wisconsin	Cork
common\scripted_triggers\00_scripted_triggers_FR_loc.txt	3834	410	Sistan	Gloucestershire
common\scripted_triggers\00_scripted_triggers_FR_loc.txt	3835	412	Fars	Voronezh
common\scripted_triggers\00_scripted_triggers_FR_loc.txt	3836	413	Khuzestan	Essex
common\scripted_triggers\00_scripted_triggers_FR_loc.txt	3837	416	Razavi Khorasan	Hertfordshire
common\scripted_triggers\00_scripted_triggers_FR_loc.txt	3838	420	Gilan	Sarny
common\scripted_triggers\00_scripted_triggers_FR_loc.txt	3839	421	Kurdistan	Radomsko
common\scripted_triggers\00_scripted_triggers_FR_loc.txt	3840	428	Western Indian States	Berkshire
common\scripted_triggers\00_scripted_triggers_FR_loc.txt	3841	430	Bangladesh	Batys Kazakhstan
common\scripted_triggers\00_scripted_triggers_FR_loc.txt	3842	431	Calcutta	Duesseldorf
common\scripted_triggers\00_scripted_triggers_FR_loc.txt	3843	433	Rajputana	Dortmund
common\scripted_triggers\00_scripted_triggers_FR_loc.txt	3844	435	Bihar	Brent
common\scripted_triggers\00_scripted_triggers_FR_loc.txt	3845	440	West Punjab	Erfurt
common\scripted_triggers\00_scripted_triggers_FR_loc.txt	3846	441	Kashmir	Gorlitz
common\scripted_triggers\00_scripted_triggers_FR_loc.txt	3847	443	Sind	Borispol
common\scripted_triggers\00_scripted_triggers_FR_loc.txt	3848	444	Baluchistan States	Antwerpen
common\scripted_triggers\00_scripted_triggers_FR_loc.txt	3849	453	Sinai	Hampshire
common\scripted_triggers\00_scripted_triggers_FR_loc.txt	3850	457	Aswan	Volgograd
common\scripted_triggers\00_scripted_triggers_FR_loc.txt	3851	465	New Brunswick	Siegkreis
common\scripted_triggers\00_scripted_triggers_FR_loc.txt	3852	466	Quebec	Hainaut Francais
common\scripted_triggers\00_scripted_triggers_FR_loc.txt	3853	467	Manitoba	Sosnowiec
common\scripted_triggers\00_scripted_triggers_FR_loc.txt	3854	468	Nunavut	Dorset
common\scripted_triggers\00_scripted_triggers_FR_loc.txt	3855	471	Northwestern Canada	Aussig
common\scripted_triggers\00_scripted_triggers_FR_loc.txt	3856	472	Northwest Territories	Calais
common\scripted_triggers\00_scripted_triggers_FR_loc.txt	3857	474	Yucatan	Limburg
common\scripted_triggers\00_scripted_triggers_FR_loc.txt	3858	475	Chiapas	Altenkirchen
common\scripted_triggers\00_scripted_triggers_FR_loc.txt	3859	476	Oaxaca	Chemnitz
common\scripted_triggers\00_scripted_triggers_FR_loc.txt	3860	477	Veracruz	Schleiden
common\scripted_triggers\00_scripted_triggers_FR_loc.txt	3861	478	Nayarit	Giessen
common\scripted_triggers\00_scripted_triggers_FR_loc.txt	3862	479	Tamaulipas	Oost Noord-Brabant
common\scripted_triggers\00_scripted_triggers_FR_loc.txt	3863	480	Coahuila	Liege
common\scripted_triggers\00_scripted_triggers_FR_loc.txt	3864	481	Sinaloa	Katowice
common\scripted_triggers\00_scripted_triggers_FR_loc.txt	3865	482	Chihuahua	Hainaut
common\scripted_triggers\00_scripted_triggers_FR_loc.txt	3866	483	Sonora	Westerburg
common\scripted_triggers\00_scripted_triggers_FR_loc.txt	3867	485	Guerrero	Eupen-Malmedy
common\scripted_triggers\00_scripted_triggers_FR_loc.txt	3868	486	Meta	Hradec Kralove
common\scripted_triggers\00_scripted_triggers_FR_loc.txt	3869	487	Amazinas	Namur
common\scripted_triggers\00_scripted_triggers_FR_loc.txt	3870	488	Bolivar	Koblenz
common\scripted_triggers\00_scripted_triggers_FR_loc.txt	3871	489	Monagas	Kladno
common\scripted_triggers\00_scripted_triggers_FR_loc.txt	3872	490	Pastaza	Drohobycz
common\scripted_triggers\00_scripted_triggers_FR_loc.txt	3873	491	Loreto	Zamosc
common\scripted_triggers\00_scripted_triggers_FR_loc.txt	3874	496	Para	Tarnow
common\scripted_triggers\00_scripted_triggers_FR_loc.txt	3875	497	Maranhao	Kharkov
common\scripted_triggers\00_scripted_triggers_FR_loc.txt	3876	498	Rio Grande	Eger
common\scripted_triggers\00_scripted_triggers_FR_loc.txt	3877	502	Rio Grande Sul	Czortkow
common\scripted_triggers\00_scripted_triggers_FR_loc.txt	3878	503	Santa Catarina	Bittburg
common\scripted_triggers\00_scripted_triggers_FR_loc.txt	3879	505	Goias	Amiens
common\scripted_triggers\00_scripted_triggers_FR_loc.txt	3880	508	Argentine Northwest	Warszawa
common\scripted_triggers\00_scripted_triggers_FR_loc.txt	3881	509	Gran Chaco	Biala
common\scripted_triggers\00_scripted_triggers_FR_loc.txt	3882	514	North Africa	Pardubice
common\scripted_triggers\00_scripted_triggers_FR_loc.txt	3883	515	Central Africa	Sedan
common\scripted_triggers\00_scripted_triggers_FR_loc.txt	3884	517	Victoria	Seine-Inferieure
common\scripted_triggers\00_scripted_triggers_FR_loc.txt	3885	520	Northern Territory	Parsberg
common\scripted_triggers\00_scripted_triggers_FR_loc.txt	3886	521	Queensland	Mainz
common\scripted_triggers\00_scripted_triggers_FR_loc.txt	3887	531	Osaka	Oise
common\scripted_triggers\00_scripted_triggers_FR_loc.txt	3888	532	Nagoya	Olomouc
common\scripted_triggers\00_scripted_triggers_FR_loc.txt	3889	533	Akita	Ansbach
common\scripted_triggers\00_scripted_triggers_FR_loc.txt	3890	534	Niigata	Manche
common\scripted_triggers\00_scripted_triggers_FR_loc.txt	3891	535	Nagano	Jihlava
common\scripted_triggers\00_scripted_triggers_FR_loc.txt	3892	538	Cameroun	Verdun
common\scripted_triggers\00_scripted_triggers_FR_loc.txt	3893	539	Gabon	Budejovice
common\scripted_triggers\00_scripted_triggers_FR_loc.txt	3894	540	Angola	Charente-Vienne
common\scripted_triggers\00_scripted_triggers_FR_loc.txt	3895	541	South West Africa	Tatra
common\scripted_triggers\00_scripted_triggers_FR_loc.txt	3896	542	Bechuana Land	Nadworna
common\scripted_triggers\00_scripted_triggers_FR_loc.txt	3897	544	East Africa	Briey
common\scripted_triggers\00_scripted_triggers_FR_loc.txt	3898	546	Tanganyika	Tuchola
common\scripted_triggers\00_scripted_triggers_FR_loc.txt	3899	547	East Africa	Moselle
common\scripted_triggers\00_scripted_triggers_FR_loc.txt	3900	549	Sudan	Bydgoszcz
common\scripted_triggers\00_scripted_triggers_FR_loc.txt	3901	552	Western Egypt	Marne
common\scripted_triggers\00_scripted_triggers_FR_loc.txt	3902	553	Lebanon	Heilbronn
common\scripted_triggers\00_scripted_triggers_FR_loc.txt	3903	556	Mali	Karlsruhe
common\scripted_triggers\00_scripted_triggers_FR_loc.txt	3904	558	Nigeria	Yvelines
common\scripted_triggers\00_scripted_triggers_FR_loc.txt	3905	559	Somaliland	Oleksandriia
common\scripted_triggers\00_scripted_triggers_FR_loc.txt	3906	591	Hainan	Malacky
common\scripted_triggers\00_scripted_triggers_FR_loc.txt	3907	593	Guangdong	Uzhorod a Mukacevo
common\scripted_triggers\00_scripted_triggers_FR_loc.txt	3908	595	Fujian	Mayenne
common\scripted_triggers\00_scripted_triggers_FR_loc.txt	3909	596	Zhejiang	Borsod
common\scripted_triggers\00_scripted_triggers_FR_loc.txt	3910	597	Shandong	Epinal
common\scripted_triggers\00_scripted_triggers_FR_loc.txt	3911	598	Jiansu	Saint-Die
common\scripted_triggers\00_scripted_triggers_FR_loc.txt	3912	599	Guanxi	Sarthe
common\scripted_triggers\00_scripted_triggers_FR_loc.txt	3913	600	Jiangxi	Balti
common\scripted_triggers\00_scripted_triggers_FR_loc.txt	3914	601	China 1	Abauj
common\scripted_triggers\00_scripted_triggers_FR_loc.txt	3915	602	China 2	Sigmaringen
common\scripted_triggers\00_scripted_triggers_FR_loc.txt	3916	603	China 3	Szabolcs
common\scripted_triggers\00_scripted_triggers_FR_loc.txt	3917	604	China 4	Auxerre
common\scripted_triggers\00_scripted_triggers_FR_loc.txt	3918	605	China 5	Loiret
common\scripted_triggers\00_scripted_triggers_FR_loc.txt	3919	607	China 7	Jersey
common\scripted_triggers\00_scripted_triggers_FR_loc.txt	3920	609	China 8	Botosani
common\scripted_triggers\00_scripted_triggers_FR_loc.txt	3921	610	China 9	Komarom
common\scripted_triggers\00_scripted_triggers_FR_loc.txt	3922	611	China 10	Nograd
common\scripted_triggers\00_scripted_triggers_FR_loc.txt	3923	612	China 11	Wielun
common\scripted_triggers\00_scripted_triggers_FR_loc.txt	3924	614	China 13	Nikolayev
common\scripted_triggers\00_scripted_triggers_FR_loc.txt	3925	615	Shanxi	Morbihan
common\scripted_triggers\00_scripted_triggers_FR_loc.txt	3926	616	China 14	Konstanz
common\scripted_triggers\00_scripted_triggers_FR_loc.txt	3927	619	China 16	Heves
common\scripted_triggers\00_scripted_triggers_FR_loc.txt	3928	620	China 17	Loir-et-Cher
common\scripted_triggers\00_scripted_triggers_FR_loc.txt	3929	621	China 18	Eisenstadt
common\scripted_triggers\00_scripted_triggers_FR_loc.txt	3930	622	China 19	Satu Mare
common\scripted_triggers\00_scripted_triggers_FR_loc.txt	3931	637	State 1	Maine-et-Loire
common\scripted_triggers\00_scripted_triggers_FR_loc.txt	3932	656	Kuwait	Sieradz
common\scripted_triggers\00_scripted_triggers_FR_loc.txt	3933	657	Border state	Kakhovka
common\scripted_triggers\00_scripted_triggers_FR_loc.txt	3934	670	Laos	Indre
common\scripted_triggers\00_scripted_triggers_FR_loc.txt	3935	671	Annam	Rowne
common\scripted_triggers\00_scripted_triggers_FR_loc.txt	3936	675	Al Hajara	Poitiers
common\scripted_triggers\00_scripted_triggers_FR_loc.txt	3937	678	Rub al Khali	Chalon-sur-Saone
common\scripted_triggers\00_scripted_triggers_FR_loc.txt	3938	679	Hejaz	Lienz
common\scripted_triggers\00_scripted_triggers_FR_loc.txt	3939	683	Northeastern Canada	Trento
common\scripted_triggers\00_scripted_triggers_FR_loc.txt	3940	685	Panama Canal	Graubunden
common\scripted_triggers\00_scripted_triggers_FR_loc.txt	3941	688	Chaco Boreal	Lons-le-Saunier
common\scripted_triggers\00_scripted_triggers_FR_loc.txt	3942	699	Rio de Oro	Allier
common\scripted_triggers\00_scripted_triggers_FR_loc.txt	3943	702	Cape Verde	Chevagnes
common\scripted_triggers\00_scripted_triggers_FR_loc.txt	3944	714	Heilungkiang	Gorenjska
common\scripted_triggers\00_scripted_triggers_FR_loc.txt	3945	715	Liaoning	Ain
common\scripted_triggers\00_scripted_triggers_FR_loc.txt	3946	716	Liaotung	Mangystau
common\scripted_triggers\00_scripted_triggers_FR_loc.txt	3947	717	Chuho	Creuse
common\scripted_triggers\00_scripted_triggers_FR_loc.txt	3948	719	Natal	Annecy
common\scripted_triggers\00_scripted_triggers_FR_loc.txt	3949	721	Portuguese Timor	Osijek
common\scripted_triggers\00_scripted_triggers_FR_loc.txt	3950	728	Guangzhouwan	Rhone
common\scripted_triggers\00_scripted_triggers_FR_loc.txt	3951	732	Pamir	Stavropol
common\scripted_triggers\00_scripted_triggers_FR_loc.txt	3952	741	Cambodia	Charente
common\scripted_triggers\00_scripted_triggers_FR_loc.txt	3953	759	Kunlun	Valcea
common\scripted_triggers\00_scripted_triggers_FR_loc.txt	3954	764	West Banat	Prahova
common\scripted_triggers\00_scripted_triggers_FR_loc.txt	3955	765	Qatar	Braila
common\scripted_triggers\00_scripted_triggers_FR_loc.txt	3956	767	North Darfur	Tulcea
common\scripted_triggers\00_scripted_triggers_FR_loc.txt	3957	768	Rwanda	Dambovita
common\scripted_triggers\00_scripted_triggers_FR_loc.txt	3958	769	Burundi	Kerch
common\scripted_triggers\00_scripted_triggers_FR_loc.txt	3959	770	Malawi	Haute-Loire
common\scripted_triggers\00_scripted_triggers_FR_loc.txt	3960	772	Middle Congo	Ardeche
common\scripted_triggers\00_scripted_triggers_FR_loc.txt	3961	773	Cameroon	Drome
common\scripted_triggers\00_scripted_triggers_FR_loc.txt	3962	774	Chad	Gorj
common\scripted_triggers\00_scripted_triggers_FR_loc.txt	3963	775	B.E.T.	Stara Pazova
common\scripted_triggers\00_scripted_triggers_FR_loc.txt	3964	776	Dahomey	Usora
common\scripted_triggers\00_scripted_triggers_FR_loc.txt	3965	777	Togo	Bihac
common\scripted_triggers\00_scripted_triggers_FR_loc.txt	3966	781	Niger	Mehedinti
common\scripted_triggers\00_scripted_triggers_FR_loc.txt	3967	786	Mauritanian Desert	Lozere
common\scripted_triggers\00_scripted_triggers_FR_loc.txt	3968	787	North Kashmir	Aveyron
common\scripted_triggers\00_scripted_triggers_FR_loc.txt	3969	792	Basque Country	Zenica
common\scripted_triggers\00_scripted_triggers_FR_loc.txt	3970	796	North Angola	Nis
common\scripted_triggers\00_scripted_triggers_FR_loc.txt	3977	124	Gotland	Oslo
common\scripted_triggers\00_scripted_triggers_FR_loc.txt	3978	183	Cyprus	Inverness
common\scripted_triggers\00_scripted_triggers_FR_loc.txt	3979	315	Cuba	Kobenhavn
common\scripted_triggers\00_scripted_triggers_FR_loc.txt	3980	319	Dominican Republic	Bielsk
common\scripted_triggers\00_scripted_triggers_FR_loc.txt	3981	334	Kalimantan Barat	Caernarvonshire
common\scripted_triggers\00_scripted_triggers_FR_loc.txt	3982	446	Cairo	Kent
common\scripted_triggers\00_scripted_triggers_FR_loc.txt	3983	524	Taiwan	Zweibruecken
common\scripted_triggers\00_scripted_triggers_FR_loc.txt	3984	528	Nagasaki	Zlin
common\scripted_triggers\00_scripted_triggers_FR_loc.txt	3985	529	Hiroshima	Jicin
common\scripted_triggers\00_scripted_triggers_FR_loc.txt	3986	530	Tokushima	Buchen
common\scripted_triggers\00_scripted_triggers_FR_loc.txt	3987	543	Madagascar	Bar-le-Duc
common\scripted_triggers\00_scripted_triggers_FR_loc.txt	3988	681	Soviet Lakes	Klagenfurt
common\scripted_triggers\00_scripted_triggers_FR_loc.txt	3989	695	Curacao	Prekmurje
common\scripted_triggers\00_scripted_triggers_FR_loc.txt	3990	705	Sao Tome	Arad
common\scripted_triggers\00_scripted_triggers_FR_loc.txt	3991	707	Mauritius	Vaud
common\scripted_triggers\00_scripted_triggers_FR_loc.txt	3992	710	Diego Garcia	Wallis
common\scripted_triggers\00_scripted_triggers_FR_loc.txt	3993	725	Nauru	Charente-Inferieure
common\scripted_triggers\00_scripted_triggers_FR_loc.txt	3994	730	St Pierre and Miquelon 	Sibiu
common\scripted_triggers\00_scripted_triggers_FR_loc.txt	3995	737	New Britain	Brasov
common\scripted_triggers\00_scripted_triggers_FR_loc.txt	4002	110	Norway	Varmland
common\scripted_triggers\00_scripted_triggers_FR_loc.txt	4003	166	Western Aragon	Valga
common\scripted_triggers\00_scripted_triggers_FR_loc.txt	4004	229	baku	Moscow
common\scripted_triggers\00_scripted_triggers_FR_loc.txt	4005	261	USA	Ulyanovsk
common\scripted_triggers\00_scripted_triggers_FR_loc.txt	4006	300	Uruguay	Grodno
common\scripted_triggers\00_scripted_triggers_FR_loc.txt	4007	305	Ecuador	Rotenburg
common\scripted_triggers\00_scripted_triggers_FR_loc.txt	4008	367	Alabama	Kobryn
common\scripted_triggers\00_scripted_triggers_FR_loc.txt	4009	372	Arkansas	Cambridgeshire
common\scripted_triggers\00_scripted_triggers_FR_loc.txt	4010	374	Oklahoma	Warkwickshire
common\scripted_triggers\00_scripted_triggers_FR_loc.txt	4011	377	Arizona	Lublin
common\scripted_triggers\00_scripted_triggers_FR_loc.txt	4012	392	Iowa	Braunschweig
common\scripted_triggers\00_scripted_triggers_FR_loc.txt	4013	426	Orissa	Glamorganshire
common\scripted_triggers\00_scripted_triggers_FR_loc.txt	4014	432	Assam	Limburg Voormaas
common\scripted_triggers\00_scripted_triggers_FR_loc.txt	4015	434	Arunachal Pradesh	Wlodzimierz Wolynski
common\scripted_triggers\00_scripted_triggers_FR_loc.txt	4016	548	Uganda	Eure
common\scripted_triggers\00_scripted_triggers_FR_loc.txt	4017	794	Eastern Aragon	Ismail
common\scripted_triggers\00_scripted_triggers_FR_loc.txt	4024	136	Aberdeenshire	Sodermanland
common\scripted_triggers\00_scripted_triggers_FR_loc.txt	4025	154	Southern plain	Tver
common\scripted_triggers\00_scripted_triggers_FR_loc.txt	4026	380	Utah	Cardiganshire
common\scripted_triggers\00_scripted_triggers_FR_loc.txt	4027	385	Oregon	Seine-Saint-Denis
common\scripted_triggers\00_scripted_triggers_FR_loc.txt	4028	387	Idaho	Myszyniec
common\scripted_triggers\00_scripted_triggers_FR_loc.txt	4029	395	Illinois	Waterford
common\scripted_triggers\00_scripted_triggers_FR_loc.txt	4030	396	Indiana	Herefordshire
common\scripted_triggers\00_scripted_triggers_FR_loc.txt	4031	494	Ucayali	Lubny
common\scripted_triggers\00_scripted_triggers_FR_loc.txt	4032	495	Amazonas	Bayreuth
common\scripted_triggers\00_scripted_triggers_FR_loc.txt	4033	504	Iguacu	Zwittau
common\scripted_triggers\00_scripted_triggers_FR_loc.txt	4034	561	TS 3	Atyrau
common\scripted_triggers\00_scripted_triggers_FR_loc.txt	4035	581	Northern Urals	Ravensburg
common\scripted_triggers\00_scripted_triggers_FR_loc.txt	4036	587	Western Kazakstan	Ille-et-Vilaine
common\scripted_triggers\00_scripted_triggers_FR_loc.txt	4037	606	China 6	Haut-Rhin
common\scripted_triggers\00_scripted_triggers_FR_loc.txt	4038	630	Johnston Atoll	Kalmykia
common\scripted_triggers\00_scripted_triggers_FR_loc.txt	4039	682	Northern Ontario	Deux-Sevres
common\scripted_triggers\00_scripted_triggers_FR_loc.txt	4046	145	Aland	Laane
common\scripted_triggers\00_scripted_triggers_FR_loc.txt	4047	318	Haiti	Oryol
common\scripted_triggers\00_scripted_triggers_FR_loc.txt	4048	526	Okinawa	Zaolzie
common\scripted_triggers\00_scripted_triggers_FR_loc.txt	4049	536	Hokkaido	Brno
common\scripted_triggers\00_scripted_triggers_FR_loc.txt	4050	650	Attu Island	Bourges
common\scripted_triggers\00_scripted_triggers_FR_loc.txt	4057	1	France	Quebec
common\scripted_triggers\00_scripted_triggers_FR_loc.txt	4058	3	Swiss Plateau	West Berlin
common\scripted_triggers\00_scripted_triggers_FR_loc.txt	4059	4	Austria	Finnmark
common\scripted_triggers\00_scripted_triggers_FR_loc.txt	4060	7	Holland	Maine
common\scripted_triggers\00_scripted_triggers_FR_loc.txt	4061	9	Czechoslovakia	Ontario
common\scripted_triggers\00_scripted_triggers_FR_loc.txt	4062	14	Brittany	Lappi
common\scripted_triggers\00_scripted_triggers_FR_loc.txt	4063	15	Normandy	Arhus
common\scripted_triggers\00_scripted_triggers_FR_loc.txt	4064	17	Alcase Lorraine	Petsamo
common\scripted_triggers\00_scripted_triggers_FR_loc.txt	4065	18	Champagne	Connecticut
common\scripted_triggers\00_scripted_triggers_FR_loc.txt	4066	21	Bouches-du-Rhone	Pennsylvania
common\scripted_triggers\00_scripted_triggers_FR_loc.txt	4067	27	Champagne2	Nenets
common\scripted_triggers\00_scripted_triggers_FR_loc.txt	4068	30	Loire	Medvezhyegorsk
common\scripted_triggers\00_scripted_triggers_FR_loc.txt	4069	34	Wallonie	Skanderborg
common\scripted_triggers\00_scripted_triggers_FR_loc.txt	4070	36	Friesland	Lavansaari
common\scripted_triggers\00_scripted_triggers_FR_loc.txt	4071	43	Hungary	Delaware
common\scripted_triggers\00_scripted_triggers_FR_loc.txt	4072	45	Yugoslavia	Vasterbotten
common\scripted_triggers\00_scripted_triggers_FR_loc.txt	4073	46	Romania	Krasnystaw
common\scripted_triggers\00_scripted_triggers_FR_loc.txt	4074	47	Greece	New Jersey
common\scripted_triggers\00_scripted_triggers_FR_loc.txt	4075	51	Moselland	Vesturland
common\scripted_triggers\00_scripted_triggers_FR_loc.txt	4076	52	Wuttemberg	Segezha
common\scripted_triggers\00_scripted_triggers_FR_loc.txt	4077	53	Oberbayern	Nord-Trondelag
common\scripted_triggers\00_scripted_triggers_FR_loc.txt	4078	54	Bayreuth	Jamtland
common\scripted_triggers\00_scripted_triggers_FR_loc.txt	4079	55	Nassau	Rhode Island
common\scripted_triggers\00_scripted_triggers_FR_loc.txt	4080	56	Weser-Ems	Sudurland
common\scripted_triggers\00_scripted_triggers_FR_loc.txt	4081	57	Westfalen	Olonets
common\scripted_triggers\00_scripted_triggers_FR_loc.txt	4082	60	Sud-Hannover	Prince Edward Island
common\scripted_triggers\00_scripted_triggers_FR_loc.txt	4083	62	Pommern	Repola
common\scripted_triggers\00_scripted_triggers_FR_loc.txt	4084	63	WestPrussen	Keski-Pohjanmaa
common\scripted_triggers\00_scripted_triggers_FR_loc.txt	4085	65	Sachsen	Pohjois-Savo
common\scripted_triggers\00_scripted_triggers_FR_loc.txt	4086	66	Niederschlesien	Vasternorrland
common\scripted_triggers\00_scripted_triggers_FR_loc.txt	4087	67	Oberschlesien	Kuldiga
common\scripted_triggers\00_scripted_triggers_FR_loc.txt	4088	70	Slovakia	Soro
common\scripted_triggers\00_scripted_triggers_FR_loc.txt	4089	71	East Slovakia	Sor-Trondelag
common\scripted_triggers\00_scripted_triggers_FR_loc.txt	4090	72	Zaolzie	Keski-Suomi
common\scripted_triggers\00_scripted_triggers_FR_loc.txt	4091	73	Carpathian Ruthenia	Etela-Pohjanmaa
common\scripted_triggers\00_scripted_triggers_FR_loc.txt	4092	75	Moravia	More og Romsdal
common\scripted_triggers\00_scripted_triggers_FR_loc.txt	4093	76	Northern Transylvania	Randers
common\scripted_triggers\00_scripted_triggers_FR_loc.txt	4094	77	Dobrogea	Viipuri
common\scripted_triggers\00_scripted_triggers_FR_loc.txt	4095	78	Bessarabia	Hedmark
common\scripted_triggers\00_scripted_triggers_FR_loc.txt	4096	79	moldovia	Nowy Tomysl
common\scripted_triggers\00_scripted_triggers_FR_loc.txt	4097	80	Bocovina	Ostrow Wiel
common\scripted_triggers\00_scripted_triggers_FR_loc.txt	4098	83	crisana	Oppland
common\scripted_triggers\00_scripted_triggers_FR_loc.txt	4099	84	Transylvania	Gavleborg
common\scripted_triggers\00_scripted_triggers_FR_loc.txt	4100	93	Volhynian	Etela-Karjala
common\scripted_triggers\00_scripted_triggers_FR_loc.txt	4101	94	Polesie	Ilukste
common\scripted_triggers\00_scripted_triggers_FR_loc.txt	4102	102	North-Eastern Slovenia	Volkhov
common\scripted_triggers\00_scripted_triggers_FR_loc.txt	4103	103	Croatia	Kanta-Hame
common\scripted_triggers\00_scripted_triggers_FR_loc.txt	4104	104	Bosnia	Haderslev
common\scripted_triggers\00_scripted_triggers_FR_loc.txt	4105	106	Macedonia	Buskerud
common\scripted_triggers\00_scripted_triggers_FR_loc.txt	4106	107	Kosavo	Mazeikiu
common\scripted_triggers\00_scripted_triggers_FR_loc.txt	4107	108	Eastern Serbia	Kirov
common\scripted_triggers\00_scripted_triggers_FR_loc.txt	4108	109	Eastern Croatia	Varsinais-Suomi
common\scripted_triggers\00_scripted_triggers_FR_loc.txt	4109	114	Sardinia	Uusimaa
common\scripted_triggers\00_scripted_triggers_FR_loc.txt	4110	115	Sicily	Kymenlaakso
common\scripted_triggers\00_scripted_triggers_FR_loc.txt	4111	117	Napoli	Uppsala
common\scripted_triggers\00_scripted_triggers_FR_loc.txt	4112	137	Crimea	Jaanilinn
common\scripted_triggers\00_scripted_triggers_FR_loc.txt	4113	138	Skane	Novgorod
common\scripted_triggers\00_scripted_triggers_FR_loc.txt	4114	146	Karelia	Saaremaa
common\scripted_triggers\00_scripted_triggers_FR_loc.txt	4115	150	Kuopio	Ostergotland
common\scripted_triggers\00_scripted_triggers_FR_loc.txt	4116	151	Eastern Swiss Alps	Pskov
common\scripted_triggers\00_scripted_triggers_FR_loc.txt	4117	152	Upper Austria	Tarto
common\scripted_triggers\00_scripted_triggers_FR_loc.txt	4118	155	Western Hungary	Parnu
common\scripted_triggers\00_scripted_triggers_FR_loc.txt	4119	156	Calabria	Viljandi
common\scripted_triggers\00_scripted_triggers_FR_loc.txt	4120	159	Lombardy	Hofudborgarsvaedid
common\scripted_triggers\00_scripted_triggers_FR_loc.txt	4121	160	Veneto	Sudurnes
common\scripted_triggers\00_scripted_triggers_FR_loc.txt	4122	162	Tuscany	Udmurt
common\scripted_triggers\00_scripted_triggers_FR_loc.txt	4123	165	Catalonia	Petseri
common\scripted_triggers\00_scripted_triggers_FR_loc.txt	4124	171	Galicia	Nizhny Novgorod
common\scripted_triggers\00_scripted_triggers_FR_loc.txt	4125	172	Navarre	Riga
common\scripted_triggers\00_scripted_triggers_FR_loc.txt	4126	182	Crete	Nairn
common\scripted_triggers\00_scripted_triggers_FR_loc.txt	4127	184	Thrace	Halland
common\scripted_triggers\00_scripted_triggers_FR_loc.txt	4128	190	Kurzeme	Kronoberg
common\scripted_triggers\00_scripted_triggers_FR_loc.txt	4129	231	Georgia	Lida
common\scripted_triggers\00_scripted_triggers_FR_loc.txt	4130	268	French Somaliland	Down
common\scripted_triggers\00_scripted_triggers_FR_loc.txt	4131	269	British Somaliland	Westmorland
common\scripted_triggers\00_scripted_triggers_FR_loc.txt	4132	278	Argentina	Chausy
common\scripted_triggers\00_scripted_triggers_FR_loc.txt	4133	285	Austraila	Orenburg
common\scripted_triggers\00_scripted_triggers_FR_loc.txt	4134	286	Indochina	West Riding
common\scripted_triggers\00_scripted_triggers_FR_loc.txt	4135	288	Magwe	Mayo
common\scripted_triggers\00_scripted_triggers_FR_loc.txt	4136	296	Portugal Africa	Roscommon
common\scripted_triggers\00_scripted_triggers_FR_loc.txt	4137	297	Belgian Africa	Louth
common\scripted_triggers\00_scripted_triggers_FR_loc.txt	4138	310	French SA	Torun
common\scripted_triggers\00_scripted_triggers_FR_loc.txt	4139	330	Mongolia	Lokot
common\scripted_triggers\00_scripted_triggers_FR_loc.txt	4140	357	New England	Leicestershire
common\scripted_triggers\00_scripted_triggers_FR_loc.txt	4141	360	Pennsylvania	Carlow
common\scripted_triggers\00_scripted_triggers_FR_loc.txt	4142	362	Virginia	Montgomeryshire
common\scripted_triggers\00_scripted_triggers_FR_loc.txt	4143	363	North Carolina	Herford
common\scripted_triggers\00_scripted_triggers_FR_loc.txt	4144	364	South Carolina	Overijssel
common\scripted_triggers\00_scripted_triggers_FR_loc.txt	4145	365	Georgia	Luckau
common\scripted_triggers\00_scripted_triggers_FR_loc.txt	4146	366	Florida	Saratov
common\scripted_triggers\00_scripted_triggers_FR_loc.txt	4147	371	Louisiana	Limerick
common\scripted_triggers\00_scripted_triggers_FR_loc.txt	4148	378	California	Kerry
common\scripted_triggers\00_scripted_triggers_FR_loc.txt	4149	454	Israel	West-Vlaanderen
common\scripted_triggers\00_scripted_triggers_FR_loc.txt	4150	455	Jordan	Oost-Vlaanderen
common\scripted_triggers\00_scripted_triggers_FR_loc.txt	4151	458	Tunisia	Cornwall
common\scripted_triggers\00_scripted_triggers_FR_loc.txt	4152	464	Nova Scotia	Aqtobe
common\scripted_triggers\00_scripted_triggers_FR_loc.txt	4153	469	Saskatchewan	Bonn
common\scripted_triggers\00_scripted_triggers_FR_loc.txt	4154	473	British Columbia	Reichenberg
common\scripted_triggers\00_scripted_triggers_FR_loc.txt	4155	484	Baja California	Nisko
common\scripted_triggers\00_scripted_triggers_FR_loc.txt	4156	510	Mesopotamia	Zolotonosha
common\scripted_triggers\00_scripted_triggers_FR_loc.txt	4157	512	Patagonia	Luxembourg
common\scripted_triggers\00_scripted_triggers_FR_loc.txt	4158	516	Northern Siberia	Darmstadt
common\scripted_triggers\00_scripted_triggers_FR_loc.txt	4159	518	Tasmania	Luhansk
common\scripted_triggers\00_scripted_triggers_FR_loc.txt	4160	523	New Guinea	Plzen
common\scripted_triggers\00_scripted_triggers_FR_loc.txt	4161	525	South Korea	Charleville-Mezieres
common\scripted_triggers\00_scripted_triggers_FR_loc.txt	4162	527	North Korea	Vinnytsia
common\scripted_triggers\00_scripted_triggers_FR_loc.txt	4163	537	South Sakhalin	Saarland
common\scripted_triggers\00_scripted_triggers_FR_loc.txt	4164	545	Rhodessa	Heidenheim
common\scripted_triggers\00_scripted_triggers_FR_loc.txt	4165	557	Mauritania	Stalino
common\scripted_triggers\00_scripted_triggers_FR_loc.txt	4166	618	China 15	Ochakov
common\scripted_triggers\00_scripted_triggers_FR_loc.txt	4167	635	New Caledonia	Murtal und Murau
common\scripted_triggers\00_scripted_triggers_FR_loc.txt	4168	644	state 3	Innsbruck
common\scripted_triggers\00_scripted_triggers_FR_loc.txt	4169	655	North Sakhalin	Vaslui
common\scripted_triggers\00_scripted_triggers_FR_loc.txt	4170	661	Tripolitania	Bern
common\scripted_triggers\00_scripted_triggers_FR_loc.txt	4171	663	Cyrenaica	Vas
common\scripted_triggers\00_scripted_triggers_FR_loc.txt	4172	664	Southern Slovakia	Oradea
common\scripted_triggers\00_scripted_triggers_FR_loc.txt	4173	666	Norrnorrland	omg its the devil number
common\scripted_triggers\00_scripted_triggers_FR_loc.txt	4174	669	Dutch New Guinea	Luzern
common\scripted_triggers\00_scripted_triggers_FR_loc.txt	4175	687	British Guyana	Konin
common\scripted_triggers\00_scripted_triggers_FR_loc.txt	4176	689	Jamaica	Tutova
common\scripted_triggers\00_scripted_triggers_FR_loc.txt	4177	691	Trinidad	Macon
common\scripted_triggers\00_scripted_triggers_FR_loc.txt	4178	700	Sierra Leone	Szeged
common\scripted_triggers\00_scripted_triggers_FR_loc.txt	4179	701	Gambia	Val d'Oise
common\scripted_triggers\00_scripted_triggers_FR_loc.txt	4180	720	South Georgia	Canale
common\scripted_triggers\00_scripted_triggers_FR_loc.txt	4181	724	Southern Siam	Valais
common\scripted_triggers\00_scripted_triggers_FR_loc.txt	4182	731	Central Macedonia	Puy-de-Dome
common\scripted_triggers\00_scripted_triggers_FR_loc.txt	4183	735	Savoy	Subotica
common\scripted_triggers\00_scripted_triggers_FR_loc.txt	4184	766	Southern Bessarabia	Cantal
common\scripted_triggers\00_scripted_triggers_FR_loc.txt	4185	771	Zambia	Modane
common\scripted_triggers\00_scripted_triggers_FR_loc.txt	4186	778	Upper Volta	Adygea
common\scripted_triggers\00_scripted_triggers_FR_loc.txt	4187	779	Ivory Coast	Bologna
common\scripted_triggers\00_scripted_triggers_FR_loc.txt	4188	780	Guinea	Gap
common\scripted_triggers\00_scripted_triggers_FR_loc.txt	4189	785	Picardy	Kraljevo
common\scripted_triggers\00_scripted_triggers_FR_loc.txt	4190	1017	- Trung Bo	Kutahya
common\scripted_triggers\00_scripted_triggers_FR_loc.txt	4197	10	Poland	New Hampshire
common\scripted_triggers\00_scripted_triggers_FR_loc.txt	4198	11	Kaunas	New York
common\scripted_triggers\00_scripted_triggers_FR_loc.txt	4199	40	USSR	Nordurland eystra
common\scripted_triggers\00_scripted_triggers_FR_loc.txt	4200	41	Madrid	Arkhangelsk
common\scripted_triggers\00_scripted_triggers_FR_loc.txt	4201	48	Bulgaria	Austurland
common\scripted_triggers\00_scripted_triggers_FR_loc.txt	4202	85	Danzig	Pirkanmaa
common\scripted_triggers\00_scripted_triggers_FR_loc.txt	4203	86	Poznan	Satakunta
common\scripted_triggers\00_scripted_triggers_FR_loc.txt	4204	87	Lodz	Jekabpils
common\scripted_triggers\00_scripted_triggers_FR_loc.txt	4205	88	Kielce	Kopparberg
common\scripted_triggers\00_scripted_triggers_FR_loc.txt	4206	89	Krakow	Paijat-Hame
common\scripted_triggers\00_scripted_triggers_FR_loc.txt	4207	90	Lwow	Faero
common\scripted_triggers\00_scripted_triggers_FR_loc.txt	4208	91	Tarnopol	Ventspils
common\scripted_triggers\00_scripted_triggers_FR_loc.txt	4209	92	Lublin	Sogn og Fjordane
common\scripted_triggers\00_scripted_triggers_FR_loc.txt	4210	95	Nowogrodek	Valmiera
common\scripted_triggers\00_scripted_triggers_FR_loc.txt	4211	96	Wilejka	Vologda
common\scripted_triggers\00_scripted_triggers_FR_loc.txt	4212	97	Bialystok	Perm
common\scripted_triggers\00_scripted_triggers_FR_loc.txt	4213	98	Mazurskie	Aland
common\scripted_triggers\00_scripted_triggers_FR_loc.txt	4214	112	Lisbon	Cesis
common\scripted_triggers\00_scripted_triggers_FR_loc.txt	4215	116	Malta	Zetland
common\scripted_triggers\00_scripted_triggers_FR_loc.txt	4216	118	Gibralter	Akershus
common\scripted_triggers\00_scripted_triggers_FR_loc.txt	4217	147	Salla	Vest-Agder
common\scripted_triggers\00_scripted_triggers_FR_loc.txt	4218	148	Lappi	Goteborgs och Bohus
common\scripted_triggers\00_scripted_triggers_FR_loc.txt	4219	163	Dalmatia	Alvsborg
common\scripted_triggers\00_scripted_triggers_FR_loc.txt	4220	167	Valencia	Jonkoping
common\scripted_triggers\00_scripted_triggers_FR_loc.txt	4221	168	Murcia	Kalmar
common\scripted_triggers\00_scripted_triggers_FR_loc.txt	4222	169	Sevilla	Ross and Cromarty
common\scripted_triggers\00_scripted_triggers_FR_loc.txt	4223	173	Granada	Voru
common\scripted_triggers\00_scripted_triggers_FR_loc.txt	4224	175	Ciudad Real	Sverdlovsk
common\scripted_triggers\00_scripted_triggers_FR_loc.txt	4225	176	Burgos	Moray
common\scripted_triggers\00_scripted_triggers_FR_loc.txt	4226	179	Beja	Banff
common\scripted_triggers\00_scripted_triggers_FR_loc.txt	4227	180	Porto	Aberdeen
common\scripted_triggers\00_scripted_triggers_FR_loc.txt	4228	181	Guarda	Viborg
common\scripted_triggers\00_scripted_triggers_FR_loc.txt	4229	188	Memel	Tukums
common\scripted_triggers\00_scripted_triggers_FR_loc.txt	4230	189	Kaunas	Toropets
common\scripted_triggers\00_scripted_triggers_FR_loc.txt	4231	191	Tartu	Kincardine
common\scripted_triggers\00_scripted_triggers_FR_loc.txt	4232	193	Kiev	Angus
common\scripted_triggers\00_scripted_triggers_FR_loc.txt	4233	194	Pinsk Marches	Perth
common\scripted_triggers\00_scripted_triggers_FR_loc.txt	4234	195	Leningrad Area	Moscow Oblast
common\scripted_triggers\00_scripted_triggers_FR_loc.txt	4235	196	Kherson	Jelgava
common\scripted_triggers\00_scripted_triggers_FR_loc.txt	4236	197	Mykolaiv	Ringkobing
common\scripted_triggers\00_scripted_triggers_FR_loc.txt	4237	198	Vinnytsia	Vladimir
common\scripted_triggers\00_scripted_triggers_FR_loc.txt	4238	199	Khmelnytskyi	Arcyll
common\scripted_triggers\00_scripted_triggers_FR_loc.txt	4239	200	Rivne	Tatarstan
common\scripted_triggers\00_scripted_triggers_FR_loc.txt	4240	201	Zhytomyr	Bashkortostan
common\scripted_triggers\00_scripted_triggers_FR_loc.txt	4241	202	Western Kiev	Kristianstad
common\scripted_triggers\00_scripted_triggers_FR_loc.txt	4242	203	Cherkasy	Blekinge
common\scripted_triggers\00_scripted_triggers_FR_loc.txt	4243	204	Brest	Fife
common\scripted_triggers\00_scripted_triggers_FR_loc.txt	4244	205	Hrodna	Telsiu
common\scripted_triggers\00_scripted_triggers_FR_loc.txt	4245	206	Minsk	Siauliu
common\scripted_triggers\00_scripted_triggers_FR_loc.txt	4246	207	Viciebsk	Panevezio
common\scripted_triggers\00_scripted_triggers_FR_loc.txt	4247	208	Pskov	Kretingos
common\scripted_triggers\00_scripted_triggers_FR_loc.txt	4248	209	Smolensk	Chuvash
common\scripted_triggers\00_scripted_triggers_FR_loc.txt	4249	210	Bryansk	Stirling
common\scripted_triggers\00_scripted_triggers_FR_loc.txt	4250	211	Burgas	Kinross
common\scripted_triggers\00_scripted_triggers_FR_loc.txt	4251	212	Plovdiv	Malmohus
common\scripted_triggers\00_scripted_triggers_FR_loc.txt	4252	213	Murmansk	Dunbarton
common\scripted_triggers\00_scripted_triggers_FR_loc.txt	4253	217	Stalingrad Area	East Lothian
common\scripted_triggers\00_scripted_triggers_FR_loc.txt	4254	218	Rostov Area	Vyazma
common\scripted_triggers\00_scripted_triggers_FR_loc.txt	4255	219	Moscow Area	Lanmark
common\scripted_triggers\00_scripted_triggers_FR_loc.txt	4256	220	Kursk Area	West Lothian
common\scripted_triggers\00_scripted_triggers_FR_loc.txt	4257	221	Kharkov	Midlothian
common\scripted_triggers\00_scripted_triggers_FR_loc.txt	4258	223	tula	Vejle
common\scripted_triggers\00_scripted_triggers_FR_loc.txt	4259	224	Bryansk	Berwick
common\scripted_triggers\00_scripted_triggers_FR_loc.txt	4260	225	Glukhov	Utenos
common\scripted_triggers\00_scripted_triggers_FR_loc.txt	4261	226	Nikopol	Gotland
common\scripted_triggers\00_scripted_triggers_FR_loc.txt	4262	227	Stalino	Klaipedos
common\scripted_triggers\00_scripted_triggers_FR_loc.txt	4263	228	Taganrog	Ribe
common\scripted_triggers\00_scripted_triggers_FR_loc.txt	4264	232	Grozny	Dzisna
common\scripted_triggers\00_scripted_triggers_FR_loc.txt	4265	234	Krasodar	Northumberland
common\scripted_triggers\00_scripted_triggers_FR_loc.txt	4266	235	Stravropol	Safonovo
common\scripted_triggers\00_scripted_triggers_FR_loc.txt	4267	238	volgodonsk	Sakiu
common\scripted_triggers\00_scripted_triggers_FR_loc.txt	4268	239	Saratov	Selkirk
common\scripted_triggers\00_scripted_triggers_FR_loc.txt	4269	240	Voronezh	Odense
common\scripted_triggers\00_scripted_triggers_FR_loc.txt	4270	241	Pochep	Wilno
common\scripted_triggers\00_scripted_triggers_FR_loc.txt	4271	242	Smolensk	Kauno
common\scripted_triggers\00_scripted_triggers_FR_loc.txt	4272	243	Roslavl	Srem
common\scripted_triggers\00_scripted_triggers_FR_loc.txt	4273	244	Gatchina	Ukmerges
common\scripted_triggers\00_scripted_triggers_FR_loc.txt	4274	245	Donetsk	Dumfries
common\scripted_triggers\00_scripted_triggers_FR_loc.txt	4275	246	Rzhev	Tonder
common\scripted_triggers\00_scripted_triggers_FR_loc.txt	4276	247	Tver	Svendborg
common\scripted_triggers\00_scripted_triggers_FR_loc.txt	4277	248	Yaroslavl	Donegal
common\scripted_triggers\00_scripted_triggers_FR_loc.txt	4278	249	Kazan	Kirkcud
common\scripted_triggers\00_scripted_triggers_FR_loc.txt	4279	251	Samara	Kaluga
common\scripted_triggers\00_scripted_triggers_FR_loc.txt	4280	252	Nizhny Novogrod	Konigsberg
common\scripted_triggers\00_scripted_triggers_FR_loc.txt	4281	254	Ryazan	Londonder
common\scripted_triggers\00_scripted_triggers_FR_loc.txt	4282	255	Penza	Ruzayevka
common\scripted_triggers\00_scripted_triggers_FR_loc.txt	4283	256	Cheboksary	Cumberland
common\scripted_triggers\00_scripted_triggers_FR_loc.txt	4284	257	Livny	Wigtown
common\scripted_triggers\00_scripted_triggers_FR_loc.txt	4285	258	lipetsk	Durham
common\scripted_triggers\00_scripted_triggers_FR_loc.txt	4286	259	Liski	Marijampoles
common\scripted_triggers\00_scripted_triggers_FR_loc.txt	4287	260	Borisoglbsk	Eiderstadt
common\scripted_triggers\00_scripted_triggers_FR_loc.txt	4288	262	Torzhok	Tyrone
common\scripted_triggers\00_scripted_triggers_FR_loc.txt	4289	263	Veliky Novogrod	Stolp
common\scripted_triggers\00_scripted_triggers_FR_loc.txt	4290	264	Tikhvin	Koscierzyna
common\scripted_triggers\00_scripted_triggers_FR_loc.txt	4291	265	Mikhaylovka	Tula
common\scripted_triggers\00_scripted_triggers_FR_loc.txt	4292	266	Persia	Krupki
common\scripted_triggers\00_scripted_triggers_FR_loc.txt	4293	267	Afghanistan	Gdynia
common\scripted_triggers\00_scripted_triggers_FR_loc.txt	4294	277	Mexico	Praesto
common\scripted_triggers\00_scripted_triggers_FR_loc.txt	4295	279	Chile	Sligo
common\scripted_triggers\00_scripted_triggers_FR_loc.txt	4296	291	Iraq	Cavan
common\scripted_triggers\00_scripted_triggers_FR_loc.txt	4297	295	Congo	Naugard
common\scripted_triggers\00_scripted_triggers_FR_loc.txt	4298	302	bolivia	Longford
common\scripted_triggers\00_scripted_triggers_FR_loc.txt	4299	303	Peru	Lyudinovo
common\scripted_triggers\00_scripted_triggers_FR_loc.txt	4300	321	Goa	Leitrim
common\scripted_triggers\00_scripted_triggers_FR_loc.txt	4301	326	HongKong	Wolkowysk
common\scripted_triggers\00_scripted_triggers_FR_loc.txt	4302	327	Philippines	Luckenwalde
common\scripted_triggers\00_scripted_triggers_FR_loc.txt	4303	331	Newfoundland	Groningen
common\scripted_triggers\00_scripted_triggers_FR_loc.txt	4304	333	British Borneo	Offaly
common\scripted_triggers\00_scripted_triggers_FR_loc.txt	4305	335	West Java	Koscian
common\scripted_triggers\00_scripted_triggers_FR_loc.txt	4306	336	Singapore	Friesland
common\scripted_triggers\00_scripted_triggers_FR_loc.txt	4307	340	Bursa	Buda-Kashalyova
common\scripted_triggers\00_scripted_triggers_FR_loc.txt	4308	345	Mersin	Laoighis
common\scripted_triggers\00_scripted_triggers_FR_loc.txt	4309	346	Konya	Drenthe
common\scripted_triggers\00_scripted_triggers_FR_loc.txt	4310	348	Kayseri	Tipperary
common\scripted_triggers\00_scripted_triggers_FR_loc.txt	4311	349	Silvas	Clare
common\scripted_triggers\00_scripted_triggers_FR_loc.txt	4312	350	Diyarbekir	Meppen
common\scripted_triggers\00_scripted_triggers_FR_loc.txt	4313	351	Vologda	Ostrow Mazowiecka
common\scripted_triggers\00_scripted_triggers_FR_loc.txt	4314	352	Hakkari	Hannover
common\scripted_triggers\00_scripted_triggers_FR_loc.txt	4315	354	Trabzon	Merionethshire
common\scripted_triggers\00_scripted_triggers_FR_loc.txt	4316	355	Samsun	Shropshire
common\scripted_triggers\00_scripted_triggers_FR_loc.txt	4317	356	Sinop	Norfolk
common\scripted_triggers\00_scripted_triggers_FR_loc.txt	4318	358	New York	Noord-Holland
common\scripted_triggers\00_scripted_triggers_FR_loc.txt	4319	397	Syktyvkar	Chernigov
common\scripted_triggers\00_scripted_triggers_FR_loc.txt	4320	398	Perm	Shostka
common\scripted_triggers\00_scripted_triggers_FR_loc.txt	4321	400	Kirov	Steinfurt
common\scripted_triggers\00_scripted_triggers_FR_loc.txt	4322	403	Kharabali	Bedfordshire
common\scripted_triggers\00_scripted_triggers_FR_loc.txt	4323	404	Saykhin	Diekirch
common\scripted_triggers\00_scripted_triggers_FR_loc.txt	4324	405	Atyrau	Buckinghamshire
common\scripted_triggers\00_scripted_triggers_FR_loc.txt	4325	406	Krasnyy Yar	Carmarthenshire
common\scripted_triggers\00_scripted_triggers_FR_loc.txt	4326	408	Vladivostok	Oxfordshire
common\scripted_triggers\00_scripted_triggers_FR_loc.txt	4327	409	Khabarovsk	Pembrokeshire
common\scripted_triggers\00_scripted_triggers_FR_loc.txt	4328	414	Kerman	Warendorf
common\scripted_triggers\00_scripted_triggers_FR_loc.txt	4329	417	Golestan	Hameln
common\scripted_triggers\00_scripted_triggers_FR_loc.txt	4330	418	Semnan	Halle
common\scripted_triggers\00_scripted_triggers_FR_loc.txt	4331	419	Azerbaijan	Monmouthshire
common\scripted_triggers\00_scripted_triggers_FR_loc.txt	4332	422	Ceylon	Brabant wallon
common\scripted_triggers\00_scripted_triggers_FR_loc.txt	4333	423	Madras	Kleve
common\scripted_triggers\00_scripted_triggers_FR_loc.txt	4334	424	Andra Pradesh	Mittel Ruhr
common\scripted_triggers\00_scripted_triggers_FR_loc.txt	4335	425	Mysore	Schweidnitz
common\scripted_triggers\00_scripted_triggers_FR_loc.txt	4336	429	Bombay	Jedrzejow
common\scripted_triggers\00_scripted_triggers_FR_loc.txt	4337	436	Central Provinces	Zhitomir
common\scripted_triggers\00_scripted_triggers_FR_loc.txt	4338	438	United Provinces	Dobeln
common\scripted_triggers\00_scripted_triggers_FR_loc.txt	4339	439	Delhi	Marburg
common\scripted_triggers\00_scripted_triggers_FR_loc.txt	4340	442	Peshawar	Laon
common\scripted_triggers\00_scripted_triggers_FR_loc.txt	4341	445	Quetta	Somerset
common\scripted_triggers\00_scripted_triggers_FR_loc.txt	4342	448	Tripoli	Abbeville
common\scripted_triggers\00_scripted_triggers_FR_loc.txt	4343	450	Benghasi	Belgorod
common\scripted_triggers\00_scripted_triggers_FR_loc.txt	4344	451	Derna	Zeeland
common\scripted_triggers\00_scripted_triggers_FR_loc.txt	4345	452	Marsa Matruh	Val-de-Marne
common\scripted_triggers\00_scripted_triggers_FR_loc.txt	4346	460	Eastern Algeria	Aachen
common\scripted_triggers\00_scripted_triggers_FR_loc.txt	4347	461	Northern Morocco	Rosenberg
common\scripted_triggers\00_scripted_triggers_FR_loc.txt	4348	462	Southern Morocco	Sussex
common\scripted_triggers\00_scripted_triggers_FR_loc.txt	4349	493	La Libertad	Proskuriv
common\scripted_triggers\00_scripted_triggers_FR_loc.txt	4350	499	Bahia	Sternberg
common\scripted_triggers\00_scripted_triggers_FR_loc.txt	4351	500	Rio de Janerio	Luxembourg Belge
common\scripted_triggers\00_scripted_triggers_FR_loc.txt	4352	501	Saol Paulo	Lubaczow
common\scripted_triggers\00_scripted_triggers_FR_loc.txt	4353	507	Southern Chile	Troppau
common\scripted_triggers\00_scripted_triggers_FR_loc.txt	4354	511	Cuyo	Rostov
common\scripted_triggers\00_scripted_triggers_FR_loc.txt	4355	513	Southern Algeria	Praha
common\scripted_triggers\00_scripted_triggers_FR_loc.txt	4356	551	Khartoum	Calvados
common\scripted_triggers\00_scripted_triggers_FR_loc.txt	4357	554	Syria	Passau
common\scripted_triggers\00_scripted_triggers_FR_loc.txt	4358	560	TS 2	Pokrovske
common\scripted_triggers\00_scripted_triggers_FR_loc.txt	4359	563	TS 5	Melun
common\scripted_triggers\00_scripted_triggers_FR_loc.txt	4360	565	TS 7	Tomashpol
common\scripted_triggers\00_scripted_triggers_FR_loc.txt	4361	567	TS 9	Kempten
common\scripted_triggers\00_scripted_triggers_FR_loc.txt	4362	568	TS 10	Baden
common\scripted_triggers\00_scripted_triggers_FR_loc.txt	4363	569	TS 11	Levoca
common\scripted_triggers\00_scripted_triggers_FR_loc.txt	4364	570	TS 12	Nancy
common\scripted_triggers\00_scripted_triggers_FR_loc.txt	4365	572	TS 14	Orne
common\scripted_triggers\00_scripted_triggers_FR_loc.txt	4366	573	Ts 15	Eure-et-Loir
common\scripted_triggers\00_scripted_triggers_FR_loc.txt	4367	574	Siberia 1	Hron
common\scripted_triggers\00_scripted_triggers_FR_loc.txt	4368	575	Siberia 2	Rottweil
common\scripted_triggers\00_scripted_triggers_FR_loc.txt	4369	576	Siberia 3	Rosenheim
common\scripted_triggers\00_scripted_triggers_FR_loc.txt	4370	577	Siberia 4	Zilina
common\scripted_triggers\00_scripted_triggers_FR_loc.txt	4371	578	Siberia 5	Cotes-du-Nord
common\scripted_triggers\00_scripted_triggers_FR_loc.txt	4372	579	Siberia 6	Mezhevaya
common\scripted_triggers\00_scripted_triggers_FR_loc.txt	4373	580	Siberia 7	Nyitra es Pozsony
common\scripted_triggers\00_scripted_triggers_FR_loc.txt	4374	582	Sourthern Urals	Linz
common\scripted_triggers\00_scripted_triggers_FR_loc.txt	4375	583	Kazakhstan	Finistere
common\scripted_triggers\00_scripted_triggers_FR_loc.txt	4376	588	Some Mountains	Chaumont
common\scripted_triggers\00_scripted_triggers_FR_loc.txt	4377	592	Guangzhou	Hotin
common\scripted_triggers\00_scripted_triggers_FR_loc.txt	4378	594	Nanning	Kalisz
common\scripted_triggers\00_scripted_triggers_FR_loc.txt	4379	608	Beijing	Mateszalka
common\scripted_triggers\00_scripted_triggers_FR_loc.txt	4380	613	China 12	Berezovka
common\scripted_triggers\00_scripted_triggers_FR_loc.txt	4381	623	Luzon	Zaporozhye
common\scripted_triggers\00_scripted_triggers_FR_loc.txt	4382	625	Samar	Bischofshofen
common\scripted_triggers\00_scripted_triggers_FR_loc.txt	4383	626	Palawan	Cote-d'Or
common\scripted_triggers\00_scripted_triggers_FR_loc.txt	4384	627	Mindanao	Haute-Saone
common\scripted_triggers\00_scripted_triggers_FR_loc.txt	4385	628	Cebu	Maramures
common\scripted_triggers\00_scripted_triggers_FR_loc.txt	4386	631	Midway Island	Hajdu
common\scripted_triggers\00_scripted_triggers_FR_loc.txt	4387	632	Wake Island	Astrakhan
common\scripted_triggers\00_scripted_triggers_FR_loc.txt	4388	638	Guam	Belfort
common\scripted_triggers\00_scripted_triggers_FR_loc.txt	4389	640	Mandalay	Montaigne et Gurson
common\scripted_triggers\00_scripted_triggers_FR_loc.txt	4390	641	Tahiti	Sopron
common\scripted_triggers\00_scripted_triggers_FR_loc.txt	4391	646	Saipan	Jasz-Nagykun-Szolnok
common\scripted_triggers\00_scripted_triggers_FR_loc.txt	4392	648	Marcus Island	Fejer
common\scripted_triggers\00_scripted_triggers_FR_loc.txt	4393	653	Sov state 7	Nievre
common\scripted_triggers\00_scripted_triggers_FR_loc.txt	4394	654	sov state 8	Voralberg
common\scripted_triggers\00_scripted_triggers_FR_loc.txt	4395	662	Sirte	Berettyoujfalu
common\scripted_triggers\00_scripted_triggers_FR_loc.txt	4396	665	Gabes	Cluj
common\scripted_triggers\00_scripted_triggers_FR_loc.txt	4397	672	South Sumatra	Saint-Amand-Montrond
common\scripted_triggers\00_scripted_triggers_FR_loc.txt	4398	673	Sulawesi	Schwytz
common\scripted_triggers\00_scripted_triggers_FR_loc.txt	4399	676	Mosul	Zala
common\scripted_triggers\00_scripted_triggers_FR_loc.txt	4400	680	Deir-az-Zur	Mures
common\scripted_triggers\00_scripted_triggers_FR_loc.txt	4401	686	Puerto Rico	Beius
common\scripted_triggers\00_scripted_triggers_FR_loc.txt	4402	697	Madeira	Tolna
common\scripted_triggers\00_scripted_triggers_FR_loc.txt	4403	704	Saint Helena	Belluno
common\scripted_triggers\00_scripted_triggers_FR_loc.txt	4404	706	Reunion	Udine
common\scripted_triggers\00_scripted_triggers_FR_loc.txt	4405	718	Stanleyville	Torino
common\scripted_triggers\00_scripted_triggers_FR_loc.txt	4406	722	Petsamo	Baranya
common\scripted_triggers\00_scripted_triggers_FR_loc.txt	4407	729	Macau	Loire
common\scripted_triggers\00_scripted_triggers_FR_loc.txt	4408	734	Nendo	Bassigny
common\scripted_triggers\00_scripted_triggers_FR_loc.txt	4409	742	Stalinabad	Venezia
common\scripted_triggers\00_scripted_triggers_FR_loc.txt	4410	743	Qingdao	Ljubljana
common\scripted_triggers\00_scripted_triggers_FR_loc.txt	4411	744	Xian	Trieste
common\scripted_triggers\00_scripted_triggers_FR_loc.txt	4412	745	Dalian	Aosta
common\scripted_triggers\00_scripted_triggers_FR_loc.txt	4413	746	Ordos	Chambery
common\scripted_triggers\00_scripted_triggers_FR_loc.txt	4414	747	Dali Bai	Lyon
common\scripted_triggers\00_scripted_triggers_FR_loc.txt	4415	748	Zunyi	Zemplen
common\scripted_triggers\00_scripted_triggers_FR_loc.txt	4416	749	Huangshan	Isere
common\scripted_triggers\00_scripted_triggers_FR_loc.txt	4417	750	Changde	Mont-Blanc
common\scripted_triggers\00_scripted_triggers_FR_loc.txt	4418	751	Liangshan	Correze
common\scripted_triggers\00_scripted_triggers_FR_loc.txt	4419	752	Chamdo	Wloclawek
common\scripted_triggers\00_scripted_triggers_FR_loc.txt	4420	753	Gannan	Dordogne
common\scripted_triggers\00_scripted_triggers_FR_loc.txt	4421	755	Haixi	Fiume
common\scripted_triggers\00_scripted_triggers_FR_loc.txt	4422	756	Jiuquan	Caras
common\scripted_triggers\00_scripted_triggers_FR_loc.txt	4423	757	Shigatse	Buzau
common\scripted_triggers\00_scripted_triggers_FR_loc.txt	4424	758	Ngari	Muscel
common\scripted_triggers\00_scripted_triggers_FR_loc.txt	4425	760	Dabancheng	Gironde
common\scripted_triggers\00_scripted_triggers_FR_loc.txt	4426	761	Hulunbuir	Karakalpakstan
common\scripted_triggers\00_scripted_triggers_FR_loc.txt	4427	762	Katowice	Istria
common\scripted_triggers\00_scripted_triggers_FR_loc.txt	4428	763	Konigsberg	Nogay
common\scripted_triggers\00_scripted_triggers_FR_loc.txt	4429	782	Tombouctou	Foca
common\scripted_triggers\00_scripted_triggers_FR_loc.txt	4430	783	Sidi Ifni	Lot
common\scripted_triggers\00_scripted_triggers_FR_loc.txt	4431	784	Ermland-Masuren	Avar
common\scripted_triggers\00_scripted_triggers_FR_loc.txt	4432	788	Salamanca	Olt
common\scripted_triggers\00_scripted_triggers_FR_loc.txt	4433	789	Cordoba	Essonne
common\scripted_triggers\00_scripted_triggers_FR_loc.txt	4434	791	Valladolid	Ialomita
common\scripted_triggers\00_scripted_triggers_FR_loc.txt	4435	793	Guadalajara	Constanta
common\scripted_triggers\00_scripted_triggers_FR_loc.txt	4436	795	Santarem	Lot-et-Garonne
common\scripted_triggers\00_scripted_triggers_FR_loc.txt	4443	16	Ile de France	Rybachy Peninsula
common\scripted_triggers\00_scripted_triggers_FR_loc.txt	4444	68	Wartheland	Pohjois-Karjala
common\scripted_triggers\00_scripted_triggers_FR_loc.txt	4445	111	Uusima	Hordaland
common\scripted_triggers\00_scripted_triggers_FR_loc.txt	4446	320	French India	Dublin
common\scripted_triggers\00_scripted_triggers_FR_loc.txt	4447	284	New Zealand	Suwalki
common\scripted_triggers\00_scripted_triggers_FR_loc.txt	4448	703	Ascension	Drava
common\scripted_triggers\00_scripted_triggers_FR_loc.txt	4449	711	Christmas Island	Csanad, Arad es Torontal
common\scripted_triggers\00_scripted_triggers_FR_loc.txt	4450	723	Southern Island	Haute-Vienne
common\scripted_triggers\00_scripted_triggers_FR_loc.txt	4451	740	Vancouver Island	Montmorillon
common\scripted_triggers\00_scripted_triggers_FR_loc.txt	4458	5	Germany	Pultusk
common\scripted_triggers\00_scripted_triggers_FR_loc.txt	4459	19	Aquitaine	Murmansk
common\scripted_triggers\00_scripted_triggers_FR_loc.txt	4460	26	Bourgogne	Maryland
common\scripted_triggers\00_scripted_triggers_FR_loc.txt	4461	28	Alcase	Virginia
common\scripted_triggers\00_scripted_triggers_FR_loc.txt	4462	44	Albania	Vestfirdir
common\scripted_triggers\00_scripted_triggers_FR_loc.txt	4463	81	Oltenia	Etela-Savo
common\scripted_triggers\00_scripted_triggers_FR_loc.txt	4464	100	Iceland	Sortavala
common\scripted_triggers\00_scripted_triggers_FR_loc.txt	4465	119	Northern Ireland	Leningrad
common\scripted_triggers\00_scripted_triggers_FR_loc.txt	4466	123	Cornwall	Telemark
common\scripted_triggers\00_scripted_triggers_FR_loc.txt	4467	125	East Anglia	Orebro
common\scripted_triggers\00_scripted_triggers_FR_loc.txt	4468	149	Vaasa	Skaraborg
common\scripted_triggers\00_scripted_triggers_FR_loc.txt	4469	161	Emilia Romagna	Sutherland
common\scripted_triggers\00_scripted_triggers_FR_loc.txt	4470	170	Extremadura	Madona
common\scripted_triggers\00_scripted_triggers_FR_loc.txt	4471	185	Epirus	Rezekne
common\scripted_triggers\00_scripted_triggers_FR_loc.txt	4472	230	Armenia	Ayr
common\scripted_triggers\00_scripted_triggers_FR_loc.txt	4473	271	ethiopia	North Riding
common\scripted_triggers\00_scripted_triggers_FR_loc.txt	4474	463	Alaska	Eisenach
common\scripted_triggers\00_scripted_triggers_FR_loc.txt	4475	470	Alberta	Vlaams-Brabant
common\scripted_triggers\00_scripted_triggers_FR_loc.txt	4476	519	South Australia	Soissons
common\scripted_triggers\00_scripted_triggers_FR_loc.txt	4477	522	Western Australia	Tachau
common\scripted_triggers\00_scripted_triggers_FR_loc.txt	4478	550	Eritrea	Saris-Zemplin
common\scripted_triggers\00_scripted_triggers_FR_loc.txt	4479	660	Equatorial Africa	Jura
common\scripted_triggers\00_scripted_triggers_FR_loc.txt	4480	674	Central Australia	Ciuc
common\scripted_triggers\00_scripted_triggers_FR_loc.txt	4481	736	Litorale	Timis-Torontal
common\scripted_triggers\00_scripted_triggers_FR_loc.txt	4488	49	Turkey	Nordurland vestra
common\scripted_triggers\00_scripted_triggers_FR_loc.txt	4489	192	Odessa	Bute
common\scripted_triggers\00_scripted_triggers_FR_loc.txt	4490	214	Arkhangelsk	Clackmannan
common\scripted_triggers\00_scripted_triggers_FR_loc.txt	4491	215	Eastern Karelia	Gorodok
common\scripted_triggers\00_scripted_triggers_FR_loc.txt	4492	216	Below Zero	Frederiksborg
common\scripted_triggers\00_scripted_triggers_FR_loc.txt	4493	222	Orel	Renfrew
common\scripted_triggers\00_scripted_triggers_FR_loc.txt	4494	236	Astrakhan	Swieciany
common\scripted_triggers\00_scripted_triggers_FR_loc.txt	4495	237	Elista	Roxburgh
common\scripted_triggers\00_scripted_triggers_FR_loc.txt	4496	250	ulyanovsky	Ryazan
common\scripted_triggers\00_scripted_triggers_FR_loc.txt	4497	253	Ivanovo	Antrim
common\scripted_triggers\00_scripted_triggers_FR_loc.txt	4498	294	Oman	Druskieniki
common\scripted_triggers\00_scripted_triggers_FR_loc.txt	4499	339	Izmir	Landsberg
common\scripted_triggers\00_scripted_triggers_FR_loc.txt	4500	341	Edirne	Anglesey
common\scripted_triggers\00_scripted_triggers_FR_loc.txt	4501	342	Antalya	Denbighshire
common\scripted_triggers\00_scripted_triggers_FR_loc.txt	4502	343	Afyon	Wicklow
common\scripted_triggers\00_scripted_triggers_FR_loc.txt	4503	344	Adana	Staffordshire
common\scripted_triggers\00_scripted_triggers_FR_loc.txt	4504	347	Izmit	Roskilde
common\scripted_triggers\00_scripted_triggers_FR_loc.txt	4505	353	Erzurum	Dessau
common\scripted_triggers\00_scripted_triggers_FR_loc.txt	4506	399	Izhevsk	Utrecht
common\scripted_triggers\00_scripted_triggers_FR_loc.txt	4507	401	Engels	Brecknockshire
common\scripted_triggers\00_scripted_triggers_FR_loc.txt	4508	402	Akhtubinsk	Zuid-Holland
common\scripted_triggers\00_scripted_triggers_FR_loc.txt	4509	407	Uralsk	Sochaczew
common\scripted_triggers\00_scripted_triggers_FR_loc.txt	4510	411	Hormozgan	Delitzsch
common\scripted_triggers\00_scripted_triggers_FR_loc.txt	4511	415	South Khorasan	Bunzlau
common\scripted_triggers\00_scripted_triggers_FR_loc.txt	4512	427	Hyderabad	Grevenmacher
common\scripted_triggers\00_scripted_triggers_FR_loc.txt	4513	437	Central Indian Provinces	Wiltshire
common\scripted_triggers\00_scripted_triggers_FR_loc.txt	4514	447	Alexandria	Surrey
common\scripted_triggers\00_scripted_triggers_FR_loc.txt	4515	449	Libyan Coast	Meissen
common\scripted_triggers\00_scripted_triggers_FR_loc.txt	4516	456	Luxor	Vlaams-Limburg
common\scripted_triggers\00_scripted_triggers_FR_loc.txt	4517	459	Western Algeria	Krzemieniec
common\scripted_triggers\00_scripted_triggers_FR_loc.txt	4518	492	Piura	Wuerzburg
common\scripted_triggers\00_scripted_triggers_FR_loc.txt	4519	506	Northern Chile	Kreuznach
common\scripted_triggers\00_scripted_triggers_FR_loc.txt	4520	562	TS 4	Sobrance
common\scripted_triggers\00_scripted_triggers_FR_loc.txt	4521	564	TS 6	Northern Maramures
common\scripted_triggers\00_scripted_triggers_FR_loc.txt	4522	566	TS 8	Bas-Rhin
common\scripted_triggers\00_scripted_triggers_FR_loc.txt	4523	571	TS 13	Paris
common\scripted_triggers\00_scripted_triggers_FR_loc.txt	4524	584	Turkmenistan	Aube
common\scripted_triggers\00_scripted_triggers_FR_loc.txt	4525	585	Uzbekistan	Reolais et Bastide
common\scripted_triggers\00_scripted_triggers_FR_loc.txt	4526	586	Kyrgyzstan	Nitra
common\scripted_triggers\00_scripted_triggers_FR_loc.txt	4527	589	Eastern Kazakhstan	Wolfach
common\scripted_triggers\00_scripted_triggers_FR_loc.txt	4528	590	Northern Kazakhstan	Storojinet
common\scripted_triggers\00_scripted_triggers_FR_loc.txt	4529	617	Xinjiang	Transnistria
common\scripted_triggers\00_scripted_triggers_FR_loc.txt	4530	629	Hawaii	Campulung
common\scripted_triggers\00_scripted_triggers_FR_loc.txt	4531	645	Iwo Jima	Tours
common\scripted_triggers\00_scripted_triggers_FR_loc.txt	4532	651	Sov state 5	Mlawa
common\scripted_triggers\00_scripted_triggers_FR_loc.txt	4533	652	Sov state 6	Aargau
common\scripted_triggers\00_scripted_triggers_FR_loc.txt	4534	658	Arab UK 1	Doubs
common\scripted_triggers\00_scripted_triggers_FR_loc.txt	4535	659	Arabian UK 2	Veszprem
common\scripted_triggers\00_scripted_triggers_FR_loc.txt	4536	677	Aleppo	Bekes
common\scripted_triggers\00_scripted_triggers_FR_loc.txt	4542	754	Golog	Lika-Gacka
common\scripted_triggers\00_scripted_triggers_FR_loc.txt	4557	6	Belgium	New Brunswick
common\scripted_triggers\00_scripted_triggers_FR_loc.txt	4558	32	Rhone Alpes	West Virginia
common\scripted_triggers\00_scripted_triggers_FR_loc.txt	4559	69	Sudatenland	nice
common\scripted_triggers\00_scripted_triggers_FR_loc.txt	4560	972	- South Sudetenland	Agcab@di
common\scripted_triggers\00_scripted_triggers_FR_loc.txt	4561	74	East Sudatenland	Porajarvi
common\scripted_triggers\00_scripted_triggers_FR_loc.txt	4562	120	Scottish Highlands	Alborg
common\scripted_triggers\00_scripted_triggers_FR_loc.txt	4563	128	West Midlands	Rogaland
common\scripted_triggers\00_scripted_triggers_FR_loc.txt	4564	129	East Midlands	Ostfold
common\scripted_triggers\00_scripted_triggers_FR_loc.txt	4565	157	Abruzzo	Hiiumaa
common\scripted_triggers\00_scripted_triggers_FR_loc.txt	4566	177	Balearic Islands	Ivanovo
common\scripted_triggers\00_scripted_triggers_FR_loc.txt	4567	178	Canary islands	Holbaek
common\scripted_triggers\00_scripted_triggers_FR_loc.txt	4568	187	Aegean Islands	Orkney
common\scripted_triggers\00_scripted_triggers_FR_loc.txt	4569	233	Caucasus Mountains	Peebles
common\scripted_triggers\00_scripted_triggers_FR_loc.txt	4570	270	Pitcarin Island	Kuybyshev
common\scripted_triggers\00_scripted_triggers_FR_loc.txt	4571	281	India	Stralsund
common\scripted_triggers\00_scripted_triggers_FR_loc.txt	4572	299	Falkand Islands	Penza
common\scripted_triggers\00_scripted_triggers_FR_loc.txt	4573	308	Britain SA	Westmeath
common\scripted_triggers\00_scripted_triggers_FR_loc.txt	4574	337	Faroe Islands	Kildare
common\scripted_triggers\00_scripted_triggers_FR_loc.txt	4575	555	Lagos	Trencin
common\scripted_triggers\00_scripted_triggers_FR_loc.txt	4576	624	Central islands	Gyor es Pozsony
common\scripted_triggers\00_scripted_triggers_FR_loc.txt	4577	633	Marshall Islands	Pest-Pilis
common\scripted_triggers\00_scripted_triggers_FR_loc.txt	4578	634	Solomon Islands	Loire-Inferieure
common\scripted_triggers\00_scripted_triggers_FR_loc.txt	4579	636	Fiji	Esztergom
common\scripted_triggers\00_scripted_triggers_FR_loc.txt	4580	639	Maiana	Salaj
common\scripted_triggers\00_scripted_triggers_FR_loc.txt	4581	642	Phoenix Island	Salsk
common\scripted_triggers\00_scripted_triggers_FR_loc.txt	4582	643	Fongafale	St Gallen
common\scripted_triggers\00_scripted_triggers_FR_loc.txt	4583	647	Palau	Zurich
common\scripted_triggers\00_scripted_triggers_FR_loc.txt	4584	649	Galapagos Islands	Nasaud
common\scripted_triggers\00_scripted_triggers_FR_loc.txt	4585	667	West Nusa Tenggara	Neamt
common\scripted_triggers\00_scripted_triggers_FR_loc.txt	4586	668	The Moluccas	Dole
common\scripted_triggers\00_scripted_triggers_FR_loc.txt	4587	684	Caroline Islands	Vendee
common\scripted_triggers\00_scripted_triggers_FR_loc.txt	4588	690	Bahama Islands	Somogy
common\scripted_triggers\00_scripted_triggers_FR_loc.txt	4589	692	Windward Islands	Turda
common\scripted_triggers\00_scripted_triggers_FR_loc.txt	4590	693	Southern Bahamas	Leczyca
common\scripted_triggers\00_scripted_triggers_FR_loc.txt	4591	694	French Caribbean	Bernese Oberland
common\scripted_triggers\00_scripted_triggers_FR_loc.txt	4592	696	Bermuda	Krasnodar
common\scripted_triggers\00_scripted_triggers_FR_loc.txt	4593	698	Azores	Bacau
common\scripted_triggers\00_scripted_triggers_FR_loc.txt	4594	708	Comoro Islands	Ticino
common\scripted_triggers\00_scripted_triggers_FR_loc.txt	4595	709	Seychelles	Milano
common\scripted_triggers\00_scripted_triggers_FR_loc.txt	4596	712	Cocos Islands	Medimurje
common\scripted_triggers\00_scripted_triggers_FR_loc.txt	4597	713	Kerguelen	Alba
common\scripted_triggers\00_scripted_triggers_FR_loc.txt	4598	726	Samoa	Bacs
common\scripted_triggers\00_scripted_triggers_FR_loc.txt	4599	727	Line Islands	Hunedoara
common\scripted_triggers\00_scripted_triggers_FR_loc.txt	4600	733	Andaman	Putna
common\scripted_triggers\00_scripted_triggers_FR_loc.txt	4601	738	Aru Islands	Zrenjanin
common\scripted_triggers\00_scripted_triggers_FR_loc.txt	4602	739	Haida Gwaii	Covurlui
common\scripted_triggers\00_scripted_triggers_FR_loc.txt	4603	790	Asturias	Beograd
common\scripted_triggers\00_scripted_triggers_FR_loc.txt	4615	31	Midi Pyrenees	North Carolina
common\scripted_triggers\BUL_scripted_triggers.txt	30	1073	- Interior Papua	Argolis-Corinthia
common\scripted_triggers\BUL_scripted_triggers.txt	37	1052	Bali	Euboea
common\scripted_triggers\BUL_scripted_triggers.txt	38	1074	- Gibson Desert	Attica-Boeotia
common\scripted_triggers\BUL_scripted_triggers.txt	39	1045	- Guyuan	Phthiotis-Phocis
common\scripted_triggers\BUL_scripted_triggers.txt	41	1015	- Interior Oman	Larissa
common\scripted_triggers\BUL_scripted_triggers.txt	45	1015	- Interior Oman	Larissa
common\scripted_triggers\BUL_scripted_triggers.txt	49	941	- Tocantins	Thessaloniki
common\scripted_triggers\BUL_scripted_triggers.txt	58	937	- Piaui	Rhodope
common\scripted_triggers\BUL_scripted_triggers.txt	59	910	Bornholm	Evros
common\scripted_triggers\BUL_scripted_triggers.txt	64	991	Gwalior	Canakkale
common\scripted_triggers\BUL_scripted_triggers.txt	68	1032	- Yanan	Izmir
common\scripted_triggers\BUL_scripted_triggers.txt	89	868	Isan	Burgas
common\scripted_triggers\BUL_scripted_triggers.txt	91	906	Socotra	Kirklareli
common\scripted_triggers\BUL_scripted_triggers.txt	95	932	Isle of Man	Bati Istanbul
common\scripted_triggers\BUL_scripted_triggers.txt	96	945	- Cerro Largo	Dogu Istanbul
common\scripted_triggers\BUL_scripted_triggers.txt	98	948	- Easter Island	Kandira
common\scripted_triggers\BUL_scripted_triggers.txt	99	952	- Atacama	Sakarya
common\scripted_triggers\BUL_scripted_triggers.txt	100	957	- Formosa	Duzce
common\scripted_triggers\BUL_scripted_triggers.txt	101	930	Mikkeli	Zonguldak
common\scripted_triggers\BUL_scripted_triggers.txt	102	921	Telemark	Bartin
common\scripted_triggers\BUL_scripted_triggers.txt	103	909	South Schleswig	Kastamonu
common\scripted_triggers\BUL_scripted_triggers.txt	104	907	Cairo	Sinop
common\scripted_triggers\BUL_scripted_triggers.txt	105	924	Troms	Samsun
common\scripted_triggers\BUL_scripted_triggers.txt	106	955	- Chubut	Ordu
common\scripted_triggers\BUL_scripted_triggers.txt	107	964	Deep Amazonas	Giresun
common\scripted_triggers\BUL_scripted_triggers.txt	109	958	- San Luis	Trabzon
common\scripted_triggers\BUL_scripted_triggers.txt	110	938	- Para	Rize
common\scripted_triggers\BUL_scripted_triggers.txt	111	933	Shetland	Artvin
common\scripted_triggers\BUL_scripted_triggers.txt	112	916	Dalarna	Adjara
common\scripted_triggers\BUL_scripted_triggers.txt	114	856	Asir-Makkah	Samegrelo
common\scripted_triggers\BUL_scripted_triggers.txt	116	841	Begemder	Abkhazia
common\scripted_triggers\BUL_scripted_triggers.txt	127	511	Cuyo	Rostov
common\scripted_triggers\BUL_scripted_triggers.txt	133	614	China 13	Nikolayev
common\scripted_triggers\BUL_scripted_triggers.txt	134	618	China 15	Ochakov
common\scripted_triggers\BUL_scripted_triggers.txt	151	754	Golog	Lika-Gacka
common\scripted_triggers\BUL_scripted_triggers.txt	153	908	Afar	Campobasso
common\scripted_triggers\BUL_scripted_triggers.txt	157	881	Karagandy	Podgorica
common\scripted_triggers\BUL_scripted_triggers.txt	167	742	Stalinabad	Venezia
common\scripted_triggers\BUL_scripted_triggers.txt	169	706	Reunion	Udine
common\scripted_triggers\BUL_scripted_triggers.txt	171	989	Bahawalpur	Kruse
common\scripted_triggers\BUL_scripted_triggers.txt	187	803	Southern Serbia	Landes
common\scripted_triggers\BUL_scripted_triggers.txt	188	106	Macedonia	Buskerud
common\scripted_triggers\BUL_scripted_triggers.txt	189	731	Central Macedonia	Puy-de-Dome
common\scripted_triggers\BUL_scripted_triggers.txt	190	184	Thrace	Halland
common\scripted_triggers\BUL_scripted_triggers.txt	326	846	Ticino	Pirot
common\scripted_triggers\BUL_scripted_triggers.txt	329	865	Northern Saskatchewan	Vranje
common\scripted_triggers\CHI_scripted_triggers.txt	274	741	Cambodia	Charente
common\scripted_triggers\CHI_scripted_triggers.txt	275	286	Indochina	West Riding
common\scripted_triggers\CHI_scripted_triggers.txt	276	670	Laos	Indre
common\scripted_triggers\CHI_scripted_triggers.txt	277	1017	- Trung Bo	Kutahya
common\scripted_triggers\CHI_scripted_triggers.txt	278	671	Annam	Rowne
common\scripted_triggers\CHI_scripted_triggers.txt	279	1066	- Mekong Delta	Adana
common\scripted_triggers\CHI_scripted_triggers.txt	280	1067	- Battambang	Denizli
common\scripted_triggers\CHI_scripted_triggers.txt	281	1068	- Bassac	Nigde
common\scripted_triggers\CHI_scripted_triggers.txt	282	1069	- Lan Chang	Gilan
common\scripted_triggers\CHI_scripted_triggers.txt	288	617	Xinjiang	Transnistria
common\scripted_triggers\CHI_scripted_triggers.txt	289	759	Kunlun	Valcea
common\scripted_triggers\CHI_scripted_triggers.txt	290	755	Haixi	Fiume
common\scripted_triggers\CHI_scripted_triggers.txt	291	754	Golog	Lika-Gacka
common\scripted_triggers\CHI_scripted_triggers.txt	292	283	China	Monaghan
common\scripted_triggers\CHI_scripted_triggers.txt	298	325	Yunnan	Derbyshire
common\scripted_triggers\CHI_scripted_triggers.txt	299	671	Annam	Rowne
common\scripted_triggers\CHI_scripted_triggers.txt	305	601	China 1	Abauj
common\scripted_triggers\CHI_scripted_triggers.txt	306	434	Arunachal Pradesh	Wlodzimierz Wolynski
common\scripted_triggers\CHI_scripted_triggers.txt	307	747	Dali Bai	Lyon
common\scripted_triggers\CHI_scripted_triggers.txt	313	995	Pegu	Ioannina
common\scripted_triggers\CHI_scripted_triggers.txt	314	640	Mandalay	Montaigne et Gurson
common\scripted_triggers\CHI_scripted_triggers.txt	315	998	Sagaing	Kalbajar
common\scripted_triggers\CHI_scripted_triggers.txt	316	434	Arunachal Pradesh	Wlodzimierz Wolynski
common\scripted_triggers\CHI_scripted_triggers.txt	317	990	Manipur	Castelo Branco
common\scripted_triggers\CHI_scripted_triggers.txt	318	432	Assam	Limburg Voormaas
common\scripted_triggers\ETH_scripted_triggers.txt	135	271	ethiopia	North Riding
common\scripted_triggers\ETH_scripted_triggers.txt	136	835	Haraghe	Trebinje
common\scripted_triggers\ETH_scripted_triggers.txt	137	836	Bale	Rzeszow
common\scripted_triggers\ETH_scripted_triggers.txt	138	837	Sidamo	Asturias
common\scripted_triggers\ETH_scripted_triggers.txt	139	838	Illubabor	Hautes-Pyrenees
common\scripted_triggers\ETH_scripted_triggers.txt	140	839	Welega	Perugia
common\scripted_triggers\ETH_scripted_triggers.txt	141	840	Gojjam	Pyrenees-Atlantiques
common\scripted_triggers\ETH_scripted_triggers.txt	142	841	Begemder	Abkhazia
common\scripted_triggers\ETH_scripted_triggers.txt	143	842	Tigray	Montgenevre
common\scripted_triggers\ETH_scripted_triggers.txt	144	843	Wello	Ingushetia
common\scripted_triggers\FIN_scripted_triggers.txt	30	17	Alcase Lorraine	Petsamo
common\scripted_triggers\FIN_scripted_triggers.txt	31	19	Aquitaine	Murmansk
common\scripted_triggers\FIN_scripted_triggers.txt	32	39	South Tyrol	Belomorsk
common\scripted_triggers\FRA_scripted_triggers.txt	171	606	China 6	Haut-Rhin
common\scripted_triggers\FRA_scripted_triggers.txt	173	566	TS 8	Bas-Rhin
common\scripted_triggers\FRA_scripted_triggers.txt	174	547	East Africa	Moselle
common\scripted_triggers\FRA_scripted_triggers.txt	181	852	Istria	Soule
common\scripted_triggers\FRA_scripted_triggers.txt	182	840	Gojjam	Pyrenees-Atlantiques
common\scripted_triggers\FRA_scripted_triggers.txt	183	812	Tallinn	Armagnac
common\scripted_triggers\FRA_scripted_triggers.txt	184	585	Uzbekistan	Reolais et Bastide
common\scripted_triggers\FRA_scripted_triggers.txt	185	838	Illubabor	Hautes-Pyrenees
common\scripted_triggers\FRA_scripted_triggers.txt	186	828	- North Ossetia	Haute-Garonne
common\scripted_triggers\FRA_scripted_triggers.txt	187	819	Dornod	Gers
common\scripted_triggers\FRA_scripted_triggers.txt	188	855	Tabuk	Saint-Girons
common\scripted_triggers\FRA_scripted_triggers.txt	189	850	Trentino	Aude
common\scripted_triggers\FRA_scripted_triggers.txt	190	871	Esperence-Goldfields	Pyrenees-Orientales
common\scripted_triggers\FRA_scripted_triggers.txt	191	822	- Chukotka	Herault
common\scripted_triggers\FRA_scripted_triggers.txt	192	814	Suduva	Tarn
common\scripted_triggers\FRA_scripted_triggers.txt	193	809	Latgale	Tarn-et-Garonne
common\scripted_triggers\FRA_scripted_triggers.txt	194	795	Santarem	Lot-et-Garonne
common\scripted_triggers\FRA_scripted_triggers.txt	195	640	Mandalay	Montaigne et Gurson
common\scripted_triggers\FRA_scripted_triggers.txt	196	753	Gannan	Dordogne
common\scripted_triggers\FRA_scripted_triggers.txt	197	783	Sidi Ifni	Lot
common\scripted_triggers\FRA_scripted_triggers.txt	198	787	North Kashmir	Aveyron
common\scripted_triggers\FRA_scripted_triggers.txt	199	540	Angola	Charente-Vienne
common\scripted_triggers\FRA_scripted_triggers.txt	200	740	Vancouver Island	Montmorillon
common\scripted_triggers\FRA_scripted_triggers.txt	201	666	Norrnorrland	omg its the devil number
common\scripted_triggers\FRA_scripted_triggers.txt	202	670	Laos	Indre
common\scripted_triggers\FRA_scripted_triggers.txt	203	717	Chuho	Creuse
common\scripted_triggers\FRA_scripted_triggers.txt	204	751	Liangshan	Correze
common\scripted_triggers\FRA_scripted_triggers.txt	205	766	Southern Bessarabia	Cantal
common\scripted_triggers\FRA_scripted_triggers.txt	206	786	Mauritanian Desert	Lozere
common\scripted_triggers\FRA_scripted_triggers.txt	207	672	South Sumatra	Saint-Amand-Montrond
common\scripted_triggers\FRA_scripted_triggers.txt	208	699	Rio de Oro	Allier
common\scripted_triggers\FRA_scripted_triggers.txt	209	731	Central Macedonia	Puy-de-Dome
common\scripted_triggers\FRA_scripted_triggers.txt	210	807	Gdynia	Gard
common\scripted_triggers\FRA_scripted_triggers.txt	211	729	Macau	Loire
common\scripted_triggers\FRA_scripted_triggers.txt	212	728	Guangzhouwan	Rhone
common\scripted_triggers\FRA_scripted_triggers.txt	213	691	Trinidad	Macon
common\scripted_triggers\FRA_scripted_triggers.txt	214	772	Middle Congo	Ardeche
common\scripted_triggers\FRA_scripted_triggers.txt	215	824	- Yamalia	Bouches-du-Rhone
common\scripted_triggers\FRA_scripted_triggers.txt	216	808	Riga	Vaucluse
common\scripted_triggers\FRA_scripted_triggers.txt	217	773	Cameroon	Drome
common\scripted_triggers\FRA_scripted_triggers.txt	219	747	Dali Bai	Lyon
common\scripted_triggers\FRA_scripted_triggers.txt	220	715	Liaoning	Ain
common\scripted_triggers\FRA_scripted_triggers.txt	222	688	Chaco Boreal	Lons-le-Saunier
common\scripted_triggers\FRA_scripted_triggers.txt	223	749	Huangshan	Isere
common\scripted_triggers\FRA_scripted_triggers.txt	224	780	Guinea	Gap
common\scripted_triggers\FRA_scripted_triggers.txt	225	799	Hatay	Basses-Alpes
common\scripted_triggers\FRA_scripted_triggers.txt	226	829	- Volga Germany	Var
common\scripted_triggers\FRA_scripted_triggers.txt	227	825	- Nenetsia	Grasse
common\scripted_triggers\FRA_scripted_triggers.txt	232	746	Ordos	Chambery
common\scripted_triggers\FRA_scripted_triggers.txt	233	719	Natal	Annecy
common\scripted_triggers\FRA_scripted_triggers.txt	235	770	Malawi	Haute-Loire
common\scripted_triggers\FRA_scripted_triggers.txt	236	723	Southern Island	Haute-Vienne
common\scripted_triggers\FRA_scripted_triggers.txt	242	866	Districts of Ontario	Corse-du-Sud
common\scripted_triggers\FRA_scripted_triggers.txt	247	750	Changde	Mont-Blanc
common\scripted_triggers\FRA_scripted_triggers.txt	248	771	Zambia	Modane
common\scripted_triggers\FRA_scripted_triggers.txt	249	842	Tigray	Montgenevre
common\scripted_triggers\FRA_scripted_triggers.txt	250	810	Zemgale	Nice
common\scripted_triggers\FRA_scripted_triggers.txt	251	817	Gobi	Menton
common\scripted_triggers\FRA_scripted_triggers.txt	256	825	- Nenetsia	Grasse
common\scripted_triggers\FRA_scripted_triggers.txt	261	719	Natal	Annecy
common\scripted_triggers\FRA_scripted_triggers.txt	262	746	Ordos	Chambery
common\scripted_triggers\FRA_scripted_triggers.txt	268	749	Huangshan	Isere
common\scripted_triggers\FRA_scripted_triggers.txt	269	780	Guinea	Gap
common\scripted_triggers\FRA_scripted_triggers.txt	270	799	Hatay	Basses-Alpes
common\scripted_triggers\FRA_scripted_triggers.txt	271	829	- Volga Germany	Var
common\scripted_triggers\FRA_scripted_triggers.txt	277	733	Andaman	Putna
common\scripted_triggers\FRA_scripted_triggers.txt	278	780	Guinea	Gap
common\scripted_triggers\FRA_scripted_triggers.txt	279	808	Riga	Vaucluse
common\scripted_triggers\FRA_scripted_triggers.txt	280	824	- Yamalia	Bouches-du-Rhone
common\scripted_triggers\GER_scripted_triggers.txt	273	367	Alabama	Kobryn
common\scripted_triggers\GER_scripted_triggers.txt	274	1041	- Chengdu	Luboml
common\scripted_triggers\GER_scripted_triggers.txt	280	992	Province of Aden	Kowel
common\scripted_triggers\GER_scripted_triggers.txt	281	434	Arunachal Pradesh	Wlodzimierz Wolynski
common\scripted_triggers\GER_scripted_triggers.txt	283	1030	- Gyeongsang	Luck
common\scripted_triggers\GER_scripted_triggers.txt	284	459	Western Algeria	Krzemieniec
common\scripted_triggers\GER_scripted_triggers.txt	286	671	Annam	Rowne
common\scripted_triggers\GER_scripted_triggers.txt	288	420	Gilan	Sarny
common\scripted_triggers\GER_scripted_triggers.txt	297	493	La Libertad	Proskuriv
common\scripted_triggers\GER_scripted_triggers.txt	318	436	Central Provinces	Zhitomir
common\scripted_triggers\GER_scripted_triggers.txt	323	527	North Korea	Vinnytsia
common\scripted_triggers\GER_scripted_triggers.txt	335	559	Somaliland	Oleksandriia
common\scripted_triggers\GER_scripted_triggers.txt	346	614	China 13	Nikolayev
common\scripted_triggers\GER_scripted_triggers.txt	352	397	Syktyvkar	Chernigov
common\scripted_triggers\GER_scripted_triggers.txt	360	443	Sind	Borispol
common\scripted_triggers\GER_scripted_triggers.txt	361	510	Mesopotamia	Zolotonosha
common\scripted_triggers\GER_scripted_triggers.txt	362	494	Ucayali	Lubny
common\scripted_triggers\GER_scripted_triggers.txt	370	560	TS 2	Pokrovske
common\scripted_triggers\GER_scripted_triggers.txt	371	623	Luzon	Zaporozhye
common\scripted_triggers\GER_scripted_triggers.txt	378	657	Border state	Kakhovka
common\scripted_triggers\GER_scripted_triggers.txt	383	398	Perm	Shostka
common\scripted_triggers\GER_scripted_triggers.txt	392	450	Benghasi	Belgorod
common\scripted_triggers\GER_scripted_triggers.txt	396	497	Maranhao	Kharkov
common\scripted_triggers\GER_scripted_triggers.txt	402	579	Siberia 6	Mezhevaya
common\scripted_triggers\GER_scripted_triggers.txt	412	557	Mauritania	Stalino
common\scripted_triggers\GER_scripted_triggers.txt	419	518	Tasmania	Luhansk
common\scripted_triggers\GER_scripted_triggers.txt	437	259	Liski	Marijampoles
common\scripted_triggers\GER_scripted_triggers.txt	439	274	British Africa	Alytaus
common\scripted_triggers\GER_scripted_triggers.txt	441	238	volgodonsk	Sakiu
common\scripted_triggers\GER_scripted_triggers.txt	442	101	Greenland	Taurages
common\scripted_triggers\GER_scripted_triggers.txt	445	242	Smolensk	Kauno
common\scripted_triggers\GER_scripted_triggers.txt	446	275	South Africa	Traku
common\scripted_triggers\GER_scripted_triggers.txt	447	208	Pskov	Kretingos
common\scripted_triggers\GER_scripted_triggers.txt	448	205	Hrodna	Telsiu
common\scripted_triggers\GER_scripted_triggers.txt	450	206	Minsk	Siauliu
common\scripted_triggers\GER_scripted_triggers.txt	451	244	Gatchina	Ukmerges
common\scripted_triggers\GER_scripted_triggers.txt	452	207	Viciebsk	Panevezio
common\scripted_triggers\GER_scripted_triggers.txt	453	174	Leon	Liepaja
common\scripted_triggers\GER_scripted_triggers.txt	454	107	Kosavo	Mazeikiu
common\scripted_triggers\GER_scripted_triggers.txt	456	67	Oberschlesien	Kuldiga
common\scripted_triggers\GER_scripted_triggers.txt	458	91	Tarnopol	Ventspils
common\scripted_triggers\GER_scripted_triggers.txt	460	188	Memel	Tukums
common\scripted_triggers\GER_scripted_triggers.txt	461	196	Kherson	Jelgava
common\scripted_triggers\GER_scripted_triggers.txt	466	307	Venezuela	Slonim
common\scripted_triggers\GER_scripted_triggers.txt	467	231	Georgia	Lida
common\scripted_triggers\GER_scripted_triggers.txt	469	241	Pochep	Wilno
common\scripted_triggers\GER_scripted_triggers.txt	472	292	Saudi Arabia	Baranowicze
common\scripted_triggers\GER_scripted_triggers.txt	480	1000	East Azerbaijan	Oszmiana
common\scripted_triggers\GER_scripted_triggers.txt	483	232	Grozny	Dzisna
common\scripted_triggers\GER_scripted_triggers.txt	485	225	Glukhov	Utenos
common\scripted_triggers\GER_scripted_triggers.txt	486	236	Astrakhan	Swieciany
common\scripted_triggers\GER_scripted_triggers.txt	490	94	Polesie	Ilukste
common\scripted_triggers\GER_scripted_triggers.txt	493	87	Lodz	Jekabpils
common\scripted_triggers\GER_scripted_triggers.txt	498	172	Navarre	Riga
common\scripted_triggers\GER_scripted_triggers.txt	501	185	Epirus	Rezekne
common\scripted_triggers\GER_scripted_triggers.txt	502	170	Extremadura	Madona
common\scripted_triggers\GER_scripted_triggers.txt	505	112	Lisbon	Cesis
common\scripted_triggers\GER_scripted_triggers.txt	506	95	Nowogrodek	Valmiera
common\scripted_triggers\GER_scripted_triggers.txt	510	165	Catalonia	Petseri
common\scripted_triggers\GER_scripted_triggers.txt	511	173	Granada	Voru
common\scripted_triggers\GER_scripted_triggers.txt	512	166	Western Aragon	Valga
common\scripted_triggers\GER_scripted_triggers.txt	513	155	Western Hungary	Parnu
common\scripted_triggers\GER_scripted_triggers.txt	514	152	Upper Austria	Tarto
common\scripted_triggers\GER_scripted_triggers.txt	515	156	Calabria	Viljandi
common\scripted_triggers\GER_scripted_triggers.txt	516	146	Karelia	Saaremaa
common\scripted_triggers\GER_scripted_triggers.txt	517	145	Aland	Laane
common\scripted_triggers\GER_scripted_triggers.txt	518	157	Abruzzo	Hiiumaa
common\scripted_triggers\GER_scripted_triggers.txt	519	133	Strathclyde	Harju
common\scripted_triggers\GER_scripted_triggers.txt	520	143	Midt-Noreg	Jarva
common\scripted_triggers\GER_scripted_triggers.txt	521	134	Connaught	Narva
common\scripted_triggers\GER_scripted_triggers.txt	522	137	Crimea	Jaanilinn
common\scripted_triggers\GER_scripted_triggers.txt	530	4	Austria	Finnmark
common\scripted_triggers\GER_scripted_triggers.txt	532	13	Estonia	Troms
common\scripted_triggers\GER_scripted_triggers.txt	536	25	Limousin	Nordland
common\scripted_triggers\GER_scripted_triggers.txt	537	53	Oberbayern	Nord-Trondelag
common\scripted_triggers\GER_scripted_triggers.txt	538	71	East Slovakia	Sor-Trondelag
common\scripted_triggers\GER_scripted_triggers.txt	539	75	Moravia	More og Romsdal
common\scripted_triggers\GER_scripted_triggers.txt	540	78	Bessarabia	Hedmark
common\scripted_triggers\GER_scripted_triggers.txt	541	92	Lublin	Sogn og Fjordane
common\scripted_triggers\GER_scripted_triggers.txt	542	83	crisana	Oppland
common\scripted_triggers\GER_scripted_triggers.txt	543	111	Uusima	Hordaland
common\scripted_triggers\GER_scripted_triggers.txt	544	128	West Midlands	Rogaland
common\scripted_triggers\GER_scripted_triggers.txt	545	106	Macedonia	Buskerud
common\scripted_triggers\GER_scripted_triggers.txt	546	123	Cornwall	Telemark
common\scripted_triggers\GER_scripted_triggers.txt	547	132	North-west England	Aust-Agder
common\scripted_triggers\GER_scripted_triggers.txt	548	147	Salla	Vest-Agder
common\scripted_triggers\GER_scripted_triggers.txt	549	131	Northern England	Vestfold
common\scripted_triggers\GER_scripted_triggers.txt	550	118	Gibralter	Akershus
common\scripted_triggers\GER_scripted_triggers.txt	551	124	Gotland	Oslo
common\scripted_triggers\GER_scripted_triggers.txt	552	129	East Midlands	Ostfold
common\scripted_triggers\GER_scripted_triggers.txt	562	451	Derna	Zeeland
common\scripted_triggers\GER_scripted_triggers.txt	565	432	Assam	Limburg Voormaas
common\scripted_triggers\GER_scripted_triggers.txt	566	479	Tamaulipas	Oost Noord-Brabant
common\scripted_triggers\GER_scripted_triggers.txt	573	331	Newfoundland	Groningen
common\scripted_triggers\GER_scripted_triggers.txt	574	346	Konya	Drenthe
common\scripted_triggers\GER_scripted_triggers.txt	575	336	Singapore	Friesland
common\scripted_triggers\GER_scripted_triggers.txt	576	364	South Carolina	Overijssel
common\scripted_triggers\GER_scripted_triggers.txt	577	383	Kansas	Gelderland
common\scripted_triggers\GER_scripted_triggers.txt	578	399	Izhevsk	Utrecht
common\scripted_triggers\GER_scripted_triggers.txt	579	402	Akhtubinsk	Zuid-Holland
common\scripted_triggers\GER_scripted_triggers.txt	580	358	New York	Noord-Holland
common\scripted_triggers\GER_scripted_triggers.txt	588	500	Rio de Janerio	Luxembourg Belge
common\scripted_triggers\GER_scripted_triggers.txt	591	480	Coahuila	Liege
common\scripted_triggers\GER_scripted_triggers.txt	592	456	Luxor	Vlaams-Limburg
common\scripted_triggers\GER_scripted_triggers.txt	593	487	Amazinas	Namur
common\scripted_triggers\GER_scripted_triggers.txt	594	444	Baluchistan States	Antwerpen
common\scripted_triggers\GER_scripted_triggers.txt	595	470	Alberta	Vlaams-Brabant
common\scripted_triggers\GER_scripted_triggers.txt	597	422	Ceylon	Brabant wallon
common\scripted_triggers\GER_scripted_triggers.txt	598	482	Chihuahua	Hainaut
common\scripted_triggers\GER_scripted_triggers.txt	599	466	Quebec	Hainaut Francais
common\scripted_triggers\GER_scripted_triggers.txt	600	455	Jordan	Oost-Vlaanderen
common\scripted_triggers\GER_scripted_triggers.txt	601	454	Israel	West-Vlaanderen
common\scripted_triggers\GER_scripted_triggers.txt	606	472	Northwest Territories	Calais
common\scripted_triggers\GER_scripted_triggers.txt	619	968	Deep Amazonas	Abseron-Xizi
common\scripted_triggers\GER_scripted_triggers.txt	620	966	Deep Amazonas	Dagliq Sirvan
common\scripted_triggers\GER_scripted_triggers.txt	621	972	- South Sudetenland	Agcab@di
common\scripted_triggers\GER_scripted_triggers.txt	623	918	Vasterbotten	Quba-Xacmaz
common\scripted_triggers\GER_scripted_triggers.txt	624	917	Jamtland	S@ki
common\scripted_triggers\GER_scripted_triggers.txt	625	1020	- Sanin	Jabrayil
common\scripted_triggers\GER_scripted_triggers.txt	627	993	Kentung and Yawnghwe	Aghdam
common\scripted_triggers\GER_scripted_triggers.txt	628	997	Arakan	Nagorno-Karabakh
common\scripted_triggers\GER_scripted_triggers.txt	631	1019	- South Tohoku	Syunik
common\scripted_triggers\GER_scripted_triggers.txt	632	998	Sagaing	Kalbajar
common\scripted_triggers\GER_scripted_triggers.txt	633	1023	- Brunei	Nakhchivan
common\scripted_triggers\GER_scripted_triggers.txt	634	1014	- Bahrain	Vayots Dzor
common\scripted_triggers\GER_scripted_triggers.txt	637	1005	Qataghan	Ararat
common\scripted_triggers\GER_scripted_triggers.txt	638	977	- Antwerp	Gegharkunik
common\scripted_triggers\GER_scripted_triggers.txt	639	978	- Actual Baden	Kotayk
common\scripted_triggers\GER_scripted_triggers.txt	641	976	- Steiermark Karnten	Armavir
common\scripted_triggers\GER_scripted_triggers.txt	645	961	Deep Amazonas	Tavush
common\scripted_triggers\GER_scripted_triggers.txt	646	946	- Paysandu	Lori
common\scripted_triggers\GER_scripted_triggers.txt	649	936	- Pernambuco	Qazax
common\scripted_triggers\GER_scripted_triggers.txt	653	889	Elisabethville	Zaqatala
common\scripted_triggers\GER_scripted_triggers.txt	661	879	Kargopol	Kakheti
common\scripted_triggers\GER_scripted_triggers.txt	662	919	Varmland	Kvemo Kartli
common\scripted_triggers\GER_scripted_triggers.txt	664	914	JanMayen	Samtskhe
common\scripted_triggers\GER_scripted_triggers.txt	665	916	Dalarna	Adjara
common\scripted_triggers\GER_scripted_triggers.txt	667	899	Kayes-Koulikoro	Shida Kartli
common\scripted_triggers\GER_scripted_triggers.txt	668	890	Costermansville	Imereti
common\scripted_triggers\GER_scripted_triggers.txt	669	856	Asir-Makkah	Samegrelo
common\scripted_triggers\GER_scripted_triggers.txt	670	869	Lanna	Racha-Lechkhumi
common\scripted_triggers\GER_scripted_triggers.txt	673	886	Blue Nile	Mtskheta-Mtianeti
common\scripted_triggers\GER_scripted_triggers.txt	674	784	Ermland-Masuren	Avar
common\scripted_triggers\GER_scripted_triggers.txt	677	1028	- Hamgyong	Dagestan
common\scripted_triggers\GER_scripted_triggers.txt	680	843	Wello	Ingushetia
common\scripted_triggers\GER_scripted_triggers.txt	681	832	- Dashhowuz	North Ossetia
common\scripted_triggers\GER_scripted_triggers.txt	683	821	- Chenchnya-Ingushetia	Chechen
common\scripted_triggers\GER_scripted_triggers.txt	688	841	Begemder	Abkhazia
common\scripted_triggers\GER_scripted_triggers.txt	690	763	Konigsberg	Nogay
common\scripted_triggers\GER_scripted_triggers.txt	703	826	- Abkhazia	Kabardino-Balkar
common\scripted_triggers\GER_scripted_triggers.txt	707	732	Pamir	Stavropol
common\scripted_triggers\GER_scripted_triggers.txt	709	806	French Basque Country	Karachay-Cherkess
common\scripted_triggers\GER_scripted_triggers.txt	719	778	Upper Volta	Adygea
common\scripted_triggers\GER_scripted_triggers.txt	731	696	Bermuda	Krasnodar
common\scripted_triggers\GER_scripted_triggers.txt	737	997	Arakan	Nagorno-Karabakh
common\scripted_triggers\GER_scripted_triggers.txt	746	1006	Khyber Pass	Ahal
common\scripted_triggers\GER_scripted_triggers.txt	747	895	Kavango	Balkan
common\scripted_triggers\GER_scripted_triggers.txt	751	891	Zambesi	Dasoguz
common\scripted_triggers\GER_scripted_triggers.txt	753	761	Hulunbuir	Karakalpakstan
common\scripted_triggers\GER_scripted_triggers.txt	754	716	Liaotung	Mangystau
common\scripted_triggers\GER_scripted_triggers.txt	759	464	Nova Scotia	Aqtobe
common\scripted_triggers\GER_scripted_triggers.txt	762	561	TS 3	Atyrau
common\scripted_triggers\GER_scripted_triggers.txt	772	216	Below Zero	Frederiksborg
common\scripted_triggers\GER_scripted_triggers.txt	773	215	Eastern Karelia	Gorodok
common\scripted_triggers\GER_scripted_triggers.txt	774	213	Murmansk	Dunbarton
common\scripted_triggers\GER_scripted_triggers.txt	781	146	Karelia	Saaremaa
common\scripted_triggers\GER_scripted_triggers.txt	782	147	Salla	Vest-Agder
common\scripted_triggers\GER_scripted_triggers.txt	783	722	Petsamo	Baranya
common\scripted_triggers\GER_scripted_triggers.txt	794	565	TS 7	Tomashpol
common\scripted_triggers\GER_scripted_triggers.txt	801	617	Xinjiang	Transnistria
common\scripted_triggers\GER_scripted_triggers.txt	804	618	China 15	Ochakov
common\scripted_triggers\GER_scripted_triggers.txt	805	613	China 12	Berezovka
common\scripted_triggers\GER_scripted_triggers.txt	814	766	Southern Bessarabia	Cantal
common\scripted_triggers\GER_scripted_triggers.txt	815	78	Bessarabia	Hedmark
common\scripted_triggers\GER_scripted_triggers.txt	822	9	Czechoslovakia	Ontario
common\scripted_triggers\GER_scripted_triggers.txt	823	75	Moravia	More og Romsdal
common\scripted_triggers\GER_scripted_triggers.txt	831	407	Uralsk	Sochaczew
common\scripted_triggers\GER_scripted_triggers.txt	834	421	Kurdistan	Radomsko
common\scripted_triggers\GER_scripted_triggers.txt	835	370	Mississippi	Grojec
common\scripted_triggers\GER_scripted_triggers.txt	836	508	Argentine Northwest	Warszawa
common\scripted_triggers\GER_scripted_triggers.txt	839	982	- Madras States	Sokolka
common\scripted_triggers\GER_scripted_triggers.txt	843	1080	- Marlborough	Miechow
common\scripted_triggers\GER_scripted_triggers.txt	844	429	Bombay	Jedrzejow
common\scripted_triggers\GER_scripted_triggers.txt	845	867	Northern Manitoba	Kielce
common\scripted_triggers\GER_scripted_triggers.txt	846	827	- Kabardino-Balkaria	Radom
common\scripted_triggers\GER_scripted_triggers.txt	847	1070	- Bougainville	Garwolin
common\scripted_triggers\GER_scripted_triggers.txt	849	377	Arizona	Lublin
common\scripted_triggers\GER_scripted_triggers.txt	850	1002	Yazd	Chelm
common\scripted_triggers\GER_scripted_triggers.txt	851	902	Sokoto	Opatow
common\scripted_triggers\GER_scripted_triggers.txt	854	496	Para	Tarnow
common\scripted_triggers\GER_scripted_triggers.txt	855	484	Baja California	Nisko
common\scripted_triggers\GER_scripted_triggers.txt	856	46	Romania	Krasnystaw
common\scripted_triggers\GER_scripted_triggers.txt	857	836	Bale	Rzeszow
common\scripted_triggers\GER_scripted_triggers.txt	859	491	Loreto	Zamosc
common\scripted_triggers\GER_scripted_triggers.txt	861	923	Helgeland	Sanok
common\scripted_triggers\GER_scripted_triggers.txt	862	351	Vologda	Ostrow Mazowiecka
common\scripted_triggers\GER_scripted_triggers.txt	872	490	Pastaza	Drohobycz
common\scripted_triggers\GER_scripted_triggers.txt	881	502	Rio Grande Sul	Czortkow
common\scripted_triggers\GER_scripted_triggers.txt	883	542	Bechuana Land	Nadworna
common\scripted_triggers\GER_scripted_triggers.txt	887	501	Saol Paulo	Lubaczow
common\scripted_triggers\GER_scripted_triggers.txt	896	892	South West Angola	Girona
common\scripted_triggers\GER_scripted_triggers.txt	897	896	Manica e Sofala	Barcelona
common\scripted_triggers\GER_scripted_triggers.txt	898	875	Chukchi Peninsulay	Lleida
common\scripted_triggers\GER_scripted_triggers.txt	899	927	Hame	Tarragona
common\scripted_triggers\GER_scripted_triggers.txt	901	870	Pilbara-Kimberley	Huesca
common\scripted_triggers\GER_scripted_triggers.txt	902	854	Jawf	Navarra
common\scripted_triggers\GER_scripted_triggers.txt	903	880	Kotlas	Zaragoza
common\scripted_triggers\GER_scripted_triggers.txt	904	851	Var	Guipuzcoa
common\scripted_triggers\GER_scripted_triggers.txt	905	860	Cote-Nord	Alava
common\scripted_triggers\GER_scripted_triggers.txt	906	849	Puglia	Vizcaya
common\scripted_triggers\GER_scripted_triggers.txt	907	848	Voralberg	Cantabria
common\scripted_triggers\GER_scripted_triggers.txt	908	974	- South Transdanubia	Castellon
common\scripted_triggers\GER_scripted_triggers.txt	909	939	- Amapa	Teruel
common\scripted_triggers\GER_scripted_triggers.txt	911	859	Dammam	Burgos
common\scripted_triggers\GER_scripted_triggers.txt	912	883	Kassala	La Rioja
common\scripted_triggers\GER_scripted_triggers.txt	913	901	Borno	Soria
common\scripted_triggers\GER_scripted_triggers.txt	914	940	- Acre	Guadalajara
common\scripted_triggers\GER_scripted_triggers.txt	915	864	Yukon	Palencia
common\scripted_triggers\GER_scripted_triggers.txt	916	897	Zambezia-Mocambique	Valladolid
common\scripted_triggers\GER_scripted_triggers.txt	917	926	Turku	Segovia
common\scripted_triggers\GER_scripted_triggers.txt	918	857	Ha'il	Leon
common\scripted_triggers\GER_scripted_triggers.txt	919	837	Sidamo	Asturias
common\scripted_triggers\GER_scripted_triggers.txt	920	833	- Mari El	Lugo
common\scripted_triggers\GER_scripted_triggers.txt	921	830	- Bukhara	La Coruna
common\scripted_triggers\GER_scripted_triggers.txt	922	874	Magadan	Pontevedra
common\scripted_triggers\GER_scripted_triggers.txt	923	887	South Darfur	Orense
common\scripted_triggers\GER_scripted_triggers.txt	924	903	Garissa	Viana do Castelo
common\scripted_triggers\GER_scripted_triggers.txt	925	898	Gao	Zamora
common\scripted_triggers\GER_scripted_triggers.txt	926	1007	Maymanah	Valencia
common\scripted_triggers\GER_scripted_triggers.txt	927	980	- Ardennes	Cuenca
common\scripted_triggers\GER_scripted_triggers.txt	928	951	- Arica	Madrid
common\scripted_triggers\GER_scripted_triggers.txt	929	922	Agder	Braga
common\scripted_triggers\GER_scripted_triggers.txt	930	915	Bohuslan	Vila Real
common\scripted_triggers\GER_scripted_triggers.txt	931	911	Fyn	Braganca
common\scripted_triggers\GER_scripted_triggers.txt	932	935	- Ceara	Porto
common\scripted_triggers\GER_scripted_triggers.txt	933	950	- Araucania	Avila
common\scripted_triggers\GER_scripted_triggers.txt	934	943	- Espirito Santo	Salamanca
common\scripted_triggers\GER_scripted_triggers.txt	935	954	- Santa Cruz	Guarda
common\scripted_triggers\GER_scripted_triggers.txt	936	947	- Tacna	Viseu
common\scripted_triggers\GER_scripted_triggers.txt	937	962	Deep Amazonas	Aveiro
common\scripted_triggers\GER_scripted_triggers.txt	938	1056	Manado	Alicante
common\scripted_triggers\GER_scripted_triggers.txt	939	1037	- Chongqing	Albacete
common\scripted_triggers\GER_scripted_triggers.txt	940	999	Federated Shan States	Toledo
common\scripted_triggers\GER_scripted_triggers.txt	941	987	- Waziristan	Caceres
common\scripted_triggers\GER_scripted_triggers.txt	942	990	Manipur	Castelo Branco
common\scripted_triggers\GER_scripted_triggers.txt	943	985	- Sikkim	Coimbra
common\scripted_triggers\GER_scripted_triggers.txt	944	1010	Al Anbar	Leiria
common\scripted_triggers\GER_scripted_triggers.txt	945	1021	- Actual Singapore	Santarem
common\scripted_triggers\GER_scripted_triggers.txt	946	1042	- Khotan	Lisboa
common\scripted_triggers\GER_scripted_triggers.txt	947	1026	- North Mindanao	Portalegre
common\scripted_triggers\GER_scripted_triggers.txt	948	1057	Dutch Southern New Guinea	Murcia
common\scripted_triggers\GER_scripted_triggers.txt	949	1029	- Gangwon	Ciudad Real
common\scripted_triggers\GER_scripted_triggers.txt	950	1035	- Nanjing	Badajoz
common\scripted_triggers\GER_scripted_triggers.txt	952	1053	East Nusa Tenggara	Evora
common\scripted_triggers\GER_scripted_triggers.txt	953	847	Western Swiss Alps	Setubal
common\scripted_triggers\GER_scripted_triggers.txt	954	1058	Batavia	Cordoba
common\scripted_triggers\GER_scripted_triggers.txt	955	1063	- Pahang	Jaen
common\scripted_triggers\GER_scripted_triggers.txt	956	1072	- American Samoa	Beja
common\scripted_triggers\GER_scripted_triggers.txt	958	1078	- Eastern Siam	Huelva
common\scripted_triggers\GER_scripted_triggers.txt	959	1079	Auckland	Sevilla
common\scripted_triggers\GER_scripted_triggers.txt	964	882	Pavlodar	Gibraltar
common\scripted_triggers\GER_scripted_triggers.txt	972	73	Carpathian Ruthenia	Etela-Pohjanmaa
common\scripted_triggers\GER_scripted_triggers.txt	973	664	Southern Slovakia	Oradea
common\scripted_triggers\GER_scripted_triggers.txt	974	71	East Slovakia	Sor-Trondelag
common\scripted_triggers\GER_scripted_triggers.txt	975	70	Slovakia	Soro
common\scripted_triggers\GER_scripted_triggers.txt	982	458	Tunisia	Cornwall
common\scripted_triggers\GER_scripted_triggers.txt	985	445	Quetta	Somerset
common\scripted_triggers\GER_scripted_triggers.txt	986	468	Nunavut	Dorset
common\scripted_triggers\GER_scripted_triggers.txt	988	453	Sinai	Hampshire
common\scripted_triggers\GER_scripted_triggers.txt	989	462	Southern Morocco	Sussex
common\scripted_triggers\GER_scripted_triggers.txt	990	446	Cairo	Kent
common\scripted_triggers\GER_scripted_triggers.txt	991	447	Alexandria	Surrey
common\scripted_triggers\GER_scripted_triggers.txt	992	437	Central Indian Provinces	Wiltshire
common\scripted_triggers\GER_scripted_triggers.txt	993	410	Sistan	Gloucestershire
common\scripted_triggers\GER_scripted_triggers.txt	994	428	Western Indian States	Berkshire
common\scripted_triggers\GER_scripted_triggers.txt	998	435	Bihar	Brent
common\scripted_triggers\GER_scripted_triggers.txt	1000	408	Vladivostok	Oxfordshire
common\scripted_triggers\GER_scripted_triggers.txt	1001	405	Atyrau	Buckinghamshire
common\scripted_triggers\GER_scripted_triggers.txt	1002	416	Razavi Khorasan	Hertfordshire
common\scripted_triggers\GER_scripted_triggers.txt	1003	413	Khuzestan	Essex
common\scripted_triggers\GER_scripted_triggers.txt	1004	403	Kharabali	Bedfordshire
common\scripted_triggers\GER_scripted_triggers.txt	1005	386	Washington	Suffolk
common\scripted_triggers\GER_scripted_triggers.txt	1006	356	Sinop	Norfolk
common\scripted_triggers\GER_scripted_triggers.txt	1007	372	Arkansas	Cambridgeshire
common\scripted_triggers\GER_scripted_triggers.txt	1008	379	Nevada	Huntingdonshire
common\scripted_triggers\GER_scripted_triggers.txt	1009	369	Kentucky	Northamptonshire
common\scripted_triggers\GER_scripted_triggers.txt	1010	419	Azerbaijan	Monmouthshire
common\scripted_triggers\GER_scripted_triggers.txt	1011	426	Orissa	Glamorganshire
common\scripted_triggers\GER_scripted_triggers.txt	1012	409	Khabarovsk	Pembrokeshire
common\scripted_triggers\GER_scripted_triggers.txt	1013	406	Krasnyy Yar	Carmarthenshire
common\scripted_triggers\GER_scripted_triggers.txt	1014	401	Engels	Brecknockshire
common\scripted_triggers\GER_scripted_triggers.txt	1015	396	Indiana	Herefordshire
common\scripted_triggers\GER_scripted_triggers.txt	1016	390	South Dakota	Worcestershire
common\scripted_triggers\GER_scripted_triggers.txt	1017	374	Oklahoma	Warkwickshire
common\scripted_triggers\GER_scripted_triggers.txt	1018	380	Utah	Cardiganshire
common\scripted_triggers\GER_scripted_triggers.txt	1019	389	North Dakota	Radnorshire
common\scripted_triggers\GER_scripted_triggers.txt	1020	357	New England	Leicestershire
common\scripted_triggers\GER_scripted_triggers.txt	1021	375	Texas	Rutland
common\scripted_triggers\GER_scripted_triggers.txt	1022	313	Guatemala	Lincolnshire
common\scripted_triggers\GER_scripted_triggers.txt	1023	328	Manchukuo	Nottinghamshire
common\scripted_triggers\GER_scripted_triggers.txt	1024	344	Adana	Staffordshire
common\scripted_triggers\GER_scripted_triggers.txt	1025	355	Samsun	Shropshire
common\scripted_triggers\GER_scripted_triggers.txt	1026	362	Virginia	Montgomeryshire
common\scripted_triggers\GER_scripted_triggers.txt	1027	354	Trabzon	Merionethshire
common\scripted_triggers\GER_scripted_triggers.txt	1028	334	Kalimantan Barat	Caernarvonshire
common\scripted_triggers\GER_scripted_triggers.txt	1029	341	Edirne	Anglesey
common\scripted_triggers\GER_scripted_triggers.txt	1030	342	Antalya	Denbighshire
common\scripted_triggers\GER_scripted_triggers.txt	1031	338	Gloucestershire	Flintshire
common\scripted_triggers\GER_scripted_triggers.txt	1032	325	Yunnan	Derbyshire
common\scripted_triggers\GER_scripted_triggers.txt	1033	324	Bhutan	Cheshire
common\scripted_triggers\GER_scripted_triggers.txt	1034	293	Yemen	Lancashire
common\scripted_triggers\GER_scripted_triggers.txt	1035	286	Indochina	West Riding
common\scripted_triggers\GER_scripted_triggers.txt	1036	290	Spanish Africa	East Riding
common\scripted_triggers\GER_scripted_triggers.txt	1037	271	ethiopia	North Riding
common\scripted_triggers\GER_scripted_triggers.txt	1038	269	British Somaliland	Westmorland
common\scripted_triggers\GER_scripted_triggers.txt	1039	256	Cheboksary	Cumberland
common\scripted_triggers\GER_scripted_triggers.txt	1040	258	lipetsk	Durham
common\scripted_triggers\GER_scripted_triggers.txt	1041	234	Krasodar	Northumberland
common\scripted_triggers\GER_scripted_triggers.txt	1042	237	Elista	Roxburgh
common\scripted_triggers\GER_scripted_triggers.txt	1043	224	Bryansk	Berwick
common\scripted_triggers\GER_scripted_triggers.txt	1044	217	Stalingrad Area	East Lothian
common\scripted_triggers\GER_scripted_triggers.txt	1045	221	Kharkov	Midlothian
common\scripted_triggers\GER_scripted_triggers.txt	1046	245	Donetsk	Dumfries
common\scripted_triggers\GER_scripted_triggers.txt	1047	239	Saratov	Selkirk
common\scripted_triggers\GER_scripted_triggers.txt	1048	233	Caucasus Mountains	Peebles
common\scripted_triggers\GER_scripted_triggers.txt	1049	249	Kazan	Kirkcud
common\scripted_triggers\GER_scripted_triggers.txt	1050	257	Livny	Wigtown
common\scripted_triggers\GER_scripted_triggers.txt	1051	230	Armenia	Ayr
common\scripted_triggers\GER_scripted_triggers.txt	1052	219	Moscow Area	Lanmark
common\scripted_triggers\GER_scripted_triggers.txt	1053	220	Kursk Area	West Lothian
common\scripted_triggers\GER_scripted_triggers.txt	1054	222	Orel	Renfrew
common\scripted_triggers\GER_scripted_triggers.txt	1055	126	Greater London Area	Glasgow
common\scripted_triggers\GER_scripted_triggers.txt	1056	213	Murmansk	Dunbarton
common\scripted_triggers\GER_scripted_triggers.txt	1057	210	Bryansk	Stirling
common\scripted_triggers\GER_scripted_triggers.txt	1058	192	Odessa	Bute
common\scripted_triggers\GER_scripted_triggers.txt	1059	199	Khmelnytskyi	Arcyll
common\scripted_triggers\GER_scripted_triggers.txt	1061	214	Arkhangelsk	Clackmannan
common\scripted_triggers\GER_scripted_triggers.txt	1062	211	Burgas	Kinross
common\scripted_triggers\GER_scripted_triggers.txt	1063	204	Brest	Fife
common\scripted_triggers\GER_scripted_triggers.txt	1064	194	Pinsk Marches	Perth
common\scripted_triggers\GER_scripted_triggers.txt	1065	193	Kiev	Angus
common\scripted_triggers\GER_scripted_triggers.txt	1066	191	Tartu	Kincardine
common\scripted_triggers\GER_scripted_triggers.txt	1067	180	Porto	Aberdeen
common\scripted_triggers\GER_scripted_triggers.txt	1068	179	Beja	Banff
common\scripted_triggers\GER_scripted_triggers.txt	1069	176	Burgos	Moray
common\scripted_triggers\GER_scripted_triggers.txt	1070	182	Crete	Nairn
common\scripted_triggers\GER_scripted_triggers.txt	1071	183	Cyprus	Inverness
common\scripted_triggers\GER_scripted_triggers.txt	1073	169	Sevilla	Ross and Cromarty
common\scripted_triggers\GER_scripted_triggers.txt	1074	161	Emilia Romagna	Sutherland
common\scripted_triggers\GER_scripted_triggers.txt	1075	158	Piedmont	Caithness
common\scripted_triggers\GER_scripted_triggers.txt	1076	187	Aegean Islands	Orkney
common\scripted_triggers\GER_scripted_triggers.txt	1083	248	Yaroslavl	Donegal
common\scripted_triggers\GER_scripted_triggers.txt	1084	253	Ivanovo	Antrim
common\scripted_triggers\GER_scripted_triggers.txt	1085	254	Ryazan	Londonder
common\scripted_triggers\GER_scripted_triggers.txt	1086	262	Torzhok	Tyrone
common\scripted_triggers\GER_scripted_triggers.txt	1087	268	French Somaliland	Down
common\scripted_triggers\GER_scripted_triggers.txt	1088	272	French Africa	Fermanagh
common\scripted_triggers\GER_scripted_triggers.txt	1089	276	Canada	Armagh
common\scripted_triggers\GER_scripted_triggers.txt	1090	279	Chile	Sligo
common\scripted_triggers\GER_scripted_triggers.txt	1091	283	China	Monaghan
common\scripted_triggers\GER_scripted_triggers.txt	1092	288	Magwe	Mayo
common\scripted_triggers\GER_scripted_triggers.txt	1093	291	Iraq	Cavan
common\scripted_triggers\GER_scripted_triggers.txt	1094	296	Portugal Africa	Roscommon
common\scripted_triggers\GER_scripted_triggers.txt	1095	297	Belgian Africa	Louth
common\scripted_triggers\GER_scripted_triggers.txt	1096	302	bolivia	Longford
common\scripted_triggers\GER_scripted_triggers.txt	1097	304	Panama	Meath
common\scripted_triggers\GER_scripted_triggers.txt	1098	308	Britain SA	Westmeath
common\scripted_triggers\GER_scripted_triggers.txt	1099	317	Nicaragua	Galway
common\scripted_triggers\GER_scripted_triggers.txt	1100	321	Goa	Leitrim
common\scripted_triggers\GER_scripted_triggers.txt	1101	320	French India	Dublin
common\scripted_triggers\GER_scripted_triggers.txt	1102	333	British Borneo	Offaly
common\scripted_triggers\GER_scripted_triggers.txt	1103	337	Faroe Islands	Kildare
common\scripted_triggers\GER_scripted_triggers.txt	1104	343	Afyon	Wicklow
common\scripted_triggers\GER_scripted_triggers.txt	1105	345	Mersin	Laoighis
common\scripted_triggers\GER_scripted_triggers.txt	1106	348	Kayseri	Tipperary
common\scripted_triggers\GER_scripted_triggers.txt	1107	349	Silvas	Clare
common\scripted_triggers\GER_scripted_triggers.txt	1108	360	Pennsylvania	Carlow
common\scripted_triggers\GER_scripted_triggers.txt	1109	361	Maryland	Kilkenny
common\scripted_triggers\GER_scripted_triggers.txt	1110	368	Tennesse	Wexford
common\scripted_triggers\GER_scripted_triggers.txt	1111	371	Louisiana	Limerick
common\scripted_triggers\GER_scripted_triggers.txt	1112	378	California	Kerry
common\scripted_triggers\GER_scripted_triggers.txt	1113	394	Wisconsin	Cork
common\scripted_triggers\GER_scripted_triggers.txt	1114	395	Illinois	Waterford
common\scripted_triggers\GER_scripted_triggers.txt	1121	458	Tunisia	Cornwall
common\scripted_triggers\GER_scripted_triggers.txt	1122	665	Gabes	Cluj
common\scripted_triggers\GER_scripted_triggers.txt	1123	460	Eastern Algeria	Aachen
common\scripted_triggers\GER_scripted_triggers.txt	1124	513	Southern Algeria	Praha
common\scripted_triggers\GER_scripted_triggers.txt	1125	459	Western Algeria	Krzemieniec
common\scripted_triggers\GER_scripted_triggers.txt	1126	461	Northern Morocco	Rosenberg
common\scripted_triggers\GER_scripted_triggers.txt	1127	462	Southern Morocco	Sussex
common\scripted_triggers\GER_scripted_triggers.txt	1128	290	Spanish Africa	East Riding
common\scripted_triggers\GER_scripted_triggers.txt	1129	783	Sidi Ifni	Lot
common\scripted_triggers\GER_scripted_triggers.txt	1130	699	Rio de Oro	Allier
common\scripted_triggers\GER_scripted_triggers.txt	1131	557	Mauritania	Stalino
common\scripted_triggers\GER_scripted_triggers.txt	1132	448	Tripoli	Abbeville
common\scripted_triggers\GER_scripted_triggers.txt	1133	661	Tripolitania	Bern
common\scripted_triggers\GER_scripted_triggers.txt	1134	449	Libyan Coast	Meissen
common\scripted_triggers\GER_scripted_triggers.txt	1135	662	Sirte	Berettyoujfalu
common\scripted_triggers\GER_scripted_triggers.txt	1136	450	Benghasi	Belgorod
common\scripted_triggers\GER_scripted_triggers.txt	1137	663	Cyrenaica	Vas
common\scripted_triggers\GER_scripted_triggers.txt	1138	451	Derna	Zeeland
common\scripted_triggers\GER_scripted_triggers.txt	1139	452	Marsa Matruh	Val-de-Marne
common\scripted_triggers\GER_scripted_triggers.txt	1140	447	Alexandria	Surrey
common\scripted_triggers\GER_scripted_triggers.txt	1141	907	Cairo	Sinop
common\scripted_triggers\GER_scripted_triggers.txt	1142	456	Luxor	Vlaams-Limburg
common\scripted_triggers\GER_scripted_triggers.txt	1143	457	Aswan	Volgograd
common\scripted_triggers\GER_scripted_triggers.txt	1144	883	Kassala	La Rioja
common\scripted_triggers\GER_scripted_triggers.txt	1145	551	Khartoum	Calvados
common\scripted_triggers\GER_scripted_triggers.txt	1146	886	Blue Nile	Mtskheta-Mtianeti
common\scripted_triggers\GER_scripted_triggers.txt	1147	549	Sudan	Bydgoszcz
common\scripted_triggers\GER_scripted_triggers.txt	1148	887	South Darfur	Orense
common\scripted_triggers\GER_scripted_triggers.txt	1149	774	Chad	Gorj
common\scripted_triggers\GER_scripted_triggers.txt	1150	272	French Africa	Fermanagh
common\scripted_triggers\GER_scripted_triggers.txt	1151	701	Gambia	Val d'Oise
common\scripted_triggers\GER_scripted_triggers.txt	1152	899	Kayes-Koulikoro	Shida Kartli
common\scripted_triggers\GER_scripted_triggers.txt	1153	898	Gao	Zamora
common\scripted_triggers\GER_scripted_triggers.txt	1154	781	Niger	Mehedinti
common\scripted_triggers\GER_scripted_triggers.txt	1156	786	Mauritanian Desert	Lozere
common\scripted_triggers\GER_scripted_triggers.txt	1157	514	North Africa	Pardubice
common\scripted_triggers\GER_scripted_triggers.txt	1158	273	Italian Africa	Kolberg
common\scripted_triggers\GER_scripted_triggers.txt	1159	552	Western Egypt	Marne
common\scripted_triggers\GER_scripted_triggers.txt	1160	767	North Darfur	Tulcea
common\scripted_triggers\GER_scripted_triggers.txt	1161	782	Tombouctou	Foca
common\scripted_triggers\GER_scripted_triggers.txt	1162	775	B.E.T.	Stara Pazova
common\scripted_triggers\GER_scripted_triggers.txt	1163	515	Central Africa	Sedan
common\scripted_triggers\GER_scripted_triggers.txt	1170	296	Portugal Africa	Roscommon
common\scripted_triggers\GER_scripted_triggers.txt	1171	780	Guinea	Gap
common\scripted_triggers\GER_scripted_triggers.txt	1172	700	Sierra Leone	Szeged
common\scripted_triggers\GER_scripted_triggers.txt	1173	298	Liberia	Kletnya
common\scripted_triggers\GER_scripted_triggers.txt	1174	779	Ivory Coast	Bologna
common\scripted_triggers\GER_scripted_triggers.txt	1175	556	Mali	Karlsruhe
common\scripted_triggers\GER_scripted_triggers.txt	1176	778	Upper Volta	Adygea
common\scripted_triggers\GER_scripted_triggers.txt	1177	274	British Africa	Alytaus
common\scripted_triggers\GER_scripted_triggers.txt	1178	777	Togo	Bihac
common\scripted_triggers\GER_scripted_triggers.txt	1179	776	Dahomey	Usora
common\scripted_triggers\GER_scripted_triggers.txt	1180	558	Nigeria	Yvelines
common\scripted_triggers\GER_scripted_triggers.txt	1181	902	Sokoto	Opatow
common\scripted_triggers\GER_scripted_triggers.txt	1182	901	Borno	Soria
common\scripted_triggers\GER_scripted_triggers.txt	1183	900	Benue	Bansko
common\scripted_triggers\GER_scripted_triggers.txt	1184	773	Cameroon	Drome
common\scripted_triggers\GER_scripted_triggers.txt	1185	660	Equatorial Africa	Jura
common\scripted_triggers\GER_scripted_triggers.txt	1186	885	Bahr al Ghazal	Korce
common\scripted_triggers\GER_scripted_triggers.txt	1187	884	Upper Nile	Kotor
common\scripted_triggers\GER_scripted_triggers.txt	1188	548	Uganda	Eure
common\scripted_triggers\GER_scripted_triggers.txt	1189	904	Nyanza-Rift Valley	Tetovo
common\scripted_triggers\GER_scripted_triggers.txt	1190	547	East Africa	Moselle
common\scripted_triggers\GER_scripted_triggers.txt	1191	905	Mombasa	Blagoevgrad
common\scripted_triggers\GER_scripted_triggers.txt	1192	903	Garissa	Viana do Castelo
common\scripted_triggers\GER_scripted_triggers.txt	1193	844	jubaland	Sjenica
common\scripted_triggers\GER_scripted_triggers.txt	1194	559	Somaliland	Oleksandriia
common\scripted_triggers\GER_scripted_triggers.txt	1195	269	British Somaliland	Westmorland
common\scripted_triggers\GER_scripted_triggers.txt	1196	268	French Somaliland	Down
common\scripted_triggers\GER_scripted_triggers.txt	1197	550	Eritrea	Saris-Zemplin
common\scripted_triggers\GER_scripted_triggers.txt	1198	908	Afar	Campobasso
common\scripted_triggers\GER_scripted_triggers.txt	1199	842	Tigray	Montgenevre
common\scripted_triggers\GER_scripted_triggers.txt	1200	843	Wello	Ingushetia
common\scripted_triggers\GER_scripted_triggers.txt	1201	841	Begemder	Abkhazia
common\scripted_triggers\GER_scripted_triggers.txt	1202	840	Gojjam	Pyrenees-Atlantiques
common\scripted_triggers\GER_scripted_triggers.txt	1203	835	Haraghe	Trebinje
common\scripted_triggers\GER_scripted_triggers.txt	1204	836	Bale	Rzeszow
common\scripted_triggers\GER_scripted_triggers.txt	1205	839	Welega	Perugia
common\scripted_triggers\GER_scripted_triggers.txt	1206	271	ethiopia	North Riding
common\scripted_triggers\GER_scripted_triggers.txt	1207	838	Illubabor	Hautes-Pyrenees
common\scripted_triggers\GER_scripted_triggers.txt	1208	837	Sidamo	Asturias
common\scripted_triggers\GER_scripted_triggers.txt	1209	546	Tanganyika	Tuchola
common\scripted_triggers\GER_scripted_triggers.txt	1210	297	Belgian Africa	Louth
common\scripted_triggers\GER_scripted_triggers.txt	1211	539	Gabon	Budejovice
common\scripted_triggers\GER_scripted_triggers.txt	1212	772	Middle Congo	Ardeche
common\scripted_triggers\GER_scripted_triggers.txt	1213	796	North Angola	Nis
common\scripted_triggers\GER_scripted_triggers.txt	1214	768	Rwanda	Dambovita
common\scripted_triggers\GER_scripted_triggers.txt	1215	769	Burundi	Kerch
common\scripted_triggers\GER_scripted_triggers.txt	1216	718	Stanleyville	Torino
common\scripted_triggers\GER_scripted_triggers.txt	1217	538	Cameroun	Verdun
common\scripted_triggers\GER_scripted_triggers.txt	1218	890	Costermansville	Imereti
common\scripted_triggers\GER_scripted_triggers.txt	1219	295	Congo	Naugard
common\scripted_triggers\GER_scripted_triggers.txt	1220	888	Lusambo	Kacanik
common\scripted_triggers\GER_scripted_triggers.txt	1221	889	Elisabethville	Zaqatala
common\scripted_triggers\GER_scripted_triggers.txt	1222	771	Zambia	Modane
common\scripted_triggers\GER_scripted_triggers.txt	1223	770	Malawi	Haute-Loire
common\scripted_triggers\GER_scripted_triggers.txt	1224	981	- Barotseland	Inegol
common\scripted_triggers\GER_scripted_triggers.txt	1225	540	Angola	Charente-Vienne
common\scripted_triggers\GER_scripted_triggers.txt	1226	891	Zambesi	Dasoguz
common\scripted_triggers\GER_scripted_triggers.txt	1227	892	South West Angola	Girona
common\scripted_triggers\GER_scripted_triggers.txt	1228	897	Zambezia-Mocambique	Valladolid
common\scripted_triggers\GER_scripted_triggers.txt	1229	896	Manica e Sofala	Barcelona
common\scripted_triggers\GER_scripted_triggers.txt	1230	544	East Africa	Briey
common\scripted_triggers\GER_scripted_triggers.txt	1231	545	Rhodessa	Heidenheim
common\scripted_triggers\GER_scripted_triggers.txt	1232	542	Bechuana Land	Nadworna
common\scripted_triggers\GER_scripted_triggers.txt	1233	895	Kavango	Balkan
common\scripted_triggers\GER_scripted_triggers.txt	1234	894	Kuneme	Veles
common\scripted_triggers\GER_scripted_triggers.txt	1235	541	South West Africa	Tatra
common\scripted_triggers\GER_scripted_triggers.txt	1236	893	Karas	Ceuta
common\scripted_triggers\GER_scripted_triggers.txt	1243	275	South Africa	Traku
common\scripted_triggers\GER_scripted_triggers.txt	1244	719	Natal	Annecy
common\scripted_triggers\GER_scripted_triggers.txt	1245	681	Soviet Lakes	Klagenfurt
common\scripted_triggers\GER_scripted_triggers.txt	1252	307	Venezuela	Slonim
common\scripted_triggers\GER_scripted_triggers.txt	1253	489	Monagas	Kladno
common\scripted_triggers\GER_scripted_triggers.txt	1254	488	Bolivar	Koblenz
common\scripted_triggers\GER_scripted_triggers.txt	1255	687	British Guyana	Konin
common\scripted_triggers\GER_scripted_triggers.txt	1256	309	Dutch SA	Tambov
common\scripted_triggers\GER_scripted_triggers.txt	1257	310	French SA	Torun
common\scripted_triggers\GER_scripted_triggers.txt	1258	969	Rio Branco	Florina
common\scripted_triggers\GER_scripted_triggers.txt	1259	495	Amazonas	Bayreuth
common\scripted_triggers\GER_scripted_triggers.txt	1260	940	- Acre	Guadalajara
common\scripted_triggers\GER_scripted_triggers.txt	1261	939	- Amapa	Teruel
common\scripted_triggers\GER_scripted_triggers.txt	1262	938	- Para	Rize
common\scripted_triggers\GER_scripted_triggers.txt	1263	942	- Rondonia	Corum
common\scripted_triggers\GER_scripted_triggers.txt	1264	280	Brazil	Danzig
common\scripted_triggers\GER_scripted_triggers.txt	1265	486	Meta	Hradec Kralove
common\scripted_triggers\GER_scripted_triggers.txt	1266	504	Iguacu	Zwittau
common\scripted_triggers\GER_scripted_triggers.txt	1267	944	- Parana	Cagliari
common\scripted_triggers\GER_scripted_triggers.txt	1268	503	Santa Catarina	Bittburg
common\scripted_triggers\GER_scripted_triggers.txt	1269	502	Rio Grande Sul	Czortkow
common\scripted_triggers\GER_scripted_triggers.txt	1270	501	Saol Paulo	Lubaczow
common\scripted_triggers\GER_scripted_triggers.txt	1271	505	Goias	Amiens
common\scripted_triggers\GER_scripted_triggers.txt	1272	941	- Tocantins	Thessaloniki
common\scripted_triggers\GER_scripted_triggers.txt	1273	497	Maranhao	Kharkov
common\scripted_triggers\GER_scripted_triggers.txt	1274	937	- Piaui	Rhodope
common\scripted_triggers\GER_scripted_triggers.txt	1275	935	- Ceara	Porto
common\scripted_triggers\GER_scripted_triggers.txt	1276	498	Rio Grande	Eger
common\scripted_triggers\GER_scripted_triggers.txt	1277	936	- Pernambuco	Qazax
common\scripted_triggers\GER_scripted_triggers.txt	1278	499	Bahia	Sternberg
common\scripted_triggers\GER_scripted_triggers.txt	1279	496	Para	Tarnow
common\scripted_triggers\GER_scripted_triggers.txt	1280	943	- Espirito Santo	Salamanca
common\scripted_triggers\GER_scripted_triggers.txt	1281	500	Rio de Janerio	Luxembourg Belge
common\scripted_triggers\GER_scripted_triggers.txt	1282	487	Amazinas	Namur
common\scripted_triggers\GER_scripted_triggers.txt	1283	688	Chaco Boreal	Lons-le-Saunier
common\scripted_triggers\GER_scripted_triggers.txt	1284	301	paraguay	Schneidemuhl
common\scripted_triggers\GER_scripted_triggers.txt	1285	946	- Paysandu	Lori
common\scripted_triggers\GER_scripted_triggers.txt	1286	945	- Cerro Largo	Dogu Istanbul
common\scripted_triggers\GER_scripted_triggers.txt	1287	300	Uruguay	Grodno
common\scripted_triggers\GER_scripted_triggers.txt	1288	510	Mesopotamia	Zolotonosha
common\scripted_triggers\GER_scripted_triggers.txt	1289	957	- Formosa	Duzce
common\scripted_triggers\GER_scripted_triggers.txt	1291	967	Deep Amazonas	Bolu
common\scripted_triggers\GER_scripted_triggers.txt	1292	961	Deep Amazonas	Tavush
common\scripted_triggers\GER_scripted_triggers.txt	1293	968	Deep Amazonas	Abseron-Xizi
common\scripted_triggers\GER_scripted_triggers.txt	1294	962	Deep Amazonas	Aveiro
common\scripted_triggers\GER_scripted_triggers.txt	1295	963	Deep Amazonas	Amasya
common\scripted_triggers\GER_scripted_triggers.txt	1296	964	Deep Amazonas	Giresun
common\scripted_triggers\GER_scripted_triggers.txt	1297	965	Deep Amazonas	Yusufeli
common\scripted_triggers\GER_scripted_triggers.txt	1298	966	Deep Amazonas	Dagliq Sirvan
common\scripted_triggers\GER_scripted_triggers.txt	1305	953	- Tierra del Fuego	Kars
common\scripted_triggers\GER_scripted_triggers.txt	1306	507	Southern Chile	Troppau
common\scripted_triggers\GER_scripted_triggers.txt	1307	949	- Aysen	Sarikamis
common\scripted_triggers\GER_scripted_triggers.txt	1308	954	- Santa Cruz	Guarda
common\scripted_triggers\GER_scripted_triggers.txt	1309	955	- Chubut	Ordu
common\scripted_triggers\GER_scripted_triggers.txt	1310	512	Patagonia	Luxembourg
common\scripted_triggers\GER_scripted_triggers.txt	1311	950	- Araucania	Avila
common\scripted_triggers\GER_scripted_triggers.txt	1312	279	Chile	Sligo
common\scripted_triggers\GER_scripted_triggers.txt	1313	511	Cuyo	Rostov
common\scripted_triggers\GER_scripted_triggers.txt	1314	958	- San Luis	Trabzon
common\scripted_triggers\GER_scripted_triggers.txt	1315	278	Argentina	Chausy
common\scripted_triggers\GER_scripted_triggers.txt	1316	956	- Santa Fe	Potenza
common\scripted_triggers\GER_scripted_triggers.txt	1317	960	- San Juan	Cankiri
common\scripted_triggers\GER_scripted_triggers.txt	1318	509	Gran Chaco	Biala
common\scripted_triggers\GER_scripted_triggers.txt	1319	508	Argentine Northwest	Warszawa
common\scripted_triggers\GER_scripted_triggers.txt	1320	959	- Los Andes	Ohrid
common\scripted_triggers\GER_scripted_triggers.txt	1321	952	- Atacama	Sakarya
common\scripted_triggers\GER_scripted_triggers.txt	1322	506	Northern Chile	Kreuznach
common\scripted_triggers\GER_scripted_triggers.txt	1323	951	- Arica	Madrid
common\scripted_triggers\GER_scripted_triggers.txt	1324	302	bolivia	Longford
common\scripted_triggers\GER_scripted_triggers.txt	1325	947	- Tacna	Viseu
common\scripted_triggers\GER_scripted_triggers.txt	1326	492	Piura	Wuerzburg
common\scripted_triggers\GER_scripted_triggers.txt	1327	494	Ucayali	Lubny
common\scripted_triggers\GER_scripted_triggers.txt	1328	303	Peru	Lyudinovo
common\scripted_triggers\GER_scripted_triggers.txt	1329	491	Loreto	Zamosc
common\scripted_triggers\GER_scripted_triggers.txt	1330	490	Pastaza	Drohobycz
common\scripted_triggers\GER_scripted_triggers.txt	1331	305	Ecuador	Rotenburg
common\scripted_triggers\GER_scripted_triggers.txt	1332	306	Colombia	Augustow
common\scripted_triggers\GER_scripted_triggers.txt	1333	493	La Libertad	Proskuriv
common\scripted_triggers\GER_scripted_triggers.txt	1340	304	Panama	Meath
common\scripted_triggers\GER_scripted_triggers.txt	1341	685	Panama Canal	Graubunden
common\scripted_triggers\GER_scripted_triggers.txt	1342	316	Costa Rica	Emden
common\scripted_triggers\GER_scripted_triggers.txt	1343	317	Nicaragua	Galway
common\scripted_triggers\GER_scripted_triggers.txt	1344	312	Honduras	Lomza
common\scripted_triggers\GER_scripted_triggers.txt	1345	314	El Salvador	Wilhelmshaven
common\scripted_triggers\GER_scripted_triggers.txt	1346	313	Guatemala	Lincolnshire
common\scripted_triggers\GER_scripted_triggers.txt	1347	311	BritMex	Plock
common\scripted_triggers\GER_scripted_triggers.txt	1348	474	Yucatan	Limburg
common\scripted_triggers\GER_scripted_triggers.txt	1349	475	Chiapas	Altenkirchen
common\scripted_triggers\GER_scripted_triggers.txt	1350	476	Oaxaca	Chemnitz
common\scripted_triggers\GER_scripted_triggers.txt	1351	477	Veracruz	Schleiden
common\scripted_triggers\GER_scripted_triggers.txt	1352	485	Guerrero	Eupen-Malmedy
common\scripted_triggers\GER_scripted_triggers.txt	1353	478	Nayarit	Giessen
common\scripted_triggers\GER_scripted_triggers.txt	1354	277	Mexico	Praesto
common\scripted_triggers\GER_scripted_triggers.txt	1355	479	Tamaulipas	Oost Noord-Brabant
common\scripted_triggers\GER_scripted_triggers.txt	1356	481	Sinaloa	Katowice
common\scripted_triggers\GER_scripted_triggers.txt	1357	480	Coahuila	Liege
common\scripted_triggers\GER_scripted_triggers.txt	1358	482	Chihuahua	Hainaut
common\scripted_triggers\GER_scripted_triggers.txt	1359	483	Sonora	Westerburg
common\scripted_triggers\GER_scripted_triggers.txt	1360	315	Cuba	Kobenhavn
common\scripted_triggers\GER_scripted_triggers.txt	1361	689	Jamaica	Tutova
common\scripted_triggers\GER_scripted_triggers.txt	1362	693	Southern Bahamas	Leczyca
common\scripted_triggers\GER_scripted_triggers.txt	1363	690	Bahama Islands	Somogy
common\scripted_triggers\GER_scripted_triggers.txt	1364	318	Haiti	Oryol
common\scripted_triggers\GER_scripted_triggers.txt	1365	319	Dominican Republic	Bielsk
common\scripted_triggers\GER_scripted_triggers.txt	1366	686	Puerto Rico	Beius
common\scripted_triggers\GER_scripted_triggers.txt	1367	695	Curacao	Prekmurje
common\scripted_triggers\GER_scripted_triggers.txt	1368	694	French Caribbean	Bernese Oberland
common\scripted_triggers\GER_scripted_triggers.txt	1369	308	Britain SA	Westmeath
common\scripted_triggers\GER_scripted_triggers.txt	1370	692	Windward Islands	Turda
common\scripted_triggers\GER_scripted_triggers.txt	1371	691	Trinidad	Macon
common\scripted_triggers\GER_scripted_triggers.txt	1372	375	Texas	Rutland
common\scripted_triggers\GER_scripted_triggers.txt	1373	371	Louisiana	Limerick
common\scripted_triggers\GER_scripted_triggers.txt	1374	370	Mississippi	Grojec
common\scripted_triggers\GER_scripted_triggers.txt	1375	367	Alabama	Kobryn
common\scripted_triggers\GER_scripted_triggers.txt	1376	366	Florida	Saratov
common\scripted_triggers\GER_scripted_triggers.txt	1377	365	Georgia	Luckau
common\scripted_triggers\GER_scripted_triggers.txt	1378	376	New Mexico	Przasnysz
common\scripted_triggers\GER_scripted_triggers.txt	1379	377	Arizona	Lublin
common\scripted_triggers\GER_scripted_triggers.txt	1380	374	Oklahoma	Warkwickshire
common\scripted_triggers\GER_scripted_triggers.txt	1381	372	Arkansas	Cambridgeshire
common\scripted_triggers\GER_scripted_triggers.txt	1388	359	New Jersey	Lipetsk
common\scripted_triggers\GER_scripted_triggers.txt	1389	360	Pennsylvania	Carlow
common\scripted_triggers\GER_scripted_triggers.txt	1390	361	Maryland	Kilkenny
common\scripted_triggers\GER_scripted_triggers.txt	1391	362	Virginia	Montgomeryshire
common\scripted_triggers\GER_scripted_triggers.txt	1392	816	West Virginia	Vratsa
common\scripted_triggers\GER_scripted_triggers.txt	1393	363	North Carolina	Herford
common\scripted_triggers\GER_scripted_triggers.txt	1394	364	South Carolina	Overijssel
common\scripted_triggers\GER_scripted_triggers.txt	1395	368	Tennesse	Wexford
common\scripted_triggers\GER_scripted_triggers.txt	1396	369	Kentucky	Northamptonshire
common\scripted_triggers\GER_scripted_triggers.txt	1397	261	USA	Ulyanovsk
common\scripted_triggers\GER_scripted_triggers.txt	1398	396	Indiana	Herefordshire
common\scripted_triggers\GER_scripted_triggers.txt	1399	358	New York	Noord-Holland
common\scripted_triggers\GER_scripted_triggers.txt	1400	357	New England	Leicestershire
common\scripted_triggers\GER_scripted_triggers.txt	1401	393	Michigan	Hildesheim
common\scripted_triggers\GER_scripted_triggers.txt	1402	395	Illinois	Waterford
common\scripted_triggers\GER_scripted_triggers.txt	1403	394	Wisconsin	Cork
common\scripted_triggers\GER_scripted_triggers.txt	1404	373	Missouri	Osnabruck
common\scripted_triggers\GER_scripted_triggers.txt	1405	392	Iowa	Braunschweig
common\scripted_triggers\GER_scripted_triggers.txt	1406	391	Minnesota	Muenster
common\scripted_triggers\GER_scripted_triggers.txt	1407	383	Kansas	Gelderland
common\scripted_triggers\GER_scripted_triggers.txt	1408	384	Nebraska	Zhitkovichi
common\scripted_triggers\GER_scripted_triggers.txt	1409	390	South Dakota	Worcestershire
common\scripted_triggers\GER_scripted_triggers.txt	1410	389	North Dakota	Radnorshire
common\scripted_triggers\GER_scripted_triggers.txt	1411	382	Colorado	Paderborn
common\scripted_triggers\GER_scripted_triggers.txt	1412	381	Wyoming	Lodz
common\scripted_triggers\GER_scripted_triggers.txt	1413	388	Montana	Kursk
common\scripted_triggers\GER_scripted_triggers.txt	1414	380	Utah	Cardiganshire
common\scripted_triggers\GER_scripted_triggers.txt	1415	470	Alberta	Vlaams-Brabant
common\scripted_triggers\GER_scripted_triggers.txt	1416	472	Northwest Territories	Calais
common\scripted_triggers\GER_scripted_triggers.txt	1417	867	Northern Manitoba	Kielce
common\scripted_triggers\GER_scripted_triggers.txt	1418	683	Northeastern Canada	Trento
common\scripted_triggers\GER_scripted_triggers.txt	1419	865	Northern Saskatchewan	Vranje
common\scripted_triggers\GER_scripted_triggers.txt	1420	469	Saskatchewan	Bonn
common\scripted_triggers\GER_scripted_triggers.txt	1421	467	Manitoba	Sosnowiec
common\scripted_triggers\GER_scripted_triggers.txt	1422	682	Northern Ontario	Deux-Sevres
common\scripted_triggers\GER_scripted_triggers.txt	1423	866	Districts of Ontario	Corse-du-Sud
common\scripted_triggers\GER_scripted_triggers.txt	1424	276	Canada	Armagh
common\scripted_triggers\GER_scripted_triggers.txt	1425	468	Nunavut	Dorset
common\scripted_triggers\GER_scripted_triggers.txt	1426	465	New Brunswick	Siegkreis
common\scripted_triggers\GER_scripted_triggers.txt	1427	464	Nova Scotia	Aqtobe
common\scripted_triggers\GER_scripted_triggers.txt	1428	862	ouest du quebec	Leskovac
common\scripted_triggers\GER_scripted_triggers.txt	1429	863	Maurice	Niksic
common\scripted_triggers\GER_scripted_triggers.txt	1430	466	Quebec	Hainaut Francais
common\scripted_triggers\GER_scripted_triggers.txt	1431	861	Saguenay	Samokov
common\scripted_triggers\GER_scripted_triggers.txt	1432	860	Cote-Nord	Alava
common\scripted_triggers\GER_scripted_triggers.txt	1433	332	Labrador	Celle
common\scripted_triggers\GER_scripted_triggers.txt	1440	484	Baja California	Nisko
common\scripted_triggers\GER_scripted_triggers.txt	1441	378	California	Kerry
common\scripted_triggers\GER_scripted_triggers.txt	1442	379	Nevada	Huntingdonshire
common\scripted_triggers\GER_scripted_triggers.txt	1443	387	Idaho	Myszyniec
common\scripted_triggers\GER_scripted_triggers.txt	1444	385	Oregon	Seine-Saint-Denis
common\scripted_triggers\GER_scripted_triggers.txt	1445	386	Washington	Suffolk
common\scripted_triggers\GER_scripted_triggers.txt	1446	740	Vancouver Island	Montmorillon
common\scripted_triggers\GER_scripted_triggers.txt	1447	473	British Columbia	Reichenberg
common\scripted_triggers\GER_scripted_triggers.txt	1448	471	Northwestern Canada	Aussig
common\scripted_triggers\GER_scripted_triggers.txt	1449	864	Yukon	Palencia
common\scripted_triggers\GER_scripted_triggers.txt	1450	463	Alaska	Eisenach
common\scripted_triggers\GER_scripted_triggers.txt	1451	739	Haida Gwaii	Covurlui
common\scripted_triggers\GER_scripted_triggers.txt	1458	291	Iraq	Cavan
common\scripted_triggers\GER_scripted_triggers.txt	1459	676	Mosul	Zala
common\scripted_triggers\GER_scripted_triggers.txt	1460	675	Al Hajara	Poitiers
common\scripted_triggers\GER_scripted_triggers.txt	1461	656	Kuwait	Sieradz
common\scripted_triggers\GER_scripted_triggers.txt	1462	455	Jordan	Oost-Vlaanderen
common\scripted_triggers\GER_scripted_triggers.txt	1463	454	Israel	West-Vlaanderen
common\scripted_triggers\GER_scripted_triggers.txt	1464	553	Lebanon	Heilbronn
common\scripted_triggers\GER_scripted_triggers.txt	1465	554	Syria	Passau
common\scripted_triggers\GER_scripted_triggers.txt	1466	680	Deir-az-Zur	Mures
common\scripted_triggers\GER_scripted_triggers.txt	1467	677	Aleppo	Bekes
common\scripted_triggers\GER_scripted_triggers.txt	1468	799	Hatay	Basses-Alpes
common\scripted_triggers\GER_scripted_triggers.txt	1469	453	Sinai	Hampshire
common\scripted_triggers\GER_scripted_triggers.txt	1470	854	Jawf	Navarra
common\scripted_triggers\GER_scripted_triggers.txt	1471	855	Tabuk	Saint-Girons
common\scripted_triggers\GER_scripted_triggers.txt	1472	679	Hejaz	Lienz
common\scripted_triggers\GER_scripted_triggers.txt	1473	857	Ha'il	Leon
common\scripted_triggers\GER_scripted_triggers.txt	1474	859	Dammam	Burgos
common\scripted_triggers\GER_scripted_triggers.txt	1475	292	Saudi Arabia	Baranowicze
common\scripted_triggers\GER_scripted_triggers.txt	1476	856	Asir-Makkah	Samegrelo
common\scripted_triggers\GER_scripted_triggers.txt	1477	858	Najiran	Pristina
common\scripted_triggers\GER_scripted_triggers.txt	1478	678	Rub al Khali	Chalon-sur-Saone
common\scripted_triggers\GER_scripted_triggers.txt	1479	765	Qatar	Braila
common\scripted_triggers\GER_scripted_triggers.txt	1480	658	Arab UK 1	Doubs
common\scripted_triggers\GER_scripted_triggers.txt	1481	659	Arabian UK 2	Veszprem
common\scripted_triggers\GER_scripted_triggers.txt	1482	293	Yemen	Lancashire
common\scripted_triggers\GER_scripted_triggers.txt	1483	294	Oman	Druskieniki
common\scripted_triggers\GER_scripted_triggers.txt	1484	1010	Al Anbar	Leiria
common\scripted_triggers\GER_scripted_triggers.txt	1485	1011	Al Basrah	Sivas
common\scripted_triggers\GER_scripted_triggers.txt	1486	1013	-Musamdam	Agri
common\scripted_triggers\GER_scripted_triggers.txt	1487	1014	- Bahrain	Vayots Dzor
common\scripted_triggers\GER_scripted_triggers.txt	1488	1015	- Interior Oman	Larissa
common\scripted_triggers\GER_scripted_triggers.txt	1489	1016	- Dhofar	Islas Baleares
common\scripted_triggers\GER_scripted_triggers.txt	1490	992	Province of Aden	Kowel
common\scripted_triggers\GER_scripted_triggers.txt	1497	344	Adana	Staffordshire
common\scripted_triggers\GER_scripted_triggers.txt	1498	350	Diyarbekir	Meppen
common\scripted_triggers\GER_scripted_triggers.txt	1499	352	Hakkari	Hannover
common\scripted_triggers\GER_scripted_triggers.txt	1500	348	Kayseri	Tipperary
common\scripted_triggers\GER_scripted_triggers.txt	1501	353	Erzurum	Dessau
common\scripted_triggers\GER_scripted_triggers.txt	1502	800	Van	Romanati
common\scripted_triggers\GER_scripted_triggers.txt	1503	354	Trabzon	Merionethshire
common\scripted_triggers\GER_scripted_triggers.txt	1504	349	Silvas	Clare
common\scripted_triggers\GER_scripted_triggers.txt	1505	355	Samsun	Shropshire
common\scripted_triggers\GER_scripted_triggers.txt	1506	798	Amasya	Genova
common\scripted_triggers\GER_scripted_triggers.txt	1507	356	Sinop	Norfolk
common\scripted_triggers\GER_scripted_triggers.txt	1508	345	Mersin	Laoighis
common\scripted_triggers\GER_scripted_triggers.txt	1509	346	Konya	Drenthe
common\scripted_triggers\GER_scripted_triggers.txt	1510	49	Turkey	Nordurland vestra
common\scripted_triggers\GER_scripted_triggers.txt	1511	347	Izmit	Roskilde
common\scripted_triggers\GER_scripted_triggers.txt	1512	343	Afyon	Wicklow
common\scripted_triggers\GER_scripted_triggers.txt	1513	339	Izmir	Landsberg
common\scripted_triggers\GER_scripted_triggers.txt	1514	342	Antalya	Denbighshire
common\scripted_triggers\GER_scripted_triggers.txt	1521	419	Azerbaijan	Monmouthshire
common\scripted_triggers\GER_scripted_triggers.txt	1522	421	Kurdistan	Radomsko
common\scripted_triggers\GER_scripted_triggers.txt	1523	420	Gilan	Sarny
common\scripted_triggers\GER_scripted_triggers.txt	1524	417	Golestan	Hameln
common\scripted_triggers\GER_scripted_triggers.txt	1525	413	Khuzestan	Essex
common\scripted_triggers\GER_scripted_triggers.txt	1526	266	Persia	Krupki
common\scripted_triggers\GER_scripted_triggers.txt	1527	411	Hormozgan	Delitzsch
common\scripted_triggers\GER_scripted_triggers.txt	1528	412	Fars	Voronezh
common\scripted_triggers\GER_scripted_triggers.txt	1529	418	Semnan	Halle
common\scripted_triggers\GER_scripted_triggers.txt	1530	416	Razavi Khorasan	Hertfordshire
common\scripted_triggers\GER_scripted_triggers.txt	1531	414	Kerman	Warendorf
common\scripted_triggers\GER_scripted_triggers.txt	1532	410	Sistan	Gloucestershire
common\scripted_triggers\GER_scripted_triggers.txt	1533	1000	East Azerbaijan	Oszmiana
common\scripted_triggers\GER_scripted_triggers.txt	1534	1001	Kurdistan	Igdir
common\scripted_triggers\GER_scripted_triggers.txt	1535	1004	North Khorasan	Dogubayazit
common\scripted_triggers\GER_scripted_triggers.txt	1536	1002	Yazd	Chelm
common\scripted_triggers\GER_scripted_triggers.txt	1537	1003	South Khorasan	Yozgat
common\scripted_triggers\GER_scripted_triggers.txt	1544	439	Delhi	Marburg
common\scripted_triggers\GER_scripted_triggers.txt	1545	440	West Punjab	Erfurt
common\scripted_triggers\GER_scripted_triggers.txt	1546	441	Kashmir	Gorlitz
common\scripted_triggers\GER_scripted_triggers.txt	1547	787	North Kashmir	Aveyron
common\scripted_triggers\GER_scripted_triggers.txt	1548	442	Peshawar	Laon
common\scripted_triggers\GER_scripted_triggers.txt	1549	445	Quetta	Somerset
common\scripted_triggers\GER_scripted_triggers.txt	1550	444	Baluchistan States	Antwerpen
common\scripted_triggers\GER_scripted_triggers.txt	1551	415	South Khorasan	Bunzlau
common\scripted_triggers\GER_scripted_triggers.txt	1552	267	Afghanistan	Gdynia
common\scripted_triggers\GER_scripted_triggers.txt	1553	443	Sind	Borispol
common\scripted_triggers\GER_scripted_triggers.txt	1554	433	Rajputana	Dortmund
common\scripted_triggers\GER_scripted_triggers.txt	1555	428	Western Indian States	Berkshire
common\scripted_triggers\GER_scripted_triggers.txt	1556	438	United Provinces	Dobeln
common\scripted_triggers\GER_scripted_triggers.txt	1557	437	Central Indian Provinces	Wiltshire
common\scripted_triggers\GER_scripted_triggers.txt	1558	427	Hyderabad	Grevenmacher
common\scripted_triggers\GER_scripted_triggers.txt	1559	429	Bombay	Jedrzejow
common\scripted_triggers\GER_scripted_triggers.txt	1560	436	Central Provinces	Zhitomir
common\scripted_triggers\GER_scripted_triggers.txt	1561	425	Mysore	Schweidnitz
common\scripted_triggers\GER_scripted_triggers.txt	1562	424	Andra Pradesh	Mittel Ruhr
common\scripted_triggers\GER_scripted_triggers.txt	1563	423	Madras	Kleve
common\scripted_triggers\GER_scripted_triggers.txt	1564	320	French India	Dublin
common\scripted_triggers\GER_scripted_triggers.txt	1565	321	Goa	Leitrim
common\scripted_triggers\GER_scripted_triggers.txt	1566	422	Ceylon	Brabant wallon
common\scripted_triggers\GER_scripted_triggers.txt	1567	426	Orissa	Glamorganshire
common\scripted_triggers\GER_scripted_triggers.txt	1568	435	Bihar	Brent
common\scripted_triggers\GER_scripted_triggers.txt	1569	431	Calcutta	Duesseldorf
common\scripted_triggers\GER_scripted_triggers.txt	1570	430	Bangladesh	Batys Kazakhstan
common\scripted_triggers\GER_scripted_triggers.txt	1571	432	Assam	Limburg Voormaas
common\scripted_triggers\GER_scripted_triggers.txt	1572	434	Arunachal Pradesh	Wlodzimierz Wolynski
common\scripted_triggers\GER_scripted_triggers.txt	1573	640	Mandalay	Montaigne et Gurson
common\scripted_triggers\GER_scripted_triggers.txt	1574	288	Magwe	Mayo
common\scripted_triggers\GER_scripted_triggers.txt	1575	323	Nepal	Dankov
common\scripted_triggers\GER_scripted_triggers.txt	1576	324	Bhutan	Cheshire
common\scripted_triggers\GER_scripted_triggers.txt	1577	733	Andaman	Putna
common\scripted_triggers\GER_scripted_triggers.txt	1578	758	Ngari	Muscel
common\scripted_triggers\GER_scripted_triggers.txt	1579	322	Tibet	Oldenburg
common\scripted_triggers\GER_scripted_triggers.txt	1580	757	Shigatse	Buzau
common\scripted_triggers\GER_scripted_triggers.txt	1581	601	China 1	Abauj
common\scripted_triggers\GER_scripted_triggers.txt	1582	1009	Farah	Catanzaro
common\scripted_triggers\GER_scripted_triggers.txt	1583	1007	Maymanah	Valencia
common\scripted_triggers\GER_scripted_triggers.txt	1584	988	Baluchistan	Biga
common\scripted_triggers\GER_scripted_triggers.txt	1585	1008	Qandahar	Eskisehir
common\scripted_triggers\GER_scripted_triggers.txt	1586	1012	Kalat	Tunceli
common\scripted_triggers\GER_scripted_triggers.txt	1587	1005	Qataghan	Ararat
common\scripted_triggers\GER_scripted_triggers.txt	1588	1006	Khyber Pass	Ahal
common\scripted_triggers\GER_scripted_triggers.txt	1589	987	- Waziristan	Caceres
common\scripted_triggers\GER_scripted_triggers.txt	1590	989	Bahawalpur	Kruse
common\scripted_triggers\GER_scripted_triggers.txt	1591	986	- East Punjab	Susehri
common\scripted_triggers\GER_scripted_triggers.txt	1592	991	Gwalior	Canakkale
common\scripted_triggers\GER_scripted_triggers.txt	1593	983	- Deccan States	Bilecik
common\scripted_triggers\GER_scripted_triggers.txt	1594	982	- Madras States	Sokolka
common\scripted_triggers\GER_scripted_triggers.txt	1595	984	- Bastar	Bayburt
common\scripted_triggers\GER_scripted_triggers.txt	1596	985	- Sikkim	Coimbra
common\scripted_triggers\GER_scripted_triggers.txt	1597	990	Manipur	Castelo Branco
common\scripted_triggers\GER_scripted_triggers.txt	1598	998	Sagaing	Kalbajar
common\scripted_triggers\GER_scripted_triggers.txt	1599	999	Federated Shan States	Toledo
common\scripted_triggers\GER_scripted_triggers.txt	1600	997	Arakan	Nagorno-Karabakh
common\scripted_triggers\GER_scripted_triggers.txt	1601	996	Irrawaddy	Refahiye
common\scripted_triggers\GER_scripted_triggers.txt	1602	994	Tenasserim	Balikesir
common\scripted_triggers\GER_scripted_triggers.txt	1603	993	Kentung and Yawnghwe	Aghdam
common\scripted_triggers\GER_scripted_triggers.txt	1604	995	Pegu	Ioannina
common\scripted_triggers\GER_scripted_triggers.txt	1611	516	Northern Siberia	Darmstadt
common\scripted_triggers\GER_scripted_triggers.txt	1612	576	Siberia 3	Rosenheim
common\scripted_triggers\GER_scripted_triggers.txt	1613	568	TS 10	Baden
common\scripted_triggers\GER_scripted_triggers.txt	1614	567	TS 9	Kempten
common\scripted_triggers\GER_scripted_triggers.txt	1615	566	TS 8	Bas-Rhin
common\scripted_triggers\GER_scripted_triggers.txt	1616	878	Khatangsky	Plovdiv
common\scripted_triggers\GER_scripted_triggers.txt	1617	575	Siberia 2	Rottweil
common\scripted_triggers\GER_scripted_triggers.txt	1618	565	TS 7	Tomashpol
common\scripted_triggers\GER_scripted_triggers.txt	1619	876	Udachny	Roma Centro
common\scripted_triggers\GER_scripted_triggers.txt	1620	574	Siberia 1	Hron
common\scripted_triggers\GER_scripted_triggers.txt	1621	877	Verkhoyansk	Stara Zagora
common\scripted_triggers\GER_scripted_triggers.txt	1622	644	state 3	Innsbruck
common\scripted_triggers\GER_scripted_triggers.txt	1623	822	- Chukotka	Herault
common\scripted_triggers\GER_scripted_triggers.txt	1624	875	Chukchi Peninsulay	Lleida
common\scripted_triggers\GER_scripted_triggers.txt	1625	562	TS 4	Sobrance
common\scripted_triggers\GER_scripted_triggers.txt	1626	874	Magadan	Pontevedra
common\scripted_triggers\GER_scripted_triggers.txt	1627	637	State 1	Maine-et-Loire
common\scripted_triggers\GER_scripted_triggers.txt	1628	561	TS 3	Atyrau
common\scripted_triggers\GER_scripted_triggers.txt	1629	564	TS 6	Northern Maramures
common\scripted_triggers\GER_scripted_triggers.txt	1630	563	TS 5	Melun
common\scripted_triggers\GER_scripted_triggers.txt	1631	560	TS 2	Pokrovske
common\scripted_triggers\GER_scripted_triggers.txt	1638	619	China 16	Heves
common\scripted_triggers\GER_scripted_triggers.txt	1639	287	Sinkiang	Brodnica
common\scripted_triggers\GER_scripted_triggers.txt	1640	759	Kunlun	Valcea
common\scripted_triggers\GER_scripted_triggers.txt	1641	617	Xinjiang	Transnistria
common\scripted_triggers\GER_scripted_triggers.txt	1642	618	China 15	Ochakov
common\scripted_triggers\GER_scripted_triggers.txt	1643	760	Dabancheng	Gironde
common\scripted_triggers\GER_scripted_triggers.txt	1644	329	Tannu Tuva	Gostynin
common\scripted_triggers\GER_scripted_triggers.txt	1645	818	Khovd	Bazargic
common\scripted_triggers\GER_scripted_triggers.txt	1652	613	China 12	Berezovka
common\scripted_triggers\GER_scripted_triggers.txt	1653	598	Jiansu	Saint-Die
common\scripted_triggers\GER_scripted_triggers.txt	1654	597	Shandong	Epinal
common\scripted_triggers\GER_scripted_triggers.txt	1655	743	Qingdao	Ljubljana
common\scripted_triggers\GER_scripted_triggers.txt	1656	614	China 13	Nikolayev
common\scripted_triggers\GER_scripted_triggers.txt	1657	608	Beijing	Mateszalka
common\scripted_triggers\GER_scripted_triggers.txt	1658	609	China 8	Botosani
common\scripted_triggers\GER_scripted_triggers.txt	1659	610	China 9	Komarom
common\scripted_triggers\GER_scripted_triggers.txt	1660	716	Liaotung	Mangystau
common\scripted_triggers\GER_scripted_triggers.txt	1661	745	Dalian	Aosta
common\scripted_triggers\GER_scripted_triggers.txt	1662	527	North Korea	Vinnytsia
common\scripted_triggers\GER_scripted_triggers.txt	1663	525	South Korea	Charleville-Mezieres
common\scripted_triggers\GER_scripted_triggers.txt	1664	328	Manchukuo	Nottinghamshire
common\scripted_triggers\GER_scripted_triggers.txt	1665	715	Liaoning	Ain
common\scripted_triggers\GER_scripted_triggers.txt	1666	714	Heilungkiang	Gorenjska
common\scripted_triggers\GER_scripted_triggers.txt	1667	761	Hulunbuir	Karakalpakstan
common\scripted_triggers\GER_scripted_triggers.txt	1668	657	Border state	Kakhovka
common\scripted_triggers\GER_scripted_triggers.txt	1669	717	Chuho	Creuse
common\scripted_triggers\GER_scripted_triggers.txt	1670	408	Vladivostok	Oxfordshire
common\scripted_triggers\GER_scripted_triggers.txt	1671	409	Khabarovsk	Pembrokeshire
common\scripted_triggers\GER_scripted_triggers.txt	1672	655	North Sakhalin	Vaslui
common\scripted_triggers\GER_scripted_triggers.txt	1673	537	South Sakhalin	Saarland
common\scripted_triggers\GER_scripted_triggers.txt	1674	555	Lagos	Trencin
common\scripted_triggers\GER_scripted_triggers.txt	1675	536	Hokkaido	Brno
common\scripted_triggers\GER_scripted_triggers.txt	1676	533	Akita	Ansbach
common\scripted_triggers\GER_scripted_triggers.txt	1677	282	Japan	Rastenburg
common\scripted_triggers\GER_scripted_triggers.txt	1678	534	Niigata	Manche
common\scripted_triggers\GER_scripted_triggers.txt	1679	532	Nagoya	Olomouc
common\scripted_triggers\GER_scripted_triggers.txt	1680	535	Nagano	Jihlava
common\scripted_triggers\GER_scripted_triggers.txt	1681	531	Osaka	Oise
common\scripted_triggers\GER_scripted_triggers.txt	1682	530	Tokushima	Buchen
common\scripted_triggers\GER_scripted_triggers.txt	1683	529	Hiroshima	Jicin
common\scripted_triggers\GER_scripted_triggers.txt	1684	528	Nagasaki	Zlin
common\scripted_triggers\GER_scripted_triggers.txt	1685	526	Okinawa	Zaolzie
common\scripted_triggers\GER_scripted_triggers.txt	1686	524	Taiwan	Zweibruecken
common\scripted_triggers\GER_scripted_triggers.txt	1687	596	Zhejiang	Borsod
common\scripted_triggers\GER_scripted_triggers.txt	1688	595	Fujian	Mayenne
common\scripted_triggers\GER_scripted_triggers.txt	1689	593	Guangdong	Uzhorod a Mukacevo
common\scripted_triggers\GER_scripted_triggers.txt	1690	592	Guangzhou	Hotin
common\scripted_triggers\GER_scripted_triggers.txt	1691	594	Nanning	Kalisz
common\scripted_triggers\GER_scripted_triggers.txt	1692	591	Hainan	Malacky
common\scripted_triggers\GER_scripted_triggers.txt	1693	728	Guangzhouwan	Rhone
common\scripted_triggers\GER_scripted_triggers.txt	1694	729	Macau	Loire
common\scripted_triggers\GER_scripted_triggers.txt	1695	326	HongKong	Wolkowysk
common\scripted_triggers\GER_scripted_triggers.txt	1696	599	Guanxi	Sarthe
common\scripted_triggers\GER_scripted_triggers.txt	1697	600	Jiangxi	Balti
common\scripted_triggers\GER_scripted_triggers.txt	1698	602	China 2	Sigmaringen
common\scripted_triggers\GER_scripted_triggers.txt	1699	749	Huangshan	Isere
common\scripted_triggers\GER_scripted_triggers.txt	1700	606	China 6	Haut-Rhin
common\scripted_triggers\GER_scripted_triggers.txt	1701	620	China 17	Loir-et-Cher
common\scripted_triggers\GER_scripted_triggers.txt	1702	607	China 7	Jersey
common\scripted_triggers\GER_scripted_triggers.txt	1703	750	Changde	Mont-Blanc
common\scripted_triggers\GER_scripted_triggers.txt	1704	603	China 3	Szabolcs
common\scripted_triggers\GER_scripted_triggers.txt	1705	748	Zunyi	Zemplen
common\scripted_triggers\GER_scripted_triggers.txt	1706	605	China 5	Loiret
common\scripted_triggers\GER_scripted_triggers.txt	1707	755	Haixi	Fiume
common\scripted_triggers\GER_scripted_triggers.txt	1708	622	China 19	Satu Mare
common\scripted_triggers\GER_scripted_triggers.txt	1709	615	Shanxi	Morbihan
common\scripted_triggers\GER_scripted_triggers.txt	1710	746	Ordos	Chambery
common\scripted_triggers\GER_scripted_triggers.txt	1711	621	China 18	Eisenstadt
common\scripted_triggers\GER_scripted_triggers.txt	1712	611	China 10	Nograd
common\scripted_triggers\GER_scripted_triggers.txt	1713	612	China 11	Wielun
common\scripted_triggers\GER_scripted_triggers.txt	1714	819	Dornod	Gers
common\scripted_triggers\GER_scripted_triggers.txt	1715	817	Gobi	Menton
common\scripted_triggers\GER_scripted_triggers.txt	1716	330	Mongolia	Lokot
common\scripted_triggers\GER_scripted_triggers.txt	1717	820	Khovsgol	Shumen
common\scripted_triggers\GER_scripted_triggers.txt	1718	756	Jiuquan	Caras
common\scripted_triggers\GER_scripted_triggers.txt	1719	616	China 14	Konstanz
common\scripted_triggers\GER_scripted_triggers.txt	1720	755	Haixi	Fiume
common\scripted_triggers\GER_scripted_triggers.txt	1721	283	China	Monaghan
common\scripted_triggers\GER_scripted_triggers.txt	1722	754	Golog	Lika-Gacka
common\scripted_triggers\GER_scripted_triggers.txt	1723	604	China 4	Auxerre
common\scripted_triggers\GER_scripted_triggers.txt	1724	753	Gannan	Dordogne
common\scripted_triggers\GER_scripted_triggers.txt	1725	752	Chamdo	Wloclawek
common\scripted_triggers\GER_scripted_triggers.txt	1726	751	Liangshan	Correze
common\scripted_triggers\GER_scripted_triggers.txt	1727	747	Dali Bai	Lyon
common\scripted_triggers\GER_scripted_triggers.txt	1728	325	Yunnan	Derbyshire
common\scripted_triggers\GER_scripted_triggers.txt	1729	671	Annam	Rowne
common\scripted_triggers\GER_scripted_triggers.txt	1730	670	Laos	Indre
common\scripted_triggers\GER_scripted_triggers.txt	1731	286	Indochina	West Riding
common\scripted_triggers\GER_scripted_triggers.txt	1732	741	Cambodia	Charente
common\scripted_triggers\GER_scripted_triggers.txt	1733	868	Isan	Burgas
common\scripted_triggers\GER_scripted_triggers.txt	1734	869	Lanna	Racha-Lechkhumi
common\scripted_triggers\GER_scripted_triggers.txt	1735	289	Western Siam	Schwerin
common\scripted_triggers\GER_scripted_triggers.txt	1736	645	Iwo Jima	Tours
common\scripted_triggers\GER_scripted_triggers.txt	1737	623	Luzon	Zaporozhye
common\scripted_triggers\GER_scripted_triggers.txt	1738	327	Philippines	Luckenwalde
common\scripted_triggers\GER_scripted_triggers.txt	1739	624	Central islands	Gyor es Pozsony
common\scripted_triggers\GER_scripted_triggers.txt	1740	628	Cebu	Maramures
common\scripted_triggers\GER_scripted_triggers.txt	1741	625	Samar	Bischofshofen
common\scripted_triggers\GER_scripted_triggers.txt	1742	626	Palawan	Cote-d'Or
common\scripted_triggers\GER_scripted_triggers.txt	1743	627	Mindanao	Haute-Saone
common\scripted_triggers\GER_scripted_triggers.txt	1744	647	Palau	Zurich
common\scripted_triggers\GER_scripted_triggers.txt	1745	648	Marcus Island	Fejer
common\scripted_triggers\GER_scripted_triggers.txt	1746	646	Saipan	Jasz-Nagykun-Szolnok
common\scripted_triggers\GER_scripted_triggers.txt	1747	638	Guam	Belfort
common\scripted_triggers\GER_scripted_triggers.txt	1748	632	Wake Island	Astrakhan
common\scripted_triggers\GER_scripted_triggers.txt	1749	744	Xian	Trieste
common\scripted_triggers\GER_scripted_triggers.txt	1756	979	- Kaiser Wilhelms Land	Ankara
common\scripted_triggers\GER_scripted_triggers.txt	1757	523	New Guinea	Plzen
common\scripted_triggers\GER_scripted_triggers.txt	1758	737	New Britain	Brasov
common\scripted_triggers\GER_scripted_triggers.txt	1759	634	Solomon Islands	Loire-Inferieure
common\scripted_triggers\GER_scripted_triggers.txt	1760	669	Dutch New Guinea	Luzern
common\scripted_triggers\GER_scripted_triggers.txt	1761	668	The Moluccas	Dole
common\scripted_triggers\GER_scripted_triggers.txt	1762	738	Aru Islands	Zrenjanin
common\scripted_triggers\GER_scripted_triggers.txt	1763	721	Portuguese Timor	Osijek
common\scripted_triggers\GER_scripted_triggers.txt	1764	667	West Nusa Tenggara	Neamt
common\scripted_triggers\GER_scripted_triggers.txt	1765	673	Sulawesi	Schwytz
common\scripted_triggers\GER_scripted_triggers.txt	1766	334	Kalimantan Barat	Caernarvonshire
common\scripted_triggers\GER_scripted_triggers.txt	1767	333	British Borneo	Offaly
common\scripted_triggers\GER_scripted_triggers.txt	1768	335	West Java	Koscian
common\scripted_triggers\GER_scripted_triggers.txt	1769	672	South Sumatra	Saint-Amand-Montrond
common\scripted_triggers\GER_scripted_triggers.txt	1770	336	Singapore	Friesland
common\scripted_triggers\GER_scripted_triggers.txt	1771	724	Southern Siam	Valais
common\scripted_triggers\GER_scripted_triggers.txt	1772	711	Christmas Island	Csanad, Arad es Torontal
common\scripted_triggers\GER_scripted_triggers.txt	1773	712	Cocos Islands	Medimurje
common\scripted_triggers\GER_scripted_triggers.txt	1774	684	Caroline Islands	Vendee
common\scripted_triggers\GER_scripted_triggers.txt	1775	725	Nauru	Charente-Inferieure
common\scripted_triggers\GER_scripted_triggers.txt	1776	639	Maiana	Salaj
common\scripted_triggers\GER_scripted_triggers.txt	1777	643	Fongafale	St Gallen
common\scripted_triggers\GER_scripted_triggers.txt	1778	633	Marshall Islands	Pest-Pilis
common\scripted_triggers\GER_scripted_triggers.txt	1779	642	Phoenix Island	Salsk
common\scripted_triggers\GER_scripted_triggers.txt	1780	734	Nendo	Bassigny
common\scripted_triggers\GER_scripted_triggers.txt	1781	635	New Caledonia	Murtal und Murau
common\scripted_triggers\GER_scripted_triggers.txt	1782	636	Fiji	Esztergom
common\scripted_triggers\GER_scripted_triggers.txt	1783	726	Samoa	Bacs
common\scripted_triggers\GER_scripted_triggers.txt	1784	641	Tahiti	Sopron
common\scripted_triggers\GER_scripted_triggers.txt	1785	284	New Zealand	Suwalki
common\scripted_triggers\GER_scripted_triggers.txt	1786	723	Southern Island	Haute-Vienne
common\scripted_triggers\GER_scripted_triggers.txt	1787	872	North Queensland	Aquila degli Abruzzi
common\scripted_triggers\GER_scripted_triggers.txt	1788	520	Northern Territory	Parsberg
common\scripted_triggers\GER_scripted_triggers.txt	1789	870	Pilbara-Kimberley	Huesca
common\scripted_triggers\GER_scripted_triggers.txt	1790	522	Western Australia	Tachau
common\scripted_triggers\GER_scripted_triggers.txt	1791	871	Esperence-Goldfields	Pyrenees-Orientales
common\scripted_triggers\GER_scripted_triggers.txt	1792	519	South Australia	Soissons
common\scripted_triggers\GER_scripted_triggers.txt	1793	517	Victoria	Seine-Inferieure
common\scripted_triggers\GER_scripted_triggers.txt	1794	518	Tasmania	Luhansk
common\scripted_triggers\GER_scripted_triggers.txt	1795	285	Austraila	Orenburg
common\scripted_triggers\GER_scripted_triggers.txt	1796	521	Queensland	Mainz
common\scripted_triggers\GER_scripted_triggers.txt	1797	873	Channel Country	Prizren
common\scripted_triggers\GER_scripted_triggers.txt	1799	674	Central Australia	Ciuc
common\scripted_triggers\GER_scripted_triggers.txt	1854	219	Moscow Area	Lanmark
common\scripted_triggers\GER_scripted_triggers.txt	1855	205	Hrodna	Telsiu
common\scripted_triggers\GER_scripted_triggers.txt	1856	242	Smolensk	Kauno
common\scripted_triggers\GER_scripted_triggers.txt	1857	243	Roslavl	Srem
common\scripted_triggers\GER_scripted_triggers.txt	1858	241	Pochep	Wilno
common\scripted_triggers\GER_scripted_triggers.txt	1859	207	Viciebsk	Panevezio
common\scripted_triggers\GER_scripted_triggers.txt	1860	224	Bryansk	Berwick
common\scripted_triggers\GER_scripted_triggers.txt	1861	210	Bryansk	Stirling
common\scripted_triggers\GER_scripted_triggers.txt	1862	246	Rzhev	Tonder
common\scripted_triggers\GER_scripted_triggers.txt	1863	209	Smolensk	Chuvash
common\scripted_triggers\GER_scripted_triggers.txt	1864	263	Veliky Novogrod	Stolp
common\scripted_triggers\GER_scripted_triggers.txt	1865	208	Pskov	Kretingos
common\scripted_triggers\GER_scripted_triggers.txt	1866	195	Leningrad Area	Moscow Oblast
common\scripted_triggers\GER_scripted_triggers.txt	1867	244	Gatchina	Ukmerges
common\scripted_triggers\GER_scripted_triggers.txt	1868	264	Tikhvin	Koscierzyna
common\scripted_triggers\GER_scripted_triggers.txt	1869	247	Tver	Svendborg
common\scripted_triggers\GER_scripted_triggers.txt	1870	223	tula	Vejle
common\scripted_triggers\GER_scripted_triggers.txt	1871	222	Orel	Renfrew
common\scripted_triggers\GER_scripted_triggers.txt	1872	220	Kursk Area	West Lothian
common\scripted_triggers\GER_scripted_triggers.txt	1873	240	Voronezh	Odense
common\scripted_triggers\GER_scripted_triggers.txt	1874	258	lipetsk	Durham
common\scripted_triggers\GER_scripted_triggers.txt	1875	260	Borisoglbsk	Eiderstadt
common\scripted_triggers\GER_scripted_triggers.txt	1876	265	Mikhaylovka	Tula
common\scripted_triggers\GER_scripted_triggers.txt	1877	245	Donetsk	Dumfries
common\scripted_triggers\GER_scripted_triggers.txt	1878	218	Rostov Area	Vyazma
common\scripted_triggers\GER_scripted_triggers.txt	1879	217	Stalingrad Area	East Lothian
common\scripted_triggers\GER_scripted_triggers.txt	1880	351	Vologda	Ostrow Mazowiecka
common\scripted_triggers\GER_scripted_triggers.txt	1881	248	Yaroslavl	Donegal
common\scripted_triggers\GER_scripted_triggers.txt	1882	253	Ivanovo	Antrim
common\scripted_triggers\GER_scripted_triggers.txt	1883	254	Ryazan	Londonder
common\scripted_triggers\GER_scripted_triggers.txt	1884	257	Livny	Wigtown
common\scripted_triggers\GER_scripted_triggers.txt	1885	252	Nizhny Novogrod	Konigsberg
common\scripted_triggers\GER_scripted_triggers.txt	1886	255	Penza	Ruzayevka
common\scripted_triggers\GER_scripted_triggers.txt	1887	239	Saratov	Selkirk
common\scripted_triggers\GER_scripted_triggers.txt	1888	250	ulyanovsky	Ryazan
common\scripted_triggers\GER_scripted_triggers.txt	1889	879	Kargopol	Kakheti
common\scripted_triggers\GER_scripted_triggers.txt	1890	880	Kotlas	Zaragoza
common\scripted_triggers\GER_scripted_triggers.txt	1891	214	Arkhangelsk	Clackmannan
common\scripted_triggers\GER_scripted_triggers.txt	1896	401	Engels	Brecknockshire
common\scripted_triggers\GER_scripted_triggers.txt	1897	251	Samara	Kaluga
common\scripted_triggers\GER_scripted_triggers.txt	1898	652	Sov state 6	Aargau
common\scripted_triggers\GER_scripted_triggers.txt	1899	582	Sourthern Urals	Linz
common\scripted_triggers\GER_scripted_triggers.txt	1900	651	Sov state 5	Mlawa
common\scripted_triggers\GER_scripted_triggers.txt	1901	249	Kazan	Kirkcud
common\scripted_triggers\GER_scripted_triggers.txt	1902	256	Cheboksary	Cumberland
common\scripted_triggers\GER_scripted_triggers.txt	1903	833	- Mari El	Lugo
common\scripted_triggers\GER_scripted_triggers.txt	1904	399	Izhevsk	Utrecht
common\scripted_triggers\GER_scripted_triggers.txt	1909	825	- Nenetsia	Grasse
common\scripted_triggers\GER_scripted_triggers.txt	1910	262	Torzhok	Tyrone
common\scripted_triggers\GER_scripted_triggers.txt	1911	397	Syktyvkar	Chernigov
common\scripted_triggers\GER_scripted_triggers.txt	1912	400	Kirov	Steinfurt
common\scripted_triggers\GER_scripted_triggers.txt	1913	398	Perm	Shostka
common\scripted_triggers\GER_scripted_triggers.txt	1914	581	Northern Urals	Ravensburg
common\scripted_triggers\GER_scripted_triggers.txt	1915	573	Ts 15	Eure-et-Loir
common\scripted_triggers\GER_scripted_triggers.txt	1920	569	TS 11	Levoca
common\scripted_triggers\GER_scripted_triggers.txt	1921	570	TS 12	Nancy
common\scripted_triggers\GER_scripted_triggers.txt	1922	571	TS 13	Paris
common\scripted_triggers\GER_scripted_triggers.txt	1923	403	Kharabali	Bedfordshire
common\scripted_triggers\GER_scripted_triggers.txt	1924	572	TS 14	Orne
common\scripted_triggers\GER_scripted_triggers.txt	1925	653	Sov state 7	Nievre
common\scripted_triggers\GER_scripted_triggers.txt	1926	580	Siberia 7	Nyitra es Pozsony
common\scripted_triggers\GER_scripted_triggers.txt	1927	577	Siberia 4	Zilina
common\scripted_triggers\GER_scripted_triggers.txt	1928	578	Siberia 5	Cotes-du-Nord
common\scripted_triggers\GER_scripted_triggers.txt	1929	579	Siberia 6	Mezhevaya
common\scripted_triggers\GER_scripted_triggers.txt	1930	824	- Yamalia	Bouches-du-Rhone
common\scripted_triggers\IRQ_scripted_triggers.txt	5	656	Kuwait	Sieradz
common\scripted_triggers\IRQ_scripted_triggers.txt	6	1014	- Bahrain	Vayots Dzor
common\scripted_triggers\IRQ_scripted_triggers.txt	7	765	Qatar	Braila
common\scripted_triggers\IRQ_scripted_triggers.txt	8	658	Arab UK 1	Doubs
common\scripted_triggers\IRQ_scripted_triggers.txt	14	656	Kuwait	Sieradz
common\scripted_triggers\IRQ_scripted_triggers.txt	15	1014	- Bahrain	Vayots Dzor
common\scripted_triggers\IRQ_scripted_triggers.txt	16	765	Qatar	Braila
common\scripted_triggers\IRQ_scripted_triggers.txt	17	658	Arab UK 1	Doubs
common\scripted_triggers\IRQ_scripted_triggers.txt	18	1013	-Musamdam	Agri
common\scripted_triggers\IRQ_scripted_triggers.txt	19	294	Oman	Druskieniki
common\scripted_triggers\IRQ_scripted_triggers.txt	20	1015	- Interior Oman	Larissa
common\scripted_triggers\IRQ_scripted_triggers.txt	21	1016	- Dhofar	Islas Baleares
common\scripted_triggers\ITA_scripted_triggers.txt	449	115	Sicily	Kymenlaakso
common\scripted_triggers\ITA_scripted_triggers.txt	450	156	Calabria	Viljandi
common\scripted_triggers\ITA_scripted_triggers.txt	451	117	Napoli	Uppsala
common\scripted_triggers\ITA_scripted_triggers.txt	452	849	Puglia	Vizcaya
common\scripted_triggers\ITA_scripted_triggers.txt	458	2	Italy	Massachusetts
common\scripted_triggers\ITA_scripted_triggers.txt	459	157	Abruzzo	Hiiumaa
common\scripted_triggers\ITA_scripted_triggers.txt	460	162	Tuscany	Udmurt
common\scripted_triggers\ITA_scripted_triggers.txt	466	158	Piedmont	Caithness
common\scripted_triggers\ITA_scripted_triggers.txt	467	159	Lombardy	Hofudborgarsvaedid
common\scripted_triggers\ITA_scripted_triggers.txt	473	161	Emilia Romagna	Sutherland
common\scripted_triggers\ITA_scripted_triggers.txt	474	160	Veneto	Sudurnes
common\scripted_triggers\ITA_scripted_triggers.txt	475	736	Litorale	Timis-Torontal
common\scripted_triggers\ITA_scripted_triggers.txt	476	852	Istria	Soule
common\scripted_triggers\ITA_scripted_triggers.txt	493	852	Istria	Soule
common\scripted_triggers\ITA_scripted_triggers.txt	494	163	Dalmatia	Alvsborg
common\scripted_triggers\ITA_scripted_triggers.txt	495	736	Litorale	Timis-Torontal
common\scripted_triggers\ITA_scripted_triggers.txt	496	164	Dodecanese	Bornholm
common\scripted_triggers\ITA_scripted_triggers.txt	497	842	Tigray	Montgenevre
common\scripted_triggers\ITA_scripted_triggers.txt	498	44	Albania	Vestfirdir
common\scripted_triggers\ITA_scripted_triggers.txt	499	805	Northern Epirus	Firenze
common\scripted_triggers\JAP_scripted_triggers.txt	54	536	Hokkaido	Brno
common\scripted_triggers\JAP_scripted_triggers.txt	55	533	Akita	Ansbach
common\scripted_triggers\JAP_scripted_triggers.txt	56	1019	- South Tohoku	Syunik
common\scripted_triggers\JAP_scripted_triggers.txt	57	534	Niigata	Manche
common\scripted_triggers\JAP_scripted_triggers.txt	58	535	Nagano	Jihlava
common\scripted_triggers\JAP_scripted_triggers.txt	59	282	Japan	Rastenburg
common\scripted_triggers\JAP_scripted_triggers.txt	60	532	Nagoya	Olomouc
common\scripted_triggers\JAP_scripted_triggers.txt	61	531	Osaka	Oise
common\scripted_triggers\JAP_scripted_triggers.txt	62	530	Tokushima	Buchen
common\scripted_triggers\JAP_scripted_triggers.txt	63	529	Hiroshima	Jicin
common\scripted_triggers\JAP_scripted_triggers.txt	64	1020	- Sanin	Jabrayil
common\scripted_triggers\JAP_scripted_triggers.txt	65	528	Nagasaki	Zlin
common\scripted_triggers\JAP_scripted_triggers.txt	66	1018	- South Kyushu	Karayazi
common\scripted_triggers\JAP_scripted_triggers.txt	67	526	Okinawa	Zaolzie
common\scripted_triggers\JAP_scripted_triggers.txt	76	525	South Korea	Charleville-Mezieres
common\scripted_triggers\JAP_scripted_triggers.txt	77	1029	- Gangwon	Ciudad Real
common\scripted_triggers\JAP_scripted_triggers.txt	78	1031	- Chungcheong Jeolla	Bingol
common\scripted_triggers\JAP_scripted_triggers.txt	79	1030	- Gyeongsang	Luck
common\scripted_triggers\JAP_scripted_triggers.txt	80	527	North Korea	Vinnytsia
common\scripted_triggers\JAP_scripted_triggers.txt	81	1028	- Hamgyong	Dagestan
common\scripted_triggers\JAP_scripted_triggers.txt	88	525	South Korea	Charleville-Mezieres
common\scripted_triggers\JAP_scripted_triggers.txt	89	1029	- Gangwon	Ciudad Real
common\scripted_triggers\JAP_scripted_triggers.txt	90	1031	- Chungcheong Jeolla	Bingol
common\scripted_triggers\JAP_scripted_triggers.txt	91	1030	- Gyeongsang	Luck
common\scripted_triggers\JAP_scripted_triggers.txt	98	527	North Korea	Vinnytsia
common\scripted_triggers\JAP_scripted_triggers.txt	99	1028	- Hamgyong	Dagestan
common\scripted_triggers\kongs_core_scripted_triggers.txt	7	481	Sinaloa	Katowice
common\scripted_triggers\kongs_core_scripted_triggers.txt	11	526	Okinawa	Zaolzie
common\scripted_triggers\kongs_core_scripted_triggers.txt	13	441	Kashmir	Gorlitz
common\scripted_triggers\kongs_core_scripted_triggers.txt	19	281	India	Stralsund
common\scripted_triggers\kongs_core_scripted_triggers.txt	26	280	Brazil	Danzig
common\scripted_triggers\kongs_core_scripted_triggers.txt	33	339	Izmir	Landsberg
common\scripted_triggers\kongs_core_scripted_triggers.txt	35	282	Japan	Rastenburg
common\scripted_triggers\kongs_core_scripted_triggers.txt	51	593	Guangdong	Uzhorod a Mukacevo
common\scripted_triggers\kongs_core_scripted_triggers.txt	57	580	Siberia 7	Nyitra es Pozsony
common\scripted_triggers\kongs_core_scripted_triggers.txt	58	610	China 9	Komarom
common\scripted_triggers\kongs_core_scripted_triggers.txt	64	593	Guangdong	Uzhorod a Mukacevo
common\scripted_triggers\kongs_core_scripted_triggers.txt	69	564	TS 6	Northern Maramures
common\scripted_triggers\kongs_core_scripted_triggers.txt	76	649	Galapagos Islands	Nasaud
common\scripted_triggers\kongs_core_scripted_triggers.txt	79	628	Cebu	Maramures
common\scripted_triggers\kongs_core_scripted_triggers.txt	82	622	China 19	Satu Mare
common\scripted_triggers\kongs_core_scripted_triggers.txt	84	664	Southern Slovakia	Oradea
common\scripted_triggers\kongs_core_scripted_triggers.txt	86	639	Maiana	Salaj
common\scripted_triggers\kongs_core_scripted_triggers.txt	90	665	Gabes	Cluj
common\scripted_triggers\kongs_core_scripted_triggers.txt	97	282	Japan	Rastenburg
common\scripted_triggers\kongs_core_scripted_triggers.txt	122	475	Chiapas	Altenkirchen
common\scripted_triggers\kongs_core_scripted_triggers.txt	123	465	New Brunswick	Siegkreis
common\scripted_triggers\kongs_core_scripted_triggers.txt	124	431	Calcutta	Duesseldorf
common\scripted_triggers\kongs_core_scripted_triggers.txt	131	537	South Sakhalin	Saarland
common\scripted_triggers\kongs_core_scripted_triggers.txt	132	521	Queensland	Mainz
common\scripted_triggers\kongs_core_scripted_triggers.txt	136	524	Taiwan	Zweibruecken
common\scripted_triggers\kongs_core_scripted_triggers.txt	146	451	Derna	Zeeland
common\scripted_triggers\kongs_core_scripted_triggers.txt	149	479	Tamaulipas	Oost Noord-Brabant
common\scripted_triggers\kongs_core_scripted_triggers.txt	151	432	Assam	Limburg Voormaas
common\scripted_triggers\kongs_core_scripted_triggers.txt	156	945	- Cerro Largo	Dogu Istanbul
common\scripted_triggers\kongs_core_scripted_triggers.txt	159	948	- Easter Island	Kandira
common\scripted_triggers\kongs_core_scripted_triggers.txt	162	981	- Barotseland	Inegol
common\scripted_triggers\kongs_core_scripted_triggers.txt	166	991	Gwalior	Canakkale
common\scripted_triggers\kongs_core_scripted_triggers.txt	167	988	Baluchistan	Biga
common\scripted_triggers\kongs_core_scripted_triggers.txt	171	1050	Ajteh	Manisa
common\scripted_triggers\kongs_core_scripted_triggers.txt	172	1032	- Yanan	Izmir
common\scripted_triggers\kongs_core_scripted_triggers.txt	174	1081	- Otago	Aydin
common\scripted_triggers\kongs_core_scripted_triggers.txt	188	227	Stalino	Klaipedos
common\scripted_triggers\kongs_core_scripted_triggers.txt	206	656	Kuwait	Sieradz
common\scripted_triggers\kongs_core_scripted_triggers.txt	207	612	China 11	Wielun
common\scripted_triggers\kongs_core_scripted_triggers.txt	208	594	Nanning	Kalisz
common\scripted_triggers\kongs_core_scripted_triggers.txt	209	693	Southern Bahamas	Leczyca
common\scripted_triggers\kongs_core_scripted_triggers.txt	210	687	British Guyana	Konin
common\scripted_triggers\kongs_core_scripted_triggers.txt	215	481	Sinaloa	Katowice
common\scripted_triggers\kongs_core_scripted_triggers.txt	222	294	Oman	Druskieniki
common\scripted_triggers\kongs_core_scripted_triggers.txt	225	241	Pochep	Wilno
common\scripted_triggers\kongs_core_scripted_triggers.txt	227	236	Astrakhan	Swieciany
common\scripted_triggers\kongs_core_scripted_triggers.txt	247	794	Eastern Aragon	Ismail
common\scripted_triggers\kongs_core_scripted_triggers.txt	254	600	Jiangxi	Balti
common\scripted_triggers\kongs_core_scripted_triggers.txt	255	592	Guangzhou	Hotin
common\scripted_triggers\kongs_core_scripted_triggers.txt	258	590	Northern Kazakhstan	Storojinet
common\scripted_triggers\kongs_core_scripted_triggers.txt	279	306	Colombia	Augustow
common\scripted_triggers\kongs_core_scripted_triggers.txt	282	312	Honduras	Lomza
common\scripted_triggers\kongs_core_scripted_triggers.txt	284	319	Dominican Republic	Bielsk
common\scripted_triggers\kongs_core_scripted_triggers.txt	285	501	Saol Paulo	Lubaczow
common\scripted_triggers\kongs_core_scripted_triggers.txt	295	306	Colombia	Augustow
common\scripted_triggers\kongs_core_scripted_triggers.txt	298	312	Honduras	Lomza
common\scripted_triggers\kongs_core_scripted_triggers.txt	300	319	Dominican Republic	Bielsk
common\scripted_triggers\kongs_core_scripted_triggers.txt	301	501	Saol Paulo	Lubaczow
common\scripted_triggers\kongs_core_scripted_triggers.txt	304	294	Oman	Druskieniki
common\scripted_triggers\kongs_core_scripted_triggers.txt	306	236	Astrakhan	Swieciany
common\scripted_triggers\kongs_core_scripted_triggers.txt	311	312	Honduras	Lomza
common\scripted_triggers\kongs_core_scripted_triggers.txt	313	319	Dominican Republic	Bielsk
common\scripted_triggers\kongs_core_scripted_triggers.txt	315	306	Colombia	Augustow
common\scripted_triggers\kongs_core_scripted_triggers.txt	320	618	China 15	Ochakov
common\scripted_triggers\kongs_core_scripted_triggers.txt	322	613	China 12	Berezovka
common\scripted_triggers\kongs_core_scripted_triggers.txt	330	565	TS 7	Tomashpol
common\scripted_triggers\kongs_core_scripted_triggers.txt	341	467	Manitoba	Sosnowiec
common\scripted_triggers\kongs_core_scripted_triggers.txt	343	509	Gran Chaco	Biala
common\scripted_triggers\kongs_core_scripted_triggers.txt	346	923	Helgeland	Sanok
common\scripted_triggers\kongs_core_scripted_triggers.txt	349	46	Romania	Krasnystaw
common\scripted_triggers\kongs_core_scripted_triggers.txt	350	491	Loreto	Zamosc
common\scripted_triggers\kongs_core_scripted_triggers.txt	351	1002	Yazd	Chelm
common\scripted_triggers\kongs_core_scripted_triggers.txt	353	982	- Madras States	Sokolka
common\scripted_triggers\kongs_core_scripted_triggers.txt	355	351	Vologda	Ostrow Mazowiecka
common\scripted_triggers\kongs_core_scripted_triggers.txt	358	508	Argentine Northwest	Warszawa
common\scripted_triggers\kongs_core_scripted_triggers.txt	359	370	Mississippi	Grojec
common\scripted_triggers\kongs_core_scripted_triggers.txt	360	407	Uralsk	Sochaczew
common\scripted_triggers\kongs_core_scripted_triggers.txt	367	830	- Bukhara	La Coruna
common\scripted_triggers\kongs_core_scripted_triggers.txt	368	833	- Mari El	Lugo
common\scripted_triggers\kongs_core_scripted_triggers.txt	369	874	Magadan	Pontevedra
common\scripted_triggers\kongs_core_scripted_triggers.txt	370	887	South Darfur	Orense
common\scripted_triggers\kongs_core_scripted_triggers.txt	372	857	Ha'il	Leon
common\scripted_triggers\kongs_core_scripted_triggers.txt	373	898	Gao	Zamora
common\scripted_triggers\kongs_core_scripted_triggers.txt	374	943	- Espirito Santo	Salamanca
common\scripted_triggers\kongs_core_scripted_triggers.txt	375	950	- Araucania	Avila
common\scripted_triggers\kongs_core_scripted_triggers.txt	376	926	Turku	Segovia
common\scripted_triggers\kongs_core_scripted_triggers.txt	377	901	Borno	Soria
common\scripted_triggers\kongs_core_scripted_triggers.txt	378	883	Kassala	La Rioja
common\scripted_triggers\kongs_core_scripted_triggers.txt	379	859	Dammam	Burgos
common\scripted_triggers\kongs_core_scripted_triggers.txt	380	864	Yukon	Palencia
common\scripted_triggers\kongs_core_scripted_triggers.txt	381	897	Zambezia-Mocambique	Valladolid
common\scripted_triggers\kongs_core_scripted_triggers.txt	382	1035	- Nanjing	Badajoz
common\scripted_triggers\kongs_core_scripted_triggers.txt	383	987	- Waziristan	Caceres
common\scripted_triggers\kongs_core_scripted_triggers.txt	384	854	Jawf	Navarra
common\scripted_triggers\kongs_core_scripted_triggers.txt	385	880	Kotlas	Zaragoza
common\scripted_triggers\kongs_core_scripted_triggers.txt	387	1058	Batavia	Cordoba
common\scripted_triggers\kongs_core_scripted_triggers.txt	388	1079	Auckland	Sevilla
common\scripted_triggers\kongs_core_scripted_triggers.txt	389	1078	- Eastern Siam	Huelva
common\scripted_triggers\kongs_core_scripted_triggers.txt	403	893	Karas	Ceuta
common\scripted_triggers\kongs_core_scripted_triggers.txt	416	893	Karas	Ceuta
common\scripted_triggers\kongs_core_scripted_triggers.txt	423	871	Esperence-Goldfields	Pyrenees-Orientales
common\scripted_triggers\kongs_core_scripted_triggers.txt	429	845	Jura Mountains	Labourd et Basse-Navarre
common\scripted_triggers\kongs_core_scripted_triggers.txt	430	852	Istria	Soule
common\scripted_triggers\kongs_core_scripted_triggers.txt	446	668	The Moluccas	Dole
common\scripted_triggers\kongs_core_scripted_triggers.txt	447	658	Arab UK 1	Doubs
common\scripted_triggers\kongs_core_scripted_triggers.txt	449	668	The Moluccas	Dole
common\scripted_triggers\kongs_core_scripted_triggers.txt	451	638	Guam	Belfort
common\scripted_triggers\kongs_core_scripted_triggers.txt	453	627	Mindanao	Haute-Saone
common\scripted_triggers\kongs_core_scripted_triggers.txt	454	734	Nendo	Bassigny
common\scripted_triggers\kongs_core_scripted_triggers.txt	456	597	Shandong	Epinal
common\scripted_triggers\kongs_core_scripted_triggers.txt	457	598	Jiansu	Saint-Die
common\scripted_triggers\kongs_core_scripted_triggers.txt	459	570	TS 12	Nancy
common\scripted_triggers\kongs_core_scripted_triggers.txt	461	538	Cameroun	Verdun
common\scripted_triggers\kongs_core_scripted_triggers.txt	463	543	Madagascar	Bar-le-Duc
common\scripted_triggers\kongs_core_scripted_triggers.txt	466	544	East Africa	Briey
common\scripted_triggers\kongs_core_scripted_triggers.txt	491	339	Izmir	Landsberg
common\scripted_triggers\kongs_core_scripted_triggers.txt	493	3	Swiss Plateau	West Berlin
common\scripted_triggers\kongs_core_scripted_triggers.txt	499	441	Kashmir	Gorlitz
common\scripted_triggers\kongs_core_scripted_triggers.txt	505	281	India	Stralsund
common\scripted_triggers\kongs_core_scripted_triggers.txt	515	280	Brazil	Danzig
common\scripted_triggers\kongs_core_scripted_triggers.txt	517	58	Schleswig - Holstein	Hauts-de-Seine
common\scripted_triggers\kongs_core_scripted_triggers.txt	546	252	Nizhny Novogrod	Konigsberg
common\scripted_triggers\kongs_core_scripted_triggers.txt	558	754	Golog	Lika-Gacka
common\scripted_triggers\kongs_core_scripted_triggers.txt	577	811	Saaremaa	Sibenik
common\scripted_triggers\kongs_core_scripted_triggers.txt	581	884	Upper Nile	Kotor
common\scripted_triggers\kongs_core_scripted_triggers.txt	593	775	B.E.T.	Stara Pazova
common\scripted_triggers\kongs_core_scripted_triggers.txt	612	989	Bahawalpur	Kruse
common\scripted_triggers\kongs_core_scripted_triggers.txt	613	904	Nyanza-Rift Valley	Tetovo
common\scripted_triggers\kongs_core_scripted_triggers.txt	624	593	Guangdong	Uzhorod a Mukacevo
common\scripted_triggers\kongs_core_scripted_triggers.txt	627	564	TS 6	Northern Maramures
common\scripted_triggers\kongs_core_scripted_triggers.txt	642	1040	- Alxa	East Azerbaijan
common\scripted_triggers\kongs_core_scripted_triggers.txt	644	1025	- Zamboanga	Ardabil
common\scripted_triggers\kongs_core_scripted_triggers.txt	646	1024	- Sabah	West Azerbaijan
common\scripted_triggers\kongs_core_scripted_triggers.txt	661	272	French Africa	Fermanagh
common\scripted_triggers\kongs_core_scripted_triggers.txt	662	262	Torzhok	Tyrone
common\scripted_triggers\kongs_core_scripted_triggers.txt	663	254	Ryazan	Londonder
common\scripted_triggers\kongs_core_scripted_triggers.txt	664	253	Ivanovo	Antrim
common\scripted_triggers\kongs_core_scripted_triggers.txt	665	276	Canada	Armagh
common\scripted_triggers\kongs_core_scripted_triggers.txt	666	268	French Somaliland	Down
common\scripted_triggers\kongs_core_scripted_triggers.txt	674	621	China 18	Eisenstadt
common\scripted_triggers\kongs_core_scripted_triggers.txt	676	695	Curacao	Prekmurje
common\scripted_triggers\kongs_core_scripted_triggers.txt	686	762	Katowice	Istria
common\scripted_triggers\kongs_core_scripted_triggers.txt	700	491	Loreto	Zamosc
common\scripted_triggers\kongs_core_scripted_triggers.txt	701	46	Romania	Krasnystaw
common\scripted_triggers\kongs_core_scripted_triggers.txt	703	377	Arizona	Lublin
common\scripted_triggers\kongs_core_scripted_triggers.txt	704	1002	Yazd	Chelm
common\scripted_triggers\kongs_core_scripted_triggers.txt	706	1070	- Bougainville	Garwolin
common\scripted_triggers\kongs_core_scripted_triggers.txt	707	982	- Madras States	Sokolka
common\scripted_triggers\kongs_core_scripted_triggers.txt	710	351	Vologda	Ostrow Mazowiecka
common\scripted_triggers\kongs_core_scripted_triggers.txt	713	284	New Zealand	Suwalki
common\scripted_triggers\kongs_core_scripted_triggers.txt	719	22	Roussillion	Kalastajasaarento
common\scripted_triggers\kongs_core_scripted_triggers.txt	720	17	Alcase Lorraine	Petsamo
common\scripted_triggers\kongs_core_scripted_triggers.txt	722	33	Centre sud	Vanha Salla
common\scripted_triggers\kongs_core_scripted_triggers.txt	723	100	Iceland	Sortavala
common\scripted_triggers\kongs_core_scripted_triggers.txt	724	77	Dobrogea	Viipuri
common\scripted_triggers\kongs_core_scripted_triggers.txt	725	113	Ireland	Terijoki
common\scripted_triggers\kongs_core_scripted_triggers.txt	732	29	Pas de Calais	Suursaari
common\scripted_triggers\kongs_core_scripted_triggers.txt	733	36	Friesland	Lavansaari
common\scripted_triggers\kongs_core_scripted_triggers.txt	739	16	Ile de France	Rybachy Peninsula
common\scripted_triggers\kongs_core_scripted_triggers.txt	740	19	Aquitaine	Murmansk
common\scripted_triggers\kongs_core_scripted_triggers.txt	741	38	Sweden	Ukhta
common\scripted_triggers\kongs_core_scripted_triggers.txt	742	39	South Tyrol	Belomorsk
common\scripted_triggers\kongs_core_scripted_triggers.txt	743	52	Wuttemberg	Segezha
common\scripted_triggers\kongs_core_scripted_triggers.txt	744	62	Pommern	Repola
common\scripted_triggers\kongs_core_scripted_triggers.txt	745	74	East Sudatenland	Porajarvi
common\scripted_triggers\kongs_core_scripted_triggers.txt	746	59	Ost - Hannover	Suoyarvi
common\scripted_triggers\kongs_core_scripted_triggers.txt	747	24	Centre	Petrozavodsk
common\scripted_triggers\kongs_core_scripted_triggers.txt	748	57	Westfalen	Olonets
common\scripted_triggers\kongs_core_scripted_triggers.txt	750	30	Loire	Medvezhyegorsk
common\scripted_triggers\kongs_core_scripted_triggers.txt	755	61	Mecklenburg	Pudozh
common\scripted_triggers\kongs_core_scripted_triggers.txt	758	41	Madrid	Arkhangelsk
common\scripted_triggers\kongs_core_scripted_triggers.txt	763	212	Plovdiv	Malmohus
common\scripted_triggers\kongs_core_scripted_triggers.txt	764	202	Western Kiev	Kristianstad
common\scripted_triggers\kongs_core_scripted_triggers.txt	765	203	Cherkasy	Blekinge
common\scripted_triggers\kongs_core_scripted_triggers.txt	766	184	Thrace	Halland
common\scripted_triggers\kongs_core_scripted_triggers.txt	771	139	Smaland	Abenra-Sonderborg
common\scripted_triggers\kongs_core_scripted_triggers.txt	772	246	Rzhev	Tonder
common\scripted_triggers\kongs_core_scripted_triggers.txt	773	104	Bosnia	Haderslev
common\scripted_triggers\kongs_core_scripted_triggers.txt	774	228	Taganrog	Ribe
common\scripted_triggers\kongs_core_scripted_triggers.txt	775	223	tula	Vejle
common\scripted_triggers\kongs_core_scripted_triggers.txt	776	197	Mykolaiv	Ringkobing
common\scripted_triggers\kongs_core_scripted_triggers.txt	777	34	Wallonie	Skanderborg
common\scripted_triggers\kongs_core_scripted_triggers.txt	778	15	Normandy	Arhus
common\scripted_triggers\kongs_core_scripted_triggers.txt	779	76	Northern Transylvania	Randers
common\scripted_triggers\kongs_core_scripted_triggers.txt	780	181	Guarda	Viborg
common\scripted_triggers\kongs_core_scripted_triggers.txt	781	120	Scottish Highlands	Alborg
common\scripted_triggers\kongs_core_scripted_triggers.txt	782	140	Vaster Gotland	Hjorring
common\scripted_triggers\kongs_core_scripted_triggers.txt	783	144	Nord-Noreg	Thisted
common\scripted_triggers\kongs_scripted_core_groups.txt	12	1079	Auckland	Sevilla
common\scripted_triggers\kongs_scripted_core_groups.txt	14	1078	- Eastern Siam	Huelva
common\scripted_triggers\kongs_scripted_core_groups.txt	19	1058	Batavia	Cordoba
common\scripted_triggers\kongs_scripted_core_groups.txt	20	1063	- Pahang	Jaen
common\scripted_triggers\kongs_scripted_core_groups.txt	43	871	Esperence-Goldfields	Pyrenees-Orientales
common\scripted_triggers\kongs_scripted_core_groups.txt	50	1029	- Gangwon	Ciudad Real
common\scripted_triggers\kongs_scripted_core_groups.txt	51	999	Federated Shan States	Toledo
common\scripted_triggers\kongs_scripted_core_groups.txt	56	880	Kotlas	Zaragoza
common\scripted_triggers\kongs_scripted_core_groups.txt	63	870	Pilbara-Kimberley	Huesca
common\scripted_triggers\kongs_scripted_core_groups.txt	79	940	- Acre	Guadalajara
common\scripted_triggers\kongs_scripted_core_groups.txt	80	980	- Ardennes	Cuenca
common\scripted_triggers\kongs_scripted_core_groups.txt	85	854	Jawf	Navarra
common\scripted_triggers\kongs_scripted_core_groups.txt	90	851	Var	Guipuzcoa
common\scripted_triggers\kongs_scripted_core_groups.txt	91	860	Cote-Nord	Alava
common\scripted_triggers\kongs_scripted_core_groups.txt	92	849	Puglia	Vizcaya
common\scripted_triggers\kongs_scripted_core_groups.txt	97	859	Dammam	Burgos
common\scripted_triggers\kongs_scripted_core_groups.txt	98	883	Kassala	La Rioja
common\scripted_triggers\kongs_scripted_core_groups.txt	99	901	Borno	Soria
common\scripted_triggers\kongs_scripted_core_groups.txt	104	864	Yukon	Palencia
common\scripted_triggers\kongs_scripted_core_groups.txt	105	897	Zambezia-Mocambique	Valladolid
common\scripted_triggers\kongs_scripted_core_groups.txt	110	926	Turku	Segovia
common\scripted_triggers\kongs_scripted_core_groups.txt	111	950	- Araucania	Avila
common\scripted_triggers\kongs_scripted_core_groups.txt	112	951	- Arica	Madrid
common\scripted_triggers\kongs_scripted_core_groups.txt	117	943	- Espirito Santo	Salamanca
common\scripted_triggers\kongs_scripted_core_groups.txt	122	898	Gao	Zamora
common\scripted_triggers\kongs_scripted_core_groups.txt	123	857	Ha'il	Leon
common\scripted_triggers\kongs_scripted_core_groups.txt	163	893	Karas	Ceuta
common\scripted_triggers\kongs_scripted_core_groups.txt	216	1059	- Limbang	Diyarbakir
common\scripted_triggers\kongs_scripted_core_groups.txt	217	1065	- Penang	Adiyaman
common\scripted_triggers\kongs_scripted_core_groups.txt	223	1077	- Central Siam	Sirnak
common\scripted_triggers\kongs_scripted_core_groups.txt	224	1071	- Vanuatu	Baskale
common\scripted_triggers\kongs_scripted_core_groups.txt	226	1062	- Kelantan	Batman
common\scripted_triggers\kongs_scripted_core_groups.txt	231	1039	- Hebei-Chahar	Van
common\scripted_triggers\kongs_scripted_core_groups.txt	232	1051	East Java	Biltis
common\scripted_triggers\kongs_scripted_core_groups.txt	233	1033	- Fangchenggang	Mus
common\scripted_triggers\kongs_scripted_core_groups.txt	234	1018	- South Kyushu	Karayazi
common\scripted_triggers\kongs_scripted_core_groups.txt	235	1013	-Musamdam	Agri
common\scripted_triggers\kongs_scripted_core_groups.txt	236	1004	North Khorasan	Dogubayazit
common\scripted_triggers\kongs_scripted_core_groups.txt	237	1001	Kurdistan	Igdir
common\scripted_triggers\kongs_scripted_core_groups.txt	243	1047	Bangka-Belitung	Elazig
common\scripted_triggers\kongs_scripted_core_groups.txt	244	1031	- Chungcheong Jeolla	Bingol
common\scripted_triggers\kongs_scripted_core_groups.txt	246	1012	Kalat	Tunceli
common\scripted_triggers\SOV_scripted_triggers.txt	780	511	Cuyo	Rostov
common\scripted_triggers\SOV_scripted_triggers.txt	781	457	Aswan	Volgograd
common\scripted_triggers\SOV_scripted_triggers.txt	782	388	Montana	Kursk
common\scripted_triggers\SOV_scripted_triggers.txt	784	252	Nizhny Novogrod	Konigsberg
common\scripted_triggers\SOV_scripted_triggers.txt	785	536	Hokkaido	Brno
common\scripted_triggers\SOV_scripted_triggers.txt	789	508	Argentine Northwest	Warszawa
common\scripted_triggers\SOV_scripted_triggers.txt	790	133	Strathclyde	Harju
common\scripted_triggers\SOV_scripted_triggers.txt	791	172	Navarre	Riga
common\scripted_triggers\SOV_scripted_triggers.txt	792	633	Marshall Islands	Pest-Pilis
common\scripted_triggers\SOV_scripted_triggers.txt	793	801	Moesia	Ilfov
common\scripted_triggers\SOV_scripted_triggers.txt	795	513	Southern Algeria	Praha
common\scripted_triggers\SOV_scripted_triggers.txt	796	876	Udachny	Roma Centro
common\scripted_triggers\SOV_scripted_triggers.txt	797	661	Tripolitania	Bern
common\scripted_triggers\SOV_scripted_triggers.txt	801	114	Sardinia	Uusimaa
common\scripted_triggers\SOV_scripted_triggers.txt	802	141	Sodermanland	Stockholm
common\scripted_triggers\SOV_scripted_triggers.txt	803	110	Norway	Varmland
common\scripted_triggers\SOV_scripted_triggers.txt	804	124	Gotland	Oslo
common\scripted_triggers\SOV_scripted_triggers.txt	805	358	New York	Noord-Holland
common\scripted_triggers\SOV_scripted_triggers.txt	806	571	TS 13	Paris
common\scripted_triggers\SOV_scripted_triggers.txt	808	320	French India	Dublin
common\scripted_triggers\SOV_scripted_triggers.txt	811	229	baku	Moscow
common\scripted_triggers\SOV_scripted_triggers.txt	812	119	Northern Ireland	Leningrad
common\scripted_triggers\SOV_scripted_triggers.txt	813	241	Pochep	Wilno
common\scripted_triggers\SOV_scripted_triggers.txt	815	790	Asturias	Beograd
common\scripted_triggers\SOV_scripted_triggers.txt	817	932	Isle of Man	Bati Istanbul
common\scripted_triggers\SOV_scripted_triggers.txt	818	979	- Kaiser Wilhelms Land	Ankara
common\scripted_triggers\SOV_scripted_triggers.txt	820	951	- Arica	Madrid
common\scripted_triggers\SOV_scripted_triggers.txt	821	1042	- Khotan	Lisboa
common\scripted_triggers\SOV_scripted_triggers.txt	829	175	Ciudad Real	Sverdlovsk
common\scripted_triggers\SOV_scripted_triggers.txt	830	201	Zhytomyr	Bashkortostan
common\scripted_triggers\SOV_scripted_triggers.txt	831	97	Bialystok	Perm
common\scripted_triggers\SOV_scripted_triggers.txt	832	464	Nova Scotia	Aqtobe
common\scripted_triggers\SOV_scripted_triggers.txt	833	285	Austraila	Orenburg
common\scripted_triggers\SOV_scripted_triggers.txt	842	1006	Khyber Pass	Ahal
common\scripted_triggers\SOV_scripted_triggers.txt	843	430	Bangladesh	Batys Kazakhstan
common\scripted_triggers\SOV_scripted_triggers.txt	845	200	Rivne	Tatarstan
common\scripted_triggers\SOV_scripted_triggers.txt	846	270	Pitcarin Island	Kuybyshev
common\scripted_triggers\SOV_scripted_triggers.txt	847	108	Eastern Serbia	Kirov
common\scripted_triggers\SWE_scripted_triggers.txt	144	148	Lappi	Goteborgs och Bohus
common\scripted_triggers\SWE_scripted_triggers.txt	145	929	Oulu	Drama
common\scripted_triggers\SWE_scripted_triggers.txt	146	149	Vaasa	Skaraborg
common\scripted_triggers\SWE_scripted_triggers.txt	147	926	Turku	Segovia
common\scripted_triggers\SWE_scripted_triggers.txt	148	927	Hame	Tarragona
common\scripted_triggers\SWE_scripted_triggers.txt	149	111	Uusima	Hordaland
common\scripted_triggers\SWE_scripted_triggers.txt	150	146	Karelia	Saaremaa
common\scripted_triggers\SWE_scripted_triggers.txt	151	928	Kyme	Edirne
common\scripted_triggers\SWE_scripted_triggers.txt	152	930	Mikkeli	Zonguldak
common\scripted_triggers\SWE_scripted_triggers.txt	153	150	Kuopio	Ostergotland
common\scripted_triggers\SWI_scripted_triggers.txt	476	845	Jura Mountains	Labourd et Basse-Navarre
common\scripted_triggers\SWI_scripted_triggers.txt	477	3	Swiss Plateau	West Berlin
common\scripted_triggers\SWI_scripted_triggers.txt	478	847	Western Swiss Alps	Setubal
common\scripted_triggers\SWI_scripted_triggers.txt	479	846	Ticino	Pirot
common\scripted_triggers\SWI_scripted_triggers.txt	480	151	Eastern Swiss Alps	Pskov
common\scripted_triggers\SWI_scripted_triggers.txt	532	21	Bouches-du-Rhone	Pennsylvania
common\scripted_triggers\SWI_scripted_triggers.txt	533	851	Var	Guipuzcoa
common\scripted_triggers\SWI_scripted_triggers.txt	534	735	Savoy	Subotica
common\scripted_triggers\SWI_scripted_triggers.txt	535	32	Rhone Alpes	West Virginia
common\scripted_triggers\SWI_scripted_triggers.txt	536	158	Piedmont	Caithness
common\scripted_triggers\SWI_scripted_triggers.txt	537	159	Lombardy	Hofudborgarsvaedid
common\scripted_triggers\SWI_scripted_triggers.txt	538	850	Trentino	Aude
common\scripted_triggers\SWI_scripted_triggers.txt	539	39	South Tyrol	Belomorsk
common\scripted_triggers\SWI_scripted_triggers.txt	540	847	Western Swiss Alps	Setubal
common\scripted_triggers\SWI_scripted_triggers.txt	541	151	Eastern Swiss Alps	Pskov
common\scripted_triggers\SWI_scripted_triggers.txt	542	846	Ticino	Pirot
common\scripted_triggers\SWI_scripted_triggers.txt	543	848	Voralberg	Cantabria
common\scripted_triggers\SWI_scripted_triggers.txt	544	153	Tyrol	Yaroslavl
common\scripted_triggers\SWI_scripted_triggers.txt	545	152	Upper Austria	Tarto
common\scripted_triggers\SWI_scripted_triggers.txt	546	4	Austria	Finnmark
common\scripted_triggers\TUR_scripted_triggers.txt	363	49	Turkey	Nordurland vestra
common\scripted_triggers\TUR_scripted_triggers.txt	371	347	Izmit	Roskilde
common\scripted_triggers\TUR_scripted_triggers.txt	379	343	Afyon	Wicklow
common\scripted_triggers\TUR_scripted_triggers.txt	387	346	Konya	Drenthe
common\scripted_triggers\TUR_scripted_triggers.txt	395	342	Antalya	Denbighshire
common\scripted_triggers\TUR_scripted_triggers.txt	403	798	Amasya	Genova
common\scripted_triggers\TUR_scripted_triggers.txt	411	356	Sinop	Norfolk
common\scripted_triggers\TUR_scripted_triggers.txt	419	348	Kayseri	Tipperary
common\scripted_triggers\TUR_scripted_triggers.txt	427	344	Adana	Staffordshire
common\scripted_triggers\TUR_scripted_triggers.txt	435	349	Silvas	Clare
common\scripted_triggers\TUR_scripted_triggers.txt	443	355	Samsun	Shropshire
common\scripted_triggers\TUR_scripted_triggers.txt	451	345	Mersin	Laoighis
common\scripted_triggers\TUR_scripted_triggers.txt	467	49	Turkey	Nordurland vestra
common\scripted_triggers\TUR_scripted_triggers.txt	474	347	Izmit	Roskilde
common\scripted_triggers\TUR_scripted_triggers.txt	481	343	Afyon	Wicklow
common\scripted_triggers\TUR_scripted_triggers.txt	488	354	Trabzon	Merionethshire
common\scripted_triggers\TUR_scripted_triggers.txt	495	346	Konya	Drenthe
common\scripted_triggers\TUR_scripted_triggers.txt	502	342	Antalya	Denbighshire
common\scripted_triggers\TUR_scripted_triggers.txt	509	341	Edirne	Anglesey
common\scripted_triggers\TUR_scripted_triggers.txt	516	797	Istanbul	Dolj
common\scripted_triggers\TUR_scripted_triggers.txt	523	339	Izmir	Landsberg
common\scripted_triggers\TUR_scripted_triggers.txt	530	340	Bursa	Buda-Kashalyova
common\scripted_triggers\TUR_scripted_triggers.txt	545	49	Turkey	Nordurland vestra
common\scripted_triggers\TUR_scripted_triggers.txt	549	347	Izmit	Roskilde
common\scripted_triggers\TUR_scripted_triggers.txt	553	343	Afyon	Wicklow
common\scripted_triggers\TUR_scripted_triggers.txt	557	346	Konya	Drenthe
common\scripted_triggers\TUR_scripted_triggers.txt	561	342	Antalya	Denbighshire
common\scripted_triggers\TUR_scripted_triggers.txt	573	350	Diyarbekir	Meppen
common\scripted_triggers\TUR_scripted_triggers.txt	581	353	Erzurum	Dessau
common\scripted_triggers\TUR_scripted_triggers.txt	589	800	Van	Romanati
common\scripted_triggers\TUR_scripted_triggers.txt	597	352	Hakkari	Hannover
common\scripted_triggers\TUR_scripted_triggers.txt	613	350	Diyarbekir	Meppen
common\scripted_triggers\TUR_scripted_triggers.txt	618	353	Erzurum	Dessau
common\scripted_triggers\TUR_scripted_triggers.txt	623	800	Van	Romanati
common\scripted_triggers\TUR_scripted_triggers.txt	628	352	Hakkari	Hannover
common\scripted_triggers\TUR_scripted_triggers.txt	665	797	Istanbul	Dolj
common\scripted_triggers\TUR_scripted_triggers.txt	672	797	Istanbul	Dolj
common\scripted_triggers\TUR_scripted_triggers.txt	687	797	Istanbul	Dolj
common\scripted_triggers\TUR_scripted_triggers.txt	734	341	Edirne	Anglesey
common\scripted_triggers\TUR_scripted_triggers.txt	735	211	Burgas	Kinross
common\scripted_triggers\TUR_scripted_triggers.txt	736	77	Dobrogea	Viipuri
common\scripted_triggers\TUR_scripted_triggers.txt	737	46	Romania	Krasnystaw
common\scripted_triggers\TUR_scripted_triggers.txt	738	766	Southern Bessarabia	Cantal
common\scripted_triggers\TUR_scripted_triggers.txt	739	192	Odessa	Bute
common\scripted_triggers\TUR_scripted_triggers.txt	740	197	Mykolaiv	Ringkobing
common\scripted_triggers\TUR_scripted_triggers.txt	741	196	Kherson	Jelgava
common\scripted_triggers\TUR_scripted_triggers.txt	742	200	Rivne	Tatarstan
common\scripted_triggers\TUR_scripted_triggers.txt	743	137	Crimea	Jaanilinn
common\scripted_triggers\TUR_scripted_triggers.txt	744	227	Stalino	Klaipedos
common\scripted_triggers\TUR_scripted_triggers.txt	745	218	Rostov Area	Vyazma
common\scripted_triggers\TUR_scripted_triggers.txt	746	234	Krasodar	Northumberland
common\scripted_triggers\TUR_scripted_triggers.txt	747	233	Caucasus Mountains	Peebles
common\scripted_triggers\TUR_scripted_triggers.txt	748	826	- Abkhazia	Kabardino-Balkar
common\scripted_triggers\TUR_scripted_triggers.txt	749	231	Georgia	Lida
common\scripted_triggers\TUR_scripted_triggers.txt	750	354	Trabzon	Merionethshire
common\scripted_triggers\TUR_scripted_triggers.txt	751	355	Samsun	Shropshire
common\scripted_triggers\TUR_scripted_triggers.txt	752	356	Sinop	Norfolk
common\scripted_triggers\TUR_scripted_triggers.txt	753	347	Izmit	Roskilde
common\scripted_triggers\USA_scripted_triggers.txt	9	629	Hawaii	Campulung
common\scripted_triggers\USA_scripted_triggers.txt	10	463	Alaska	Eisenach
common\scripted_triggers\USA_scripted_triggers.txt	11	483	Sonora	Westerburg
common\scripted_triggers\USA_scripted_triggers.txt	12	484	Baja California	Nisko
common\scripted_triggers\USA_scripted_triggers.txt	13	685	Panama Canal	Graubunden
common\scripted_triggers\USA_scripted_triggers.txt	14	304	Panama	Meath
common\scripted_triggers\USA_scripted_triggers.txt	23	100	Iceland	Sortavala
common\scripted_triggers\USA_scripted_triggers.txt	24	101	Greenland	Taurages
common\scripted_triggers\USA_scripted_triggers.txt	25	331	Newfoundland	Groningen
common\scripted_triggers\USA_scripted_triggers.txt	26	332	Labrador	Celle
common\scripted_triggers\USA_scripted_triggers.txt	27	464	Nova Scotia	Aqtobe
common\scripted_triggers\USA_scripted_triggers.txt	28	696	Bermuda	Krasnodar
common\scripted_triggers\USA_scripted_triggers.txt	29	315	Cuba	Kobenhavn
common\scripted_triggers\USA_scripted_triggers.txt	30	690	Bahama Islands	Somogy
common\scripted_triggers\USA_scripted_triggers.txt	31	693	Southern Bahamas	Leczyca
common\scripted_triggers\USA_scripted_triggers.txt	32	318	Haiti	Oryol
common\scripted_triggers\USA_scripted_triggers.txt	33	319	Dominican Republic	Bielsk
common\scripted_triggers\USA_scripted_triggers.txt	34	686	Puerto Rico	Beius
common\scripted_triggers\USA_scripted_triggers.txt	35	689	Jamaica	Tutova
common\scripted_triggers\USA_scripted_triggers.txt	36	691	Trinidad	Macon
common\scripted_triggers\WTT_scripted_triggers.txt	43	743	Qingdao	Ljubljana
common\scripted_triggers\WTT_scripted_triggers.txt	44	608	Beijing	Mateszalka
common\scripted_triggers\WTT_scripted_triggers.txt	45	326	HongKong	Wolkowysk
common\scripted_triggers\WTT_scripted_triggers.txt	46	729	Macau	Loire
common\scripted_triggers\WTT_scripted_triggers.txt	47	728	Guangzhouwan	Rhone
common\scripted_triggers\WTT_scripted_triggers.txt	48	591	Hainan	Malacky
common\scripted_triggers\WTT_scripted_triggers.txt	49	597	Shandong	Epinal
common\scripted_triggers\WTT_scripted_triggers.txt	50	614	China 13	Nikolayev
common\scripted_triggers\WTT_scripted_triggers.txt	51	1038	- Jinan	Akhisar
common\technologies\industry.txt	1170	927	Hame	Tarragona
common\unit_medals\00_default.txt	1875	76	Northern Transylvania	Randers
common\unit_medals\00_default.txt	1876	83	crisana	Oppland
common\unit_medals\00_default.txt	1877	84	Transylvania	Gavleborg
common\unit_medals\00_default.txt	1878	82	Banat	Chodziez
events\AAT_Denmark.txt	10446	226	Nikopol	Gotland
events\AAT_Denmark.txt	10461	226	Nikopol	Gotland
events\AAT_Finland.txt	356	929	Oulu	Drama
events\AAT_Finland.txt	391	722	Petsamo	Baranya
events\AAT_Finland.txt	426	926	Turku	Segovia
events\AAT_Finland.txt	461	148	Lappi	Goteborgs och Bohus
events\AAT_Finland.txt	1108	666	Norrnorrland	omg its the devil number
events\AAT_Finland.txt	1109	918	Vasterbotten	Quba-Xacmaz
events\AAT_Finland.txt	1110	144	Nord-Noreg	Thisted
events\AAT_Finland.txt	1111	924	Troms	Samsun
events\AAT_Finland.txt	1112	925	Finnmark	Ardahan
events\AAT_Finland.txt	1144	666	Norrnorrland	omg its the devil number
events\AAT_Finland.txt	1145	918	Vasterbotten	Quba-Xacmaz
events\AAT_Finland.txt	1146	144	Nord-Noreg	Thisted
events\AAT_Finland.txt	1147	924	Troms	Samsun
events\AAT_Finland.txt	1148	925	Finnmark	Ardahan
events\AAT_Finland.txt	1159	666	Norrnorrland	omg its the devil number
events\AAT_Finland.txt	1160	918	Vasterbotten	Quba-Xacmaz
events\AAT_Finland.txt	1161	144	Nord-Noreg	Thisted
events\AAT_Finland.txt	1162	924	Troms	Samsun
events\AAT_Finland.txt	1163	925	Finnmark	Ardahan
events\AAT_Finland.txt	1199	666	Norrnorrland	omg its the devil number
events\AAT_Finland.txt	1200	918	Vasterbotten	Quba-Xacmaz
events\AAT_Finland.txt	1201	144	Nord-Noreg	Thisted
events\AAT_Finland.txt	1202	924	Troms	Samsun
events\AAT_Finland.txt	1203	925	Finnmark	Ardahan
events\AAT_Finland.txt	1250	666	Norrnorrland	omg its the devil number
events\AAT_Finland.txt	1251	918	Vasterbotten	Quba-Xacmaz
events\AAT_Finland.txt	1252	144	Nord-Noreg	Thisted
events\AAT_Finland.txt	1253	924	Troms	Samsun
events\AAT_Finland.txt	1254	925	Finnmark	Ardahan
events\AAT_Finland.txt	1342	213	Murmansk	Dunbarton
events\AAT_Finland.txt	1343	215	Eastern Karelia	Gorodok
events\AAT_Finland.txt	1344	216	Below Zero	Frederiksborg
events\AAT_Finland.txt	1376	213	Murmansk	Dunbarton
events\AAT_Finland.txt	1377	215	Eastern Karelia	Gorodok
events\AAT_Finland.txt	1378	216	Below Zero	Frederiksborg
events\AAT_Finland.txt	1389	213	Murmansk	Dunbarton
events\AAT_Finland.txt	1390	215	Eastern Karelia	Gorodok
events\AAT_Finland.txt	1391	216	Below Zero	Frederiksborg
events\AAT_Finland.txt	1427	213	Murmansk	Dunbarton
events\AAT_Finland.txt	1428	215	Eastern Karelia	Gorodok
events\AAT_Finland.txt	1429	216	Below Zero	Frederiksborg
events\AAT_Finland.txt	1477	213	Murmansk	Dunbarton
events\AAT_Finland.txt	1478	215	Eastern Karelia	Gorodok
events\AAT_Finland.txt	1479	216	Below Zero	Frederiksborg
events\AAT_Finland.txt	2518	148	Lappi	Goteborgs och Bohus
events\AAT_Finland.txt	2632	148	Lappi	Goteborgs och Bohus
events\AAT_Finland.txt	2918	213	Murmansk	Dunbarton
events\AAT_Finland.txt	2925	215	Eastern Karelia	Gorodok
events\AAT_Finland.txt	2932	216	Below Zero	Frederiksborg
events\AAT_Finland.txt	3011	213	Murmansk	Dunbarton
events\AAT_Finland.txt	3018	215	Eastern Karelia	Gorodok
events\AAT_Finland.txt	3025	216	Below Zero	Frederiksborg
events\AAT_Finland.txt	3565	146	Karelia	Saaremaa
events\AAT_Finland.txt	3575	147	Salla	Vest-Agder
events\AAT_Finland.txt	3585	722	Petsamo	Baranya
events\AAT_Finland.txt	4410	215	Eastern Karelia	Gorodok
events\AAT_Finland.txt	4443	216	Below Zero	Frederiksborg
events\AAT_Finland.txt	4473	146	Karelia	Saaremaa
events\AAT_Finland.txt	4498	147	Salla	Vest-Agder
events\AAT_Finland.txt	4519	215	Eastern Karelia	Gorodok
events\AAT_Finland.txt	4522	215	Eastern Karelia	Gorodok
events\AAT_Finland.txt	4687	215	Eastern Karelia	Gorodok
events\AAT_Finland.txt	4721	216	Below Zero	Frederiksborg
events\AAT_Finland.txt	4751	146	Karelia	Saaremaa
events\AAT_Finland.txt	4776	147	Salla	Vest-Agder
events\AAT_Finland.txt	4794	215	Eastern Karelia	Gorodok
events\AAT_Finland.txt	4797	215	Eastern Karelia	Gorodok
events\AAT_Finland.txt	4948	215	Eastern Karelia	Gorodok
events\AAT_Finland.txt	4950	215	Eastern Karelia	Gorodok
events\AAT_Finland.txt	4954	216	Below Zero	Frederiksborg
events\AAT_Finland.txt	4956	216	Below Zero	Frederiksborg
events\AAT_Finland.txt	4960	146	Karelia	Saaremaa
events\AAT_Finland.txt	4962	146	Karelia	Saaremaa
events\AAT_Finland.txt	4966	147	Salla	Vest-Agder
events\AAT_Finland.txt	4968	147	Salla	Vest-Agder
events\AAT_Finland.txt	5097	215	Eastern Karelia	Gorodok
events\AAT_Finland.txt	5099	215	Eastern Karelia	Gorodok
events\AAT_Finland.txt	5103	216	Below Zero	Frederiksborg
events\AAT_Finland.txt	5105	216	Below Zero	Frederiksborg
events\AAT_Finland.txt	5109	146	Karelia	Saaremaa
events\AAT_Finland.txt	5111	146	Karelia	Saaremaa
events\AAT_Finland.txt	5115	147	Salla	Vest-Agder
events\AAT_Finland.txt	5117	147	Salla	Vest-Agder
events\AAT_Generic_Events.txt	141	337	Faroe Islands	Kildare
events\AAT_Generic_Events.txt	228	101	Greenland	Taurages
events\AAT_Generic_Events.txt	320	101	Greenland	Taurages
events\AAT_Generic_Events.txt	338	337	Faroe Islands	Kildare
events\AAT_Iceland.txt	958	101	Greenland	Taurages
events\AAT_Iceland.txt	1092	90	Lwow	Faero
events\AAT_Iceland.txt	1093	187	Aegean Islands	Orkney
events\AAT_Iceland.txt	1094	116	Malta	Zetland
events\AAT_Iceland.txt	1125	90	Lwow	Faero
events\AAT_Iceland.txt	1141	116	Malta	Zetland
events\AAT_Iceland.txt	1142	187	Aegean Islands	Orkney
events\AAT_Iceland.txt	1159	116	Malta	Zetland
events\AAT_Iceland.txt	1174	187	Aegean Islands	Orkney
events\AAT_Norway.txt	3174	914	JanMayen	Samtskhe
events\AAT_Sweden.txt	3491	164	Dodecanese	Bornholm
events\AAT_Sweden.txt	3627	90	Lwow	Faero
events\AAT_Sweden.txt	3947	98	Mazurskie	Aland
events\AAT_Sweden.txt	4002	98	Mazurskie	Aland
events\AAT_Sweden.txt	4808	226	Nikopol	Gotland
events\AAT_Sweden.txt	4906	226	Nikopol	Gotland
events\AAT_Sweden.txt	4928	226	Nikopol	Gotland
events\AAT_Sweden.txt	5023	226	Nikopol	Gotland
events\AAT_Sweden.txt	5034	226	Nikopol	Gotland
events\AAT_Sweden.txt	5045	226	Nikopol	Gotland
events\AAT_Sweden.txt	5056	226	Nikopol	Gotland
events\AAT_Sweden.txt	5072	226	Nikopol	Gotland
events\AAT_Sweden.txt	5083	226	Nikopol	Gotland
events\AAT_Sweden.txt	5093	226	Nikopol	Gotland
events\AAT_Sweden.txt	5104	226	Nikopol	Gotland
events\AAT_Sweden.txt	5115	226	Nikopol	Gotland
events\AAT_Sweden.txt	5973	145	Aland	Laane
events\AAT_Sweden.txt	6049	98	Mazurskie	Aland
events\AAT_Sweden.txt	7995	141	Sodermanland	Stockholm
events\BBA_Italy.txt	3898	876	Udachny	Roma Centro
events\BBA_Italy.txt	3904	742	Stalinabad	Venezia
events\BBA_Italy.txt	6028	934	Shkoder	Napoli
events\BBA_Italy.txt	7340	708	Comoro Islands	Ticino
events\BBA_Italy.txt	7583	762	Katowice	Istria
events\BBA_Italy.txt	7586	762	Katowice	Istria
events\BBA_Italy.txt	7710	762	Katowice	Istria
events\BBA_Italy.txt	7715	762	Katowice	Istria
events\BBA_Italy.txt	7785	762	Katowice	Istria
events\BBA_Italy.txt	8014	932	Isle of Man	Bati Istanbul
events\BBA_Italy.txt	8015	945	- Cerro Largo	Dogu Istanbul
events\BBA_Italy.txt	8017	991	Gwalior	Canakkale
events\BBA_Italy.txt	8102	164	Dodecanese	Bornholm
events\BBA_Italy.txt	8205	164	Dodecanese	Bornholm
events\BBA_Italy.txt	9111	116	Malta	Zetland
events\BBA_Italy.txt	10025	454	Israel	West-Vlaanderen
events\BBA_Switzerland.txt	3213	654	sov state 8	Voralberg
events\BBA_Switzerland.txt	3223	654	sov state 8	Voralberg
events\BBA_Switzerland.txt	3225	654	sov state 8	Voralberg
events\BBA_Switzerland.txt	3229	654	sov state 8	Voralberg
events\BBA_Switzerland.txt	3702	654	sov state 8	Voralberg
events\BBA_Switzerland.txt	3816	654	sov state 8	Voralberg
events\BBA_Switzerland.txt	3870	654	sov state 8	Voralberg
events\BFTB_Greece.txt	2968	953	- Tierra del Fuego	Kars
events\BFTB_Greece.txt	2969	953	- Tierra del Fuego	Kars
events\BFTB_Greece.txt	2970	953	- Tierra del Fuego	Kars
events\BFTB_Greece.txt	2973	953	- Tierra del Fuego	Kars
events\BFTB_Greece.txt	3049	1049	Medan and Riouw	Malatya
events\BFTB_Greece.txt	3050	1060	- Johor	Kahramanmaras
events\BFTB_Greece.txt	3054	1049	Medan and Riouw	Malatya
events\BFTB_Greece.txt	3055	1060	- Johor	Kahramanmaras
events\BFTB_Greece.txt	3061	680	Deir-az-Zur	Mures
events\BFTB_Greece.txt	3175	342	Antalya	Denbighshire
events\BFTB_Greece.txt	3538	928	Kyme	Edirne
events\BFTB_Greece.txt	3647	928	Kyme	Edirne
events\BFTB_Greece.txt	4254	183	Cyprus	Inverness
events\BFTB_Greece.txt	5163	932	Isle of Man	Bati Istanbul
events\BFTB_Greece.txt	5165	885	Bahr al Ghazal	Korce
events\BFTB_Greece.txt	5375	1015	- Interior Oman	Larissa
events\BFTB_Greece.txt	5385	941	- Tocantins	Thessaloniki
events\BFTB_Greece.txt	5395	910	Bornholm	Evros
events\BFTB_Greece.txt	7308	797	Istanbul	Dolj
events\BFTB_NewsEvents.txt	932	797	Istanbul	Dolj
events\BFTB_Turkey.txt	938	932	Isle of Man	Bati Istanbul
events\BFTB_Turkey.txt	966	932	Isle of Man	Bati Istanbul
events\BFTB_Turkey.txt	994	932	Isle of Man	Bati Istanbul
events\BFTB_Turkey.txt	1022	932	Isle of Man	Bati Istanbul
events\BFTB_Turkey.txt	1050	932	Isle of Man	Bati Istanbul
events\BFTB_Turkey.txt	1584	342	Antalya	Denbighshire
events\BFTB_Turkey.txt	1639	342	Antalya	Denbighshire
events\BFTB_Turkey.txt	1640	164	Dodecanese	Bornholm
events\BFTB_Turkey.txt	1785	164	Dodecanese	Bornholm
events\BFTB_Turkey.txt	1804	164	Dodecanese	Bornholm
events\BFTB_Turkey.txt	1868	164	Dodecanese	Bornholm
events\BFTB_Turkey.txt	1907	231	Georgia	Lida
events\BFTB_Turkey.txt	1912	354	Trabzon	Merionethshire
events\BFTB_Turkey.txt	1935	231	Georgia	Lida
events\BFTB_Turkey.txt	1956	231	Georgia	Lida
events\BFTB_Turkey.txt	1961	354	Trabzon	Merionethshire
events\BFTB_Turkey.txt	2256	656	Kuwait	Sieradz
events\BFTB_Turkey.txt	2257	658	Arab UK 1	Doubs
events\BFTB_Turkey.txt	2258	765	Qatar	Braila
events\BFTB_Turkey.txt	2259	659	Arabian UK 2	Veszprem
events\BFTB_Turkey.txt	2289	656	Kuwait	Sieradz
events\BFTB_Turkey.txt	2290	658	Arab UK 1	Doubs
events\BFTB_Turkey.txt	2291	765	Qatar	Braila
events\BFTB_Turkey.txt	2292	659	Arabian UK 2	Veszprem
events\BFTB_Turkey.txt	2574	342	Antalya	Denbighshire
events\BFTB_Turkey.txt	2679	343	Afyon	Wicklow
events\BFTB_Turkey.txt	2712	342	Antalya	Denbighshire
events\BFTB_Turkey.txt	2919	676	Mosul	Zala
events\BFTB_Turkey.txt	3359	676	Mosul	Zala
events\BFTB_Turkey.txt	3363	291	Iraq	Cavan
events\Bulgaria.txt	20	818	Khovd	Bazargic
events\Bulgaria.txt	22	818	Khovd	Bazargic
events\Bulgaria.txt	30	818	Khovd	Bazargic
events\Bulgaria.txt	105	865	Northern Saskatchewan	Vranje
events\Bulgaria.txt	108	846	Ticino	Pirot
events\DOD_Hungary.txt	3284	593	Guangdong	Uzhorod a Mukacevo
events\DOD_Hungary.txt	3620	735	Savoy	Subotica
events\DOD_Hungary.txt	3790	743	Qingdao	Ljubljana
events\DOD_Hungary.txt	3792	695	Curacao	Prekmurje
events\DOD_Hungary.txt	3793	712	Cocos Islands	Medimurje
events\DOD_Hungary.txt	4033	743	Qingdao	Ljubljana
events\DOD_Hungary.txt	4035	695	Curacao	Prekmurje
events\DOD_Hungary.txt	4036	712	Cocos Islands	Medimurje
events\DOD_Hungary.txt	4048	743	Qingdao	Ljubljana
events\DOD_Hungary.txt	4059	735	Savoy	Subotica
events\DOD_Hungary.txt	4063	695	Curacao	Prekmurje
events\DOD_Hungary.txt	4064	712	Cocos Islands	Medimurje
events\DOD_Romania.txt	1175	881	Karagandy	Podgorica
events\DOD_Romania.txt	1182	881	Karagandy	Podgorica
events\DOD_Romania.txt	1204	103	Croatia	Kanta-Hame
events\DOD_Romania.txt	1210	104	Bosnia	Haderslev
events\DOD_Romania.txt	1216	109	Eastern Croatia	Varsinais-Suomi
events\DOD_Romania.txt	1226	102	North-Eastern Slovenia	Volkhov
events\DOD_Romania.txt	1236	102	North-Eastern Slovenia	Volkhov
events\DOD_Romania.txt	2045	610	China 9	Komarom
events\DOD_Romania.txt	2046	580	Siberia 7	Nyitra es Pozsony
events\DOD_Romania.txt	2050	631	Midway Island	Hajdu
events\DOD_Romania.txt	2051	562	TS 4	Sobrance
events\DOD_Romania.txt	2054	564	TS 6	Northern Maramures
events\DOD_Romania.txt	2055	593	Guangdong	Uzhorod a Mukacevo
events\DOD_Romania.txt	2070	69	Sudatenland	nice
events\DOD_Romania.txt	3135	217	Stalingrad Area	East Lothian
events\DOD_Romania.txt	3136	195	Leningrad Area	Moscow Oblast
events\DOD_Yugoslavia.txt	5827	811	Saaremaa	Sibenik
events\DOD_Yugoslavia.txt	5840	884	Upper Nile	Kotor
events\Finland.txt	42	36	Friesland	Lavansaari
events\Finland.txt	43	105	Montenegro	Hankoniemi
events\Finland.txt	44	29	Pas de Calais	Suursaari
events\Finland.txt	47	62	Pommern	Repola
events\Finland.txt	48	74	East Sudatenland	Porajarvi
events\Finland.txt	369	17	Alcase Lorraine	Petsamo
events\Finland.txt	377	22	Roussillion	Kalastajasaarento
events\Finland.txt	378	100	Iceland	Sortavala
events\Finland.txt	379	77	Dobrogea	Viipuri
events\Finland.txt	380	113	Ireland	Terijoki
events\Finland.txt	382	33	Centre sud	Vanha Salla
events\Finland.txt	383	36	Friesland	Lavansaari
events\Finland.txt	385	105	Montenegro	Hankoniemi
events\Finland.txt	386	29	Pas de Calais	Suursaari
events\Finland.txt	432	22	Roussillion	Kalastajasaarento
events\Finland.txt	433	100	Iceland	Sortavala
events\Finland.txt	434	77	Dobrogea	Viipuri
events\Finland.txt	435	113	Ireland	Terijoki
events\Finland.txt	437	33	Centre sud	Vanha Salla
events\Finland.txt	438	36	Friesland	Lavansaari
events\Finland.txt	440	105	Montenegro	Hankoniemi
events\Finland.txt	441	29	Pas de Calais	Suursaari
events\France.txt	198	750	Changde	Mont-Blanc
events\France.txt	200	771	Zambia	Modane
events\France.txt	202	842	Tigray	Montgenevre
events\France.txt	204	810	Zemgale	Nice
events\France.txt	205	817	Gobi	Menton
events\France.txt	567	866	Districts of Ontario	Corse-du-Sud
events\France.txt	604	871	Esperence-Goldfields	Pyrenees-Orientales
events\France.txt	639	699	Rio de Oro	Allier
events\France.txt	779	866	Districts of Ontario	Corse-du-Sud
events\France.txt	804	871	Esperence-Goldfields	Pyrenees-Orientales
events\France.txt	840	699	Rio de Oro	Allier
events\France.txt	884	16	Ile de France	Rybachy Peninsula
events\France.txt	885	635	New Caledonia	Murtal und Murau
events\France.txt	888	635	New Caledonia	Murtal und Murau
events\France.txt	890	635	New Caledonia	Murtal und Murau
events\France.txt	1035	866	Districts of Ontario	Corse-du-Sud
events\France.txt	1060	699	Rio de Oro	Allier
events\France.txt	1714	735	Savoy	Subotica
events\France.txt	1718	1	France	Quebec
events\France.txt	1727	554	Syria	Passau
events\France.txt	1728	677	Aleppo	Bekes
events\France.txt	1729	680	Deir-az-Zur	Mures
events\France.txt	1739	554	Syria	Passau
events\France.txt	1740	554	Syria	Passau
events\France.txt	1743	677	Aleppo	Bekes
events\France.txt	1744	677	Aleppo	Bekes
events\France.txt	1747	680	Deir-az-Zur	Mures
events\France.txt	1748	680	Deir-az-Zur	Mures
events\Germany.txt	199	77	Dobrogea	Viipuri
events\Germany.txt	206	113	Ireland	Terijoki
events\Germany.txt	218	100	Iceland	Sortavala
events\Germany.txt	225	33	Centre sud	Vanha Salla
events\Germany.txt	237	17	Alcase Lorraine	Petsamo
events\Germany.txt	244	22	Roussillion	Kalastajasaarento
events\Germany.txt	844	1030	- Gyeongsang	Luck
events\Germany.txt	981	227	Stalino	Klaipedos
events\Germany.txt	982	227	Stalino	Klaipedos
events\Germany.txt	2311	522	Western Australia	Tachau
events\Germany.txt	2312	498	Rio Grande	Eger
events\Germany.txt	2314	471	Northwestern Canada	Aussig
events\Germany.txt	2315	473	British Columbia	Reichenberg
events\Germany.txt	2317	504	Iguacu	Zwittau
events\Germany.txt	2318	499	Bahia	Sternberg
events\Germany.txt	2320	507	Southern Chile	Troppau
events\Germany.txt	2326	522	Western Australia	Tachau
events\Germany.txt	2327	498	Rio Grande	Eger
events\Germany.txt	2329	471	Northwestern Canada	Aussig
events\Germany.txt	2330	473	British Columbia	Reichenberg
events\Germany.txt	2332	504	Iguacu	Zwittau
events\Germany.txt	2333	499	Bahia	Sternberg
events\Germany.txt	2335	507	Southern Chile	Troppau
events\Germany.txt	2395	610	China 9	Komarom
events\Germany.txt	2396	580	Siberia 7	Nyitra es Pozsony
events\Germany.txt	2401	593	Guangdong	Uzhorod a Mukacevo
events\Germany.txt	2421	526	Okinawa	Zaolzie
events\Germany.txt	2817	591	Hainan	Malacky
events\Germany.txt	2828	555	Lagos	Trencin
events\Germany.txt	2850	586	Kyrgyzstan	Nitra
events\Germany.txt	2872	577	Siberia 4	Zilina
events\Germany.txt	2883	541	South West Africa	Tatra
events\Germany.txt	2894	574	Siberia 1	Hron
events\Germany.txt	2927	569	TS 11	Levoca
events\Germany.txt	2938	550	Eritrea	Saris-Zemplin
events\Germany.txt	2960	562	TS 4	Sobrance
events\Germany.txt	3029	610	China 9	Komarom
events\Germany.txt	3030	580	Siberia 7	Nyitra es Pozsony
events\Germany.txt	3035	593	Guangdong	Uzhorod a Mukacevo
events\Germany.txt	3066	526	Okinawa	Zaolzie
events\Germany.txt	3073	526	Okinawa	Zaolzie
events\Germany.txt	3130	526	Okinawa	Zaolzie
events\Germany.txt	3207	591	Hainan	Malacky
events\Germany.txt	3208	555	Lagos	Trencin
events\Germany.txt	3211	586	Kyrgyzstan	Nitra
events\Germany.txt	3213	577	Siberia 4	Zilina
events\Germany.txt	3214	541	South West Africa	Tatra
events\Germany.txt	3215	574	Siberia 1	Hron
events\Germany.txt	3218	569	TS 11	Levoca
events\Germany.txt	3219	550	Eritrea	Saris-Zemplin
events\Germany.txt	3221	562	TS 4	Sobrance
events\Germany.txt	3226	564	TS 6	Northern Maramures
events\Germany.txt	3293	591	Hainan	Malacky
events\Germany.txt	3304	555	Lagos	Trencin
events\Germany.txt	3337	586	Kyrgyzstan	Nitra
events\Germany.txt	3359	577	Siberia 4	Zilina
events\Germany.txt	3370	541	South West Africa	Tatra
events\Germany.txt	3381	574	Siberia 1	Hron
events\Germany.txt	3414	569	TS 11	Levoca
events\Germany.txt	3425	550	Eritrea	Saris-Zemplin
events\Germany.txt	3451	610	China 9	Komarom
events\Germany.txt	3452	580	Siberia 7	Nyitra es Pozsony
events\Germany.txt	3457	593	Guangdong	Uzhorod a Mukacevo
events\Germany.txt	3474	562	TS 4	Sobrance
events\Germany.txt	3479	564	TS 6	Northern Maramures
events\Germany.txt	3504	526	Okinawa	Zaolzie
events\Germany.txt	4740	955	- Chubut	Ordu
events\Germany.txt	4741	964	Deep Amazonas	Giresun
events\Germany.txt	4743	975	- Burgenland	Gumushane
events\Germany.txt	4744	958	- San Luis	Trabzon
events\Germany.txt	4746	1027	- Bataan	Erzincan
events\Germany.txt	4747	984	- Bastar	Bayburt
events\Germany.txt	4748	973	- Bacs	Erzurum
events\Germany.txt	4749	949	- Aysen	Sarikamis
events\Germany.txt	4751	953	- Tierra del Fuego	Kars
events\Germany.txt	4753	1018	- South Kyushu	Karayazi
events\Germany.txt	4754	1013	-Musamdam	Agri
events\Germany.txt	4755	1001	Kurdistan	Igdir
events\Germany.txt	4756	1004	North Khorasan	Dogubayazit
events\Germany.txt	4757	1033	- Fangchenggang	Mus
events\Germany.txt	4758	1051	East Java	Biltis
events\Germany.txt	4759	1039	- Hebei-Chahar	Van
events\Germany.txt	4760	938	- Para	Rize
events\Germany.txt	4762	965	Deep Amazonas	Yusufeli
events\Germany.txt	4763	971	- Northern Dobruja	Oltu
events\Germany.txt	4764	933	Shetland	Artvin
events\Germany.txt	4765	925	Finnmark	Ardahan
events\Germany.txt	4982	591	Hainan	Malacky
events\Germany.txt	4990	555	Lagos	Trencin
events\Germany.txt	5014	586	Kyrgyzstan	Nitra
events\Germany.txt	5030	577	Siberia 4	Zilina
events\Germany.txt	5038	541	South West Africa	Tatra
events\Germany.txt	5046	574	Siberia 1	Hron
events\Germany.txt	5070	569	TS 11	Levoca
events\Germany.txt	5078	550	Eritrea	Saris-Zemplin
events\Germany.txt	5098	610	China 9	Komarom
events\Germany.txt	5099	580	Siberia 7	Nyitra es Pozsony
events\Germany.txt	5104	593	Guangdong	Uzhorod a Mukacevo
events\Germany.txt	5118	562	TS 4	Sobrance
events\Germany.txt	5123	564	TS 6	Northern Maramures
events\Germany.txt	5483	287	Sinkiang	Brodnica
events\Germany.txt	5484	310	French SA	Torun
events\Germany.txt	5486	546	Tanganyika	Tuchola
events\Germany.txt	5488	264	Tikhvin	Koscierzyna
events\Germany.txt	5489	267	Afghanistan	Gdynia
events\Germany.txt	5491	287	Sinkiang	Brodnica
events\Germany.txt	5492	310	French SA	Torun
events\Germany.txt	5494	546	Tanganyika	Tuchola
events\Germany.txt	5496	264	Tikhvin	Koscierzyna
events\Germany.txt	5497	267	Afghanistan	Gdynia
events\Germany.txt	5600	287	Sinkiang	Brodnica
events\Germany.txt	5601	310	French SA	Torun
events\Germany.txt	5603	546	Tanganyika	Tuchola
events\Germany.txt	5605	264	Tikhvin	Koscierzyna
events\Germany.txt	5606	267	Afghanistan	Gdynia
events\Germany.txt	5865	714	Heilungkiang	Gorenjska
events\Germany.txt	5868	703	Ascension	Drava
events\Germany.txt	5871	743	Qingdao	Ljubljana
events\Germany.txt	5886	695	Curacao	Prekmurje
events\Germany.txt	5890	695	Curacao	Prekmurje
events\Germany.txt	6214	185	Epirus	Rezekne
events\Germany.txt	6220	186	Peloponnese	Mari El
events\Germany.txt	6226	47	Greece	New Jersey
events\Germany.txt	6340	941	- Tocantins	Thessaloniki
events\Germany.txt	6872	287	Sinkiang	Brodnica
events\Germany.txt	6873	310	French SA	Torun
events\Germany.txt	6875	546	Tanganyika	Tuchola
events\Germany.txt	6877	264	Tikhvin	Koscierzyna
events\Germany.txt	6878	267	Afghanistan	Gdynia
events\Germany.txt	7666	522	Western Australia	Tachau
events\Germany.txt	7667	498	Rio Grande	Eger
events\Germany.txt	7669	471	Northwestern Canada	Aussig
events\Germany.txt	7670	473	British Columbia	Reichenberg
events\Germany.txt	7672	504	Iguacu	Zwittau
events\Germany.txt	7673	499	Bahia	Sternberg
events\Germany.txt	7675	507	Southern Chile	Troppau
events\Germany.txt	7681	522	Western Australia	Tachau
events\Germany.txt	7682	498	Rio Grande	Eger
events\Germany.txt	7684	471	Northwestern Canada	Aussig
events\Germany.txt	7685	473	British Columbia	Reichenberg
events\Germany.txt	7687	504	Iguacu	Zwittau
events\Germany.txt	7688	499	Bahia	Sternberg
events\Germany.txt	7690	507	Southern Chile	Troppau
events\Germany.txt	7846	457	Aswan	Volgograd
events\Germany.txt	7847	119	Northern Ireland	Leningrad
events\Germany.txt	7885	217	Stalingrad Area	East Lothian
events\Germany.txt	7886	195	Leningrad Area	Moscow Oblast
events\Germany.txt	8008	473	British Columbia	Reichenberg
events\Germany.txt	8013	522	Western Australia	Tachau
events\Germany.txt	8014	498	Rio Grande	Eger
events\Germany.txt	8016	471	Northwestern Canada	Aussig
events\Germany.txt	8027	507	Southern Chile	Troppau
events\Germany.txt	8028	504	Iguacu	Zwittau
events\Germany.txt	8029	499	Bahia	Sternberg
events\Greece.txt	36	187	Aegean Islands	Orkney
events\Greece.txt	47	184	Thrace	Halland
events\Greece.txt	172	910	Bornholm	Evros
events\Greece.txt	173	937	- Piaui	Rhodope
events\Greece.txt	179	929	Oulu	Drama
events\Greece.txt	197	1061	- Perlis Kedah	Zakynthos
events\Greece.txt	201	1044	- Wuwei	Aetolia-Acarnania
events\Greece.txt	208	995	Pegu	Ioannina
events\Greece.txt	228	1073	- Interior Papua	Argolis-Corinthia
events\Greece.txt	240	1015	- Interior Oman	Larissa
events\Greece.txt	242	1045	- Guyuan	Phthiotis-Phocis
events\Greece.txt	244	1074	- Gibson Desert	Attica-Boeotia
events\Greece.txt	245	1052	Bali	Euboea
events\Greece.txt	259	941	- Tocantins	Thessaloniki
events\Greece.txt	262	969	Rio Branco	Florina
events\Greece.txt	278	1061	- Perlis Kedah	Zakynthos
events\Greece.txt	282	1044	- Wuwei	Aetolia-Acarnania
events\Greece.txt	289	995	Pegu	Ioannina
events\Greece.txt	306	1015	- Interior Oman	Larissa
events\Greece.txt	308	1045	- Guyuan	Phthiotis-Phocis
events\Greece.txt	310	1074	- Gibson Desert	Attica-Boeotia
events\Greece.txt	311	1052	Bali	Euboea
events\Hungary.txt	39	674	Central Australia	Ciuc
events\Hungary.txt	40	680	Deir-az-Zur	Mures
events\Hungary.txt	41	649	Galapagos Islands	Nasaud
events\Hungary.txt	42	628	Cebu	Maramures
events\Hungary.txt	44	665	Gabes	Cluj
events\Hungary.txt	47	639	Maiana	Salaj
events\Hungary.txt	49	622	China 19	Satu Mare
events\Hungary.txt	52	664	Southern Slovakia	Oradea
events\Hungary.txt	176	712	Cocos Islands	Medimurje
events\Hungary.txt	181	735	Savoy	Subotica
events\Italy.txt	374	1016	- Dhofar	Islas Baleares
events\Italy.txt	403	1016	- Dhofar	Islas Baleares
events\Italy.txt	606	817	Gobi	Menton
events\Italy.txt	610	866	Districts of Ontario	Corse-du-Sud
events\LaR_France.txt	2485	268	French Somaliland	Down
events\LaR_France.txt	2490	269	British Somaliland	Westmorland
events\LaR_France.txt	2882	28	Alcase	Virginia
events\LaR_France.txt	2883	735	Savoy	Subotica
events\LaR_France.txt	4271	543	Madagascar	Bar-le-Duc
events\LaR_France.txt	4385	543	Madagascar	Bar-le-Duc
events\LAR_NewsEvents.txt	229	41	Madrid	Arkhangelsk
events\LAR_NewsEvents.txt	230	165	Catalonia	Petseri
events\LAR_NewsEvents.txt	231	166	Western Aragon	Valga
events\LAR_NewsEvents.txt	232	167	Valencia	Jonkoping
events\LAR_NewsEvents.txt	233	168	Murcia	Kalmar
events\LAR_NewsEvents.txt	234	169	Sevilla	Ross and Cromarty
events\LAR_NewsEvents.txt	235	170	Extremadura	Madona
events\LAR_NewsEvents.txt	236	171	Galicia	Nizhny Novgorod
events\LAR_NewsEvents.txt	237	172	Navarre	Riga
events\LAR_NewsEvents.txt	238	173	Granada	Voru
events\LAR_NewsEvents.txt	239	174	Leon	Liepaja
events\LAR_NewsEvents.txt	240	175	Ciudad Real	Sverdlovsk
events\LAR_NewsEvents.txt	241	176	Burgos	Moray
events\LAR_NewsEvents.txt	242	788	Salamanca	Olt
events\LAR_NewsEvents.txt	243	789	Cordoba	Essonne
events\LAR_NewsEvents.txt	244	790	Asturias	Beograd
events\LAR_NewsEvents.txt	245	791	Valladolid	Ialomita
events\LAR_NewsEvents.txt	246	792	Basque Country	Zenica
events\LAR_NewsEvents.txt	247	793	Guadalajara	Constanta
events\LAR_NewsEvents.txt	248	794	Eastern Aragon	Ismail
events\LAR_NewsEvents.txt	715	41	Madrid	Arkhangelsk
events\LAR_NewsEvents.txt	716	165	Catalonia	Petseri
events\LAR_NewsEvents.txt	717	166	Western Aragon	Valga
events\LAR_NewsEvents.txt	718	167	Valencia	Jonkoping
events\LAR_NewsEvents.txt	719	168	Murcia	Kalmar
events\LAR_NewsEvents.txt	720	169	Sevilla	Ross and Cromarty
events\LAR_NewsEvents.txt	721	170	Extremadura	Madona
events\LAR_NewsEvents.txt	722	171	Galicia	Nizhny Novgorod
events\LAR_NewsEvents.txt	723	172	Navarre	Riga
events\LAR_NewsEvents.txt	724	173	Granada	Voru
events\LAR_NewsEvents.txt	725	174	Leon	Liepaja
events\LAR_NewsEvents.txt	726	175	Ciudad Real	Sverdlovsk
events\LAR_NewsEvents.txt	727	176	Burgos	Moray
events\LAR_NewsEvents.txt	728	788	Salamanca	Olt
events\LAR_NewsEvents.txt	729	789	Cordoba	Essonne
events\LAR_NewsEvents.txt	730	790	Asturias	Beograd
events\LAR_NewsEvents.txt	731	791	Valladolid	Ialomita
events\LAR_NewsEvents.txt	732	792	Basque Country	Zenica
events\LAR_NewsEvents.txt	733	793	Guadalajara	Constanta
events\LAR_NewsEvents.txt	734	794	Eastern Aragon	Ismail
events\LaR_Portugal.txt	1481	876	Udachny	Roma Centro
events\LaR_Portugal.txt	1883	540	Angola	Charente-Vienne
events\LaR_Portugal.txt	1884	796	North Angola	Nis
events\LaR_Portugal.txt	1885	892	South West Angola	Girona
events\LaR_Portugal.txt	1886	891	Zambesi	Dasoguz
events\LaR_Portugal.txt	1938	544	East Africa	Briey
events\LaR_Portugal.txt	1939	896	Manica e Sofala	Barcelona
events\LaR_Portugal.txt	1940	897	Zambezia-Mocambique	Valladolid
events\LAR_Spain.txt	303	951	- Arica	Madrid
events\LAR_Spain.txt	322	951	- Arica	Madrid
events\LAR_Spain.txt	347	951	- Arica	Madrid
events\LAR_Spain.txt	663	893	Karas	Ceuta
events\LAR_Spain.txt	940	837	Sidamo	Asturias
events\LAR_Spain.txt	941	848	Voralberg	Cantabria
events\LAR_Spain.txt	942	849	Puglia	Vizcaya
events\LAR_Spain.txt	943	851	Var	Guipuzcoa
events\LAR_Spain.txt	978	837	Sidamo	Asturias
events\LAR_Spain.txt	979	848	Voralberg	Cantabria
events\LAR_Spain.txt	980	849	Puglia	Vizcaya
events\LAR_Spain.txt	981	851	Var	Guipuzcoa
events\LAR_Spain.txt	1016	837	Sidamo	Asturias
events\LAR_Spain.txt	1017	848	Voralberg	Cantabria
events\LAR_Spain.txt	1018	849	Puglia	Vizcaya
events\LAR_Spain.txt	1019	851	Var	Guipuzcoa
events\LAR_Spain.txt	1054	837	Sidamo	Asturias
events\LAR_Spain.txt	1055	848	Voralberg	Cantabria
events\LAR_Spain.txt	1056	849	Puglia	Vizcaya
events\LAR_Spain.txt	1057	851	Var	Guipuzcoa
events\LAR_Spain.txt	1092	837	Sidamo	Asturias
events\LAR_Spain.txt	1093	848	Voralberg	Cantabria
events\LAR_Spain.txt	1094	849	Puglia	Vizcaya
events\LAR_Spain.txt	1095	851	Var	Guipuzcoa
events\LAR_Spain.txt	1130	837	Sidamo	Asturias
events\LAR_Spain.txt	1131	848	Voralberg	Cantabria
events\LAR_Spain.txt	1132	849	Puglia	Vizcaya
events\LAR_Spain.txt	1133	851	Var	Guipuzcoa
events\LAR_Spain.txt	1175	837	Sidamo	Asturias
events\LAR_Spain.txt	1176	848	Voralberg	Cantabria
events\LAR_Spain.txt	1177	849	Puglia	Vizcaya
events\LAR_Spain.txt	1178	851	Var	Guipuzcoa
events\LAR_Spain.txt	1213	837	Sidamo	Asturias
events\LAR_Spain.txt	1214	848	Voralberg	Cantabria
events\LAR_Spain.txt	1215	849	Puglia	Vizcaya
events\LAR_Spain.txt	1216	851	Var	Guipuzcoa
events\LAR_Spain.txt	1251	837	Sidamo	Asturias
events\LAR_Spain.txt	1252	848	Voralberg	Cantabria
events\LAR_Spain.txt	1253	849	Puglia	Vizcaya
events\LAR_Spain.txt	1254	851	Var	Guipuzcoa
events\LAR_Spain.txt	1289	837	Sidamo	Asturias
events\LAR_Spain.txt	1290	848	Voralberg	Cantabria
events\LAR_Spain.txt	1291	849	Puglia	Vizcaya
events\LAR_Spain.txt	1292	851	Var	Guipuzcoa
events\LAR_Spain.txt	1480	837	Sidamo	Asturias
events\LAR_Spain.txt	1481	848	Voralberg	Cantabria
events\LAR_Spain.txt	1482	849	Puglia	Vizcaya
events\LAR_Spain.txt	1483	851	Var	Guipuzcoa
events\LAR_Spain.txt	1518	837	Sidamo	Asturias
events\LAR_Spain.txt	1519	848	Voralberg	Cantabria
events\LAR_Spain.txt	1520	849	Puglia	Vizcaya
events\LAR_Spain.txt	1521	851	Var	Guipuzcoa
events\LAR_Spain.txt	1556	837	Sidamo	Asturias
events\LAR_Spain.txt	1557	848	Voralberg	Cantabria
events\LAR_Spain.txt	1558	849	Puglia	Vizcaya
events\LAR_Spain.txt	1559	851	Var	Guipuzcoa
events\LAR_Spain.txt	1601	837	Sidamo	Asturias
events\LAR_Spain.txt	1602	848	Voralberg	Cantabria
events\LAR_Spain.txt	1603	849	Puglia	Vizcaya
events\LAR_Spain.txt	1604	851	Var	Guipuzcoa
events\LAR_Spain.txt	1639	837	Sidamo	Asturias
events\LAR_Spain.txt	1640	848	Voralberg	Cantabria
events\LAR_Spain.txt	1641	849	Puglia	Vizcaya
events\LAR_Spain.txt	1642	851	Var	Guipuzcoa
events\LAR_Spain.txt	1904	837	Sidamo	Asturias
events\LAR_Spain.txt	1905	848	Voralberg	Cantabria
events\LAR_Spain.txt	1906	849	Puglia	Vizcaya
events\LAR_Spain.txt	1907	851	Var	Guipuzcoa
events\LAR_Spain.txt	1957	837	Sidamo	Asturias
events\LAR_Spain.txt	1958	848	Voralberg	Cantabria
events\LAR_Spain.txt	1959	849	Puglia	Vizcaya
events\LAR_Spain.txt	1960	851	Var	Guipuzcoa
events\LAR_Spain.txt	2010	837	Sidamo	Asturias
events\LAR_Spain.txt	2011	848	Voralberg	Cantabria
events\LAR_Spain.txt	2012	849	Puglia	Vizcaya
events\LAR_Spain.txt	2013	851	Var	Guipuzcoa
events\LAR_Spain.txt	2063	837	Sidamo	Asturias
events\LAR_Spain.txt	2064	848	Voralberg	Cantabria
events\LAR_Spain.txt	2065	849	Puglia	Vizcaya
events\LAR_Spain.txt	2066	851	Var	Guipuzcoa
events\LAR_Spain.txt	2116	837	Sidamo	Asturias
events\LAR_Spain.txt	2117	848	Voralberg	Cantabria
events\LAR_Spain.txt	2118	849	Puglia	Vizcaya
events\LAR_Spain.txt	2119	851	Var	Guipuzcoa
events\LAR_Spain.txt	2188	837	Sidamo	Asturias
events\LAR_Spain.txt	2189	848	Voralberg	Cantabria
events\LAR_Spain.txt	2190	849	Puglia	Vizcaya
events\LAR_Spain.txt	2191	851	Var	Guipuzcoa
events\LAR_Spain.txt	2227	837	Sidamo	Asturias
events\LAR_Spain.txt	2228	848	Voralberg	Cantabria
events\LAR_Spain.txt	2229	849	Puglia	Vizcaya
events\LAR_Spain.txt	2230	851	Var	Guipuzcoa
events\LAR_Spain.txt	2266	837	Sidamo	Asturias
events\LAR_Spain.txt	2267	848	Voralberg	Cantabria
events\LAR_Spain.txt	2268	849	Puglia	Vizcaya
events\LAR_Spain.txt	2269	851	Var	Guipuzcoa
events\LAR_Spain.txt	2305	837	Sidamo	Asturias
events\LAR_Spain.txt	2306	848	Voralberg	Cantabria
events\LAR_Spain.txt	2307	849	Puglia	Vizcaya
events\LAR_Spain.txt	2308	851	Var	Guipuzcoa
events\LAR_Spain.txt	2344	837	Sidamo	Asturias
events\LAR_Spain.txt	2345	848	Voralberg	Cantabria
events\LAR_Spain.txt	2346	849	Puglia	Vizcaya
events\LAR_Spain.txt	2347	851	Var	Guipuzcoa
events\LAR_Spain.txt	2430	859	Dammam	Burgos
events\LAR_Spain.txt	2436	830	- Bukhara	La Coruna
events\LAR_Spain.txt	2458	951	- Arica	Madrid
events\LAR_Spain.txt	2464	896	Manica e Sofala	Barcelona
events\LAR_Spain.txt	2606	893	Karas	Ceuta
events\LAR_Spain.txt	3080	837	Sidamo	Asturias
events\LAR_Spain.txt	3081	848	Voralberg	Cantabria
events\LAR_Spain.txt	3082	849	Puglia	Vizcaya
events\LAR_Spain.txt	3083	851	Var	Guipuzcoa
events\LAR_Spain.txt	3119	837	Sidamo	Asturias
events\LAR_Spain.txt	3120	848	Voralberg	Cantabria
events\LAR_Spain.txt	3121	849	Puglia	Vizcaya
events\LAR_Spain.txt	3122	851	Var	Guipuzcoa
events\LAR_Spain.txt	3158	837	Sidamo	Asturias
events\LAR_Spain.txt	3159	848	Voralberg	Cantabria
events\LAR_Spain.txt	3160	849	Puglia	Vizcaya
events\LAR_Spain.txt	3161	851	Var	Guipuzcoa
events\LAR_Spain.txt	3197	837	Sidamo	Asturias
events\LAR_Spain.txt	3198	848	Voralberg	Cantabria
events\LAR_Spain.txt	3199	849	Puglia	Vizcaya
events\LAR_Spain.txt	3200	851	Var	Guipuzcoa
events\LAR_Spain.txt	3236	837	Sidamo	Asturias
events\LAR_Spain.txt	3237	848	Voralberg	Cantabria
events\LAR_Spain.txt	3238	849	Puglia	Vizcaya
events\LAR_Spain.txt	3239	851	Var	Guipuzcoa
events\LAR_Spain.txt	3275	837	Sidamo	Asturias
events\LAR_Spain.txt	3276	848	Voralberg	Cantabria
events\LAR_Spain.txt	3277	849	Puglia	Vizcaya
events\LAR_Spain.txt	3278	851	Var	Guipuzcoa
events\LAR_Spain.txt	3321	837	Sidamo	Asturias
events\LAR_Spain.txt	3322	848	Voralberg	Cantabria
events\LAR_Spain.txt	3323	849	Puglia	Vizcaya
events\LAR_Spain.txt	3324	851	Var	Guipuzcoa
events\LAR_Spain.txt	3360	837	Sidamo	Asturias
events\LAR_Spain.txt	3361	848	Voralberg	Cantabria
events\LAR_Spain.txt	3362	849	Puglia	Vizcaya
events\LAR_Spain.txt	3363	851	Var	Guipuzcoa
events\LAR_Spain.txt	3399	837	Sidamo	Asturias
events\LAR_Spain.txt	3400	848	Voralberg	Cantabria
events\LAR_Spain.txt	3401	849	Puglia	Vizcaya
events\LAR_Spain.txt	3402	851	Var	Guipuzcoa
events\LAR_Spain.txt	3438	837	Sidamo	Asturias
events\LAR_Spain.txt	3439	848	Voralberg	Cantabria
events\LAR_Spain.txt	3440	849	Puglia	Vizcaya
events\LAR_Spain.txt	3441	851	Var	Guipuzcoa
events\LAR_Spain.txt	3630	837	Sidamo	Asturias
events\LAR_Spain.txt	3631	848	Voralberg	Cantabria
events\LAR_Spain.txt	3632	849	Puglia	Vizcaya
events\LAR_Spain.txt	3633	851	Var	Guipuzcoa
events\LAR_Spain.txt	3668	837	Sidamo	Asturias
events\LAR_Spain.txt	3669	848	Voralberg	Cantabria
events\LAR_Spain.txt	3670	849	Puglia	Vizcaya
events\LAR_Spain.txt	3671	851	Var	Guipuzcoa
events\LAR_Spain.txt	3706	837	Sidamo	Asturias
events\LAR_Spain.txt	3707	848	Voralberg	Cantabria
events\LAR_Spain.txt	3708	849	Puglia	Vizcaya
events\LAR_Spain.txt	3709	851	Var	Guipuzcoa
events\LAR_Spain.txt	3751	837	Sidamo	Asturias
events\LAR_Spain.txt	3752	848	Voralberg	Cantabria
events\LAR_Spain.txt	3753	849	Puglia	Vizcaya
events\LAR_Spain.txt	3754	851	Var	Guipuzcoa
events\LAR_Spain.txt	3789	837	Sidamo	Asturias
events\LAR_Spain.txt	3790	848	Voralberg	Cantabria
events\LAR_Spain.txt	3791	849	Puglia	Vizcaya
events\LAR_Spain.txt	3792	851	Var	Guipuzcoa
events\LAR_Spain.txt	4055	837	Sidamo	Asturias
events\LAR_Spain.txt	4056	848	Voralberg	Cantabria
events\LAR_Spain.txt	4057	849	Puglia	Vizcaya
events\LAR_Spain.txt	4058	851	Var	Guipuzcoa
events\LAR_Spain.txt	4094	837	Sidamo	Asturias
events\LAR_Spain.txt	4095	848	Voralberg	Cantabria
events\LAR_Spain.txt	4096	849	Puglia	Vizcaya
events\LAR_Spain.txt	4097	851	Var	Guipuzcoa
events\LAR_Spain.txt	4133	837	Sidamo	Asturias
events\LAR_Spain.txt	4134	848	Voralberg	Cantabria
events\LAR_Spain.txt	4135	849	Puglia	Vizcaya
events\LAR_Spain.txt	4136	851	Var	Guipuzcoa
events\LAR_Spain.txt	4172	837	Sidamo	Asturias
events\LAR_Spain.txt	4173	848	Voralberg	Cantabria
events\LAR_Spain.txt	4174	849	Puglia	Vizcaya
events\LAR_Spain.txt	4175	851	Var	Guipuzcoa
events\LAR_Spain.txt	4211	837	Sidamo	Asturias
events\LAR_Spain.txt	4212	848	Voralberg	Cantabria
events\LAR_Spain.txt	4213	849	Puglia	Vizcaya
events\LAR_Spain.txt	4214	851	Var	Guipuzcoa
events\LAR_Spain.txt	4268	837	Sidamo	Asturias
events\LAR_Spain.txt	4269	848	Voralberg	Cantabria
events\LAR_Spain.txt	4270	849	Puglia	Vizcaya
events\LAR_Spain.txt	4271	851	Var	Guipuzcoa
events\LAR_Spain.txt	4307	837	Sidamo	Asturias
events\LAR_Spain.txt	4308	848	Voralberg	Cantabria
events\LAR_Spain.txt	4309	849	Puglia	Vizcaya
events\LAR_Spain.txt	4310	851	Var	Guipuzcoa
events\LAR_Spain.txt	4346	837	Sidamo	Asturias
events\LAR_Spain.txt	4347	848	Voralberg	Cantabria
events\LAR_Spain.txt	4348	849	Puglia	Vizcaya
events\LAR_Spain.txt	4349	851	Var	Guipuzcoa
events\LAR_Spain.txt	4385	837	Sidamo	Asturias
events\LAR_Spain.txt	4386	848	Voralberg	Cantabria
events\LAR_Spain.txt	4387	849	Puglia	Vizcaya
events\LAR_Spain.txt	4388	851	Var	Guipuzcoa
events\LAR_Spain.txt	4424	837	Sidamo	Asturias
events\LAR_Spain.txt	4425	848	Voralberg	Cantabria
events\LAR_Spain.txt	4426	849	Puglia	Vizcaya
events\LAR_Spain.txt	4427	851	Var	Guipuzcoa
events\LAR_Spain.txt	4502	951	- Arica	Madrid
events\LAR_Spain.txt	4508	896	Manica e Sofala	Barcelona
events\LAR_Spain.txt	4528	859	Dammam	Burgos
events\LAR_Spain.txt	4534	830	- Bukhara	La Coruna
events\LAR_Spain.txt	5537	1079	Auckland	Sevilla
events\LAR_Spain.txt	5538	1035	- Nanjing	Badajoz
events\LAR_Spain.txt	5752	857	Ha'il	Leon
events\LAR_Spain.txt	5753	859	Dammam	Burgos
events\LAR_Spain.txt	5754	901	Borno	Soria
events\LAR_Spain.txt	5755	854	Jawf	Navarra
events\LAR_Spain.txt	5756	898	Gao	Zamora
events\LAR_Spain.txt	5771	857	Ha'il	Leon
events\LAR_Spain.txt	5772	859	Dammam	Burgos
events\LAR_Spain.txt	5773	901	Borno	Soria
events\LAR_Spain.txt	5774	854	Jawf	Navarra
events\LAR_Spain.txt	5775	898	Gao	Zamora
events\LAR_Spain.txt	5792	854	Jawf	Navarra
events\LAR_Spain.txt	5793	859	Dammam	Burgos
events\LAR_Spain.txt	5796	859	Dammam	Burgos
events\LAR_Spain.txt	5797	854	Jawf	Navarra
events\LAR_Spain.txt	5818	854	Jawf	Navarra
events\LAR_Spain.txt	5819	859	Dammam	Burgos
events\LAR_Spain.txt	5822	859	Dammam	Burgos
events\LAR_Spain.txt	5823	854	Jawf	Navarra
events\LAR_Spain.txt	5843	859	Dammam	Burgos
events\LAR_Spain.txt	5844	854	Jawf	Navarra
events\LAR_Spain.txt	5845	897	Zambezia-Mocambique	Valladolid
events\LAR_Spain.txt	5878	854	Jawf	Navarra
events\LAR_Spain.txt	5879	859	Dammam	Burgos
events\LAR_Spain.txt	5985	854	Jawf	Navarra
events\LAR_Spain.txt	5986	859	Dammam	Burgos
events\LAR_Spain.txt	6081	791	Valladolid	Ialomita
events\LAR_Spain.txt	6082	174	Leon	Liepaja
events\LAR_Spain.txt	6083	171	Galicia	Nizhny Novgorod
events\LAR_Spain.txt	6099	172	Navarre	Riga
events\LAR_Spain.txt	6101	172	Navarre	Riga
events\LAR_Spain.txt	6489	854	Jawf	Navarra
events\LAR_Spain.txt	6490	859	Dammam	Burgos
events\LAR_Spain.txt	6495	854	Jawf	Navarra
events\LAR_Spain.txt	6496	859	Dammam	Burgos
events\LAR_Spain.txt	6546	854	Jawf	Navarra
events\LAR_Spain.txt	6548	854	Jawf	Navarra
events\LAR_Spain.txt	6556	1016	- Dhofar	Islas Baleares
events\LAR_Spain.txt	7071	896	Manica e Sofala	Barcelona
events\LAR_Spain.txt	7072	880	Kotlas	Zaragoza
events\LAR_Spain.txt	7073	870	Pilbara-Kimberley	Huesca
events\LAR_Spain.txt	7118	167	Valencia	Jonkoping
events\LAR_Spain.txt	7206	896	Manica e Sofala	Barcelona
events\LAR_Spain.txt	7209	896	Manica e Sofala	Barcelona
events\LAR_Spain.txt	7897	896	Manica e Sofala	Barcelona
events\LAR_Spain.txt	7912	951	- Arica	Madrid
events\LAR_Spain.txt	7934	951	- Arica	Madrid
events\LAR_Spain.txt	7957	951	- Arica	Madrid
events\LAR_Spain.txt	7980	951	- Arica	Madrid
events\LAR_Spain.txt	8122	896	Manica e Sofala	Barcelona
events\LAR_Spain.txt	8124	896	Manica e Sofala	Barcelona
events\LAR_Spain.txt	8128	896	Manica e Sofala	Barcelona
events\LAR_Spain.txt	8196	951	- Arica	Madrid
events\LAR_Spain.txt	8198	951	- Arica	Madrid
events\LAR_Spain.txt	11720	896	Manica e Sofala	Barcelona
events\LAR_Spain.txt	11762	1007	Maymanah	Valencia
events\LAR_Spain.txt	11804	870	Pilbara-Kimberley	Huesca
events\LAR_Spain.txt	11822	870	Pilbara-Kimberley	Huesca
events\MER_events.txt	312	951	- Arica	Madrid
events\MER_events.txt	481	904	Nyanza-Rift Valley	Tetovo
events\MER_events.txt	482	959	- Los Andes	Ohrid
events\MER_events.txt	529	796	North Angola	Nis
events\MER_events.txt	530	862	ouest du quebec	Leskovac
events\MER_events.txt	628	969	Rio Branco	Florina
events\MER_events.txt	675	941	- Tocantins	Thessaloniki
events\MER_events.txt	678	969	Rio Branco	Florina
events\MER_events.txt	725	928	Kyme	Edirne
events\MER_events.txt	726	906	Socotra	Kirklareli
events\MER_events.txt	943	36	Friesland	Lavansaari
events\MER_events.txt	944	29	Pas de Calais	Suursaari
events\MER_events.txt	950	105	Montenegro	Hankoniemi
events\MER_events.txt	954	62	Pommern	Repola
events\MER_events.txt	955	74	East Sudatenland	Porajarvi
events\MER_events.txt	1023	36	Friesland	Lavansaari
events\MER_events.txt	1024	105	Montenegro	Hankoniemi
events\MER_events.txt	1025	77	Dobrogea	Viipuri
events\MER_events.txt	1026	100	Iceland	Sortavala
events\MER_events.txt	1027	113	Ireland	Terijoki
events\MER_events.txt	1028	29	Pas de Calais	Suursaari
events\MER_events.txt	1067	36	Friesland	Lavansaari
events\MER_events.txt	1068	105	Montenegro	Hankoniemi
events\MER_events.txt	1069	77	Dobrogea	Viipuri
events\MER_events.txt	1070	100	Iceland	Sortavala
events\MER_events.txt	1071	113	Ireland	Terijoki
events\MER_events.txt	1072	29	Pas de Calais	Suursaari
events\MTG_Britain.txt	1555	293	Yemen	Lancashire
events\MTG_Britain.txt	1561	344	Adana	Staffordshire
events\MTG_Britain.txt	1567	453	Sinai	Hampshire
events\MTG_Britain.txt	1573	271	ethiopia	North Riding
events\MTG_Britain.txt	1579	221	Kharkov	Midlothian
events\MTG_Britain.txt	1585	126	Greater London Area	Glasgow
events\MTG_Britain.txt	1883	882	Pavlodar	Gibraltar
events\MTG_Britain.txt	1948	882	Pavlodar	Gibraltar
events\MTG_Britain.txt	2278	777	Togo	Bihac
events\MTG_Britain.txt	5792	126	Greater London Area	Glasgow
events\MTG_Britain.txt	5793	253	Ivanovo	Antrim
events\MTG_Britain.txt	5794	426	Orissa	Glamorganshire
events\MTG_Britain.txt	5795	130	Yorkshire	Isle of Mann
events\MTG_Netherlands.txt	34	695	Curacao	Prekmurje
events\MTG_Netherlands.txt	46	695	Curacao	Prekmurje
events\MTG_Netherlands.txt	98	695	Curacao	Prekmurje
events\MTG_Netherlands.txt	123	695	Curacao	Prekmurje
events\MTG_NewsEvents.txt	2349	332	Labrador	Celle
events\MTG_NewsEvents.txt	2350	331	Newfoundland	Groningen
events\MTG_NewsEvents.txt	2352	332	Labrador	Celle
events\MTG_NewsEvents.txt	2353	331	Newfoundland	Groningen
events\MTG_USA.txt	396	31	Midi Pyrenees	North Carolina
events\MTG_USA.txt	397	28	Alcase	Virginia
events\MTG_USA.txt	453	31	Midi Pyrenees	North Carolina
events\MTG_USA.txt	454	28	Alcase	Virginia
events\MTG_USA.txt	641	32	Rhone Alpes	West Virginia
events\MTG_USA.txt	642	7	Holland	Maine
events\MTG_USA.txt	643	10	Poland	New Hampshire
events\MTG_USA.txt	644	12	Latvia	Vermont
events\MTG_USA.txt	645	2	Italy	Massachusetts
events\MTG_USA.txt	646	55	Nassau	Rhode Island
events\MTG_USA.txt	693	32	Rhone Alpes	West Virginia
events\MTG_USA.txt	1330	357	New England	Leicestershire
events\MTG_USA.txt	1673	373	Missouri	Osnabruck
events\MTG_USA.txt	1674	394	Wisconsin	Cork
events\MTG_USA.txt	1675	395	Illinois	Waterford
events\MTG_USA.txt	1676	261	USA	Ulyanovsk
events\MTG_USA.txt	1677	396	Indiana	Herefordshire
events\MTG_USA.txt	1678	393	Michigan	Hildesheim
events\MTG_USA.txt	1699	357	New England	Leicestershire
events\MTG_USA.txt	1750	385	Oregon	Seine-Saint-Denis
events\MTG_USA.txt	1751	386	Washington	Suffolk
events\MTG_USA.txt	1752	378	California	Kerry
events\MTG_USA.txt	1838	385	Oregon	Seine-Saint-Denis
events\MTG_USA.txt	1839	386	Washington	Suffolk
events\MTG_USA.txt	1840	378	California	Kerry
events\MTG_USA.txt	1882	358	New York	Noord-Holland
events\MTG_USA.txt	1883	360	Pennsylvania	Carlow
events\MTG_USA.txt	1884	359	New Jersey	Lipetsk
events\MTG_USA.txt	1885	361	Maryland	Kilkenny
events\MTG_USA.txt	1959	388	Montana	Kursk
events\MTG_USA.txt	1960	387	Idaho	Myszyniec
events\MTG_USA.txt	1961	381	Wyoming	Lodz
events\MTG_USA.txt	2045	379	Nevada	Huntingdonshire
events\MTG_USA.txt	2046	377	Arizona	Lublin
events\MTG_USA.txt	2047	380	Utah	Cardiganshire
events\MTG_USA.txt	2048	376	New Mexico	Przasnysz
events\MTG_USA.txt	2049	382	Colorado	Paderborn
events\MTG_USA.txt	2133	389	North Dakota	Radnorshire
events\MTG_USA.txt	2134	390	South Dakota	Worcestershire
events\MTG_USA.txt	2135	384	Nebraska	Zhitkovichi
events\MTG_USA.txt	2136	391	Minnesota	Muenster
events\MTG_USA.txt	2137	392	Iowa	Braunschweig
events\MTG_USA.txt	2221	373	Missouri	Osnabruck
events\MTG_USA.txt	2222	394	Wisconsin	Cork
events\MTG_USA.txt	2223	395	Illinois	Waterford
events\MTG_USA.txt	2224	261	USA	Ulyanovsk
events\MTG_USA.txt	2225	396	Indiana	Herefordshire
events\MTG_USA.txt	2226	393	Michigan	Hildesheim
events\MTG_USA.txt	2485	6	Belgium	New Brunswick
events\MTG_USA.txt	2486	60	Sud-Hannover	Prince Edward Island
events\MTG_USA.txt	2487	8	Luxemburg	Nova Scotia
events\MTG_USA.txt	2538	6	Belgium	New Brunswick
events\MTG_USA.txt	2539	60	Sud-Hannover	Prince Edward Island
events\MTG_USA.txt	2540	8	Luxemburg	Nova Scotia
events\MTG_USA.txt	2851	64	Brandenburg	Newfoundland
events\MTG_USA.txt	2932	64	Brandenburg	Newfoundland
events\MTG_USA.txt	3400	671	Annam	Rowne
events\MTG_USA.txt	3401	670	Laos	Indre
events\MTG_USA.txt	3402	286	Indochina	West Riding
events\MTG_USA.txt	3403	741	Cambodia	Charente
events\MTG_USA.txt	3452	671	Annam	Rowne
events\MTG_USA.txt	3453	670	Laos	Indre
events\MTG_USA.txt	3454	286	Indochina	West Riding
events\MTG_USA.txt	3455	741	Cambodia	Charente
events\MUN_Czechoslovakia.txt	518	69	Sudatenland	nice
events\MUN_Czechoslovakia.txt	519	972	- South Sudetenland	Agcab@di
events\MUN_Czechoslovakia.txt	520	74	East Sudatenland	Porajarvi
events\MUN_Czechoslovakia.txt	678	69	Sudatenland	nice
events\MUN_Czechoslovakia.txt	679	972	- South Sudetenland	Agcab@di
events\MUN_Czechoslovakia.txt	680	74	East Sudatenland	Porajarvi
events\MUN_Czechoslovakia.txt	751	69	Sudatenland	nice
events\MUN_Czechoslovakia.txt	752	972	- South Sudetenland	Agcab@di
events\MUN_Czechoslovakia.txt	753	74	East Sudatenland	Porajarvi
events\MUN_Czechoslovakia.txt	893	74	East Sudatenland	Porajarvi
events\MUN_Czechoslovakia.txt	894	972	- South Sudetenland	Agcab@di
events\MUN_Czechoslovakia.txt	895	69	Sudatenland	nice
events\MUN_Czechoslovakia.txt	1165	89	Krakow	Paijat-Hame
events\MUN_Czechoslovakia.txt	1166	91	Tarnopol	Ventspils
events\MUN_Czechoslovakia.txt	1457	664	Southern Slovakia	Oradea
events\MUN_Czechoslovakia.txt	1463	72	Zaolzie	Keski-Suomi
events\MUN_Czechoslovakia.txt	1552	834	- Balta	Ivanjica
events\MUN_Czechoslovakia.txt	1559	794	Eastern Aragon	Ismail
events\MUN_Czechoslovakia.txt	1566	600	Jiangxi	Balti
events\MUN_Czechoslovakia.txt	1567	592	Guangzhou	Hotin
events\MUN_Czechoslovakia.txt	1570	590	Northern Kazakhstan	Storojinet
events\MUN_Czechoslovakia.txt	1593	834	- Balta	Ivanjica
events\MUN_Czechoslovakia.txt	1600	794	Eastern Aragon	Ismail
events\MUN_Czechoslovakia.txt	1607	600	Jiangxi	Balti
events\MUN_Czechoslovakia.txt	1608	592	Guangzhou	Hotin
events\MUN_Czechoslovakia.txt	1611	590	Northern Kazakhstan	Storojinet
events\MUN_Czechoslovakia.txt	1923	155	Western Hungary	Parnu
events\MUN_Czechoslovakia.txt	1972	106	Macedonia	Buskerud
events\MUN_Czechoslovakia.txt	2181	441	Kashmir	Gorlitz
events\MUN_Czechoslovakia.txt	2278	441	Kashmir	Gorlitz
events\MUN_Czechoslovakia.txt	2491	202	Western Kiev	Kristianstad
events\MUN_Czechoslovakia.txt	2492	202	Western Kiev	Kristianstad
events\MUN_Czechoslovakia.txt	2496	202	Western Kiev	Kristianstad
events\MUN_Czechoslovakia.txt	2841	536	Hokkaido	Brno
events\MUN_Czechoslovakia.txt	3877	762	Katowice	Istria
events\MUN_Czechoslovakia.txt	3887	975	- Burgenland	Gumushane
events\MUN_Czechoslovakia.txt	4771	73	Carpathian Ruthenia	Etela-Pohjanmaa
events\MUN_Czechoslovakia.txt	4784	73	Carpathian Ruthenia	Etela-Pohjanmaa
events\MUN_Czechoslovakia.txt	4785	89	Krakow	Paijat-Hame
events\MUN_Czechoslovakia.txt	4786	80	Bocovina	Ostrow Wiel
events\MUN_Czechoslovakia.txt	4849	73	Carpathian Ruthenia	Etela-Pohjanmaa
events\MUN_Czechoslovakia.txt	5014	73	Carpathian Ruthenia	Etela-Pohjanmaa
events\NewsEvents.txt	1749	127	South-east England	Leningrad Oblast
events\NewsEvents.txt	1750	123	Cornwall	Telemark
events\NewsEvents.txt	1751	126	Greater London Area	Glasgow
events\NewsEvents.txt	1752	338	Gloucestershire	Flintshire
events\NewsEvents.txt	1753	125	East Anglia	Orebro
events\NewsEvents.txt	1754	129	East Midlands	Ostfold
events\NewsEvents.txt	1755	128	West Midlands	Rogaland
events\NewsEvents.txt	1756	122	Wales	Poznan
events\NewsEvents.txt	1757	132	North-west England	Aust-Agder
events\NewsEvents.txt	1758	130	Yorkshire	Isle of Mann
events\NewsEvents.txt	1759	131	Northern England	Vestfold
events\NewsEvents.txt	1760	121	Scottish Lowlands	Vastmanland
events\NewsEvents.txt	1761	133	Strathclyde	Harju
events\NewsEvents.txt	1762	136	Aberdeenshire	Sodermanland
events\NewsEvents.txt	1763	120	Scottish Highlands	Alborg
events\NewsEvents.txt	1808	127	South-east England	Leningrad Oblast
events\NewsEvents.txt	1809	123	Cornwall	Telemark
events\NewsEvents.txt	1810	126	Greater London Area	Glasgow
events\NewsEvents.txt	1811	338	Gloucestershire	Flintshire
events\NewsEvents.txt	1812	125	East Anglia	Orebro
events\NewsEvents.txt	1813	129	East Midlands	Ostfold
events\NewsEvents.txt	1814	128	West Midlands	Rogaland
events\NewsEvents.txt	1815	122	Wales	Poznan
events\NewsEvents.txt	1816	132	North-west England	Aust-Agder
events\NewsEvents.txt	1817	130	Yorkshire	Isle of Mann
events\NewsEvents.txt	1818	131	Northern England	Vestfold
events\NewsEvents.txt	1819	121	Scottish Lowlands	Vastmanland
events\NewsEvents.txt	1820	133	Strathclyde	Harju
events\NewsEvents.txt	1821	136	Aberdeenshire	Sodermanland
events\NewsEvents.txt	1822	120	Scottish Highlands	Alborg
events\NewsEvents.txt	4181	882	Pavlodar	Gibraltar
events\NewsEvents.txt	8014	126	Greater London Area	Glasgow
events\NewsEvents.txt	8498	64	Brandenburg	Newfoundland
events\NewsEvents.txt	8509	64	Brandenburg	Newfoundland
events\NewsEvents.txt	8942	378	California	Kerry
events\NewsEvents.txt	12551	550	Eritrea	Saris-Zemplin
events\NewsEvents.txt	12552	559	Somaliland	Oleksandriia
events\NewsEvents.txt	12553	844	jubaland	Sjenica
events\NewsEvents.txt	12563	550	Eritrea	Saris-Zemplin
events\NewsEvents.txt	12564	559	Somaliland	Oleksandriia
events\NewsEvents.txt	12565	844	jubaland	Sjenica
events\NewsEvents.txt	12570	550	Eritrea	Saris-Zemplin
events\NewsEvents.txt	12571	559	Somaliland	Oleksandriia
events\NewsEvents.txt	12572	844	jubaland	Sjenica
events\NewsEvents.txt	12581	550	Eritrea	Saris-Zemplin
events\NewsEvents.txt	12582	559	Somaliland	Oleksandriia
events\NewsEvents.txt	12583	844	jubaland	Sjenica
events\NSB_Latvia.txt	44	12	Latvia	Vermont
events\NSB_Latvia.txt	45	191	Tartu	Kincardine
events\NSB_Latvia.txt	62	810	Zemgale	Nice
events\NSB_Latvia.txt	73	810	Zemgale	Nice
events\NSB_Latvia.txt	75	96	Wilejka	Vologda
events\NSB_Latvia.txt	86	784	Ermland-Masuren	Avar
events\NSB_Latvia.txt	89	96	Wilejka	Vologda
events\NSB_Latvia.txt	90	95	Nowogrodek	Valmiera
events\NSB_Latvia.txt	103	815	Aukstaitija	Cetina
events\NSB_Latvia.txt	110	11	Kaunas	New York
events\NSB_Latvia.txt	117	814	Suduva	Tarn
events\NSB_Latvia.txt	126	191	Tartu	Kincardine
events\NSB_Latvia.txt	132	813	Rakvere	Mostar
events\NSB_Latvia.txt	165	190	Kurzeme	Kronoberg
events\NSB_Latvia.txt	166	809	Latgale	Tarn-et-Garonne
events\NSB_Latvia.txt	167	13	Estonia	Troms
events\NSB_Latvia.txt	168	191	Tartu	Kincardine
events\NSB_Latvia.txt	183	190	Kurzeme	Kronoberg
events\NSB_Latvia.txt	197	809	Latgale	Tarn-et-Garonne
events\NSB_Latvia.txt	206	191	Tartu	Kincardine
events\NSB_Latvia.txt	215	13	Estonia	Troms
events\NSB_Latvia.txt	762	174	Leon	Liepaja
events\NSB_Latvia.txt	812	172	Navarre	Riga
events\NSB_Lithuania.txt	417	784	Ermland-Masuren	Avar
events\NSB_Lithuania.txt	449	784	Ermland-Masuren	Avar
events\NSB_Lithuania.txt	1102	784	Ermland-Masuren	Avar
events\NSB_Lithuania.txt	1104	784	Ermland-Masuren	Avar
events\NSB_Lithuania.txt	1128	784	Ermland-Masuren	Avar
events\NSB_Lithuania.txt	1130	784	Ermland-Masuren	Avar
events\NSB_Lithuania.txt	1145	784	Ermland-Masuren	Avar
events\NSB_Lithuania.txt	1147	784	Ermland-Masuren	Avar
events\NSB_Poland.txt	371	807	Gdynia	Gard
events\NSB_Poland.txt	372	85	Danzig	Pirkanmaa
events\NSB_Poland.txt	454	807	Gdynia	Gard
events\NSB_Poland.txt	457	807	Gdynia	Gard
events\NSB_Poland.txt	461	85	Danzig	Pirkanmaa
events\NSB_Poland.txt	464	85	Danzig	Pirkanmaa
events\NSB_Poland.txt	535	543	Madagascar	Bar-le-Duc
events\NSB_Poland.txt	536	708	Comoro Islands	Ticino
events\NSB_Poland.txt	537	706	Reunion	Udine
events\NSB_Poland.txt	544	543	Madagascar	Bar-le-Duc
events\NSB_Poland.txt	548	708	Comoro Islands	Ticino
events\NSB_Poland.txt	549	708	Comoro Islands	Ticino
events\NSB_Poland.txt	552	708	Comoro Islands	Ticino
events\NSB_Poland.txt	557	706	Reunion	Udine
events\NSB_Poland.txt	558	706	Reunion	Udine
events\NSB_Poland.txt	561	706	Reunion	Udine
events\NSB_Poland.txt	579	543	Madagascar	Bar-le-Duc
events\NSB_Poland.txt	580	708	Comoro Islands	Ticino
events\NSB_Poland.txt	581	706	Reunion	Udine
events\NSB_Poland.txt	621	543	Madagascar	Bar-le-Duc
events\NSB_Poland.txt	625	708	Comoro Islands	Ticino
events\NSB_Poland.txt	626	708	Comoro Islands	Ticino
events\NSB_Poland.txt	629	708	Comoro Islands	Ticino
events\NSB_Poland.txt	634	706	Reunion	Udine
events\NSB_Poland.txt	635	706	Reunion	Udine
events\NSB_Poland.txt	639	706	Reunion	Udine
events\NSB_Poland.txt	694	546	Tanganyika	Tuchola
events\NSB_Poland.txt	1832	218	Rostov Area	Vyazma
events\NSB_Poland.txt	1833	245	Donetsk	Dumfries
events\NSB_Poland.txt	1834	238	volgodonsk	Sakiu
events\NSB_Poland.txt	1835	217	Stalingrad Area	East Lothian
events\NSB_Poland.txt	1836	265	Mikhaylovka	Tula
events\NSB_Poland.txt	1839	236	Astrakhan	Swieciany
events\NSB_Poland.txt	1841	236	Astrakhan	Swieciany
events\NSB_Poland.txt	1845	237	Elista	Roxburgh
events\NSB_Poland.txt	1847	237	Elista	Roxburgh
events\NSB_Poland.txt	1884	218	Rostov Area	Vyazma
events\NSB_Poland.txt	1885	245	Donetsk	Dumfries
events\NSB_Poland.txt	1886	238	volgodonsk	Sakiu
events\NSB_Poland.txt	1887	217	Stalingrad Area	East Lothian
events\NSB_Poland.txt	1888	265	Mikhaylovka	Tula
events\NSB_Poland.txt	1891	236	Astrakhan	Swieciany
events\NSB_Poland.txt	1893	236	Astrakhan	Swieciany
events\NSB_Poland.txt	1897	237	Elista	Roxburgh
events\NSB_Poland.txt	1899	237	Elista	Roxburgh
events\NSB_Poland.txt	1952	234	Krasodar	Northumberland
events\NSB_Poland.txt	1953	235	Stravropol	Safonovo
events\NSB_Poland.txt	1954	233	Caucasus Mountains	Peebles
events\NSB_Poland.txt	1955	232	Grozny	Dzisna
events\NSB_Poland.txt	1958	137	Crimea	Jaanilinn
events\NSB_Poland.txt	1960	137	Crimea	Jaanilinn
events\NSB_Poland.txt	1997	234	Krasodar	Northumberland
events\NSB_Poland.txt	1998	235	Stravropol	Safonovo
events\NSB_Poland.txt	1999	233	Caucasus Mountains	Peebles
events\NSB_Poland.txt	2000	232	Grozny	Dzisna
events\NSB_Poland.txt	2003	137	Crimea	Jaanilinn
events\NSB_Poland.txt	2005	137	Crimea	Jaanilinn
events\NSB_Poland.txt	2100	273	Italian Africa	Kolberg
events\NSB_Poland.txt	2102	273	Italian Africa	Kolberg
events\NSB_Poland.txt	2211	273	Italian Africa	Kolberg
events\NSB_Poland.txt	2212	273	Italian Africa	Kolberg
events\NSB_Poland.txt	2647	96	Wilejka	Vologda
events\NSB_Poland.txt	2647	96	Wilejka	Vologda
events\NSB_Poland.txt	2648	96	Wilejka	Vologda
events\NSB_Poland.txt	2651	95	Nowogrodek	Valmiera
events\NSB_Poland.txt	2651	95	Nowogrodek	Valmiera
events\NSB_Poland.txt	2652	95	Nowogrodek	Valmiera
events\NSB_Poland.txt	2655	94	Polesie	Ilukste
events\NSB_Poland.txt	2655	94	Polesie	Ilukste
events\NSB_Poland.txt	2656	94	Polesie	Ilukste
events\NSB_Poland.txt	2659	93	Volhynian	Etela-Karjala
events\NSB_Poland.txt	2659	93	Volhynian	Etela-Karjala
events\NSB_Poland.txt	2660	93	Volhynian	Etela-Karjala
events\NSB_Poland.txt	2663	91	Tarnopol	Ventspils
events\NSB_Poland.txt	2663	91	Tarnopol	Ventspils
events\NSB_Poland.txt	2664	91	Tarnopol	Ventspils
events\NSB_Poland.txt	2667	89	Krakow	Paijat-Hame
events\NSB_Poland.txt	2667	89	Krakow	Paijat-Hame
events\NSB_Poland.txt	2668	89	Krakow	Paijat-Hame
events\NSB_Poland.txt	2671	97	Bialystok	Perm
events\NSB_Poland.txt	2671	97	Bialystok	Perm
events\NSB_Poland.txt	2672	97	Bialystok	Perm
events\NSB_Poland.txt	2675	784	Ermland-Masuren	Avar
events\NSB_Poland.txt	2675	784	Ermland-Masuren	Avar
events\NSB_Poland.txt	2676	784	Ermland-Masuren	Avar
events\NSB_Poland.txt	2726	96	Wilejka	Vologda
events\NSB_Poland.txt	2726	96	Wilejka	Vologda
events\NSB_Poland.txt	2727	96	Wilejka	Vologda
events\NSB_Poland.txt	2730	95	Nowogrodek	Valmiera
events\NSB_Poland.txt	2730	95	Nowogrodek	Valmiera
events\NSB_Poland.txt	2731	95	Nowogrodek	Valmiera
events\NSB_Poland.txt	2734	94	Polesie	Ilukste
events\NSB_Poland.txt	2734	94	Polesie	Ilukste
events\NSB_Poland.txt	2735	94	Polesie	Ilukste
events\NSB_Poland.txt	2738	93	Volhynian	Etela-Karjala
events\NSB_Poland.txt	2738	93	Volhynian	Etela-Karjala
events\NSB_Poland.txt	2739	93	Volhynian	Etela-Karjala
events\NSB_Poland.txt	2742	91	Tarnopol	Ventspils
events\NSB_Poland.txt	2742	91	Tarnopol	Ventspils
events\NSB_Poland.txt	2743	91	Tarnopol	Ventspils
events\NSB_Poland.txt	2746	89	Krakow	Paijat-Hame
events\NSB_Poland.txt	2746	89	Krakow	Paijat-Hame
events\NSB_Poland.txt	2747	89	Krakow	Paijat-Hame
events\NSB_Poland.txt	2750	97	Bialystok	Perm
events\NSB_Poland.txt	2750	97	Bialystok	Perm
events\NSB_Poland.txt	2751	97	Bialystok	Perm
events\NSB_Poland.txt	2754	784	Ermland-Masuren	Avar
events\NSB_Poland.txt	2754	784	Ermland-Masuren	Avar
events\NSB_Poland.txt	2755	784	Ermland-Masuren	Avar
events\NSB_Poland.txt	2952	96	Wilejka	Vologda
events\NSB_Poland.txt	2952	96	Wilejka	Vologda
events\NSB_Poland.txt	2953	96	Wilejka	Vologda
events\NSB_Poland.txt	2956	95	Nowogrodek	Valmiera
events\NSB_Poland.txt	2956	95	Nowogrodek	Valmiera
events\NSB_Poland.txt	2957	95	Nowogrodek	Valmiera
events\NSB_Poland.txt	2960	94	Polesie	Ilukste
events\NSB_Poland.txt	2960	94	Polesie	Ilukste
events\NSB_Poland.txt	2961	94	Polesie	Ilukste
events\NSB_Poland.txt	2964	93	Volhynian	Etela-Karjala
events\NSB_Poland.txt	2964	93	Volhynian	Etela-Karjala
events\NSB_Poland.txt	2965	93	Volhynian	Etela-Karjala
events\NSB_Poland.txt	2968	91	Tarnopol	Ventspils
events\NSB_Poland.txt	2968	91	Tarnopol	Ventspils
events\NSB_Poland.txt	2969	91	Tarnopol	Ventspils
events\NSB_Poland.txt	2972	89	Krakow	Paijat-Hame
events\NSB_Poland.txt	2972	89	Krakow	Paijat-Hame
events\NSB_Poland.txt	2973	89	Krakow	Paijat-Hame
events\NSB_Poland.txt	2976	97	Bialystok	Perm
events\NSB_Poland.txt	2976	97	Bialystok	Perm
events\NSB_Poland.txt	2977	97	Bialystok	Perm
events\NSB_Poland.txt	2981	784	Ermland-Masuren	Avar
events\NSB_Poland.txt	2981	784	Ermland-Masuren	Avar
events\NSB_Poland.txt	2982	784	Ermland-Masuren	Avar
events\NSB_Poland.txt	2986	11	Kaunas	New York
events\NSB_Poland.txt	2986	11	Kaunas	New York
events\NSB_Poland.txt	2987	11	Kaunas	New York
events\NSB_Poland.txt	2990	188	Memel	Tukums
events\NSB_Poland.txt	2990	188	Memel	Tukums
events\NSB_Poland.txt	2991	188	Memel	Tukums
events\NSB_Poland.txt	2994	189	Kaunas	Toropets
events\NSB_Poland.txt	2994	189	Kaunas	Toropets
events\NSB_Poland.txt	2995	189	Kaunas	Toropets
events\NSB_Poland.txt	2998	814	Suduva	Tarn
events\NSB_Poland.txt	2998	814	Suduva	Tarn
events\NSB_Poland.txt	2999	814	Suduva	Tarn
events\NSB_Poland.txt	3002	815	Aukstaitija	Cetina
events\NSB_Poland.txt	3002	815	Aukstaitija	Cetina
events\NSB_Poland.txt	3003	815	Aukstaitija	Cetina
events\NSB_Poland.txt	3046	96	Wilejka	Vologda
events\NSB_Poland.txt	3046	96	Wilejka	Vologda
events\NSB_Poland.txt	3047	96	Wilejka	Vologda
events\NSB_Poland.txt	3050	95	Nowogrodek	Valmiera
events\NSB_Poland.txt	3050	95	Nowogrodek	Valmiera
events\NSB_Poland.txt	3051	95	Nowogrodek	Valmiera
events\NSB_Poland.txt	3054	94	Polesie	Ilukste
events\NSB_Poland.txt	3054	94	Polesie	Ilukste
events\NSB_Poland.txt	3055	94	Polesie	Ilukste
events\NSB_Poland.txt	3058	93	Volhynian	Etela-Karjala
events\NSB_Poland.txt	3058	93	Volhynian	Etela-Karjala
events\NSB_Poland.txt	3059	93	Volhynian	Etela-Karjala
events\NSB_Poland.txt	3062	91	Tarnopol	Ventspils
events\NSB_Poland.txt	3062	91	Tarnopol	Ventspils
events\NSB_Poland.txt	3063	91	Tarnopol	Ventspils
events\NSB_Poland.txt	3066	89	Krakow	Paijat-Hame
events\NSB_Poland.txt	3066	89	Krakow	Paijat-Hame
events\NSB_Poland.txt	3067	89	Krakow	Paijat-Hame
events\NSB_Poland.txt	3070	97	Bialystok	Perm
events\NSB_Poland.txt	3070	97	Bialystok	Perm
events\NSB_Poland.txt	3071	97	Bialystok	Perm
events\NSB_Poland.txt	3075	784	Ermland-Masuren	Avar
events\NSB_Poland.txt	3075	784	Ermland-Masuren	Avar
events\NSB_Poland.txt	3076	784	Ermland-Masuren	Avar
events\NSB_Poland.txt	3080	11	Kaunas	New York
events\NSB_Poland.txt	3080	11	Kaunas	New York
events\NSB_Poland.txt	3081	11	Kaunas	New York
events\NSB_Poland.txt	3084	188	Memel	Tukums
events\NSB_Poland.txt	3084	188	Memel	Tukums
events\NSB_Poland.txt	3085	188	Memel	Tukums
events\NSB_Poland.txt	3088	189	Kaunas	Toropets
events\NSB_Poland.txt	3088	189	Kaunas	Toropets
events\NSB_Poland.txt	3089	189	Kaunas	Toropets
events\NSB_Poland.txt	3092	814	Suduva	Tarn
events\NSB_Poland.txt	3092	814	Suduva	Tarn
events\NSB_Poland.txt	3093	814	Suduva	Tarn
events\NSB_Poland.txt	3096	815	Aukstaitija	Cetina
events\NSB_Poland.txt	3096	815	Aukstaitija	Cetina
events\NSB_Poland.txt	3097	815	Aukstaitija	Cetina
events\NSB_Poland.txt	3349	227	Stalino	Klaipedos
events\NSB_Poland.txt	3374	227	Stalino	Klaipedos
events\NSB_Poland.txt	3442	227	Stalino	Klaipedos
events\NSB_Poland.txt	3499	227	Stalino	Klaipedos
events\NSB_Soviet.txt	2698	463	Alaska	Eisenach
events\NSB_Soviet.txt	2700	463	Alaska	Eisenach
events\NSB_Soviet.txt	2704	650	Attu Island	Bourges
events\NSB_Soviet.txt	2706	650	Attu Island	Bourges
events\NSB_Soviet.txt	2768	463	Alaska	Eisenach
events\NSB_Soviet.txt	2770	463	Alaska	Eisenach
events\NSB_Soviet.txt	2774	650	Attu Island	Bourges
events\NSB_Soviet.txt	2776	650	Attu Island	Bourges
events\NSB_Soviet.txt	3836	536	Hokkaido	Brno
events\NSB_Soviet.txt	3872	537	South Sakhalin	Saarland
events\NSB_Soviet.txt	3873	555	Lagos	Trencin
events\NSB_Soviet.txt	3925	536	Hokkaido	Brno
events\NSB_Soviet.txt	3926	555	Lagos	Trencin
events\NSB_Soviet.txt	3963	537	South Sakhalin	Saarland
events\NSB_Soviet.txt	3964	536	Hokkaido	Brno
events\NSB_Soviet.txt	3965	555	Lagos	Trencin
events\NSB_Soviet.txt	4011	537	South Sakhalin	Saarland
events\NSB_Soviet.txt	4012	555	Lagos	Trencin
events\NSB_Soviet.txt	4017	536	Hokkaido	Brno
events\NSB_Soviet.txt	4075	655	North Sakhalin	Vaslui
events\NSB_Soviet.txt	4124	655	North Sakhalin	Vaslui
events\NSB_Soviet.txt	4890	618	China 15	Ochakov
events\NSB_Soviet.txt	5021	618	China 15	Ochakov
events\NSB_Soviet.txt	8806	408	Vladivostok	Oxfordshire
events\NSB_Soviet.txt	8809	408	Vladivostok	Oxfordshire
events\NSB_Soviet.txt	8825	655	North Sakhalin	Vaslui
events\NSB_Soviet.txt	8828	655	North Sakhalin	Vaslui
events\NSB_Soviet.txt	8836	229	baku	Moscow
events\NSB_Soviet.txt	8838	229	baku	Moscow
events\NSB_Soviet.txt	8854	192	Odessa	Bute
events\NSB_Soviet.txt	8856	229	baku	Moscow
events\NSB_Soviet.txt	8917	219	Moscow Area	Lanmark
events\NSB_Soviet.txt	8937	119	Northern Ireland	Leningrad
events\NSB_Soviet.txt	8961	119	Northern Ireland	Leningrad
events\NSB_Soviet.txt	8992	119	Northern Ireland	Leningrad
events\Poland.txt	34	436	Central Provinces	Zhitomir
events\Poland.txt	450	162	Tuscany	Udmurt
events\Poland.txt	454	157	Abruzzo	Hiiumaa
events\Poland.txt	458	2	Italy	Massachusetts
events\Poland.txt	1666	807	Gdynia	Gard
events\Poland.txt	1685	807	Gdynia	Gard
events\Romania.txt	218	818	Khovd	Bazargic
events\SovietUnion.txt	200	590	Northern Kazakhstan	Storojinet
events\SovietUnion.txt	719	655	North Sakhalin	Vaslui
events\SovietUnion.txt	2162	227	Stalino	Klaipedos
events\SovietUnion.txt	2169	227	Stalino	Klaipedos
events\SovietUnion.txt	2178	526	Okinawa	Zaolzie
events\SovietUnion.txt	2185	526	Okinawa	Zaolzie
events\SovietUnion.txt	2248	85	Danzig	Pirkanmaa
events\SovietUnion.txt	2249	86	Poznan	Satakunta
events\SovietUnion.txt	2250	87	Lodz	Jekabpils
events\Spain.txt	58	897	Zambezia-Mocambique	Valladolid
events\Spain.txt	457	41	Madrid	Arkhangelsk
events\Spain.txt	472	41	Madrid	Arkhangelsk
events\Spain.txt	547	951	- Arica	Madrid
events\TFV_Canada.txt	662	64	Brandenburg	Newfoundland
events\TFV_Canada.txt	699	64	Brandenburg	Newfoundland
events\TFV_Canada.txt	757	64	Brandenburg	Newfoundland
events\TFV_Canada.txt	762	64	Brandenburg	Newfoundland
events\USA.txt	115	696	Bermuda	Krasnodar
events\USA.txt	118	331	Newfoundland	Groningen
events\USA.txt	121	308	Britain SA	Westmeath
events\USA.txt	124	693	Southern Bahamas	Leczyca
events\USA.txt	127	689	Jamaica	Tutova
events\USA.txt	130	691	Trinidad	Macon
events\USA.txt	136	696	Bermuda	Krasnodar
events\USA.txt	139	331	Newfoundland	Groningen
events\USA.txt	142	308	Britain SA	Westmeath
events\USA.txt	145	693	Southern Bahamas	Leczyca
events\USA.txt	148	689	Jamaica	Tutova
events\USA.txt	151	691	Trinidad	Macon
events\WTT_Britain.txt	308	698	Azores	Bacau
events\WTT_Britain.txt	377	698	Azores	Bacau
events\WTT_Germany.txt	44	492	Piura	Wuerzburg
events\WTT_Germany.txt	146	431	Calcutta	Duesseldorf
events\WTT_Germany.txt	151	433	Rajputana	Dortmund
events\WTT_Germany.txt	300	400	Kirov	Steinfurt
events\WTT_Germany.txt	301	373	Missouri	Osnabruck
events\WTT_Germany.txt	302	350	Diyarbekir	Meppen
events\WTT_Germany.txt	309	314	El Salvador	Wilhelmshaven
events\WTT_Germany.txt	310	322	Tibet	Oldenburg
events\WTT_Germany.txt	325	327	Philippines	Luckenwalde
events\WTT_Germany.txt	330	365	Georgia	Luckau
events\WTT_Germany.txt	340	415	South Khorasan	Bunzlau
events\WTT_Germany.txt	414	353	Erzurum	Dessau
events\WTT_Germany.txt	418	327	Philippines	Luckenwalde
events\WTT_Germany.txt	421	365	Georgia	Luckau
events\WTT_Germany.txt	422	441	Kashmir	Gorlitz
events\WTT_Germany.txt	423	424	Andra Pradesh	Mittel Ruhr
events\WTT_Germany.txt	425	431	Calcutta	Duesseldorf
events\WTT_Germany.txt	606	469	Saskatchewan	Bonn
events\WTT_Germany.txt	679	896	Manica e Sofala	Barcelona
events\WTT_Germany.txt	685	951	- Arica	Madrid
events\WTT_Germany.txt	686	896	Manica e Sofala	Barcelona
events\WTT_Germany.txt	2458	743	Qingdao	Ljubljana
events\WTT_Germany.txt	2560	743	Qingdao	Ljubljana
events\WTT_Germany.txt	2595	743	Qingdao	Ljubljana
events\WTT_Germany.txt	2687	743	Qingdao	Ljubljana
events\WTT_Germany.txt	3174	280	Brazil	Danzig
events\WTT_Germany.txt	3175	122	Wales	Poznan
events\WTT_Germany.txt	3225	280	Brazil	Danzig
events\WTT_Germany.txt	3226	122	Wales	Poznan
events\WTT_Germany.txt	3227	280	Brazil	Danzig
events\WTT_Germany.txt	3228	122	Wales	Poznan
events\WUW_Austria.txt	155	469	Saskatchewan	Bonn
events\WUW_Austria.txt	1760	126	Greater London Area	Glasgow
events\WUW_Austria.txt	1797	361	Maryland	Kilkenny
events\WUW_Austria.txt	1832	16	Ile de France	Rybachy Peninsula
events\WUW_Austria.txt	1868	2	Italy	Massachusetts
events\WUW_Austria.txt	3498	155	Western Hungary	Parnu
events\WUW_Austria.txt	3499	974	- South Transdanubia	Castellon
events\WUW_Austria.txt	3500	973	- Bacs	Erzurum
events\WUW_Austria.txt	3501	154	Southern plain	Tver
events\WUW_Austria.txt	3502	43	Hungary	Delaware
events\WUW_Austria.txt	3567	69	Sudatenland	nice
events\WUW_Austria.txt	3568	972	- South Sudetenland	Agcab@di
events\WUW_Austria.txt	3569	9	Czechoslovakia	Ontario
events\WUW_Austria.txt	3570	75	Moravia	More og Romsdal
events\WUW_Austria.txt	3571	74	East Sudatenland	Porajarvi
events\WUW_Austria.txt	3572	72	Zaolzie	Keski-Suomi
events\WUW_Austria.txt	3620	853	Ljubljana	Sinjajevina
events\WUW_Austria.txt	3621	853	Ljubljana	Sinjajevina
events\WUW_Austria.txt	3624	102	North-Eastern Slovenia	Volkhov
events\WUW_Austria.txt	3625	102	North-Eastern Slovenia	Volkhov
events\WUW_Austria.txt	3628	103	Croatia	Kanta-Hame
events\WUW_Austria.txt	3629	103	Croatia	Kanta-Hame
events\WUW_Austria.txt	3636	853	Ljubljana	Sinjajevina
events\WUW_Austria.txt	3637	853	Ljubljana	Sinjajevina
events\WUW_Austria.txt	3645	102	North-Eastern Slovenia	Volkhov
events\WUW_Austria.txt	3646	102	North-Eastern Slovenia	Volkhov
events\WUW_Austria.txt	3655	103	Croatia	Kanta-Hame
events\WUW_Austria.txt	3656	103	Croatia	Kanta-Hame
events\WUW_Austria.txt	3694	853	Ljubljana	Sinjajevina
events\WUW_Austria.txt	3695	853	Ljubljana	Sinjajevina
events\WUW_Austria.txt	3698	102	North-Eastern Slovenia	Volkhov
events\WUW_Austria.txt	3699	102	North-Eastern Slovenia	Volkhov
events\WUW_Austria.txt	3702	109	Eastern Croatia	Varsinais-Suomi
events\WUW_Austria.txt	3703	109	Eastern Croatia	Varsinais-Suomi
events\WUW_Austria.txt	3714	853	Ljubljana	Sinjajevina
events\WUW_Austria.txt	3715	853	Ljubljana	Sinjajevina
events\WUW_Austria.txt	3746	102	North-Eastern Slovenia	Volkhov
events\WUW_Austria.txt	3747	102	North-Eastern Slovenia	Volkhov
events\WUW_Austria.txt	3778	109	Eastern Croatia	Varsinais-Suomi
events\WUW_Austria.txt	3779	109	Eastern Croatia	Varsinais-Suomi
events\WUW_Austria.txt	3843	88	Kielce	Kopparberg
events\WUW_Austria.txt	3844	89	Krakow	Paijat-Hame
events\WUW_Austria.txt	3845	91	Tarnopol	Ventspils
events\WUW_Austria.txt	3904	76	Northern Transylvania	Randers
events\WUW_Austria.txt	3905	83	crisana	Oppland
events\WUW_Austria.txt	3906	84	Transylvania	Gavleborg
events\WUW_Austria.txt	3907	82	Banat	Chodziez
events\WUW_Austria.txt	3908	80	Bocovina	Ostrow Wiel
events\WUW_Austria.txt	3974	934	Shkoder	Napoli
events\WUW_Austria.txt	3975	44	Albania	Vestfirdir
events\WUW_Austria.txt	3976	805	Northern Epirus	Firenze
events\WUW_Austria.txt	4028	155	Western Hungary	Parnu
events\WUW_Austria.txt	4029	974	- South Transdanubia	Castellon
events\WUW_Austria.txt	4030	973	- Bacs	Erzurum
events\WUW_Austria.txt	4031	154	Southern plain	Tver
events\WUW_Austria.txt	4032	43	Hungary	Delaware
events\WUW_Austria.txt	4033	69	Sudatenland	nice
events\WUW_Austria.txt	4034	972	- South Sudetenland	Agcab@di
events\WUW_Austria.txt	4035	9	Czechoslovakia	Ontario
events\WUW_Austria.txt	4036	75	Moravia	More og Romsdal
events\WUW_Austria.txt	4037	74	East Sudatenland	Porajarvi
events\WUW_Austria.txt	4038	72	Zaolzie	Keski-Suomi
events\WUW_Austria.txt	4039	88	Kielce	Kopparberg
events\WUW_Austria.txt	4040	89	Krakow	Paijat-Hame
events\WUW_Austria.txt	4041	91	Tarnopol	Ventspils
events\WUW_Austria.txt	4042	76	Northern Transylvania	Randers
events\WUW_Austria.txt	4043	83	crisana	Oppland
events\WUW_Austria.txt	4044	84	Transylvania	Gavleborg
events\WUW_Austria.txt	4045	82	Banat	Chodziez
events\WUW_Austria.txt	4046	80	Bocovina	Ostrow Wiel
events\WUW_Austria.txt	4047	934	Shkoder	Napoli
events\WUW_Austria.txt	4048	44	Albania	Vestfirdir
events\WUW_Austria.txt	4049	805	Northern Epirus	Firenze
events\WUW_Austria.txt	4196	88	Kielce	Kopparberg
events\WUW_Austria.txt	4197	89	Krakow	Paijat-Hame
events\WUW_Austria.txt	4198	91	Tarnopol	Ventspils
events\WUW_Austria.txt	4237	76	Northern Transylvania	Randers
events\WUW_Austria.txt	4238	83	crisana	Oppland
events\WUW_Austria.txt	4239	84	Transylvania	Gavleborg
events\WUW_Austria.txt	4240	82	Banat	Chodziez
events\WUW_Austria.txt	4241	80	Bocovina	Ostrow Wiel
events\WUW_Austria.txt	4259	853	Ljubljana	Sinjajevina
events\WUW_Austria.txt	4260	853	Ljubljana	Sinjajevina
events\WUW_Austria.txt	4263	102	North-Eastern Slovenia	Volkhov
events\WUW_Austria.txt	4264	102	North-Eastern Slovenia	Volkhov
events\WUW_Austria.txt	4267	109	Eastern Croatia	Varsinais-Suomi
events\WUW_Austria.txt	4268	109	Eastern Croatia	Varsinais-Suomi
events\WUW_Austria.txt	4309	853	Ljubljana	Sinjajevina
events\WUW_Austria.txt	4310	853	Ljubljana	Sinjajevina
events\WUW_Austria.txt	4313	102	North-Eastern Slovenia	Volkhov
events\WUW_Austria.txt	4314	102	North-Eastern Slovenia	Volkhov
events\WUW_Austria.txt	4317	109	Eastern Croatia	Varsinais-Suomi
events\WUW_Austria.txt	4318	109	Eastern Croatia	Varsinais-Suomi
events\WUW_Austria.txt	4329	853	Ljubljana	Sinjajevina
events\WUW_Austria.txt	4330	853	Ljubljana	Sinjajevina
events\WUW_Austria.txt	4347	102	North-Eastern Slovenia	Volkhov
events\WUW_Austria.txt	4348	102	North-Eastern Slovenia	Volkhov
events\WUW_Austria.txt	4365	109	Eastern Croatia	Varsinais-Suomi
events\WUW_Austria.txt	4366	109	Eastern Croatia	Varsinais-Suomi
events\WUW_Austria.txt	4514	88	Kielce	Kopparberg
events\WUW_Austria.txt	4515	89	Krakow	Paijat-Hame
events\WUW_Austria.txt	4516	91	Tarnopol	Ventspils
events\WUW_Austria.txt	4562	76	Northern Transylvania	Randers
events\WUW_Austria.txt	4563	83	crisana	Oppland
events\WUW_Austria.txt	4564	84	Transylvania	Gavleborg
events\WUW_Austria.txt	4565	82	Banat	Chodziez
events\WUW_Austria.txt	4566	80	Bocovina	Ostrow Wiel
events\WUW_Austria.txt	4669	155	Western Hungary	Parnu
events\WUW_Austria.txt	4670	974	- South Transdanubia	Castellon
events\WUW_Austria.txt	4671	973	- Bacs	Erzurum
events\WUW_Austria.txt	4672	154	Southern plain	Tver
events\WUW_Austria.txt	4673	43	Hungary	Delaware
events\WUW_Austria.txt	4674	69	Sudatenland	nice
events\WUW_Austria.txt	4675	972	- South Sudetenland	Agcab@di
events\WUW_Austria.txt	4676	9	Czechoslovakia	Ontario
events\WUW_Austria.txt	4677	75	Moravia	More og Romsdal
events\WUW_Austria.txt	4678	74	East Sudatenland	Porajarvi
events\WUW_Austria.txt	4679	72	Zaolzie	Keski-Suomi
events\WUW_Austria.txt	4680	88	Kielce	Kopparberg
events\WUW_Austria.txt	4681	89	Krakow	Paijat-Hame
events\WUW_Austria.txt	4682	91	Tarnopol	Ventspils
events\WUW_Austria.txt	4683	76	Northern Transylvania	Randers
events\WUW_Austria.txt	4684	83	crisana	Oppland
events\WUW_Austria.txt	4685	84	Transylvania	Gavleborg
events\WUW_Austria.txt	4686	82	Banat	Chodziez
events\WUW_Austria.txt	4687	80	Bocovina	Ostrow Wiel
events\WUW_Austria.txt	4688	934	Shkoder	Napoli
events\WUW_Austria.txt	4689	44	Albania	Vestfirdir
events\WUW_Austria.txt	4690	805	Northern Epirus	Firenze
events\WUW_Austria.txt	4738	102	North-Eastern Slovenia	Volkhov
events\WUW_Austria.txt	4739	102	North-Eastern Slovenia	Volkhov
events\WUW_Austria.txt	4744	102	North-Eastern Slovenia	Volkhov
events\WUW_Austria.txt	4752	102	North-Eastern Slovenia	Volkhov
events\WUW_Austria.txt	4753	102	North-Eastern Slovenia	Volkhov
events\WUW_Austria.txt	4759	102	North-Eastern Slovenia	Volkhov
events\WUW_Austria.txt	4765	853	Ljubljana	Sinjajevina
events\WUW_Austria.txt	4766	853	Ljubljana	Sinjajevina
events\WUW_Austria.txt	4771	853	Ljubljana	Sinjajevina
events\WUW_Austria.txt	4779	853	Ljubljana	Sinjajevina
events\WUW_Austria.txt	4780	853	Ljubljana	Sinjajevina
events\WUW_Austria.txt	4786	853	Ljubljana	Sinjajevina
events\WUW_Austria.txt	4794	109	Eastern Croatia	Varsinais-Suomi
events\WUW_Austria.txt	4795	109	Eastern Croatia	Varsinais-Suomi
events\WUW_Austria.txt	4808	109	Eastern Croatia	Varsinais-Suomi
events\WUW_Austria.txt	4809	109	Eastern Croatia	Varsinais-Suomi
events\WUW_Austria.txt	5135	88	Kielce	Kopparberg
events\WUW_Austria.txt	5136	89	Krakow	Paijat-Hame
events\WUW_Austria.txt	5137	91	Tarnopol	Ventspils
events\WUW_Austria.txt	5624	523	New Guinea	Plzen
events\WUW_Austria.txt	5628	481	Sinaloa	Katowice
events\WUW_Austria.txt	5635	461	Northern Morocco	Rosenberg
events\WUW_Austria.txt	5645	425	Mysore	Schweidnitz
events\WUW_Austria.txt	5655	415	South Khorasan	Bunzlau
events\WUW_Austria.txt	5657	441	Kashmir	Gorlitz
events\WUW_Austria.txt	5951	683	Northeastern Canada	Trento
events\WUW_Austria.txt	6775	126	Greater London Area	Glasgow
events\WUW_Austria.txt	6801	361	Maryland	Kilkenny
events\WUW_Austria.txt	6827	16	Ile de France	Rybachy Peninsula
events\WUW_Austria.txt	6853	2	Italy	Massachusetts
events\WUW_Austria.txt	6948	126	Greater London Area	Glasgow
events\WUW_Austria.txt	6985	361	Maryland	Kilkenny
events\WUW_Austria.txt	7020	16	Ile de France	Rybachy Peninsula
events\WUW_Austria.txt	7056	2	Italy	Massachusetts
events\WUW_Austria.txt	8552	848	Voralberg	Cantabria
events\WUW_Austria.txt	10063	764	West Banat	Prahova
events\WUW_Austria.txt	10065	764	West Banat	Prahova
events\WUW_Austria.txt	10074	104	Bosnia	Haderslev
events\WUW_Austria.txt	10076	104	Bosnia	Haderslev
events\WUW_Austria.txt	10085	103	Croatia	Kanta-Hame
events\WUW_Austria.txt	10087	103	Croatia	Kanta-Hame
events\WUW_Austria.txt	10096	804	Herzegovina	Teleorman
events\WUW_Austria.txt	10098	804	Herzegovina	Teleorman
events\WUW_Austria.txt	10107	45	Yugoslavia	Vasterbotten
events\WUW_Austria.txt	10109	45	Yugoslavia	Vasterbotten
events\WUW_Austria.txt	10150	764	West Banat	Prahova
events\WUW_Austria.txt	10152	764	West Banat	Prahova
events\WUW_Austria.txt	10161	104	Bosnia	Haderslev
events\WUW_Austria.txt	10163	104	Bosnia	Haderslev
events\WUW_Austria.txt	10172	103	Croatia	Kanta-Hame
events\WUW_Austria.txt	10174	103	Croatia	Kanta-Hame
events\WUW_Austria.txt	10183	804	Herzegovina	Teleorman
events\WUW_Austria.txt	10185	804	Herzegovina	Teleorman
events\WUW_Austria.txt	10194	45	Yugoslavia	Vasterbotten
events\WUW_Austria.txt	10196	45	Yugoslavia	Vasterbotten
events\WUW_Austria.txt	10237	764	West Banat	Prahova
events\WUW_Austria.txt	10239	764	West Banat	Prahova
events\WUW_Austria.txt	10251	104	Bosnia	Haderslev
events\WUW_Austria.txt	10253	104	Bosnia	Haderslev
events\WUW_Austria.txt	10265	103	Croatia	Kanta-Hame
events\WUW_Austria.txt	10267	103	Croatia	Kanta-Hame
events\WUW_Austria.txt	10279	804	Herzegovina	Teleorman
events\WUW_Austria.txt	10281	804	Herzegovina	Teleorman
events\WUW_Austria.txt	10293	45	Yugoslavia	Vasterbotten
events\WUW_Austria.txt	10295	45	Yugoslavia	Vasterbotten
events\WUW_Austria.txt	10324	764	West Banat	Prahova
events\WUW_Austria.txt	10326	764	West Banat	Prahova
events\WUW_Austria.txt	10338	104	Bosnia	Haderslev
events\WUW_Austria.txt	10340	104	Bosnia	Haderslev
events\WUW_Austria.txt	10352	103	Croatia	Kanta-Hame
events\WUW_Austria.txt	10354	103	Croatia	Kanta-Hame
events\WUW_Austria.txt	10366	804	Herzegovina	Teleorman
events\WUW_Austria.txt	10368	804	Herzegovina	Teleorman
events\WUW_Austria.txt	10380	45	Yugoslavia	Vasterbotten
events\WUW_Austria.txt	10382	45	Yugoslavia	Vasterbotten
events\WUW_Belgium.txt	795	29	Pas de Calais	Suursaari
events\WUW_Belgium.txt	1034	29	Pas de Calais	Suursaari
events\WUW_Germany.txt	2353	541	South West Africa	Tatra
events\WUW_Germany.txt	2370	546	Tanganyika	Tuchola
events\WUW_Germany.txt	2387	777	Togo	Bihac
events\WUW_Germany.txt	2404	893	Karas	Ceuta
events\WUW_Germany.txt	2421	894	Kuneme	Veles
events\WUW_Germany.txt	2438	895	Kavango	Balkan
events\WUW_Germany.txt	2468	541	South West Africa	Tatra
events\WUW_Germany.txt	2485	546	Tanganyika	Tuchola
events\WUW_Germany.txt	2502	777	Togo	Bihac
events\WUW_Germany.txt	2519	893	Karas	Ceuta
events\WUW_Germany.txt	2536	894	Kuneme	Veles
events\WUW_Germany.txt	2553	895	Kavango	Balkan
events\WUW_Germany.txt	2585	541	South West Africa	Tatra
events\WUW_Germany.txt	2602	546	Tanganyika	Tuchola
events\WUW_Germany.txt	2619	777	Togo	Bihac
events\WUW_Germany.txt	2636	893	Karas	Ceuta
events\WUW_Germany.txt	2653	894	Kuneme	Veles
events\WUW_Germany.txt	2670	895	Kavango	Balkan
events\WUW_Germany.txt	2702	541	South West Africa	Tatra
events\WUW_Germany.txt	2719	546	Tanganyika	Tuchola
events\WUW_Germany.txt	2736	777	Togo	Bihac
events\WUW_Germany.txt	2753	893	Karas	Ceuta
events\WUW_Germany.txt	2770	894	Kuneme	Veles
events\WUW_Germany.txt	2787	895	Kavango	Balkan
events\WUW_Germany.txt	3525	227	Stalino	Klaipedos
events\WUW_Germany.txt	3540	227	Stalino	Klaipedos
events\WUW_Germany.txt	3619	227	Stalino	Klaipedos
events\WUW_Germany.txt	3636	227	Stalino	Klaipedos
events\WUW_Germany.txt	4802	70	Slovakia	Soro
events\WUW_Germany.txt	4803	664	Southern Slovakia	Oradea
events\WUW_Germany.txt	4804	71	East Slovakia	Sor-Trondelag
events\WUW_Germany.txt	4805	73	Carpathian Ruthenia	Etela-Pohjanmaa
events\WUW_Germany.txt	4811	69	Sudatenland	nice
events\WUW_Germany.txt	4812	972	- South Sudetenland	Agcab@di
events\WUW_Germany.txt	4813	9	Czechoslovakia	Ontario
events\WUW_Germany.txt	4814	75	Moravia	More og Romsdal
events\WUW_Germany.txt	4815	74	East Sudatenland	Porajarvi
events\WUW_Germany.txt	4816	72	Zaolzie	Keski-Suomi
events\WUW_Germany.txt	4866	89	Krakow	Paijat-Hame
events\WUW_Germany.txt	4867	91	Tarnopol	Ventspils
events\WUW_Germany.txt	4868	93	Volhynian	Etela-Karjala
events\WUW_Germany.txt	4869	94	Polesie	Ilukste
events\WUW_Germany.txt	4870	95	Nowogrodek	Valmiera
events\WUW_Germany.txt	4871	96	Wilejka	Vologda
events\WUW_Germany.txt	4872	97	Bialystok	Perm
events\WUW_Germany.txt	4878	807	Gdynia	Gard
events\WUW_Germany.txt	4879	85	Danzig	Pirkanmaa
events\WUW_Germany.txt	4880	86	Poznan	Satakunta
events\WUW_Germany.txt	4881	87	Lodz	Jekabpils
events\WUW_Germany.txt	4882	88	Kielce	Kopparberg
events\WUW_Germany.txt	4883	90	Lwow	Faero
events\WUW_Germany.txt	4884	92	Lublin	Sogn og Fjordane
events\WUW_Germany.txt	4885	98	Mazurskie	Aland
events\WUW_Germany.txt	4886	10	Poland	New Hampshire
events\WUW_Germany.txt	4887	762	Katowice	Istria
events\WUW_Germany.txt	4961	70	Slovakia	Soro
events\WUW_Germany.txt	4962	664	Southern Slovakia	Oradea
events\WUW_Germany.txt	4963	71	East Slovakia	Sor-Trondelag
events\WUW_Germany.txt	4964	73	Carpathian Ruthenia	Etela-Pohjanmaa
events\WUW_Germany.txt	4975	89	Krakow	Paijat-Hame
events\WUW_Germany.txt	4976	91	Tarnopol	Ventspils
events\WUW_Germany.txt	4977	93	Volhynian	Etela-Karjala
events\WUW_Germany.txt	4978	94	Polesie	Ilukste
events\WUW_Germany.txt	4979	95	Nowogrodek	Valmiera
events\WUW_Germany.txt	4980	96	Wilejka	Vologda
events\WUW_Germany.txt	4981	97	Bialystok	Perm
events\WUW_Germany.txt	5067	434	Arunachal Pradesh	Wlodzimierz Wolynski
events\WUW_Germany.txt	5069	326	HongKong	Wolkowysk
events\WUW_Germany.txt	5082	611	China 10	Nograd
events\WUW_Germany.txt	5101	280	Brazil	Danzig
events\WUW_Germany.txt	5102	280	Brazil	Danzig
events\WUW_Germany.txt	5103	243	Roslavl	Srem
events\WUW_Germany.txt	5104	693	Southern Bahamas	Leczyca
events\WUW_Germany.txt	5106	867	Northern Manitoba	Kielce
events\WUW_Germany.txt	5107	1070	- Bougainville	Garwolin
events\WUW_Germany.txt	5108	5	Germany	Pultusk
events\WUW_Germany.txt	5109	370	Mississippi	Grojec
events\WUW_Germany.txt	5110	467	Manitoba	Sosnowiec
events\WUW_Germany.txt	5121	539	Gabon	Budejovice
events\WUW_Germany.txt	5122	513	Southern Algeria	Praha
events\WUW_Germany.txt	5123	536	Hokkaido	Brno
events\WUW_Germany.txt	5124	499	Bahia	Sternberg
events\WUW_Germany.txt	8262	251	Samara	Kaluga
events\WUW_Germany.txt	8279	251	Samara	Kaluga
events\WUW_Germany.txt	8554	722	Petsamo	Baranya
events\WUW_Germany.txt	8555	147	Salla	Vest-Agder
events\WUW_Germany.txt	8556	146	Karelia	Saaremaa
events\WUW_Germany.txt	8557	929	Oulu	Drama
events\WUW_Germany.txt	9290	155	Western Hungary	Parnu
events\WUW_Germany.txt	9291	43	Hungary	Delaware
events\WUW_Germany.txt	10438	645	Iwo Jima	Tours
events\WUW_Germany.txt	10439	629	Hawaii	Campulung
events\WUW_Germany.txt	10440	650	Attu Island	Bourges
events\WUW_Germany.txt	10441	631	Midway Island	Hajdu
events\WUW_Germany.txt	11663	66	Niederschlesien	Vasternorrland
events\WUW_Germany.txt	11674	67	Oberschlesien	Kuldiga
events\WUW_Germany.txt	11685	762	Katowice	Istria
events\WUW_Germany.txt	11696	74	East Sudatenland	Porajarvi
events\WUW_Germany.txt	11761	66	Niederschlesien	Vasternorrland
events\WUW_Germany.txt	11762	67	Oberschlesien	Kuldiga
events\WUW_Germany.txt	11763	762	Katowice	Istria
events\WUW_Germany.txt	11764	74	East Sudatenland	Porajarvi
events\WUW_Germany.txt	11781	66	Niederschlesien	Vasternorrland
events\WUW_Germany.txt	11782	67	Oberschlesien	Kuldiga
events\WUW_Germany.txt	11783	762	Katowice	Istria
events\WUW_Germany.txt	11784	74	East Sudatenland	Porajarvi
events\WUW_Germany.txt	11797	66	Niederschlesien	Vasternorrland
events\WUW_Germany.txt	11798	67	Oberschlesien	Kuldiga
events\WUW_Germany.txt	11799	762	Katowice	Istria
events\WUW_Germany.txt	11800	74	East Sudatenland	Porajarvi
events\WUW_Germany.txt	11856	61	Mecklenburg	Pudozh
events\WUW_Germany.txt	11869	60	Sud-Hannover	Prince Edward Island
events\WUW_Germany.txt	11882	65	Sachsen	Pohjois-Savo
events\WUW_Germany.txt	11894	909	South Schleswig	Kastamonu
events\WUW_Germany.txt	12428	224	Bryansk	Berwick
events\WUW_Germany.txt	12429	220	Kursk Area	West Lothian
events\WUW_Germany.txt	12430	222	Orel	Renfrew
events\WUW_Germany.txt	12512	224	Bryansk	Berwick
events\WUW_Germany.txt	12513	220	Kursk Area	West Lothian
events\WUW_Germany.txt	12514	222	Orel	Renfrew
events\WUW_Germany.txt	12594	224	Bryansk	Berwick
events\WUW_Germany.txt	12595	220	Kursk Area	West Lothian
events\WUW_Germany.txt	12596	222	Orel	Renfrew
events\WUW_Germany.txt	12737	107	Kosavo	Mazeikiu
events\WUW_Germany.txt	12738	108	Eastern Serbia	Kirov
events\WUW_Germany.txt	14845	280	Brazil	Danzig
events\WUW_Germany.txt	14848	297	Belgian Africa	Louth
events\WUW_Germany.txt	14849	310	French SA	Torun
events\WUW_Germany.txt	14851	546	Tanganyika	Tuchola
events\WUW_Germany.txt	14853	264	Tikhvin	Koscierzyna
events\WUW_Germany.txt	14854	267	Afghanistan	Gdynia
events\WUW_Germany.txt	14855	287	Sinkiang	Brodnica
events\WUW_Germany.txt	14859	80	Bocovina	Ostrow Wiel
events\WUW_Germany.txt	14860	335	West Java	Koscian
events\WUW_Germany.txt	14861	243	Roslavl	Srem
events\WUW_Germany.txt	14862	79	moldovia	Nowy Tomysl
events\WUW_Germany.txt	14863	122	Wales	Poznan
events\WUW_Germany.txt	14864	99	Jutland	Gniezno
events\WUW_Germany.txt	14865	82	Banat	Chodziez
events\WUW_Germany.txt	14866	549	Sudan	Bydgoszcz
events\WUW_Germany.txt	14869	481	Sinaloa	Katowice
events\WUW_Germany.txt	14956	280	Brazil	Danzig
events\WUW_Germany.txt	14959	297	Belgian Africa	Louth
events\WUW_Germany.txt	14960	310	French SA	Torun
events\WUW_Germany.txt	14962	546	Tanganyika	Tuchola
events\WUW_Germany.txt	14964	264	Tikhvin	Koscierzyna
events\WUW_Germany.txt	14965	267	Afghanistan	Gdynia
events\WUW_Germany.txt	14966	287	Sinkiang	Brodnica
events\WUW_Germany.txt	14970	80	Bocovina	Ostrow Wiel
events\WUW_Germany.txt	14971	335	West Java	Koscian
events\WUW_Germany.txt	14972	243	Roslavl	Srem
events\WUW_Germany.txt	14973	79	moldovia	Nowy Tomysl
events\WUW_Germany.txt	14974	122	Wales	Poznan
events\WUW_Germany.txt	14975	99	Jutland	Gniezno
events\WUW_Germany.txt	14976	82	Banat	Chodziez
events\WUW_Germany.txt	14977	549	Sudan	Bydgoszcz
events\WUW_Germany.txt	14980	481	Sinaloa	Katowice
events\WUW_Germany.txt	15010	280	Brazil	Danzig
events\WUW_Germany.txt	15013	297	Belgian Africa	Louth
events\WUW_Germany.txt	15014	310	French SA	Torun
events\WUW_Germany.txt	15016	546	Tanganyika	Tuchola
events\WUW_Germany.txt	15018	264	Tikhvin	Koscierzyna
events\WUW_Germany.txt	15019	267	Afghanistan	Gdynia
events\WUW_Germany.txt	15020	287	Sinkiang	Brodnica
events\WUW_Germany.txt	15024	80	Bocovina	Ostrow Wiel
events\WUW_Germany.txt	15025	335	West Java	Koscian
events\WUW_Germany.txt	15026	243	Roslavl	Srem
events\WUW_Germany.txt	15027	79	moldovia	Nowy Tomysl
events\WUW_Germany.txt	15028	122	Wales	Poznan
events\WUW_Germany.txt	15029	99	Jutland	Gniezno
events\WUW_Germany.txt	15030	82	Banat	Chodziez
events\WUW_Germany.txt	15031	549	Sudan	Bydgoszcz
events\WUW_Germany.txt	15034	481	Sinaloa	Katowice
events\WUW_Germany.txt	15156	280	Brazil	Danzig
events\WUW_Germany.txt	15159	297	Belgian Africa	Louth
events\WUW_Germany.txt	15160	310	French SA	Torun
events\WUW_Germany.txt	15162	546	Tanganyika	Tuchola
events\WUW_Germany.txt	15164	264	Tikhvin	Koscierzyna
events\WUW_Germany.txt	15165	267	Afghanistan	Gdynia
events\WUW_Germany.txt	15166	287	Sinkiang	Brodnica
events\WUW_Germany.txt	15169	80	Bocovina	Ostrow Wiel
events\WUW_Germany.txt	15170	335	West Java	Koscian
events\WUW_Germany.txt	15171	243	Roslavl	Srem
events\WUW_Germany.txt	15172	79	moldovia	Nowy Tomysl
events\WUW_Germany.txt	15173	122	Wales	Poznan
events\WUW_Germany.txt	15174	99	Jutland	Gniezno
events\WUW_Germany.txt	15175	82	Banat	Chodziez
events\WUW_Germany.txt	15176	549	Sudan	Bydgoszcz
events\WUW_Germany.txt	15179	481	Sinaloa	Katowice
events\WUW_Germany.txt	15219	280	Brazil	Danzig
events\WUW_Germany.txt	15221	297	Belgian Africa	Louth
events\WUW_Germany.txt	15222	310	French SA	Torun
events\WUW_Germany.txt	15224	546	Tanganyika	Tuchola
events\WUW_Germany.txt	15226	264	Tikhvin	Koscierzyna
events\WUW_Germany.txt	15227	267	Afghanistan	Gdynia
events\WUW_Germany.txt	15228	287	Sinkiang	Brodnica
events\WUW_Germany.txt	15229	80	Bocovina	Ostrow Wiel
events\WUW_Germany.txt	15230	335	West Java	Koscian
events\WUW_Germany.txt	15231	243	Roslavl	Srem
events\WUW_Germany.txt	15232	79	moldovia	Nowy Tomysl
events\WUW_Germany.txt	15233	122	Wales	Poznan
events\WUW_Germany.txt	15234	99	Jutland	Gniezno
events\WUW_Germany.txt	15235	82	Banat	Chodziez
events\WUW_Germany.txt	15236	549	Sudan	Bydgoszcz
events\WUW_Germany.txt	15238	481	Sinaloa	Katowice
events\WUW_Germany.txt	15299	306	Colombia	Augustow
events\WUW_Germany.txt	15301	284	New Zealand	Suwalki
events\WUW_Germany.txt	15302	312	Honduras	Lomza
events\WUW_Germany.txt	15303	351	Vologda	Ostrow Mazowiecka
events\WUW_Germany.txt	15306	319	Dominican Republic	Bielsk
events\WUW_Germany.txt	15309	752	Chamdo	Wloclawek
events\WUW_Germany.txt	15310	651	Sov state 5	Mlawa
events\WUW_Germany.txt	15311	311	BritMex	Plock
events\WUW_Germany.txt	15312	376	New Mexico	Przasnysz
events\WUW_Germany.txt	15313	122	Wales	Poznan
events\WUW_Germany.txt	15314	5	Germany	Pultusk
events\WUW_Germany.txt	15315	387	Idaho	Myszyniec
events\WUW_Germany.txt	15316	407	Uralsk	Sochaczew
events\WUW_Germany.txt	15318	612	China 11	Wielun
events\WUW_Germany.txt	15319	656	Kuwait	Sieradz
events\WUW_Germany.txt	15320	594	Nanning	Kalisz
events\WUW_Germany.txt	15321	79	moldovia	Nowy Tomysl
events\WUW_Germany.txt	15322	381	Wyoming	Lodz
events\WUW_Germany.txt	15323	693	Southern Bahamas	Leczyca
events\WUW_Germany.txt	15324	687	British Guyana	Konin
events\WUW_Germany.txt	15325	329	Tannu Tuva	Gostynin
events\WUW_Germany.txt	15328	467	Manitoba	Sosnowiec
events\WUW_Germany.txt	15419	306	Colombia	Augustow
events\WUW_Germany.txt	15421	284	New Zealand	Suwalki
events\WUW_Germany.txt	15422	312	Honduras	Lomza
events\WUW_Germany.txt	15423	351	Vologda	Ostrow Mazowiecka
events\WUW_Germany.txt	15426	319	Dominican Republic	Bielsk
events\WUW_Germany.txt	15429	752	Chamdo	Wloclawek
events\WUW_Germany.txt	15430	651	Sov state 5	Mlawa
events\WUW_Germany.txt	15431	311	BritMex	Plock
events\WUW_Germany.txt	15432	376	New Mexico	Przasnysz
events\WUW_Germany.txt	15433	122	Wales	Poznan
events\WUW_Germany.txt	15434	5	Germany	Pultusk
events\WUW_Germany.txt	15435	387	Idaho	Myszyniec
events\WUW_Germany.txt	15436	407	Uralsk	Sochaczew
events\WUW_Germany.txt	15438	612	China 11	Wielun
events\WUW_Germany.txt	15439	656	Kuwait	Sieradz
events\WUW_Germany.txt	15440	594	Nanning	Kalisz
events\WUW_Germany.txt	15441	79	moldovia	Nowy Tomysl
events\WUW_Germany.txt	15442	381	Wyoming	Lodz
events\WUW_Germany.txt	15443	693	Southern Bahamas	Leczyca
events\WUW_Germany.txt	15444	687	British Guyana	Konin
events\WUW_Germany.txt	15445	329	Tannu Tuva	Gostynin
events\WUW_Germany.txt	15448	467	Manitoba	Sosnowiec
events\WUW_Germany.txt	15483	306	Colombia	Augustow
events\WUW_Germany.txt	15485	284	New Zealand	Suwalki
events\WUW_Germany.txt	15486	312	Honduras	Lomza
events\WUW_Germany.txt	15487	351	Vologda	Ostrow Mazowiecka
events\WUW_Germany.txt	15490	319	Dominican Republic	Bielsk
events\WUW_Germany.txt	15493	752	Chamdo	Wloclawek
events\WUW_Germany.txt	15494	651	Sov state 5	Mlawa
events\WUW_Germany.txt	15495	311	BritMex	Plock
events\WUW_Germany.txt	15496	376	New Mexico	Przasnysz
events\WUW_Germany.txt	15497	122	Wales	Poznan
events\WUW_Germany.txt	15498	5	Germany	Pultusk
events\WUW_Germany.txt	15499	387	Idaho	Myszyniec
events\WUW_Germany.txt	15500	407	Uralsk	Sochaczew
events\WUW_Germany.txt	15502	612	China 11	Wielun
events\WUW_Germany.txt	15503	656	Kuwait	Sieradz
events\WUW_Germany.txt	15504	594	Nanning	Kalisz
events\WUW_Germany.txt	15505	79	moldovia	Nowy Tomysl
events\WUW_Germany.txt	15506	381	Wyoming	Lodz
events\WUW_Germany.txt	15507	693	Southern Bahamas	Leczyca
events\WUW_Germany.txt	15508	687	British Guyana	Konin
events\WUW_Germany.txt	15509	329	Tannu Tuva	Gostynin
events\WUW_Germany.txt	15511	467	Manitoba	Sosnowiec
events\WUW_Germany.txt	15633	306	Colombia	Augustow
events\WUW_Germany.txt	15635	284	New Zealand	Suwalki
events\WUW_Germany.txt	15636	312	Honduras	Lomza
events\WUW_Germany.txt	15637	351	Vologda	Ostrow Mazowiecka
events\WUW_Germany.txt	15640	319	Dominican Republic	Bielsk
events\WUW_Germany.txt	15643	752	Chamdo	Wloclawek
events\WUW_Germany.txt	15644	651	Sov state 5	Mlawa
events\WUW_Germany.txt	15645	311	BritMex	Plock
events\WUW_Germany.txt	15646	376	New Mexico	Przasnysz
events\WUW_Germany.txt	15647	122	Wales	Poznan
events\WUW_Germany.txt	15648	5	Germany	Pultusk
events\WUW_Germany.txt	15649	387	Idaho	Myszyniec
events\WUW_Germany.txt	15650	407	Uralsk	Sochaczew
events\WUW_Germany.txt	15652	612	China 11	Wielun
events\WUW_Germany.txt	15653	656	Kuwait	Sieradz
events\WUW_Germany.txt	15654	594	Nanning	Kalisz
events\WUW_Germany.txt	15655	79	moldovia	Nowy Tomysl
events\WUW_Germany.txt	15656	381	Wyoming	Lodz
events\WUW_Germany.txt	15657	693	Southern Bahamas	Leczyca
events\WUW_Germany.txt	15658	687	British Guyana	Konin
events\WUW_Germany.txt	15659	329	Tannu Tuva	Gostynin
events\WUW_Germany.txt	15662	467	Manitoba	Sosnowiec
events\WUW_Germany.txt	15772	676	Mosul	Zala
events\WUW_Germany.txt	15773	675	Al Hajara	Poitiers
events\WUW_Germany.txt	15774	291	Iraq	Cavan
events\WUW_Germany.txt	15775	680	Deir-az-Zur	Mures
events\WUW_Germany.txt	15776	677	Aleppo	Bekes
events\WUW_Germany.txt	15777	799	Hatay	Basses-Alpes
events\WUW_Germany.txt	15778	554	Syria	Passau
events\WUW_Germany.txt	15779	553	Lebanon	Heilbronn
events\WUW_Germany.txt	15780	455	Jordan	Oost-Vlaanderen
events\WUW_Germany.txt	15781	454	Israel	West-Vlaanderen
events\WUW_Germany.txt	15782	855	Tabuk	Saint-Girons
events\WUW_Germany.txt	15783	679	Hejaz	Lienz
events\WUW_Germany.txt	15784	856	Asir-Makkah	Samegrelo
events\WUW_Germany.txt	15785	293	Yemen	Lancashire
events\WUW_Germany.txt	15786	453	Sinai	Hampshire
events\WUW_Germany.txt	15911	676	Mosul	Zala
events\WUW_Germany.txt	15912	675	Al Hajara	Poitiers
events\WUW_Germany.txt	15913	291	Iraq	Cavan
events\WUW_Germany.txt	15914	680	Deir-az-Zur	Mures
events\WUW_Germany.txt	15915	677	Aleppo	Bekes
events\WUW_Germany.txt	15916	799	Hatay	Basses-Alpes
events\WUW_Germany.txt	15917	554	Syria	Passau
events\WUW_Germany.txt	15918	553	Lebanon	Heilbronn
events\WUW_Germany.txt	15919	455	Jordan	Oost-Vlaanderen
events\WUW_Germany.txt	15920	454	Israel	West-Vlaanderen
events\WUW_Germany.txt	15921	855	Tabuk	Saint-Girons
events\WUW_Germany.txt	15922	679	Hejaz	Lienz
events\WUW_Germany.txt	15923	856	Asir-Makkah	Samegrelo
events\WUW_Germany.txt	15924	293	Yemen	Lancashire
events\WUW_Germany.txt	15925	453	Sinai	Hampshire
events\WUW_Germany.txt	16777	621	China 18	Eisenstadt
events\WUW_Germany.txt	16780	610	China 9	Komarom
events\WUW_Germany.txt	16781	580	Siberia 7	Nyitra es Pozsony
events\WUW_Germany.txt	16787	593	Guangdong	Uzhorod a Mukacevo
events\WUW_Germany.txt	16792	564	TS 6	Northern Maramures
events\WUW_Germany.txt	16796	695	Curacao	Prekmurje
events\WUW_Germany.txt	16797	712	Cocos Islands	Medimurje
events\WUW_Germany.txt	16802	735	Savoy	Subotica
events\WUW_Germany.txt	16808	738	Aru Islands	Zrenjanin
events\WUW_Germany.txt	16815	664	Southern Slovakia	Oradea
events\WUW_Germany.txt	16818	622	China 19	Satu Mare
events\WUW_Germany.txt	16820	639	Maiana	Salaj
events\WUW_Germany.txt	16824	628	Cebu	Maramures
events\WUW_Germany.txt	16827	649	Galapagos Islands	Nasaud
events\WUW_Germany.txt	16829	665	Gabes	Cluj
events\WUW_Germany.txt	16830	680	Deir-az-Zur	Mures
events\WUW_Germany.txt	16832	674	Central Australia	Ciuc
events\WUW_Germany.txt	16836	705	Sao Tome	Arad
events\WUW_Germany.txt	16840	686	Puerto Rico	Beius
events\WUW_Germany.txt	16842	692	Windward Islands	Turda
events\WUW_Germany.txt	16844	713	Kerguelen	Alba
events\WUW_Germany.txt	16845	727	Line Islands	Hunedoara
events\WUW_Germany.txt	16848	730	St Pierre and Miquelon 	Sibiu
events\WUW_Germany.txt	16851	737	New Britain	Brasov
events\WUW_Germany.txt	16855	736	Litorale	Timis-Torontal
events\WUW_Germany.txt	16858	756	Jiuquan	Caras
events\WUW_Germany.txt	16875	621	China 18	Eisenstadt
events\WUW_Germany.txt	16878	610	China 9	Komarom
events\WUW_Germany.txt	16879	580	Siberia 7	Nyitra es Pozsony
events\WUW_Germany.txt	16885	593	Guangdong	Uzhorod a Mukacevo
events\WUW_Germany.txt	16890	564	TS 6	Northern Maramures
events\WUW_Germany.txt	16894	695	Curacao	Prekmurje
events\WUW_Germany.txt	16895	712	Cocos Islands	Medimurje
events\WUW_Germany.txt	16900	735	Savoy	Subotica
events\WUW_Germany.txt	16906	738	Aru Islands	Zrenjanin
events\WUW_Germany.txt	16913	664	Southern Slovakia	Oradea
events\WUW_Germany.txt	16916	622	China 19	Satu Mare
events\WUW_Germany.txt	16918	639	Maiana	Salaj
events\WUW_Germany.txt	16922	628	Cebu	Maramures
events\WUW_Germany.txt	16925	649	Galapagos Islands	Nasaud
events\WUW_Germany.txt	16927	665	Gabes	Cluj
events\WUW_Germany.txt	16928	680	Deir-az-Zur	Mures
events\WUW_Germany.txt	16930	674	Central Australia	Ciuc
events\WUW_Germany.txt	16934	705	Sao Tome	Arad
events\WUW_Germany.txt	16938	686	Puerto Rico	Beius
events\WUW_Germany.txt	16940	692	Windward Islands	Turda
events\WUW_Germany.txt	16942	713	Kerguelen	Alba
events\WUW_Germany.txt	16943	727	Line Islands	Hunedoara
events\WUW_Germany.txt	16946	730	St Pierre and Miquelon 	Sibiu
events\WUW_Germany.txt	16949	737	New Britain	Brasov
events\WUW_Germany.txt	16953	736	Litorale	Timis-Torontal
events\WUW_Germany.txt	16956	756	Jiuquan	Caras
events\WUW_Germany.txt	17061	664	Southern Slovakia	Oradea
events\WUW_Germany.txt	17062	73	Carpathian Ruthenia	Etela-Pohjanmaa
events\WUW_Germany.txt	17063	76	Northern Transylvania	Randers
events\WUW_Germany.txt	17064	84	Transylvania	Gavleborg
events\WUW_Germany.txt	17065	83	crisana	Oppland
events\WUW_Germany.txt	17066	82	Banat	Chodziez
events\WUW_Germany.txt	17067	45	Yugoslavia	Vasterbotten
events\WUW_Germany.txt	17068	975	- Burgenland	Gumushane
events\WUW_Germany.txt	17083	664	Southern Slovakia	Oradea
events\WUW_Germany.txt	17084	73	Carpathian Ruthenia	Etela-Pohjanmaa
events\WUW_Germany.txt	17085	76	Northern Transylvania	Randers
events\WUW_Germany.txt	17086	84	Transylvania	Gavleborg
events\WUW_Germany.txt	17087	83	crisana	Oppland
events\WUW_Germany.txt	17088	82	Banat	Chodziez
events\WUW_Germany.txt	17089	45	Yugoslavia	Vasterbotten
events\WUW_Germany.txt	17090	975	- Burgenland	Gumushane
events\WUW_Germany.txt	17519	102	North-Eastern Slovenia	Volkhov
events\WUW_Germany.txt	17520	853	Ljubljana	Sinjajevina
events\WUW_Germany.txt	17521	103	Croatia	Kanta-Hame
events\WUW_Germany.txt	17522	104	Bosnia	Haderslev
events\WUW_Germany.txt	17523	804	Herzegovina	Teleorman
events\WUW_Germany.txt	17524	109	Eastern Croatia	Varsinais-Suomi
events\WUW_Germany.txt	17525	155	Western Hungary	Parnu
events\WUW_Germany.txt	17526	43	Hungary	Delaware
events\WUW_Germany.txt	17527	973	- Bacs	Erzurum
events\WUW_Germany.txt	17528	974	- South Transdanubia	Castellon
events\WUW_Germany.txt	17529	154	Southern plain	Tver
events\WUW_Germany.txt	17655	526	Okinawa	Zaolzie
events\WUW_Germany.txt	17678	526	Okinawa	Zaolzie
events\WUW_Germany.txt	17699	526	Okinawa	Zaolzie
events\WUW_Germany.txt	17700	526	Okinawa	Zaolzie
events\WUW_Germany.txt	17769	526	Okinawa	Zaolzie
events\WUW_Germany.txt	17792	526	Okinawa	Zaolzie
events\WUW_Germany.txt	17813	526	Okinawa	Zaolzie
events\WUW_Germany.txt	17814	526	Okinawa	Zaolzie
events\WUW_Germany.txt	17856	526	Okinawa	Zaolzie
events\WUW_Germany.txt	17888	526	Okinawa	Zaolzie
events\WUW_Germany.txt	17905	526	Okinawa	Zaolzie
events\WUW_Germany.txt	17956	526	Okinawa	Zaolzie
events\WUW_Germany.txt	17957	526	Okinawa	Zaolzie
events\WUW_Germany.txt	18100	484	Baja California	Nisko
events\WUW_Germany.txt	18101	490	Pastaza	Drohobycz
events\WUW_Germany.txt	18102	496	Para	Tarnow
events\WUW_Germany.txt	18103	501	Saol Paulo	Lubaczow
events\WUW_Germany.txt	18104	502	Rio Grande Sul	Czortkow
events\WUW_Germany.txt	18105	509	Gran Chaco	Biala
events\WUW_Germany.txt	18106	542	Bechuana Land	Nadworna
events\WUW_Germany.txt	18107	836	Bale	Rzeszow
events\WUW_Germany.txt	18108	923	Helgeland	Sanok
events\WUW_Germany.txt	18133	526	Okinawa	Zaolzie
events\WUW_Germany.txt	18153	484	Baja California	Nisko
events\WUW_Germany.txt	18154	490	Pastaza	Drohobycz
events\WUW_Germany.txt	18155	496	Para	Tarnow
events\WUW_Germany.txt	18156	501	Saol Paulo	Lubaczow
events\WUW_Germany.txt	18157	502	Rio Grande Sul	Czortkow
events\WUW_Germany.txt	18158	509	Gran Chaco	Biala
events\WUW_Germany.txt	18159	542	Bechuana Land	Nadworna
events\WUW_Germany.txt	18160	836	Bale	Rzeszow
events\WUW_Germany.txt	18161	923	Helgeland	Sanok
events\WUW_Germany.txt	18186	526	Okinawa	Zaolzie
events\WUW_Germany.txt	18255	484	Baja California	Nisko
events\WUW_Germany.txt	18256	490	Pastaza	Drohobycz
events\WUW_Germany.txt	18257	496	Para	Tarnow
events\WUW_Germany.txt	18258	501	Saol Paulo	Lubaczow
events\WUW_Germany.txt	18259	502	Rio Grande Sul	Czortkow
events\WUW_Germany.txt	18260	509	Gran Chaco	Biala
events\WUW_Germany.txt	18261	542	Bechuana Land	Nadworna
events\WUW_Germany.txt	18262	836	Bale	Rzeszow
events\WUW_Germany.txt	18263	923	Helgeland	Sanok
events\WUW_Germany.txt	18288	526	Okinawa	Zaolzie
events\WUW_Germany.txt	18308	484	Baja California	Nisko
events\WUW_Germany.txt	18309	490	Pastaza	Drohobycz
events\WUW_Germany.txt	18310	496	Para	Tarnow
events\WUW_Germany.txt	18311	501	Saol Paulo	Lubaczow
events\WUW_Germany.txt	18312	502	Rio Grande Sul	Czortkow
events\WUW_Germany.txt	18313	509	Gran Chaco	Biala
events\WUW_Germany.txt	18314	542	Bechuana Land	Nadworna
events\WUW_Germany.txt	18315	836	Bale	Rzeszow
events\WUW_Germany.txt	18316	923	Helgeland	Sanok
events\WUW_Germany.txt	18341	526	Okinawa	Zaolzie
events\WUW_Germany.txt	18356	484	Baja California	Nisko
events\WUW_Germany.txt	18357	490	Pastaza	Drohobycz
events\WUW_Germany.txt	18358	496	Para	Tarnow
events\WUW_Germany.txt	18359	501	Saol Paulo	Lubaczow
events\WUW_Germany.txt	18360	502	Rio Grande Sul	Czortkow
events\WUW_Germany.txt	18361	509	Gran Chaco	Biala
events\WUW_Germany.txt	18362	542	Bechuana Land	Nadworna
events\WUW_Germany.txt	18363	836	Bale	Rzeszow
events\WUW_Germany.txt	18364	923	Helgeland	Sanok
events\WUW_Germany.txt	18389	526	Okinawa	Zaolzie
events\WUW_Germany.txt	18513	735	Savoy	Subotica
events\WUW_Germany.txt	18519	738	Aru Islands	Zrenjanin
events\WUW_Germany.txt	18526	622	China 19	Satu Mare
events\WUW_Germany.txt	18529	628	Cebu	Maramures
events\WUW_Germany.txt	18532	649	Galapagos Islands	Nasaud
events\WUW_Germany.txt	18533	665	Gabes	Cluj
events\WUW_Germany.txt	18534	680	Deir-az-Zur	Mures
events\WUW_Germany.txt	18536	674	Central Australia	Ciuc
events\WUW_Germany.txt	18540	692	Windward Islands	Turda
events\WUW_Germany.txt	18541	713	Kerguelen	Alba
events\WUW_Germany.txt	18542	727	Line Islands	Hunedoara
events\WUW_Germany.txt	18545	730	St Pierre and Miquelon 	Sibiu
events\WUW_Germany.txt	18548	737	New Britain	Brasov
events\WUW_Germany.txt	18551	736	Litorale	Timis-Torontal
events\WUW_Germany.txt	18554	756	Jiuquan	Caras
events\WUW_Germany.txt	18559	639	Maiana	Salaj
events\WUW_Germany.txt	18562	664	Southern Slovakia	Oradea
events\WUW_Germany.txt	18564	686	Puerto Rico	Beius
events\WUW_Germany.txt	18566	705	Sao Tome	Arad
events\WUW_Germany.txt	18590	735	Savoy	Subotica
events\WUW_Germany.txt	18596	738	Aru Islands	Zrenjanin
events\WUW_Germany.txt	18603	622	China 19	Satu Mare
events\WUW_Germany.txt	18606	628	Cebu	Maramures
events\WUW_Germany.txt	18609	649	Galapagos Islands	Nasaud
events\WUW_Germany.txt	18610	665	Gabes	Cluj
events\WUW_Germany.txt	18611	680	Deir-az-Zur	Mures
events\WUW_Germany.txt	18613	674	Central Australia	Ciuc
events\WUW_Germany.txt	18617	692	Windward Islands	Turda
events\WUW_Germany.txt	18618	713	Kerguelen	Alba
events\WUW_Germany.txt	18619	727	Line Islands	Hunedoara
events\WUW_Germany.txt	18622	730	St Pierre and Miquelon 	Sibiu
events\WUW_Germany.txt	18625	737	New Britain	Brasov
events\WUW_Germany.txt	18628	736	Litorale	Timis-Torontal
events\WUW_Germany.txt	18631	756	Jiuquan	Caras
events\WUW_Germany.txt	18636	639	Maiana	Salaj
events\WUW_Germany.txt	18639	664	Southern Slovakia	Oradea
events\WUW_Germany.txt	18641	686	Puerto Rico	Beius
events\WUW_Germany.txt	18643	705	Sao Tome	Arad
events\WUW_Germany.txt	18716	735	Savoy	Subotica
events\WUW_Germany.txt	18722	738	Aru Islands	Zrenjanin
events\WUW_Germany.txt	18729	622	China 19	Satu Mare
events\WUW_Germany.txt	18732	628	Cebu	Maramures
events\WUW_Germany.txt	18735	649	Galapagos Islands	Nasaud
events\WUW_Germany.txt	18736	665	Gabes	Cluj
events\WUW_Germany.txt	18737	680	Deir-az-Zur	Mures
events\WUW_Germany.txt	18739	674	Central Australia	Ciuc
events\WUW_Germany.txt	18743	692	Windward Islands	Turda
events\WUW_Germany.txt	18744	713	Kerguelen	Alba
events\WUW_Germany.txt	18745	727	Line Islands	Hunedoara
events\WUW_Germany.txt	18748	730	St Pierre and Miquelon 	Sibiu
events\WUW_Germany.txt	18751	737	New Britain	Brasov
events\WUW_Germany.txt	18754	736	Litorale	Timis-Torontal
events\WUW_Germany.txt	18757	756	Jiuquan	Caras
events\WUW_Germany.txt	18762	639	Maiana	Salaj
events\WUW_Germany.txt	18765	664	Southern Slovakia	Oradea
events\WUW_Germany.txt	18767	686	Puerto Rico	Beius
events\WUW_Germany.txt	18769	705	Sao Tome	Arad
events\WUW_Germany.txt	18793	735	Savoy	Subotica
events\WUW_Germany.txt	18799	738	Aru Islands	Zrenjanin
events\WUW_Germany.txt	18806	622	China 19	Satu Mare
events\WUW_Germany.txt	18809	628	Cebu	Maramures
events\WUW_Germany.txt	18812	649	Galapagos Islands	Nasaud
events\WUW_Germany.txt	18813	665	Gabes	Cluj
events\WUW_Germany.txt	18814	680	Deir-az-Zur	Mures
events\WUW_Germany.txt	18816	674	Central Australia	Ciuc
events\WUW_Germany.txt	18820	692	Windward Islands	Turda
events\WUW_Germany.txt	18821	713	Kerguelen	Alba
events\WUW_Germany.txt	18822	727	Line Islands	Hunedoara
events\WUW_Germany.txt	18825	730	St Pierre and Miquelon 	Sibiu
events\WUW_Germany.txt	18828	737	New Britain	Brasov
events\WUW_Germany.txt	18831	736	Litorale	Timis-Torontal
events\WUW_Germany.txt	18834	756	Jiuquan	Caras
events\WUW_Germany.txt	18839	639	Maiana	Salaj
events\WUW_Germany.txt	18842	664	Southern Slovakia	Oradea
events\WUW_Germany.txt	18844	686	Puerto Rico	Beius
events\WUW_Germany.txt	18846	705	Sao Tome	Arad
events\WUW_Germany.txt	18865	735	Savoy	Subotica
events\WUW_Germany.txt	18871	738	Aru Islands	Zrenjanin
events\WUW_Germany.txt	18878	622	China 19	Satu Mare
events\WUW_Germany.txt	18881	628	Cebu	Maramures
events\WUW_Germany.txt	18884	649	Galapagos Islands	Nasaud
events\WUW_Germany.txt	18885	665	Gabes	Cluj
events\WUW_Germany.txt	18886	680	Deir-az-Zur	Mures
events\WUW_Germany.txt	18888	674	Central Australia	Ciuc
events\WUW_Germany.txt	18892	692	Windward Islands	Turda
events\WUW_Germany.txt	18893	713	Kerguelen	Alba
events\WUW_Germany.txt	18894	727	Line Islands	Hunedoara
events\WUW_Germany.txt	18897	730	St Pierre and Miquelon 	Sibiu
events\WUW_Germany.txt	18900	737	New Britain	Brasov
events\WUW_Germany.txt	18903	736	Litorale	Timis-Torontal
events\WUW_Germany.txt	18906	756	Jiuquan	Caras
events\WUW_Germany.txt	18911	639	Maiana	Salaj
events\WUW_Germany.txt	18914	664	Southern Slovakia	Oradea
events\WUW_Germany.txt	18916	686	Puerto Rico	Beius
events\WUW_Germany.txt	18918	705	Sao Tome	Arad
events\WUW_Germany.txt	19236	64	Brandenburg	Newfoundland
events\WUW_Germany.txt	19239	64	Brandenburg	Newfoundland
events\WUW_Germany.txt	19248	64	Brandenburg	Newfoundland
events\WUW_Germany.txt	19271	52	Wuttemberg	Segezha
events\WUW_Germany.txt	19274	52	Wuttemberg	Segezha
events\WUW_Germany.txt	19283	52	Wuttemberg	Segezha
events\WUW_Germany.txt	19306	55	Nassau	Rhode Island
events\WUW_Germany.txt	19309	55	Nassau	Rhode Island
events\WUW_Germany.txt	19318	55	Nassau	Rhode Island
events\WUW_Hungary.txt	752	45	Yugoslavia	Vasterbotten
events\WUW_Hungary.txt	819	764	West Banat	Prahova
events\WUW_Hungary.txt	822	764	West Banat	Prahova
events\WUW_Hungary.txt	828	764	West Banat	Prahova
events\WUW_Hungary.txt	885	764	West Banat	Prahova
events\WUW_Hungary.txt	890	764	West Banat	Prahova
events\WUW_Hungary.txt	896	764	West Banat	Prahova
events\WUW_Hungary.txt	927	764	West Banat	Prahova
events\WUW_Hungary.txt	1047	73	Carpathian Ruthenia	Etela-Pohjanmaa
events\WUW_Hungary.txt	1080	73	Carpathian Ruthenia	Etela-Pohjanmaa
events\WUW_Hungary.txt	1203	975	- Burgenland	Gumushane
events\WUW_Hungary.txt	2315	762	Katowice	Istria
events\WUW_Hungary.txt	2316	88	Kielce	Kopparberg
events\WUW_Hungary.txt	2317	91	Tarnopol	Ventspils
events\WUW_Hungary.txt	2318	89	Krakow	Paijat-Hame
events\WUW_Hungary.txt	2319	80	Bocovina	Ostrow Wiel
events\WUW_Hungary.txt	2320	72	Zaolzie	Keski-Suomi
events\WUW_Hungary.txt	2719	73	Carpathian Ruthenia	Etela-Pohjanmaa
events\WUW_Hungary.txt	2720	664	Southern Slovakia	Oradea
events\WUW_Hungary.txt	2721	71	East Slovakia	Sor-Trondelag
events\WUW_Hungary.txt	2722	70	Slovakia	Soro
events\WUW_Hungary.txt	2808	76	Northern Transylvania	Randers
events\WUW_Hungary.txt	2879	88	Kielce	Kopparberg
events\WUW_Hungary.txt	2880	89	Krakow	Paijat-Hame
events\WUW_Hungary.txt	2881	91	Tarnopol	Ventspils
events\WUW_Hungary.txt	2882	80	Bocovina	Ostrow Wiel
events\WUW_Hungary.txt	3260	104	Bosnia	Haderslev
events\WUW_Hungary.txt	3261	804	Herzegovina	Teleorman
events\WUW_Hungary.txt	3755	454	Israel	West-Vlaanderen
events\WUW_Hungary.txt	3949	102	North-Eastern Slovenia	Volkhov
events\WUW_Hungary.txt	3950	853	Ljubljana	Sinjajevina
events\WUW_Hungary.txt	3951	103	Croatia	Kanta-Hame
events\WUW_Hungary.txt	3952	104	Bosnia	Haderslev
events\WUW_Hungary.txt	3953	804	Herzegovina	Teleorman
events\WUW_Hungary.txt	3954	109	Eastern Croatia	Varsinais-Suomi
events\WUW_Hungary.txt	3955	45	Yugoslavia	Vasterbotten
events\WUW_Hungary.txt	3956	83	crisana	Oppland
events\WUW_Hungary.txt	3957	76	Northern Transylvania	Randers
events\WUW_Hungary.txt	3958	84	Transylvania	Gavleborg
events\WUW_Hungary.txt	3959	764	West Banat	Prahova
events\WUW_Hungary.txt	3960	82	Banat	Chodziez
events\WUW_Hungary.txt	3961	848	Voralberg	Cantabria
events\WUW_Hungary.txt	3962	153	Tyrol	Yaroslavl
events\WUW_Hungary.txt	3963	152	Upper Austria	Tarto
events\WUW_Hungary.txt	3964	4	Austria	Finnmark
events\WUW_Hungary.txt	3965	975	- Burgenland	Gumushane
events\WUW_Hungary.txt	3966	976	- Steiermark Karnten	Armavir
events\WUW_Hungary.txt	3967	69	Sudatenland	nice
events\WUW_Hungary.txt	3968	9	Czechoslovakia	Ontario
events\WUW_Hungary.txt	3969	75	Moravia	More og Romsdal
events\WUW_Hungary.txt	3970	74	East Sudatenland	Porajarvi
events\WUW_Hungary.txt	3971	72	Zaolzie	Keski-Suomi
events\WUW_Hungary.txt	3972	70	Slovakia	Soro
events\WUW_Hungary.txt	3973	664	Southern Slovakia	Oradea
events\WUW_Hungary.txt	3974	71	East Slovakia	Sor-Trondelag
events\WUW_Hungary.txt	3975	73	Carpathian Ruthenia	Etela-Pohjanmaa
events\WUW_Hungary.txt	3976	972	- South Sudetenland	Agcab@di
events\WUW_Hungary.txt	3977	155	Western Hungary	Parnu
events\WUW_Hungary.txt	3978	43	Hungary	Delaware
events\WUW_Hungary.txt	3979	973	- Bacs	Erzurum
events\WUW_Hungary.txt	3980	974	- South Transdanubia	Castellon
events\WUW_Hungary.txt	3981	154	Southern plain	Tver
events\WUW_Hungary.txt	3982	80	Bocovina	Ostrow Wiel
events\WUW_Hungary.txt	3983	89	Krakow	Paijat-Hame
events\WUW_Hungary.txt	3984	91	Tarnopol	Ventspils
events\WUW_Hungary.txt	3985	88	Kielce	Kopparberg
events\WUW_Hungary.txt	3986	852	Istria	Soule
events\WUW_Hungary.txt	3987	736	Litorale	Timis-Torontal
events\WUW_Hungary.txt	3988	39	South Tyrol	Belomorsk
events\WUW_Hungary.txt	3989	850	Trentino	Aude
events\WUW_Hungary.txt	3990	160	Veneto	Sudurnes
events\WUW_Hungary.txt	3991	159	Lombardy	Hofudborgarsvaedid
events\WUW_Hungary.txt	4224	155	Western Hungary	Parnu
events\WUW_Hungary.txt	4225	43	Hungary	Delaware
events\WUW_Hungary.txt	4226	973	- Bacs	Erzurum
events\WUW_Hungary.txt	4227	974	- South Transdanubia	Castellon
events\WUW_Hungary.txt	4228	154	Southern plain	Tver
events\WUW_Hungary.txt	4229	102	North-Eastern Slovenia	Volkhov
events\WUW_Hungary.txt	4230	853	Ljubljana	Sinjajevina
events\WUW_Hungary.txt	4231	103	Croatia	Kanta-Hame
events\WUW_Hungary.txt	4232	104	Bosnia	Haderslev
events\WUW_Hungary.txt	4233	804	Herzegovina	Teleorman
events\WUW_Hungary.txt	4234	109	Eastern Croatia	Varsinais-Suomi
events\WUW_Hungary.txt	4235	45	Yugoslavia	Vasterbotten
events\WUW_Hungary.txt	4236	83	crisana	Oppland
events\WUW_Hungary.txt	4237	76	Northern Transylvania	Randers
events\WUW_Hungary.txt	4238	84	Transylvania	Gavleborg
events\WUW_Hungary.txt	4239	39	South Tyrol	Belomorsk
events\WUW_Hungary.txt	4240	163	Dalmatia	Alvsborg
events\WUW_Hungary.txt	4241	736	Litorale	Timis-Torontal
events\WUW_Hungary.txt	4242	852	Istria	Soule
events\WUW_Hungary.txt	4243	850	Trentino	Aude
events\WUW_Hungary.txt	4244	764	West Banat	Prahova
events\WUW_Hungary.txt	4245	82	Banat	Chodziez
events\WUW_Hungary.txt	4246	67	Oberschlesien	Kuldiga
events\WUW_Hungary.txt	4247	762	Katowice	Istria
events\WUW_Hungary.txt	4248	66	Niederschlesien	Vasternorrland
events\WUW_Hungary.txt	4249	88	Kielce	Kopparberg
events\WUW_Hungary.txt	4250	91	Tarnopol	Ventspils
events\WUW_Hungary.txt	4251	89	Krakow	Paijat-Hame
events\WUW_Hungary.txt	4252	80	Bocovina	Ostrow Wiel
events\WUW_Hungary.txt	4320	621	China 18	Eisenstadt
events\WUW_Hungary.txt	4390	621	China 18	Eisenstadt
events\WUW_Hungary.txt	5621	109	Eastern Croatia	Varsinais-Suomi
events\WUW_Hungary.txt	5622	103	Croatia	Kanta-Hame
events\WUW_Hungary.txt	5868	664	Southern Slovakia	Oradea
events\WUW_Hungary.txt	5871	664	Southern Slovakia	Oradea
events\WUW_Hungary.txt	5883	664	Southern Slovakia	Oradea
events\WUW_Hungary.txt	5942	664	Southern Slovakia	Oradea
events\WUW_Hungary.txt	5947	664	Southern Slovakia	Oradea
events\WUW_Hungary.txt	5963	664	Southern Slovakia	Oradea
events\WUW_Hungary.txt	6028	73	Carpathian Ruthenia	Etela-Pohjanmaa
events\WUW_Hungary.txt	6031	73	Carpathian Ruthenia	Etela-Pohjanmaa
events\WUW_Hungary.txt	6043	73	Carpathian Ruthenia	Etela-Pohjanmaa
events\WUW_Hungary.txt	6102	73	Carpathian Ruthenia	Etela-Pohjanmaa
events\WUW_Hungary.txt	6107	73	Carpathian Ruthenia	Etela-Pohjanmaa
events\WUW_Hungary.txt	6123	73	Carpathian Ruthenia	Etela-Pohjanmaa
events\WUW_Hungary.txt	6188	45	Yugoslavia	Vasterbotten
events\WUW_Hungary.txt	6191	45	Yugoslavia	Vasterbotten
events\WUW_Hungary.txt	6203	45	Yugoslavia	Vasterbotten
events\WUW_Hungary.txt	6262	45	Yugoslavia	Vasterbotten
events\WUW_Hungary.txt	6267	45	Yugoslavia	Vasterbotten
events\WUW_Hungary.txt	6283	45	Yugoslavia	Vasterbotten
events\WUW_Hungary.txt	6348	76	Northern Transylvania	Randers
events\WUW_Hungary.txt	6351	76	Northern Transylvania	Randers
events\WUW_Hungary.txt	6363	76	Northern Transylvania	Randers
events\WUW_Hungary.txt	6422	76	Northern Transylvania	Randers
events\WUW_Hungary.txt	6427	76	Northern Transylvania	Randers
events\WUW_Hungary.txt	6443	76	Northern Transylvania	Randers
events\WW_Congo.txt	414	772	Middle Congo	Ardeche
events\WW_Congo.txt	2171	538	Cameroun	Verdun
events\WW_Congo.txt	2172	718	Stanleyville	Torino
events\WW_Congo.txt	2173	890	Costermansville	Imereti
events\WW_Congo.txt	2174	888	Lusambo	Kacanik
events\WW_Congo.txt	2175	295	Congo	Naugard
events\WW_Congo.txt	2176	772	Middle Congo	Ardeche
events\WW_Congo.txt	2177	796	North Angola	Nis
events\WW_Congo.txt	2178	540	Angola	Charente-Vienne
events\WW_Congo.txt	4306	295	Congo	Naugard
events\WW_Congo.txt	4385	295	Congo	Naugard
events\WW_Congo.txt	4477	718	Stanleyville	Torino
events\WW_Congo.txt	4934	295	Congo	Naugard
events\WW_Congo.txt	5013	295	Congo	Naugard
events\WW_Congo.txt	5105	718	Stanleyville	Torino
events\WW_Congo.txt	5368	538	Cameroun	Verdun
events\WW_Congo.txt	5376	890	Costermansville	Imereti
events\Yugoslavia.txt	28	633	Marshall Islands	Pest-Pilis
events\Yugoslavia.txt	215	107	Kosavo	Mazeikiu
events\Yugoslavia.txt	556	989	Bahawalpur	Kruse
events\Yugoslavia.txt	557	904	Nyanza-Rift Valley	Tetovo
events\Yugoslavia.txt	571	811	Saaremaa	Sibenik
events\Yugoslavia.txt	582	884	Upper Nile	Kotor
events\Yugoslavia.txt	586	743	Qingdao	Ljubljana
events\Yugoslavia.txt	597	844	jubaland	Sjenica
events\Yugoslavia.txt	619	775	B.E.T.	Stara Pazova
events\Yugoslavia.txt	635	846	Ticino	Pirot
events\Yugoslavia.txt	637	865	Northern Saskatchewan	Vranje
events\Yugoslavia.txt	642	904	Nyanza-Rift Valley	Tetovo
events\Yugoslavia.txt	668	989	Bahawalpur	Kruse
events\Yugoslavia.txt	669	904	Nyanza-Rift Valley	Tetovo
events\Yugoslavia.txt	686	904	Nyanza-Rift Valley	Tetovo
events\Yugoslavia.txt	698	775	B.E.T.	Stara Pazova
events\Yugoslavia.txt	841	989	Bahawalpur	Kruse
events\Yugoslavia.txt	842	904	Nyanza-Rift Valley	Tetovo
events\Yugoslavia.txt	856	811	Saaremaa	Sibenik
events\Yugoslavia.txt	867	884	Upper Nile	Kotor
events\Yugoslavia.txt	871	743	Qingdao	Ljubljana
events\Yugoslavia.txt	882	844	jubaland	Sjenica
events\Yugoslavia.txt	904	775	B.E.T.	Stara Pazova
events\Yugoslavia.txt	920	846	Ticino	Pirot
events\Yugoslavia.txt	922	865	Northern Saskatchewan	Vranje
events\Yugoslavia.txt	927	904	Nyanza-Rift Valley	Tetovo
events\Yugoslavia.txt	954	989	Bahawalpur	Kruse
events\Yugoslavia.txt	955	904	Nyanza-Rift Valley	Tetovo
events\Yugoslavia.txt	972	904	Nyanza-Rift Valley	Tetovo
events\Yugoslavia.txt	984	775	B.E.T.	Stara Pazova
history\countries\CZE - Czechoslovakia.txt	710	9	Czechoslovakia	Ontario
history\countries\CZE - Czechoslovakia.txt	711	69	Sudatenland	nice
history\countries\CZE - Czechoslovakia.txt	712	972	- South Sudetenland	Agcab@di
history\countries\CZE - Czechoslovakia.txt	713	74	East Sudatenland	Porajarvi
history\countries\CZE - Czechoslovakia.txt	714	70	Slovakia	Soro
history\countries\CZE - Czechoslovakia.txt	731	9	Czechoslovakia	Ontario
history\countries\CZE - Czechoslovakia.txt	732	69	Sudatenland	nice
history\countries\CZE - Czechoslovakia.txt	733	972	- South Sudetenland	Agcab@di
history\countries\CZE - Czechoslovakia.txt	734	74	East Sudatenland	Porajarvi
history\countries\CZE - Czechoslovakia.txt	735	70	Slovakia	Soro
history\countries\CZE - Czechoslovakia.txt	773	562	TS 4	Sobrance
history\countries\CZE - Czechoslovakia.txt	784	528	Nagasaki	Zlin
history\countries\CZE - Czechoslovakia.txt	786	532	Nagoya	Olomouc
history\countries\CZE - Czechoslovakia.txt	787	536	Hokkaido	Brno
history\countries\CZE - Czechoslovakia.txt	788	535	Nagano	Jihlava
history\countries\CZE - Czechoslovakia.txt	789	514	North Africa	Pardubice
history\countries\CZE - Czechoslovakia.txt	790	486	Meta	Hradec Kralove
history\countries\CZE - Czechoslovakia.txt	793	539	Gabon	Budejovice
history\countries\CZE - Czechoslovakia.txt	794	529	Hiroshima	Jicin
history\countries\CZE - Czechoslovakia.txt	795	513	Southern Algeria	Praha
history\countries\CZE - Czechoslovakia.txt	796	489	Monagas	Kladno
history\countries\CZE - Czechoslovakia.txt	797	523	New Guinea	Plzen
history\countries\CZE - Czechoslovakia.txt	811	569	TS 11	Levoca
history\countries\CZE - Czechoslovakia.txt	812	550	Eritrea	Saris-Zemplin
history\countries\CZE - Czechoslovakia.txt	814	562	TS 4	Sobrance
history\countries\CZE - Czechoslovakia.txt	816	541	South West Africa	Tatra
history\countries\CZE - Czechoslovakia.txt	817	574	Siberia 1	Hron
history\countries\CZE - Czechoslovakia.txt	819	577	Siberia 4	Zilina
history\countries\CZE - Czechoslovakia.txt	820	586	Kyrgyzstan	Nitra
history\countries\CZE - Czechoslovakia.txt	824	591	Hainan	Malacky
history\countries\CZE - Czechoslovakia.txt	825	555	Lagos	Trencin
history\countries\CZE - Czechoslovakia.txt	837	610	China 9	Komarom
history\countries\CZE - Czechoslovakia.txt	838	580	Siberia 7	Nyitra es Pozsony
history\countries\ENG - Britain.txt	456	127	South-east England	Leningrad Oblast
history\countries\FRA - France.txt	336	16	Ile de France	Rybachy Peninsula
history\countries\GER - Germany.txt	694	56	Weser-Ems	Sudurland
history\countries\GER - Germany.txt	704	64	Brandenburg	Newfoundland
history\countries\GER - Germany.txt	784	62	Pommern	Repola
history\countries\ITA - Italy.txt	71	273	Italian Africa	Kolberg
history\countries\ITA - Italy.txt	566	158	Piedmont	Caithness
history\countries\ITA - Italy.txt	656	2	Italy	Massachusetts
history\countries\JAP - Japan.txt	120	529	Hiroshima	Jicin
history\countries\JAP - Japan.txt	291	528	Nagasaki	Zlin
history\countries\JAP - Japan.txt	378	532	Nagoya	Olomouc
history\countries\JAP - Japan.txt	396	529	Hiroshima	Jicin
history\countries\JAP - Japan.txt	416	529	Hiroshima	Jicin
history\countries\LIT - Lithuania.txt	3	242	Smolensk	Kauno
history\countries\RAJ - British Raj.txt	420	992	Province of Aden	Kowel
history\countries\RAJ - British Raj.txt	488	992	Province of Aden	Kowel
history\countries\RAJ - British Raj.txt	489	441	Kashmir	Gorlitz
history\countries\RAJ - British Raj.txt	490	787	North Kashmir	Aveyron
history\countries\RAJ - British Raj.txt	491	442	Peshawar	Laon
history\countries\RAJ - British Raj.txt	492	987	- Waziristan	Caceres
history\countries\RAJ - British Raj.txt	493	440	West Punjab	Erfurt
history\countries\RAJ - British Raj.txt	494	445	Quetta	Somerset
history\countries\RAJ - British Raj.txt	495	444	Baluchistan States	Antwerpen
history\countries\RAJ - British Raj.txt	496	1012	Kalat	Tunceli
history\countries\RAJ - British Raj.txt	497	432	Assam	Limburg Voormaas
history\countries\RAJ - British Raj.txt	498	434	Arunachal Pradesh	Wlodzimierz Wolynski
history\countries\RAJ - British Raj.txt	499	990	Manipur	Castelo Branco
history\countries\SOV - Soviet union.txt	1270	260	Borisoglbsk	Eiderstadt
history\countries\SPR - Spain.txt	110	177	Balearic Islands	Ivanovo
history\countries\SPR - Spain.txt	111	178	Canary islands	Holbaek
history\countries\SPR - Spain.txt	112	290	Spanish Africa	East Riding
history\countries\SPR - Spain.txt	113	699	Rio de Oro	Allier
history\countries\SPR - Spain.txt	114	783	Sidi Ifni	Lot
history\countries\SPR - Spain.txt	115	297	Belgian Africa	Louth
history\countries\TUR - Turkey.txt	209	49	Turkey	Nordurland vestra
history\countries\TUR - Turkey.txt	210	342	Antalya	Denbighshire
history\countries\TUR - Turkey.txt	211	343	Afyon	Wicklow
history\countries\TUR - Turkey.txt	212	346	Konya	Drenthe
history\countries\TUR - Turkey.txt	213	347	Izmit	Roskilde
history\countries\USA - USA.txt	297	361	Maryland	Kilkenny
history\countries\USA - USA.txt	303	386	Washington	Suffolk
history\countries\USA - USA.txt	313	386	Washington	Suffolk
history\countries\USA - USA.txt	320	393	Michigan	Hildesheim