file	line	old_id	verdict	detail
common/scripted_triggers/GER_scripted_triggers.txt	272	1153	already_ok	RKU Ukraine zone: block fully re-authored to mod Ukraine/Belarus/south-Russia-border states; every listed id resolves to a mod state inside the zone (SOV-owned). mod 1153=Brzesc.
common/scripted_triggers/GER_scripted_triggers.txt	273	367	already_ok	RKU Ukraine zone: block fully re-authored to mod Ukraine/Belarus/south-Russia-border states; every listed id resolves to a mod state inside the zone (SOV-owned). mod 367=Kobryn.
common/scripted_triggers/GER_scripted_triggers.txt	274	1041	already_ok	RKU Ukraine zone: block fully re-authored to mod Ukraine/Belarus/south-Russia-border states; every listed id resolves to a mod state inside the zone (SOV-owned). mod 1041=Luboml.
common/scripted_triggers/GER_scripted_triggers.txt	275	2316	already_ok	RKU Ukraine zone: block fully re-authored to mod Ukraine/Belarus/south-Russia-border states; every listed id resolves to a mod state inside the zone (SOV-owned). mod 2316=Janow Poleski.
common/scripted_triggers/GER_scripted_triggers.txt	276	2315	already_ok	RKU Ukraine zone: block fully re-authored to mod Ukraine/Belarus/south-Russia-border states; every listed id resolves to a mod state inside the zone (SOV-owned). mod 2315=Dywin.
common/scripted_triggers/GER_scripted_triggers.txt	277	1163	already_ok	RKU Ukraine zone: block fully re-authored to mod Ukraine/Belarus/south-Russia-border states; every listed id resolves to a mod state inside the zone (SOV-owned). mod 1163=Pinsk.
common/scripted_triggers/GER_scripted_triggers.txt	278	1088	already_ok	RKU Ukraine zone: block fully re-authored to mod Ukraine/Belarus/south-Russia-border states; every listed id resolves to a mod state inside the zone (SOV-owned). mod 1088=Kamien Koszyrski.
common/scripted_triggers/GER_scripted_triggers.txt	279	2258	already_ok	RKU Ukraine zone: block fully re-authored to mod Ukraine/Belarus/south-Russia-border states; every listed id resolves to a mod state inside the zone (SOV-owned). mod 2258=Zarichne.
common/scripted_triggers/GER_scripted_triggers.txt	280	992	already_ok	RKU Ukraine zone: block fully re-authored to mod Ukraine/Belarus/south-Russia-border states; every listed id resolves to a mod state inside the zone (SOV-owned). mod 992=Kowel.
common/scripted_triggers/GER_scripted_triggers.txt	281	434	already_ok	RKU Ukraine zone: block fully re-authored to mod Ukraine/Belarus/south-Russia-border states; every listed id resolves to a mod state inside the zone (SOV-owned). mod 434=Wlodzimierz Wolynski.
common/scripted_triggers/GER_scripted_triggers.txt	282	1129	already_ok	RKU Ukraine zone: block fully re-authored to mod Ukraine/Belarus/south-Russia-border states; every listed id resolves to a mod state inside the zone (SOV-owned). mod 1129=Wlodzimierzec.
common/scripted_triggers/GER_scripted_triggers.txt	283	1030	already_ok	RKU Ukraine zone: block fully re-authored to mod Ukraine/Belarus/south-Russia-border states; every listed id resolves to a mod state inside the zone (SOV-owned). mod 1030=Luck.
common/scripted_triggers/GER_scripted_triggers.txt	284	459	already_ok	RKU Ukraine zone: block fully re-authored to mod Ukraine/Belarus/south-Russia-border states; every listed id resolves to a mod state inside the zone (SOV-owned). mod 459=Krzemieniec.
common/scripted_triggers/GER_scripted_triggers.txt	285	1110	already_ok	RKU Ukraine zone: block fully re-authored to mod Ukraine/Belarus/south-Russia-border states; every listed id resolves to a mod state inside the zone (SOV-owned). mod 1110=Dubno.
common/scripted_triggers/GER_scripted_triggers.txt	286	671	already_ok	RKU Ukraine zone: block fully re-authored to mod Ukraine/Belarus/south-Russia-border states; every listed id resolves to a mod state inside the zone (SOV-owned). mod 671=Rowne.
common/scripted_triggers/GER_scripted_triggers.txt	287	2538	already_ok	RKU Ukraine zone: block fully re-authored to mod Ukraine/Belarus/south-Russia-border states; every listed id resolves to a mod state inside the zone (SOV-owned). mod 2538=Kostopol.
common/scripted_triggers/GER_scripted_triggers.txt	288	420	already_ok	RKU Ukraine zone: block fully re-authored to mod Ukraine/Belarus/south-Russia-border states; every listed id resolves to a mod state inside the zone (SOV-owned). mod 420=Sarny.
common/scripted_triggers/GER_scripted_triggers.txt	289	2259	already_ok	RKU Ukraine zone: block fully re-authored to mod Ukraine/Belarus/south-Russia-border states; every listed id resolves to a mod state inside the zone (SOV-owned). mod 2259=Dabrowica.
common/scripted_triggers/GER_scripted_triggers.txt	290	2319	already_ok	RKU Ukraine zone: block fully re-authored to mod Ukraine/Belarus/south-Russia-border states; every listed id resolves to a mod state inside the zone (SOV-owned). mod 2319=Glinno.
common/scripted_triggers/GER_scripted_triggers.txt	291	2539	already_ok	RKU Ukraine zone: block fully re-authored to mod Ukraine/Belarus/south-Russia-border states; every listed id resolves to a mod state inside the zone (SOV-owned). mod 2539=Dawidgrodek.
common/scripted_triggers/GER_scripted_triggers.txt	292	2145	already_ok	RKU Ukraine zone: block fully re-authored to mod Ukraine/Belarus/south-Russia-border states; every listed id resolves to a mod state inside the zone (SOV-owned). mod 2145=Lelchitsy.
common/scripted_triggers/GER_scripted_triggers.txt	293	2139	already_ok	RKU Ukraine zone: block fully re-authored to mod Ukraine/Belarus/south-Russia-border states; every listed id resolves to a mod state inside the zone (SOV-owned). mod 2139=Mozyr.
common/scripted_triggers/GER_scripted_triggers.txt	294	2101	already_ok	RKU Ukraine zone: block fully re-authored to mod Ukraine/Belarus/south-Russia-border states; every listed id resolves to a mod state inside the zone (SOV-owned). mod 2101=Luginy.
common/scripted_triggers/GER_scripted_triggers.txt	295	2041	already_ok	RKU Ukraine zone: block fully re-authored to mod Ukraine/Belarus/south-Russia-border states; every listed id resolves to a mod state inside the zone (SOV-owned). mod 2041=Shepetivka.
common/scripted_triggers/GER_scripted_triggers.txt	296	2495	already_ok	RKU Ukraine zone: block fully re-authored to mod Ukraine/Belarus/south-Russia-border states; every listed id resolves to a mod state inside the zone (SOV-owned). mod 2495=Iziaslav.
common/scripted_triggers/GER_scripted_triggers.txt	297	493	already_ok	RKU Ukraine zone: block fully re-authored to mod Ukraine/Belarus/south-Russia-border states; every listed id resolves to a mod state inside the zone (SOV-owned). mod 493=Proskuriv.
common/scripted_triggers/GER_scripted_triggers.txt	298	2040	already_ok	RKU Ukraine zone: block fully re-authored to mod Ukraine/Belarus/south-Russia-border states; every listed id resolves to a mod state inside the zone (SOV-owned). mod 2040=Kamenets-Podolskiy.
common/scripted_triggers/GER_scripted_triggers.txt	299	2102	already_ok	RKU Ukraine zone: block fully re-authored to mod Ukraine/Belarus/south-Russia-border states; every listed id resolves to a mod state inside the zone (SOV-owned). mod 2102=Starokostiantyniv.
common/scripted_triggers/GER_scripted_triggers.txt	300	2688	already_ok	RKU Ukraine zone: block fully re-authored to mod Ukraine/Belarus/south-Russia-border states; every listed id resolves to a mod state inside the zone (SOV-owned). mod 2688=Dunaevtsy.
common/scripted_triggers/GER_scripted_triggers.txt	301	2494	already_ok	RKU Ukraine zone: block fully re-authored to mod Ukraine/Belarus/south-Russia-border states; every listed id resolves to a mod state inside the zone (SOV-owned). mod 2494=Letychiv.
common/scripted_triggers/GER_scripted_triggers.txt	302	2497	already_ok	RKU Ukraine zone: block fully re-authored to mod Ukraine/Belarus/south-Russia-border states; every listed id resolves to a mod state inside the zone (SOV-owned). mod 2497=Novaya Ushitsa.
common/scripted_triggers/GER_scripted_triggers.txt	303	2039	already_ok	RKU Ukraine zone: block fully re-authored to mod Ukraine/Belarus/south-Russia-border states; every listed id resolves to a mod state inside the zone (SOV-owned). mod 2039=Bar.
common/scripted_triggers/GER_scripted_triggers.txt	304	2142	already_ok	RKU Ukraine zone: block fully re-authored to mod Ukraine/Belarus/south-Russia-border states; every listed id resolves to a mod state inside the zone (SOV-owned). mod 2142=Khoiniki.
common/scripted_triggers/GER_scripted_triggers.txt	305	2743	already_ok	RKU Ukraine zone: block fully re-authored to mod Ukraine/Belarus/south-Russia-border states; every listed id resolves to a mod state inside the zone (SOV-owned). mod 2743=Mikhalki.
common/scripted_triggers/GER_scripted_triggers.txt	306	2140	already_ok	RKU Ukraine zone: block fully re-authored to mod Ukraine/Belarus/south-Russia-border states; every listed id resolves to a mod state inside the zone (SOV-owned). mod 2140=Loyev.
common/scripted_triggers/GER_scripted_triggers.txt	307	2576	already_ok	RKU Ukraine zone: block fully re-authored to mod Ukraine/Belarus/south-Russia-border states; every listed id resolves to a mod state inside the zone (SOV-owned). mod 2576=Yelsk.
common/scripted_triggers/GER_scripted_triggers.txt	308	2141	already_ok	RKU Ukraine zone: block fully re-authored to mod Ukraine/Belarus/south-Russia-border states; every listed id resolves to a mod state inside the zone (SOV-owned). mod 2141=Narovlya.
common/scripted_triggers/GER_scripted_triggers.txt	309	2687	already_ok	RKU Ukraine zone: block fully re-authored to mod Ukraine/Belarus/south-Russia-border states; every listed id resolves to a mod state inside the zone (SOV-owned). mod 2687=Ovroutch.
common/scripted_triggers/GER_scripted_triggers.txt	310	2132	already_ok	RKU Ukraine zone: block fully re-authored to mod Ukraine/Belarus/south-Russia-border states; every listed id resolves to a mod state inside the zone (SOV-owned). mod 2132=Kryva Hora.
common/scripted_triggers/GER_scripted_triggers.txt	311	2068	already_ok	RKU Ukraine zone: block fully re-authored to mod Ukraine/Belarus/south-Russia-border states; every listed id resolves to a mod state inside the zone (SOV-owned). mod 2068=Chernobyl.
common/scripted_triggers/GER_scripted_triggers.txt	312	2055	already_ok	RKU Ukraine zone: block fully re-authored to mod Ukraine/Belarus/south-Russia-border states; every listed id resolves to a mod state inside the zone (SOV-owned). mod 2055=Ivankiv.
common/scripted_triggers/GER_scripted_triggers.txt	313	2070	already_ok	RKU Ukraine zone: block fully re-authored to mod Ukraine/Belarus/south-Russia-border states; every listed id resolves to a mod state inside the zone (SOV-owned). mod 2070=Korosten.
common/scripted_triggers/GER_scripted_triggers.txt	314	2042	already_ok	RKU Ukraine zone: block fully re-authored to mod Ukraine/Belarus/south-Russia-border states; every listed id resolves to a mod state inside the zone (SOV-owned). mod 2042=Novograd-Volynskij.
common/scripted_triggers/GER_scripted_triggers.txt	315	2081	already_ok	RKU Ukraine zone: block fully re-authored to mod Ukraine/Belarus/south-Russia-border states; every listed id resolves to a mod state inside the zone (SOV-owned). mod 2081=Pustoy Kiyev.
common/scripted_triggers/GER_scripted_triggers.txt	316	2054	already_ok	RKU Ukraine zone: block fully re-authored to mod Ukraine/Belarus/south-Russia-border states; every listed id resolves to a mod state inside the zone (SOV-owned). mod 2054=Irpin.
common/scripted_triggers/GER_scripted_triggers.txt	317	2100	already_ok	RKU Ukraine zone: block fully re-authored to mod Ukraine/Belarus/south-Russia-border states; every listed id resolves to a mod state inside the zone (SOV-owned). mod 2100=Korostyshev.
common/scripted_triggers/GER_scripted_triggers.txt	318	436	already_ok	RKU Ukraine zone: block fully re-authored to mod Ukraine/Belarus/south-Russia-border states; every listed id resolves to a mod state inside the zone (SOV-owned). mod 436=Zhitomir.
common/scripted_triggers/GER_scripted_triggers.txt	319	2496	already_ok	RKU Ukraine zone: block fully re-authored to mod Ukraine/Belarus/south-Russia-border states; every listed id resolves to a mod state inside the zone (SOV-owned). mod 2496=Polonnoye.
common/scripted_triggers/GER_scripted_triggers.txt	320	2056	already_ok	RKU Ukraine zone: block fully re-authored to mod Ukraine/Belarus/south-Russia-border states; every listed id resolves to a mod state inside the zone (SOV-owned). mod 2056=Vasylkiv.
common/scripted_triggers/GER_scripted_triggers.txt	321	2053	already_ok	RKU Ukraine zone: block fully re-authored to mod Ukraine/Belarus/south-Russia-border states; every listed id resolves to a mod state inside the zone (SOV-owned). mod 2053=Berdychiv.
common/scripted_triggers/GER_scripted_triggers.txt	322	2048	already_ok	RKU Ukraine zone: block fully re-authored to mod Ukraine/Belarus/south-Russia-border states; every listed id resolves to a mod state inside the zone (SOV-owned). mod 2048=Khmilnik.
common/scripted_triggers/GER_scripted_triggers.txt	323	527	already_ok	RKU Ukraine zone: block fully re-authored to mod Ukraine/Belarus/south-Russia-border states; every listed id resolves to a mod state inside the zone (SOV-owned). mod 527=Vinnytsia.
common/scripted_triggers/GER_scripted_triggers.txt	324	2058	already_ok	RKU Ukraine zone: block fully re-authored to mod Ukraine/Belarus/south-Russia-border states; every listed id resolves to a mod state inside the zone (SOV-owned). mod 2058=Obukhiv.
common/scripted_triggers/GER_scripted_triggers.txt	325	2057	already_ok	RKU Ukraine zone: block fully re-authored to mod Ukraine/Belarus/south-Russia-border states; every listed id resolves to a mod state inside the zone (SOV-owned). mod 2057=Belaya Tserkov.
common/scripted_triggers/GER_scripted_triggers.txt	326	2067	already_ok	RKU Ukraine zone: block fully re-authored to mod Ukraine/Belarus/south-Russia-border states; every listed id resolves to a mod state inside the zone (SOV-owned). mod 2067=Cherkasy.
common/scripted_triggers/GER_scripted_triggers.txt	327	2066	already_ok	RKU Ukraine zone: block fully re-authored to mod Ukraine/Belarus/south-Russia-border states; every listed id resolves to a mod state inside the zone (SOV-owned). mod 2066=Zvenigorodka.
common/scripted_triggers/GER_scripted_triggers.txt	328	2065	already_ok	RKU Ukraine zone: block fully re-authored to mod Ukraine/Belarus/south-Russia-border states; every listed id resolves to a mod state inside the zone (SOV-owned). mod 2065=Uman.
common/scripted_triggers/GER_scripted_triggers.txt	329	2049	already_ok	RKU Ukraine zone: block fully re-authored to mod Ukraine/Belarus/south-Russia-border states; every listed id resolves to a mod state inside the zone (SOV-owned). mod 2049=Gaysin.
common/scripted_triggers/GER_scripted_triggers.txt	330	2071	already_ok	RKU Ukraine zone: block fully re-authored to mod Ukraine/Belarus/south-Russia-border states; every listed id resolves to a mod state inside the zone (SOV-owned). mod 2071=Holovanivsk.
common/scripted_triggers/GER_scripted_triggers.txt	331	2072	already_ok	RKU Ukraine zone: block fully re-authored to mod Ukraine/Belarus/south-Russia-border states; every listed id resolves to a mod state inside the zone (SOV-owned). mod 2072=Novoukrainka.
common/scripted_triggers/GER_scripted_triggers.txt	332	2073	already_ok	RKU Ukraine zone: block fully re-authored to mod Ukraine/Belarus/south-Russia-border states; every listed id resolves to a mod state inside the zone (SOV-owned). mod 2073=Kirovo.
common/scripted_triggers/GER_scripted_triggers.txt	333	2684	already_ok	RKU Ukraine zone: block fully re-authored to mod Ukraine/Belarus/south-Russia-border states; every listed id resolves to a mod state inside the zone (SOV-owned). mod 2684=Svitlovodsk.
common/scripted_triggers/GER_scripted_triggers.txt	334	2074	already_ok	RKU Ukraine zone: block fully re-authored to mod Ukraine/Belarus/south-Russia-border states; every listed id resolves to a mod state inside the zone (SOV-owned). mod 2074=Kamiani Potoky.
common/scripted_triggers/GER_scripted_triggers.txt	335	559	already_ok	RKU Ukraine zone: block fully re-authored to mod Ukraine/Belarus/south-Russia-border states; every listed id resolves to a mod state inside the zone (SOV-owned). mod 559=Oleksandriia.
common/scripted_triggers/GER_scripted_triggers.txt	336	2103	already_ok	RKU Ukraine zone: block fully re-authored to mod Ukraine/Belarus/south-Russia-border states; every listed id resolves to a mod state inside the zone (SOV-owned). mod 2103=Bobrynets.
common/scripted_triggers/GER_scripted_triggers.txt	337	2060	already_ok	RKU Ukraine zone: block fully re-authored to mod Ukraine/Belarus/south-Russia-border states; every listed id resolves to a mod state inside the zone (SOV-owned). mod 2060=Pervomaisk.
common/scripted_triggers/GER_scripted_triggers.txt	338	2062	already_ok	RKU Ukraine zone: block fully re-authored to mod Ukraine/Belarus/south-Russia-border states; every listed id resolves to a mod state inside the zone (SOV-owned). mod 2062=Voznesensk.
common/scripted_triggers/GER_scripted_triggers.txt	339	2076	already_ok	RKU Ukraine zone: block fully re-authored to mod Ukraine/Belarus/south-Russia-border states; every listed id resolves to a mod state inside the zone (SOV-owned). mod 2076=Dniprodzerzhynsk.
common/scripted_triggers/GER_scripted_triggers.txt	340	2079	already_ok	RKU Ukraine zone: block fully re-authored to mod Ukraine/Belarus/south-Russia-border states; every listed id resolves to a mod state inside the zone (SOV-owned). mod 2079=Dniepropetrovsk.
common/scripted_triggers/GER_scripted_triggers.txt	341	2078	already_ok	RKU Ukraine zone: block fully re-authored to mod Ukraine/Belarus/south-Russia-border states; every listed id resolves to a mod state inside the zone (SOV-owned). mod 2078=Khortytsya.
common/scripted_triggers/GER_scripted_triggers.txt	342	2077	already_ok	RKU Ukraine zone: block fully re-authored to mod Ukraine/Belarus/south-Russia-border states; every listed id resolves to a mod state inside the zone (SOV-owned). mod 2077=Nikopol.
common/scripted_triggers/GER_scripted_triggers.txt	343	2075	already_ok	RKU Ukraine zone: block fully re-authored to mod Ukraine/Belarus/south-Russia-border states; every listed id resolves to a mod state inside the zone (SOV-owned). mod 2075=Krivoy Rog.
common/scripted_triggers/GER_scripted_triggers.txt	344	2064	already_ok	RKU Ukraine zone: block fully re-authored to mod Ukraine/Belarus/south-Russia-border states; every listed id resolves to a mod state inside the zone (SOV-owned). mod 2064=Bashtanka.
common/scripted_triggers/GER_scripted_triggers.txt	345	2088	already_ok	RKU Ukraine zone: block fully re-authored to mod Ukraine/Belarus/south-Russia-border states; every listed id resolves to a mod state inside the zone (SOV-owned). mod 2088=Kakhovka.
common/scripted_triggers/GER_scripted_triggers.txt	346	614	already_ok	RKU Ukraine zone: block fully re-authored to mod Ukraine/Belarus/south-Russia-border states; every listed id resolves to a mod state inside the zone (SOV-owned). mod 614=Nikolayev.
common/scripted_triggers/GER_scripted_triggers.txt	347	2085	already_ok	RKU Ukraine zone: block fully re-authored to mod Ukraine/Belarus/south-Russia-border states; every listed id resolves to a mod state inside the zone (SOV-owned). mod 2085=Kherson.
common/scripted_triggers/GER_scripted_triggers.txt	348	2131	already_ok	RKU Ukraine zone: block fully re-authored to mod Ukraine/Belarus/south-Russia-border states; every listed id resolves to a mod state inside the zone (SOV-owned). mod 2131=Semenivka.
common/scripted_triggers/GER_scripted_triggers.txt	349	2133	already_ok	RKU Ukraine zone: block fully re-authored to mod Ukraine/Belarus/south-Russia-border states; every listed id resolves to a mod state inside the zone (SOV-owned). mod 2133=Ripky.
common/scripted_triggers/GER_scripted_triggers.txt	350	2121	already_ok	RKU Ukraine zone: block fully re-authored to mod Ukraine/Belarus/south-Russia-border states; every listed id resolves to a mod state inside the zone (SOV-owned). mod 2121=Novgorod-Seversky.
common/scripted_triggers/GER_scripted_triggers.txt	351	2120	already_ok	RKU Ukraine zone: block fully re-authored to mod Ukraine/Belarus/south-Russia-border states; every listed id resolves to a mod state inside the zone (SOV-owned). mod 2120=Koriukivka.
common/scripted_triggers/GER_scripted_triggers.txt	352	397	already_ok	RKU Ukraine zone: block fully re-authored to mod Ukraine/Belarus/south-Russia-border states; every listed id resolves to a mod state inside the zone (SOV-owned). mod 397=Chernigov.
common/scripted_triggers/GER_scripted_triggers.txt	353	2122	already_ok	RKU Ukraine zone: block fully re-authored to mod Ukraine/Belarus/south-Russia-border states; every listed id resolves to a mod state inside the zone (SOV-owned). mod 2122=Kozelets.
common/scripted_triggers/GER_scripted_triggers.txt	354	2119	already_ok	RKU Ukraine zone: block fully re-authored to mod Ukraine/Belarus/south-Russia-border states; every listed id resolves to a mod state inside the zone (SOV-owned). mod 2119=Nizhyn.
common/scripted_triggers/GER_scripted_triggers.txt	355	2059	already_ok	RKU Ukraine zone: block fully re-authored to mod Ukraine/Belarus/south-Russia-border states; every listed id resolves to a mod state inside the zone (SOV-owned). mod 2059=Khotyanivka.
common/scripted_triggers/GER_scripted_triggers.txt	356	2123	already_ok	RKU Ukraine zone: block fully re-authored to mod Ukraine/Belarus/south-Russia-border states; every listed id resolves to a mod state inside the zone (SOV-owned). mod 2123=Bobrovytsia.
common/scripted_triggers/GER_scripted_triggers.txt	357	2118	already_ok	RKU Ukraine zone: block fully re-authored to mod Ukraine/Belarus/south-Russia-border states; every listed id resolves to a mod state inside the zone (SOV-owned). mod 2118=Pryluky.
common/scripted_triggers/GER_scripted_triggers.txt	358	2069	already_ok	RKU Ukraine zone: block fully re-authored to mod Ukraine/Belarus/south-Russia-border states; every listed id resolves to a mod state inside the zone (SOV-owned). mod 2069=Brovary.
common/scripted_triggers/GER_scripted_triggers.txt	359	2027	already_ok	RKU Ukraine zone: block fully re-authored to mod Ukraine/Belarus/south-Russia-border states; every listed id resolves to a mod state inside the zone (SOV-owned). mod 2027=Kiev.
common/scripted_triggers/GER_scripted_triggers.txt	360	443	already_ok	RKU Ukraine zone: block fully re-authored to mod Ukraine/Belarus/south-Russia-border states; every listed id resolves to a mod state inside the zone (SOV-owned). mod 443=Borispol.
common/scripted_triggers/GER_scripted_triggers.txt	361	510	already_ok	RKU Ukraine zone: block fully re-authored to mod Ukraine/Belarus/south-Russia-border states; every listed id resolves to a mod state inside the zone (SOV-owned). mod 510=Zolotonosha.
common/scripted_triggers/GER_scripted_triggers.txt	362	494	already_ok	RKU Ukraine zone: block fully re-authored to mod Ukraine/Belarus/south-Russia-border states; every listed id resolves to a mod state inside the zone (SOV-owned). mod 494=Lubny.
common/scripted_triggers/GER_scripted_triggers.txt	363	2113	already_ok	RKU Ukraine zone: block fully re-authored to mod Ukraine/Belarus/south-Russia-border states; every listed id resolves to a mod state inside the zone (SOV-owned). mod 2113=Mirgorod.
common/scripted_triggers/GER_scripted_triggers.txt	364	2112	already_ok	RKU Ukraine zone: block fully re-authored to mod Ukraine/Belarus/south-Russia-border states; every listed id resolves to a mod state inside the zone (SOV-owned). mod 2112=Poltava.
common/scripted_triggers/GER_scripted_triggers.txt	365	2110	already_ok	RKU Ukraine zone: block fully re-authored to mod Ukraine/Belarus/south-Russia-border states; every listed id resolves to a mod state inside the zone (SOV-owned). mod 2110=Kremenchug.
common/scripted_triggers/GER_scripted_triggers.txt	366	2124	already_ok	RKU Ukraine zone: block fully re-authored to mod Ukraine/Belarus/south-Russia-border states; every listed id resolves to a mod state inside the zone (SOV-owned). mod 2124=Kobelyaky.
common/scripted_triggers/GER_scripted_triggers.txt	367	2105	already_ok	RKU Ukraine zone: block fully re-authored to mod Ukraine/Belarus/south-Russia-border states; every listed id resolves to a mod state inside the zone (SOV-owned). mod 2105=Krasnograd.
common/scripted_triggers/GER_scripted_triggers.txt	368	2111	already_ok	RKU Ukraine zone: block fully re-authored to mod Ukraine/Belarus/south-Russia-border states; every listed id resolves to a mod state inside the zone (SOV-owned). mod 2111=Novomoskovsk.
common/scripted_triggers/GER_scripted_triggers.txt	369	2080	already_ok	RKU Ukraine zone: block fully re-authored to mod Ukraine/Belarus/south-Russia-border states; every listed id resolves to a mod state inside the zone (SOV-owned). mod 2080=Pavlograd.
common/scripted_triggers/GER_scripted_triggers.txt	370	560	already_ok	RKU Ukraine zone: block fully re-authored to mod Ukraine/Belarus/south-Russia-border states; every listed id resolves to a mod state inside the zone (SOV-owned). mod 560=Pokrovske.
common/scripted_triggers/GER_scripted_triggers.txt	371	623	already_ok	RKU Ukraine zone: block fully re-authored to mod Ukraine/Belarus/south-Russia-border states; every listed id resolves to a mod state inside the zone (SOV-owned). mod 623=Zaporozhye.
common/scripted_triggers/GER_scripted_triggers.txt	372	2092	already_ok	RKU Ukraine zone: block fully re-authored to mod Ukraine/Belarus/south-Russia-border states; every listed id resolves to a mod state inside the zone (SOV-owned). mod 2092=Chubarivka.
common/scripted_triggers/GER_scripted_triggers.txt	373	2043	already_ok	RKU Ukraine zone: block fully re-authored to mod Ukraine/Belarus/south-Russia-border states; every listed id resolves to a mod state inside the zone (SOV-owned). mod 2043=Berdyansk.
common/scripted_triggers/GER_scripted_triggers.txt	374	2090	already_ok	RKU Ukraine zone: block fully re-authored to mod Ukraine/Belarus/south-Russia-border states; every listed id resolves to a mod state inside the zone (SOV-owned). mod 2090=Melitopol.
common/scripted_triggers/GER_scripted_triggers.txt	375	2091	already_ok	RKU Ukraine zone: block fully re-authored to mod Ukraine/Belarus/south-Russia-border states; every listed id resolves to a mod state inside the zone (SOV-owned). mod 2091=Vasilievka.
common/scripted_triggers/GER_scripted_triggers.txt	376	2732	already_ok	RKU Ukraine zone: block fully re-authored to mod Ukraine/Belarus/south-Russia-border states; every listed id resolves to a mod state inside the zone (SOV-owned). mod 2732=Verhnij Rogacik.
common/scripted_triggers/GER_scripted_triggers.txt	377	2089	already_ok	RKU Ukraine zone: block fully re-authored to mod Ukraine/Belarus/south-Russia-border states; every listed id resolves to a mod state inside the zone (SOV-owned). mod 2089=Henichesk.
common/scripted_triggers/GER_scripted_triggers.txt	378	657	already_ok	RKU Ukraine zone: block fully re-authored to mod Ukraine/Belarus/south-Russia-border states; every listed id resolves to a mod state inside the zone (SOV-owned). mod 657=Kakhovka.
common/scripted_triggers/GER_scripted_triggers.txt	379	2086	already_ok	RKU Ukraine zone: block fully re-authored to mod Ukraine/Belarus/south-Russia-border states; every listed id resolves to a mod state inside the zone (SOV-owned). mod 2086=Tsiurupynsk.
common/scripted_triggers/GER_scripted_triggers.txt	380	2087	already_ok	RKU Ukraine zone: block fully re-authored to mod Ukraine/Belarus/south-Russia-border states; every listed id resolves to a mod state inside the zone (SOV-owned). mod 2087=Skadovsk.
common/scripted_triggers/GER_scripted_triggers.txt	381	2116	already_ok	RKU Ukraine zone: block fully re-authored to mod Ukraine/Belarus/south-Russia-border states; every listed id resolves to a mod state inside the zone (SOV-owned). mod 2116=Romny.
common/scripted_triggers/GER_scripted_triggers.txt	382	2117	already_ok	RKU Ukraine zone: block fully re-authored to mod Ukraine/Belarus/south-Russia-border states; every listed id resolves to a mod state inside the zone (SOV-owned). mod 2117=Konotop.
common/scripted_triggers/GER_scripted_triggers.txt	383	398	already_ok	RKU Ukraine zone: block fully re-authored to mod Ukraine/Belarus/south-Russia-border states; every listed id resolves to a mod state inside the zone (SOV-owned). mod 398=Shostka.
common/scripted_triggers/GER_scripted_triggers.txt	384	2728	already_ok	RKU Ukraine zone: block fully re-authored to mod Ukraine/Belarus/south-Russia-border states; every listed id resolves to a mod state inside the zone (SOV-owned). mod 2728=Seredina-Buda.
common/scripted_triggers/GER_scripted_triggers.txt	385	2727	already_ok	RKU Ukraine zone: block fully re-authored to mod Ukraine/Belarus/south-Russia-border states; every listed id resolves to a mod state inside the zone (SOV-owned). mod 2727=Znob-Novgorodskoye.
common/scripted_triggers/GER_scripted_triggers.txt	386	2035	already_ok	RKU Ukraine zone: block fully re-authored to mod Ukraine/Belarus/south-Russia-border states; every listed id resolves to a mod state inside the zone (SOV-owned). mod 2035=Putyvl'.
common/scripted_triggers/GER_scripted_triggers.txt	387	2428	already_ok	RKU Ukraine zone: block fully re-authored to mod Ukraine/Belarus/south-Russia-border states; every listed id resolves to a mod state inside the zone (SOV-owned). mod 2428=Rylsk.
common/scripted_triggers/GER_scripted_triggers.txt	388	2426	already_ok	RKU Ukraine zone: block fully re-authored to mod Ukraine/Belarus/south-Russia-border states; every listed id resolves to a mod state inside the zone (SOV-owned). mod 2426=Sudzha.
common/scripted_triggers/GER_scripted_triggers.txt	389	2115	already_ok	RKU Ukraine zone: block fully re-authored to mod Ukraine/Belarus/south-Russia-border states; every listed id resolves to a mod state inside the zone (SOV-owned). mod 2115=Sumy.
common/scripted_triggers/GER_scripted_triggers.txt	390	2034	already_ok	RKU Ukraine zone: block fully re-authored to mod Ukraine/Belarus/south-Russia-border states; every listed id resolves to a mod state inside the zone (SOV-owned). mod 2034=Myropillya.
common/scripted_triggers/GER_scripted_triggers.txt	391	2114	already_ok	RKU Ukraine zone: block fully re-authored to mod Ukraine/Belarus/south-Russia-border states; every listed id resolves to a mod state inside the zone (SOV-owned). mod 2114=Akhtyrka.
common/scripted_triggers/GER_scripted_triggers.txt	392	450	already_ok	RKU Ukraine zone: block fully re-authored to mod Ukraine/Belarus/south-Russia-border states; every listed id resolves to a mod state inside the zone (SOV-owned). mod 450=Belgorod.
common/scripted_triggers/GER_scripted_triggers.txt	393	2033	already_ok	RKU Ukraine zone: block fully re-authored to mod Ukraine/Belarus/south-Russia-border states; every listed id resolves to a mod state inside the zone (SOV-owned). mod 2033=Velyka Pysarivka.
common/scripted_triggers/GER_scripted_triggers.txt	394	2109	already_ok	RKU Ukraine zone: block fully re-authored to mod Ukraine/Belarus/south-Russia-border states; every listed id resolves to a mod state inside the zone (SOV-owned). mod 2109=Bogodukhov.
common/scripted_triggers/GER_scripted_triggers.txt	395	2424	already_ok	RKU Ukraine zone: block fully re-authored to mod Ukraine/Belarus/south-Russia-border states; every listed id resolves to a mod state inside the zone (SOV-owned). mod 2424=Korocha.
common/scripted_triggers/GER_scripted_triggers.txt	396	497	already_ok	RKU Ukraine zone: block fully re-authored to mod Ukraine/Belarus/south-Russia-border states; every listed id resolves to a mod state inside the zone (SOV-owned). mod 497=Kharkov.
common/scripted_triggers/GER_scripted_triggers.txt	397	2032	already_ok	RKU Ukraine zone: block fully re-authored to mod Ukraine/Belarus/south-Russia-border states; every listed id resolves to a mod state inside the zone (SOV-owned). mod 2032=Ternova.
common/scripted_triggers/GER_scripted_triggers.txt	398	2108	already_ok	RKU Ukraine zone: block fully re-authored to mod Ukraine/Belarus/south-Russia-border states; every listed id resolves to a mod state inside the zone (SOV-owned). mod 2108=Chuguev.
common/scripted_triggers/GER_scripted_triggers.txt	399	2107	already_ok	RKU Ukraine zone: block fully re-authored to mod Ukraine/Belarus/south-Russia-border states; every listed id resolves to a mod state inside the zone (SOV-owned). mod 2107=Kupyansk.
common/scripted_triggers/GER_scripted_triggers.txt	400	2106	already_ok	RKU Ukraine zone: block fully re-authored to mod Ukraine/Belarus/south-Russia-border states; every listed id resolves to a mod state inside the zone (SOV-owned). mod 2106=Izium.
common/scripted_triggers/GER_scripted_triggers.txt	401	2104	already_ok	RKU Ukraine zone: block fully re-authored to mod Ukraine/Belarus/south-Russia-border states; every listed id resolves to a mod state inside the zone (SOV-owned). mod 2104=Lozovaya.
common/scripted_triggers/GER_scripted_triggers.txt	402	579	already_ok	RKU Ukraine zone: block fully re-authored to mod Ukraine/Belarus/south-Russia-border states; every listed id resolves to a mod state inside the zone (SOV-owned). mod 579=Mezhevaya.
common/scripted_triggers/GER_scripted_triggers.txt	403	2093	already_ok	RKU Ukraine zone: block fully re-authored to mod Ukraine/Belarus/south-Russia-border states; every listed id resolves to a mod state inside the zone (SOV-owned). mod 2093=Mariupol.
common/scripted_triggers/GER_scripted_triggers.txt	404	2094	already_ok	RKU Ukraine zone: block fully re-authored to mod Ukraine/Belarus/south-Russia-border states; every listed id resolves to a mod state inside the zone (SOV-owned). mod 2094=Volnovakha.
common/scripted_triggers/GER_scripted_triggers.txt	405	2031	already_ok	RKU Ukraine zone: block fully re-authored to mod Ukraine/Belarus/south-Russia-border states; every listed id resolves to a mod state inside the zone (SOV-owned). mod 2031=Troits'ke.
common/scripted_triggers/GER_scripted_triggers.txt	406	2098	already_ok	RKU Ukraine zone: block fully re-authored to mod Ukraine/Belarus/south-Russia-border states; every listed id resolves to a mod state inside the zone (SOV-owned). mod 2098=Svatovo.
common/scripted_triggers/GER_scripted_triggers.txt	407	2095	already_ok	RKU Ukraine zone: block fully re-authored to mod Ukraine/Belarus/south-Russia-border states; every listed id resolves to a mod state inside the zone (SOV-owned). mod 2095=Kramatorsk.
common/scripted_triggers/GER_scripted_triggers.txt	408	2306	already_ok	RKU Ukraine zone: block fully re-authored to mod Ukraine/Belarus/south-Russia-border states; every listed id resolves to a mod state inside the zone (SOV-owned). mod 2306=Krasnoarmiisk.
common/scripted_triggers/GER_scripted_triggers.txt	409	2099	already_ok	RKU Ukraine zone: block fully re-authored to mod Ukraine/Belarus/south-Russia-border states; every listed id resolves to a mod state inside the zone (SOV-owned). mod 2099=Starobelsk.
common/scripted_triggers/GER_scripted_triggers.txt	410	2097	already_ok	RKU Ukraine zone: block fully re-authored to mod Ukraine/Belarus/south-Russia-border states; every listed id resolves to a mod state inside the zone (SOV-owned). mod 2097=Severodonetsk.
common/scripted_triggers/GER_scripted_triggers.txt	411	2307	already_ok	RKU Ukraine zone: block fully re-authored to mod Ukraine/Belarus/south-Russia-border states; every listed id resolves to a mod state inside the zone (SOV-owned). mod 2307=Artemivsk.
common/scripted_triggers/GER_scripted_triggers.txt	412	557	already_ok	RKU Ukraine zone: block fully re-authored to mod Ukraine/Belarus/south-Russia-border states; every listed id resolves to a mod state inside the zone (SOV-owned). mod 557=Stalino.
common/scripted_triggers/GER_scripted_triggers.txt	413	2028	already_ok	RKU Ukraine zone: block fully re-authored to mod Ukraine/Belarus/south-Russia-border states; every listed id resolves to a mod state inside the zone (SOV-owned). mod 2028=Makiiva.
common/scripted_triggers/GER_scripted_triggers.txt	414	2308	already_ok	RKU Ukraine zone: block fully re-authored to mod Ukraine/Belarus/south-Russia-border states; every listed id resolves to a mod state inside the zone (SOV-owned). mod 2308=Kommunarsk.
common/scripted_triggers/GER_scripted_triggers.txt	415	2096	already_ok	RKU Ukraine zone: block fully re-authored to mod Ukraine/Belarus/south-Russia-border states; every listed id resolves to a mod state inside the zone (SOV-owned). mod 2096=Gorlovka.
common/scripted_triggers/GER_scripted_triggers.txt	416	2310	already_ok	RKU Ukraine zone: block fully re-authored to mod Ukraine/Belarus/south-Russia-border states; every listed id resolves to a mod state inside the zone (SOV-owned). mod 2310=Katyk.
common/scripted_triggers/GER_scripted_triggers.txt	417	2082	already_ok	RKU Ukraine zone: block fully re-authored to mod Ukraine/Belarus/south-Russia-border states; every listed id resolves to a mod state inside the zone (SOV-owned). mod 2082=Taganrog.
common/scripted_triggers/GER_scripted_triggers.txt	418	2029	already_ok	RKU Ukraine zone: block fully re-authored to mod Ukraine/Belarus/south-Russia-border states; every listed id resolves to a mod state inside the zone (SOV-owned). mod 2029=Khrustalnyi.
common/scripted_triggers/GER_scripted_triggers.txt	419	518	already_ok	RKU Ukraine zone: block fully re-authored to mod Ukraine/Belarus/south-Russia-border states; every listed id resolves to a mod state inside the zone (SOV-owned). mod 518=Luhansk.
common/scripted_triggers/GER_scripted_triggers.txt	420	2030	already_ok	RKU Ukraine zone: block fully re-authored to mod Ukraine/Belarus/south-Russia-border states; every listed id resolves to a mod state inside the zone (SOV-owned). mod 2030=Shyrokyi.
common/scripted_triggers/GER_scripted_triggers.txt	421	2724	already_ok	RKU Ukraine zone: block fully re-authored to mod Ukraine/Belarus/south-Russia-border states; every listed id resolves to a mod state inside the zone (SOV-owned). mod 2724=Krasna Talivka.
common/scripted_triggers/GER_scripted_triggers.txt	422	2392	already_ok	RKU Ukraine zone: block fully re-authored to mod Ukraine/Belarus/south-Russia-border states; every listed id resolves to a mod state inside the zone (SOV-owned). mod 2392=Millerovo.
common/scripted_triggers/GER_scripted_triggers.txt	423	2309	already_ok	RKU Ukraine zone: block fully re-authored to mod Ukraine/Belarus/south-Russia-border states; every listed id resolves to a mod state inside the zone (SOV-owned). mod 2309=Sverdlovsk.
common/scripted_triggers/GER_scripted_triggers.txt	424	2742	already_ok	RKU Ukraine zone: block fully re-authored to mod Ukraine/Belarus/south-Russia-border states; every listed id resolves to a mod state inside the zone (SOV-owned). mod 2742=Glubokii.
common/scripted_triggers/GER_scripted_triggers.txt	425	2084	already_ok	RKU Ukraine zone: block fully re-authored to mod Ukraine/Belarus/south-Russia-border states; every listed id resolves to a mod state inside the zone (SOV-owned). mod 2084=Belaya Kalitva.
common/scripted_triggers/GER_scripted_triggers.txt	426	2741	already_ok	RKU Ukraine zone: block fully re-authored to mod Ukraine/Belarus/south-Russia-border states; every listed id resolves to a mod state inside the zone (SOV-owned). mod 2741=Kamensk-Shakhtinsky.
common/scripted_triggers/GER_scripted_triggers.txt	427	2083	already_ok	RKU Ukraine zone: block fully re-authored to mod Ukraine/Belarus/south-Russia-border states; every listed id resolves to a mod state inside the zone (SOV-owned). mod 2083=Shakhty.
common/scripted_triggers/GER_scripted_triggers.txt	428	2725	already_ok	RKU Ukraine zone: block fully re-authored to mod Ukraine/Belarus/south-Russia-border states; every listed id resolves to a mod state inside the zone (SOV-owned). mod 2725=Ust-Donetsky.
common/scripted_triggers/GER_scripted_triggers.txt	429	2733	already_ok	RKU Ukraine zone: block fully re-authored to mod Ukraine/Belarus/south-Russia-border states; every listed id resolves to a mod state inside the zone (SOV-owned). mod 2733=Novocherkassk.
common/scripted_triggers/GER_scripted_triggers.txt	437	259	already_ok	RKO Ostland zone: block re-authored to mod Baltic states (LAT/LIT/EST owners); all listed ids are Baltic. mod 259=Marijampoles.
common/scripted_triggers/GER_scripted_triggers.txt	438	1178	already_ok	RKO Ostland zone: block re-authored to mod Baltic states (LAT/LIT/EST owners); all listed ids are Baltic. mod 1178=Seinu.
common/scripted_triggers/GER_scripted_triggers.txt	439	274	already_ok	RKO Ostland zone: block re-authored to mod Baltic states (LAT/LIT/EST owners); all listed ids are Baltic. mod 274=Alytaus.
common/scripted_triggers/GER_scripted_triggers.txt	440	1104	already_ok	RKO Ostland zone: block re-authored to mod Baltic states (LAT/LIT/EST owners); all listed ids are Baltic. mod 1104=Vilkaviskio.
common/scripted_triggers/GER_scripted_triggers.txt	441	238	already_ok	RKO Ostland zone: block re-authored to mod Baltic states (LAT/LIT/EST owners); all listed ids are Baltic. mod 238=Sakiu.
common/scripted_triggers/GER_scripted_triggers.txt	442	101	already_ok	RKO Ostland zone: block re-authored to mod Baltic states (LAT/LIT/EST owners); all listed ids are Baltic. mod 101=Taurages.
common/scripted_triggers/GER_scripted_triggers.txt	443	2371	already_ok	RKO Ostland zone: block re-authored to mod Baltic states (LAT/LIT/EST owners); all listed ids are Baltic. mod 2371=Palanga.
common/scripted_triggers/GER_scripted_triggers.txt	444	1246	already_ok	RKO Ostland zone: block re-authored to mod Baltic states (LAT/LIT/EST owners); all listed ids are Baltic. mod 1246=Raseiniu.
common/scripted_triggers/GER_scripted_triggers.txt	445	242	already_ok	RKO Ostland zone: block re-authored to mod Baltic states (LAT/LIT/EST owners); all listed ids are Baltic. mod 242=Kauno.
common/scripted_triggers/GER_scripted_triggers.txt	446	275	already_ok	RKO Ostland zone: block re-authored to mod Baltic states (LAT/LIT/EST owners); all listed ids are Baltic. mod 275=Traku.
common/scripted_triggers/GER_scripted_triggers.txt	447	208	already_ok	RKO Ostland zone: block re-authored to mod Baltic states (LAT/LIT/EST owners); all listed ids are Baltic. mod 208=Kretingos.
common/scripted_triggers/GER_scripted_triggers.txt	448	205	already_ok	RKO Ostland zone: block re-authored to mod Baltic states (LAT/LIT/EST owners); all listed ids are Baltic. mod 205=Telsiu.
common/scripted_triggers/GER_scripted_triggers.txt	449	1339	already_ok	RKO Ostland zone: block re-authored to mod Baltic states (LAT/LIT/EST owners); all listed ids are Baltic. mod 1339=Kedainiu.
common/scripted_triggers/GER_scripted_triggers.txt	450	206	already_ok	RKO Ostland zone: block re-authored to mod Baltic states (LAT/LIT/EST owners); all listed ids are Baltic. mod 206=Siauliu.
common/scripted_triggers/GER_scripted_triggers.txt	451	244	already_ok	RKO Ostland zone: block re-authored to mod Baltic states (LAT/LIT/EST owners); all listed ids are Baltic. mod 244=Ukmerges.
common/scripted_triggers/GER_scripted_triggers.txt	452	207	already_ok	RKO Ostland zone: block re-authored to mod Baltic states (LAT/LIT/EST owners); all listed ids are Baltic. mod 207=Panevezio.
common/scripted_triggers/GER_scripted_triggers.txt	453	174	already_ok	RKO Ostland zone: block re-authored to mod Baltic states (LAT/LIT/EST owners); all listed ids are Baltic. mod 174=Liepaja.
common/scripted_triggers/GER_scripted_triggers.txt	454	107	already_ok	RKO Ostland zone: block re-authored to mod Baltic states (LAT/LIT/EST owners); all listed ids are Baltic. mod 107=Mazeikiu.
common/scripted_triggers/GER_scripted_triggers.txt	455	1344	already_ok	RKO Ostland zone: block re-authored to mod Baltic states (LAT/LIT/EST owners); all listed ids are Baltic. mod 1344=Aizpute.
common/scripted_triggers/GER_scripted_triggers.txt	456	67	already_ok	RKO Ostland zone: block re-authored to mod Baltic states (LAT/LIT/EST owners); all listed ids are Baltic. mod 67=Kuldiga.
common/scripted_triggers/GER_scripted_triggers.txt	457	2773	already_ok	RKO Ostland zone: block re-authored to mod Baltic states (LAT/LIT/EST owners); all listed ids are Baltic. mod 2773=Snikere.
common/scripted_triggers/GER_scripted_triggers.txt	458	91	already_ok	RKO Ostland zone: block re-authored to mod Baltic states (LAT/LIT/EST owners); all listed ids are Baltic. mod 91=Ventspils.
common/scripted_triggers/GER_scripted_triggers.txt	459	1345	already_ok	RKO Ostland zone: block re-authored to mod Baltic states (LAT/LIT/EST owners); all listed ids are Baltic. mod 1345=Talsi.
common/scripted_triggers/GER_scripted_triggers.txt	460	188	already_ok	RKO Ostland zone: block re-authored to mod Baltic states (LAT/LIT/EST owners); all listed ids are Baltic. mod 188=Tukums.
common/scripted_triggers/GER_scripted_triggers.txt	461	196	already_ok	RKO Ostland zone: block re-authored to mod Baltic states (LAT/LIT/EST owners); all listed ids are Baltic. mod 196=Jelgava.
common/scripted_triggers/GER_scripted_triggers.txt	462	1280	already_ok	RKO Ostland zone: block re-authored to mod Baltic states (LAT/LIT/EST owners); all listed ids are Baltic. mod 1280=Birzu.
common/scripted_triggers/GER_scripted_triggers.txt	463	2775	already_ok	RKO Ostland zone: block re-authored to mod Baltic states (LAT/LIT/EST owners); all listed ids are Baltic. mod 2775=Dvari.
common/scripted_triggers/GER_scripted_triggers.txt	464	1346	already_ok	RKO Ostland zone: block re-authored to mod Baltic states (LAT/LIT/EST owners); all listed ids are Baltic. mod 1346=Bauska.
common/scripted_triggers/GER_scripted_triggers.txt	465	1352	already_ok	RKO Ostland zone: block re-authored to mod Baltic states (LAT/LIT/EST owners); all listed ids are Baltic. mod 1352=Jurmala.
common/scripted_triggers/GER_scripted_triggers.txt	466	307	already_ok	RKO Ostland zone: block re-authored to mod Baltic states (LAT/LIT/EST owners); all listed ids are Baltic. mod 307=Slonim.
common/scripted_triggers/GER_scripted_triggers.txt	467	231	already_ok	RKO Ostland zone: block re-authored to mod Baltic states (LAT/LIT/EST owners); all listed ids are Baltic. mod 231=Lida.
common/scripted_triggers/GER_scripted_triggers.txt	468	1304	already_ok	RKO Ostland zone: block re-authored to mod Baltic states (LAT/LIT/EST owners); all listed ids are Baltic. mod 1304=Orany.
common/scripted_triggers/GER_scripted_triggers.txt	469	241	already_ok	RKO Ostland zone: block re-authored to mod Baltic states (LAT/LIT/EST owners); all listed ids are Baltic. mod 241=Wilno.
common/scripted_triggers/GER_scripted_triggers.txt	470	1135	already_ok	RKO Ostland zone: block re-authored to mod Baltic states (LAT/LIT/EST owners); all listed ids are Baltic. mod 1135=Dziewienszki.
common/scripted_triggers/GER_scripted_triggers.txt	471	2317	already_ok	RKO Ostland zone: block re-authored to mod Baltic states (LAT/LIT/EST owners); all listed ids are Baltic. mod 2317=Bereza Kartuska.
common/scripted_triggers/GER_scripted_triggers.txt	472	292	already_ok	RKO Ostland zone: block re-authored to mod Baltic states (LAT/LIT/EST owners); all listed ids are Baltic. mod 292=Baranowicze.
common/scripted_triggers/GER_scripted_triggers.txt	473	1250	already_ok	RKO Ostland zone: block re-authored to mod Baltic states (LAT/LIT/EST owners); all listed ids are Baltic. mod 1250=Luniniec.
common/scripted_triggers/GER_scripted_triggers.txt	474	1225	already_ok	RKO Ostland zone: block re-authored to mod Baltic states (LAT/LIT/EST owners); all listed ids are Baltic. mod 1225=Nieswiez.
common/scripted_triggers/GER_scripted_triggers.txt	475	2134	already_ok	RKO Ostland zone: block re-authored to mod Baltic states (LAT/LIT/EST owners); all listed ids are Baltic. mod 2134=Slutsk.
common/scripted_triggers/GER_scripted_triggers.txt	476	2161	already_ok	RKO Ostland zone: block re-authored to mod Baltic states (LAT/LIT/EST owners); all listed ids are Baltic. mod 2161=Koydanov.
common/scripted_triggers/GER_scripted_triggers.txt	477	2135	already_ok	RKO Ostland zone: block re-authored to mod Baltic states (LAT/LIT/EST owners); all listed ids are Baltic. mod 2135=Minsk.
common/scripted_triggers/GER_scripted_triggers.txt	478	1198	already_ok	RKO Ostland zone: block re-authored to mod Baltic states (LAT/LIT/EST owners); all listed ids are Baltic. mod 1198=Molodeczno.
common/scripted_triggers/GER_scripted_triggers.txt	479	1106	already_ok	RKO Ostland zone: block re-authored to mod Baltic states (LAT/LIT/EST owners); all listed ids are Baltic. mod 1106=Smorgonie.
common/scripted_triggers/GER_scripted_triggers.txt	480	1000	already_ok	RKO Ostland zone: block re-authored to mod Baltic states (LAT/LIT/EST owners); all listed ids are Baltic. mod 1000=Oszmiana.
common/scripted_triggers/GER_scripted_triggers.txt	481	2136	already_ok	RKO Ostland zone: block re-authored to mod Baltic states (LAT/LIT/EST owners); all listed ids are Baltic. mod 2136=Borisov.
common/scripted_triggers/GER_scripted_triggers.txt	482	2697	already_ok	RKO Ostland zone: block re-authored to mod Baltic states (LAT/LIT/EST owners); all listed ids are Baltic. mod 2697=Metlichitsy.
common/scripted_triggers/GER_scripted_triggers.txt	483	232	already_ok	RKO Ostland zone: block re-authored to mod Baltic states (LAT/LIT/EST owners); all listed ids are Baltic. mod 232=Dzisna.
common/scripted_triggers/GER_scripted_triggers.txt	484	1329	already_ok	RKO Ostland zone: block re-authored to mod Baltic states (LAT/LIT/EST owners); all listed ids are Baltic. mod 1329=Ignalino.
common/scripted_triggers/GER_scripted_triggers.txt	485	225	already_ok	RKO Ostland zone: block re-authored to mod Baltic states (LAT/LIT/EST owners); all listed ids are Baltic. mod 225=Utenos.
common/scripted_triggers/GER_scripted_triggers.txt	486	236	already_ok	RKO Ostland zone: block re-authored to mod Baltic states (LAT/LIT/EST owners); all listed ids are Baltic. mod 236=Swieciany.
common/scripted_triggers/GER_scripted_triggers.txt	487	1151	already_ok	RKO Ostland zone: block re-authored to mod Baltic states (LAT/LIT/EST owners); all listed ids are Baltic. mod 1151=Braslaw.
common/scripted_triggers/GER_scripted_triggers.txt	488	2523	already_ok	RKO Ostland zone: block re-authored to mod Baltic states (LAT/LIT/EST owners); all listed ids are Baltic. mod 2523=Daugavpils.
common/scripted_triggers/GER_scripted_triggers.txt	489	1309	already_ok	RKO Ostland zone: block re-authored to mod Baltic states (LAT/LIT/EST owners); all listed ids are Baltic. mod 1309=Zarasu.
common/scripted_triggers/GER_scripted_triggers.txt	490	94	already_ok	RKO Ostland zone: block re-authored to mod Baltic states (LAT/LIT/EST owners); all listed ids are Baltic. mod 94=Ilukste.
common/scripted_triggers/GER_scripted_triggers.txt	491	1296	already_ok	RKO Ostland zone: block re-authored to mod Baltic states (LAT/LIT/EST owners); all listed ids are Baltic. mod 1296=Rokiskio.
common/scripted_triggers/GER_scripted_triggers.txt	492	2774	already_ok	RKO Ostland zone: block re-authored to mod Baltic states (LAT/LIT/EST owners); all listed ids are Baltic. mod 2774=Akniste.
common/scripted_triggers/GER_scripted_triggers.txt	493	87	already_ok	RKO Ostland zone: block re-authored to mod Baltic states (LAT/LIT/EST owners); all listed ids are Baltic. mod 87=Jekabpils.
common/scripted_triggers/GER_scripted_triggers.txt	494	1348	already_ok	RKO Ostland zone: block re-authored to mod Baltic states (LAT/LIT/EST owners); all listed ids are Baltic. mod 1348=Daugavpils.
common/scripted_triggers/GER_scripted_triggers.txt	495	2541	already_ok	RKO Ostland zone: block re-authored to mod Baltic states (LAT/LIT/EST owners); all listed ids are Baltic. mod 2541=Dagda.
common/scripted_triggers/GER_scripted_triggers.txt	496	2170	already_ok	RKO Ostland zone: block re-authored to mod Baltic states (LAT/LIT/EST owners); all listed ids are Baltic. mod 2170=Drissa.
common/scripted_triggers/GER_scripted_triggers.txt	497	2720	already_ok	RKO Ostland zone: block re-authored to mod Baltic states (LAT/LIT/EST owners); all listed ids are Baltic. mod 2720=Spogi.
common/scripted_triggers/GER_scripted_triggers.txt	498	172	already_ok	RKO Ostland zone: block re-authored to mod Baltic states (LAT/LIT/EST owners); all listed ids are Baltic. mod 172=Riga.
common/scripted_triggers/GER_scripted_triggers.txt	499	2772	already_ok	RKO Ostland zone: block re-authored to mod Baltic states (LAT/LIT/EST owners); all listed ids are Baltic. mod 2772=Ogre.
common/scripted_triggers/GER_scripted_triggers.txt	500	1349	already_ok	RKO Ostland zone: block re-authored to mod Baltic states (LAT/LIT/EST owners); all listed ids are Baltic. mod 1349=Ludza.
common/scripted_triggers/GER_scripted_triggers.txt	501	185	already_ok	RKO Ostland zone: block re-authored to mod Baltic states (LAT/LIT/EST owners); all listed ids are Baltic. mod 185=Rezekne.
common/scripted_triggers/GER_scripted_triggers.txt	502	170	already_ok	RKO Ostland zone: block re-authored to mod Baltic states (LAT/LIT/EST owners); all listed ids are Baltic. mod 170=Madona.
common/scripted_triggers/GER_scripted_triggers.txt	503	1350	already_ok	RKO Ostland zone: block re-authored to mod Baltic states (LAT/LIT/EST owners); all listed ids are Baltic. mod 1350=Balvi.
common/scripted_triggers/GER_scripted_triggers.txt	504	1351	already_ok	RKO Ostland zone: block re-authored to mod Baltic states (LAT/LIT/EST owners); all listed ids are Baltic. mod 1351=Abrene.
common/scripted_triggers/GER_scripted_triggers.txt	505	112	already_ok	RKO Ostland zone: block re-authored to mod Baltic states (LAT/LIT/EST owners); all listed ids are Baltic. mod 112=Cesis.
common/scripted_triggers/GER_scripted_triggers.txt	506	95	already_ok	RKO Ostland zone: block re-authored to mod Baltic states (LAT/LIT/EST owners); all listed ids are Baltic. mod 95=Valmiera.
common/scripted_triggers/GER_scripted_triggers.txt	507	1347	already_ok	RKO Ostland zone: block re-authored to mod Baltic states (LAT/LIT/EST owners); all listed ids are Baltic. mod 1347=Valka.
common/scripted_triggers/GER_scripted_triggers.txt	508	2943	already_ok	RKO Ostland zone: block re-authored to mod Baltic states (LAT/LIT/EST owners); all listed ids are Baltic. mod 2943=Pechory.
common/scripted_triggers/GER_scripted_triggers.txt	509	2791	already_ok	RKO Ostland zone: block re-authored to mod Baltic states (LAT/LIT/EST owners); all listed ids are Baltic. mod 2791=Pededze.
common/scripted_triggers/GER_scripted_triggers.txt	510	165	already_ok	RKO Ostland zone: block re-authored to mod Baltic states (LAT/LIT/EST owners); all listed ids are Baltic. mod 165=Petseri.
common/scripted_triggers/GER_scripted_triggers.txt	511	173	already_ok	RKO Ostland zone: block re-authored to mod Baltic states (LAT/LIT/EST owners); all listed ids are Baltic. mod 173=Voru.
common/scripted_triggers/GER_scripted_triggers.txt	512	166	already_ok	RKO Ostland zone: block re-authored to mod Baltic states (LAT/LIT/EST owners); all listed ids are Baltic. mod 166=Valga.
common/scripted_triggers/GER_scripted_triggers.txt	513	155	already_ok	RKO Ostland zone: block re-authored to mod Baltic states (LAT/LIT/EST owners); all listed ids are Baltic. mod 155=Parnu.
common/scripted_triggers/GER_scripted_triggers.txt	514	152	already_ok	RKO Ostland zone: block re-authored to mod Baltic states (LAT/LIT/EST owners); all listed ids are Baltic. mod 152=Tarto.
common/scripted_triggers/GER_scripted_triggers.txt	515	156	already_ok	RKO Ostland zone: block re-authored to mod Baltic states (LAT/LIT/EST owners); all listed ids are Baltic. mod 156=Viljandi.
common/scripted_triggers/GER_scripted_triggers.txt	516	146	already_ok	RKO Ostland zone: block re-authored to mod Baltic states (LAT/LIT/EST owners); all listed ids are Baltic. mod 146=Saaremaa.
common/scripted_triggers/GER_scripted_triggers.txt	517	145	already_ok	RKO Ostland zone: block re-authored to mod Baltic states (LAT/LIT/EST owners); all listed ids are Baltic. mod 145=Laane.
common/scripted_triggers/GER_scripted_triggers.txt	518	157	already_ok	RKO Ostland zone: block re-authored to mod Baltic states (LAT/LIT/EST owners); all listed ids are Baltic. mod 157=Hiiumaa.
common/scripted_triggers/GER_scripted_triggers.txt	519	133	already_ok	RKO Ostland zone: block re-authored to mod Baltic states (LAT/LIT/EST owners); all listed ids are Baltic. mod 133=Harju.
common/scripted_triggers/GER_scripted_triggers.txt	520	143	already_ok	RKO Ostland zone: block re-authored to mod Baltic states (LAT/LIT/EST owners); all listed ids are Baltic. mod 143=Jarva.
common/scripted_triggers/GER_scripted_triggers.txt	521	134	already_ok	RKO Ostland zone: block re-authored to mod Baltic states (LAT/LIT/EST owners); all listed ids are Baltic. mod 134=Narva.
common/scripted_triggers/GER_scripted_triggers.txt	522	137	already_ok	RKO Ostland zone: block re-authored to mod Baltic states (LAT/LIT/EST owners); all listed ids are Baltic. mod 137=Jaanilinn.
common/scripted_triggers/GER_scripted_triggers.txt	529	2701	already_ok	RKG Norwegen zone: all 25 ids are mod Norwegian states (NOR owner). mod 2701=Kirkenes.
common/scripted_triggers/GER_scripted_triggers.txt	530	4	already_ok	RKG Norwegen zone: all 25 ids are mod Norwegian states (NOR owner). mod 4=Finnmark.
common/scripted_triggers/GER_scripted_triggers.txt	531	2712	already_ok	RKG Norwegen zone: all 25 ids are mod Norwegian states (NOR owner). mod 2712=Kautokeino.
common/scripted_triggers/GER_scripted_triggers.txt	532	13	already_ok	RKG Norwegen zone: all 25 ids are mod Norwegian states (NOR owner). mod 13=Troms.
common/scripted_triggers/GER_scripted_triggers.txt	533	2700	already_ok	RKG Norwegen zone: all 25 ids are mod Norwegian states (NOR owner). mod 2700=Evenskjer.
common/scripted_triggers/GER_scripted_triggers.txt	534	2702	already_ok	RKG Norwegen zone: all 25 ids are mod Norwegian states (NOR owner). mod 2702=Lofoten.
common/scripted_triggers/GER_scripted_triggers.txt	535	2703	already_ok	RKG Norwegen zone: all 25 ids are mod Norwegian states (NOR owner). mod 2703=Drag.
common/scripted_triggers/GER_scripted_triggers.txt	536	25	already_ok	RKG Norwegen zone: all 25 ids are mod Norwegian states (NOR owner). mod 25=Nordland.
common/scripted_triggers/GER_scripted_triggers.txt	537	53	already_ok	RKG Norwegen zone: all 25 ids are mod Norwegian states (NOR owner). mod 53=Nord-Trondelag.
common/scripted_triggers/GER_scripted_triggers.txt	538	71	already_ok	RKG Norwegen zone: all 25 ids are mod Norwegian states (NOR owner). mod 71=Sor-Trondelag.
common/scripted_triggers/GER_scripted_triggers.txt	539	75	already_ok	RKG Norwegen zone: all 25 ids are mod Norwegian states (NOR owner). mod 75=More og Romsdal.
common/scripted_triggers/GER_scripted_triggers.txt	540	78	already_ok	RKG Norwegen zone: all 25 ids are mod Norwegian states (NOR owner). mod 78=Hedmark.
common/scripted_triggers/GER_scripted_triggers.txt	541	92	already_ok	RKG Norwegen zone: all 25 ids are mod Norwegian states (NOR owner). mod 92=Sogn og Fjordane.
common/scripted_triggers/GER_scripted_triggers.txt	542	83	already_ok	RKG Norwegen zone: all 25 ids are mod Norwegian states (NOR owner). mod 83=Oppland.
common/scripted_triggers/GER_scripted_triggers.txt	543	111	already_ok	RKG Norwegen zone: all 25 ids are mod Norwegian states (NOR owner). mod 111=Hordaland.
common/scripted_triggers/GER_scripted_triggers.txt	544	128	already_ok	RKG Norwegen zone: all 25 ids are mod Norwegian states (NOR owner). mod 128=Rogaland.
common/scripted_triggers/GER_scripted_triggers.txt	545	106	already_ok	RKG Norwegen zone: all 25 ids are mod Norwegian states (NOR owner). mod 106=Buskerud.
common/scripted_triggers/GER_scripted_triggers.txt	546	123	already_ok	RKG Norwegen zone: all 25 ids are mod Norwegian states (NOR owner). mod 123=Telemark.
common/scripted_triggers/GER_scripted_triggers.txt	547	132	already_ok	RKG Norwegen zone: all 25 ids are mod Norwegian states (NOR owner). mod 132=Aust-Agder.
common/scripted_triggers/GER_scripted_triggers.txt	548	147	already_ok	RKG Norwegen zone: all 25 ids are mod Norwegian states (NOR owner). mod 147=Vest-Agder.
common/scripted_triggers/GER_scripted_triggers.txt	549	131	already_ok	RKG Norwegen zone: all 25 ids are mod Norwegian states (NOR owner). mod 131=Vestfold.
common/scripted_triggers/GER_scripted_triggers.txt	550	118	already_ok	RKG Norwegen zone: all 25 ids are mod Norwegian states (NOR owner). mod 118=Akershus.
common/scripted_triggers/GER_scripted_triggers.txt	551	124	already_ok	RKG Norwegen zone: all 25 ids are mod Norwegian states (NOR owner). mod 124=Oslo.
common/scripted_triggers/GER_scripted_triggers.txt	552	129	already_ok	RKG Norwegen zone: all 25 ids are mod Norwegian states (NOR owner). mod 129=Ostfold.
common/scripted_triggers/GER_scripted_triggers.txt	553	1822	already_ok	RKG Norwegen zone: all 25 ids are mod Norwegian states (NOR owner). mod 1822=Jan Mayen.
common/scripted_triggers/GER_scripted_triggers.txt	560	2344	already_ok	RKN Niederlande zone: all 21 ids are mod Dutch states (HOL owner). mod 2344=Zuid Overmaas.
common/scripted_triggers/GER_scripted_triggers.txt	561	1974	already_ok	RKN Niederlande zone: all 21 ids are mod Dutch states (HOL owner). mod 1974=Zeeuws-Vlaanderen.
common/scripted_triggers/GER_scripted_triggers.txt	562	451	already_ok	RKN Niederlande zone: all 21 ids are mod Dutch states (HOL owner). mod 451=Zeeland.
common/scripted_triggers/GER_scripted_triggers.txt	563	2713	already_ok	RKN Niederlande zone: all 21 ids are mod Dutch states (HOL owner). mod 2713=West Noord-Brabant.
common/scripted_triggers/GER_scripted_triggers.txt	564	2717	already_ok	RKN Niederlande zone: all 21 ids are mod Dutch states (HOL owner). mod 2717=Noord Overmaas.
common/scripted_triggers/GER_scripted_triggers.txt	565	432	already_ok	RKN Niederlande zone: all 21 ids are mod Dutch states (HOL owner). mod 432=Limburg Voormaas.
common/scripted_triggers/GER_scripted_triggers.txt	566	479	already_ok	RKN Niederlande zone: all 21 ids are mod Dutch states (HOL owner). mod 479=Oost Noord-Brabant.
common/scripted_triggers/GER_scripted_triggers.txt	567	2845	already_ok	RKN Niederlande zone: all 21 ids are mod Dutch states (HOL owner). mod 2845='s-Hertogenbosch.
common/scripted_triggers/GER_scripted_triggers.txt	568	2331	already_ok	RKN Niederlande zone: all 21 ids are mod Dutch states (HOL owner). mod 2331=Rivierenland.
common/scripted_triggers/GER_scripted_triggers.txt	569	2875	already_ok	RKN Niederlande zone: all 21 ids are mod Dutch states (HOL owner). mod 2875=Altena.
common/scripted_triggers/GER_scripted_triggers.txt	570	1317	already_ok	RKN Niederlande zone: all 21 ids are mod Dutch states (HOL owner). mod 1317=Achterhoek.
common/scripted_triggers/GER_scripted_triggers.txt	571	1319	already_ok	RKN Niederlande zone: all 21 ids are mod Dutch states (HOL owner). mod 1319=Twente.
common/scripted_triggers/GER_scripted_triggers.txt	572	2332	already_ok	RKN Niederlande zone: all 21 ids are mod Dutch states (HOL owner). mod 2332=Onderrijnmond.
common/scripted_triggers/GER_scripted_triggers.txt	573	331	already_ok	RKN Niederlande zone: all 21 ids are mod Dutch states (HOL owner). mod 331=Groningen.
common/scripted_triggers/GER_scripted_triggers.txt	574	346	already_ok	RKN Niederlande zone: all 21 ids are mod Dutch states (HOL owner). mod 346=Drenthe.
common/scripted_triggers/GER_scripted_triggers.txt	575	336	already_ok	RKN Niederlande zone: all 21 ids are mod Dutch states (HOL owner). mod 336=Friesland.
common/scripted_triggers/GER_scripted_triggers.txt	576	364	already_ok	RKN Niederlande zone: all 21 ids are mod Dutch states (HOL owner). mod 364=Overijssel.
common/scripted_triggers/GER_scripted_triggers.txt	577	383	already_ok	RKN Niederlande zone: all 21 ids are mod Dutch states (HOL owner). mod 383=Gelderland.
common/scripted_triggers/GER_scripted_triggers.txt	578	399	already_ok	RKN Niederlande zone: all 21 ids are mod Dutch states (HOL owner). mod 399=Utrecht.
common/scripted_triggers/GER_scripted_triggers.txt	579	402	already_ok	RKN Niederlande zone: all 21 ids are mod Dutch states (HOL owner). mod 402=Zuid-Holland.
common/scripted_triggers/GER_scripted_triggers.txt	580	358	already_ok	RKN Niederlande zone: all 21 ids are mod Dutch states (HOL owner). mod 358=Noord-Holland.
common/scripted_triggers/GER_scripted_triggers.txt	587	2368	already_ok	RKB Belgien zone: ids are mod Belgian + adjacent French-Flanders states (BEL/FRA). mod 2368=Arlon.
common/scripted_triggers/GER_scripted_triggers.txt	588	500	already_ok	RKB Belgien zone: ids are mod Belgian + adjacent French-Flanders states (BEL/FRA). mod 500=Luxembourg Belge.
common/scripted_triggers/GER_scripted_triggers.txt	589	2370	already_ok	RKB Belgien zone: ids are mod Belgian + adjacent French-Flanders states (BEL/FRA). mod 2370=Verviers.
common/scripted_triggers/GER_scripted_triggers.txt	590	2369	already_ok	RKB Belgien zone: ids are mod Belgian + adjacent French-Flanders states (BEL/FRA). mod 2369=Rochefort.
common/scripted_triggers/GER_scripted_triggers.txt	591	480	already_ok	RKB Belgien zone: ids are mod Belgian + adjacent French-Flanders states (BEL/FRA). mod 480=Liege.
common/scripted_triggers/GER_scripted_triggers.txt	592	456	already_ok	RKB Belgien zone: ids are mod Belgian + adjacent French-Flanders states (BEL/FRA). mod 456=Vlaams-Limburg.
common/scripted_triggers/GER_scripted_triggers.txt	593	487	already_ok	RKB Belgien zone: ids are mod Belgian + adjacent French-Flanders states (BEL/FRA). mod 487=Namur.
common/scripted_triggers/GER_scripted_triggers.txt	594	444	already_ok	RKB Belgien zone: ids are mod Belgian + adjacent French-Flanders states (BEL/FRA). mod 444=Antwerpen.
common/scripted_triggers/GER_scripted_triggers.txt	595	470	already_ok	RKB Belgien zone: ids are mod Belgian + adjacent French-Flanders states (BEL/FRA). mod 470=Vlaams-Brabant.
common/scripted_triggers/GER_scripted_triggers.txt	596	2969	already_ok	RKB Belgien zone: ids are mod Belgian + adjacent French-Flanders states (BEL/FRA). mod 2969=Bruxelles.
common/scripted_triggers/GER_scripted_triggers.txt	597	422	already_ok	RKB Belgien zone: ids are mod Belgian + adjacent French-Flanders states (BEL/FRA). mod 422=Brabant wallon.
common/scripted_triggers/GER_scripted_triggers.txt	598	482	already_ok	RKB Belgien zone: ids are mod Belgian + adjacent French-Flanders states (BEL/FRA). mod 482=Hainaut.
common/scripted_triggers/GER_scripted_triggers.txt	599	466	already_ok	RKB Belgien zone: ids are mod Belgian + adjacent French-Flanders states (BEL/FRA). mod 466=Hainaut Francais.
common/scripted_triggers/GER_scripted_triggers.txt	600	455	already_ok	RKB Belgien zone: ids are mod Belgian + adjacent French-Flanders states (BEL/FRA). mod 455=Oost-Vlaanderen.
common/scripted_triggers/GER_scripted_triggers.txt	601	454	already_ok	RKB Belgien zone: ids are mod Belgian + adjacent French-Flanders states (BEL/FRA). mod 454=West-Vlaanderen.
common/scripted_triggers/GER_scripted_triggers.txt	602	1342	already_ok	RKB Belgien zone: ids are mod Belgian + adjacent French-Flanders states (BEL/FRA). mod 1342=Flandre Wallonne.
common/scripted_triggers/GER_scripted_triggers.txt	603	2333	already_ok	RKB Belgien zone: ids are mod Belgian + adjacent French-Flanders states (BEL/FRA). mod 2333=Flandre Maritime.
common/scripted_triggers/GER_scripted_triggers.txt	604	1324	already_ok	RKB Belgien zone: ids are mod Belgian + adjacent French-Flanders states (BEL/FRA). mod 1324=Artois.
common/scripted_triggers/GER_scripted_triggers.txt	605	2874	already_ok	RKB Belgien zone: ids are mod Belgian + adjacent French-Flanders states (BEL/FRA). mod 2874=Boulogne-sur-Mer.
common/scripted_triggers/GER_scripted_triggers.txt	606	472	already_ok	RKB Belgien zone: ids are mod Belgian + adjacent French-Flanders states (BEL/FRA). mod 472=Calais.
common/scripted_triggers/GER_scripted_triggers.txt	613	2291	already_ok	RKK Kaukasus zone: all 125 ids are mod Caucasus/Caucasus-front states (SOV owner). mod 2291=Lankaran-Astara.
common/scripted_triggers/GER_scripted_triggers.txt	614	2918	already_ok	RKK Kaukasus zone: all 125 ids are mod Caucasus/Caucasus-front states (SOV owner). mod 2918=Salyan.
common/scripted_triggers/GER_scripted_triggers.txt	615	2917	already_ok	RKK Kaukasus zone: all 125 ids are mod Caucasus/Caucasus-front states (SOV owner). mod 2917=Sabirabad.
common/scripted_triggers/GER_scripted_triggers.txt	616	2294	already_ok	RKK Kaukasus zone: all 125 ids are mod Caucasus/Caucasus-front states (SOV owner). mod 2294=Shirvan-Salyan.
common/scripted_triggers/GER_scripted_triggers.txt	617	2295	already_ok	RKK Kaukasus zone: all 125 ids are mod Caucasus/Caucasus-front states (SOV owner). mod 2295=Mil-Mughan.
common/scripted_triggers/GER_scripted_triggers.txt	618	2292	already_ok	RKK Kaukasus zone: all 125 ids are mod Caucasus/Caucasus-front states (SOV owner). mod 2292=Baku.
common/scripted_triggers/GER_scripted_triggers.txt	619	968	already_ok	RKK Kaukasus zone: all 125 ids are mod Caucasus/Caucasus-front states (SOV owner). mod 968=Abseron-Xizi.
common/scripted_triggers/GER_scripted_triggers.txt	620	966	already_ok	RKK Kaukasus zone: all 125 ids are mod Caucasus/Caucasus-front states (SOV owner). mod 966=Dagliq Sirvan.
common/scripted_triggers/GER_scripted_triggers.txt	621	972	already_ok	RKK Kaukasus zone: all 125 ids are mod Caucasus/Caucasus-front states (SOV owner). mod 972=Agcab@di.
common/scripted_triggers/GER_scripted_triggers.txt	622	2293	already_ok	RKK Kaukasus zone: all 125 ids are mod Caucasus/Caucasus-front states (SOV owner). mod 2293=Central Aran.
common/scripted_triggers/GER_scripted_triggers.txt	623	918	already_ok	RKK Kaukasus zone: all 125 ids are mod Caucasus/Caucasus-front states (SOV owner). mod 918=Quba-Xacmaz.
common/scripted_triggers/GER_scripted_triggers.txt	624	917	already_ok	RKK Kaukasus zone: all 125 ids are mod Caucasus/Caucasus-front states (SOV owner). mod 917=S@ki.
common/scripted_triggers/GER_scripted_triggers.txt	625	1020	already_ok	RKK Kaukasus zone: all 125 ids are mod Caucasus/Caucasus-front states (SOV owner). mod 1020=Jabrayil.
common/scripted_triggers/GER_scripted_triggers.txt	626	2266	already_ok	RKK Kaukasus zone: all 125 ids are mod Caucasus/Caucasus-front states (SOV owner). mod 2266=Hadrut.
common/scripted_triggers/GER_scripted_triggers.txt	627	993	already_ok	RKK Kaukasus zone: all 125 ids are mod Caucasus/Caucasus-front states (SOV owner). mod 993=Aghdam.
common/scripted_triggers/GER_scripted_triggers.txt	628	997	already_ok	RKK Kaukasus zone: all 125 ids are mod Caucasus/Caucasus-front states (SOV owner). mod 997=Nagorno-Karabakh.
common/scripted_triggers/GER_scripted_triggers.txt	629	2267	already_ok	RKK Kaukasus zone: all 125 ids are mod Caucasus/Caucasus-front states (SOV owner). mod 2267=Shahumyan.
common/scripted_triggers/GER_scripted_triggers.txt	630	2281	already_ok	RKK Kaukasus zone: all 125 ids are mod Caucasus/Caucasus-front states (SOV owner). mod 2281=Ganja.
common/scripted_triggers/GER_scripted_triggers.txt	631	1019	already_ok	RKK Kaukasus zone: all 125 ids are mod Caucasus/Caucasus-front states (SOV owner). mod 1019=Syunik.
common/scripted_triggers/GER_scripted_triggers.txt	632	998	already_ok	RKK Kaukasus zone: all 125 ids are mod Caucasus/Caucasus-front states (SOV owner). mod 998=Kalbajar.
common/scripted_triggers/GER_scripted_triggers.txt	633	1023	already_ok	RKK Kaukasus zone: all 125 ids are mod Caucasus/Caucasus-front states (SOV owner). mod 1023=Nakhchivan.
common/scripted_triggers/GER_scripted_triggers.txt	634	1014	already_ok	RKK Kaukasus zone: all 125 ids are mod Caucasus/Caucasus-front states (SOV owner). mod 1014=Vayots Dzor.
common/scripted_triggers/GER_scripted_triggers.txt	635	2280	already_ok	RKK Kaukasus zone: all 125 ids are mod Caucasus/Caucasus-front states (SOV owner). mod 2280=Dashkasan.
common/scripted_triggers/GER_scripted_triggers.txt	636	2284	already_ok	RKK Kaukasus zone: all 125 ids are mod Caucasus/Caucasus-front states (SOV owner). mod 2284=Basargechar.
common/scripted_triggers/GER_scripted_triggers.txt	637	1005	already_ok	RKK Kaukasus zone: all 125 ids are mod Caucasus/Caucasus-front states (SOV owner). mod 1005=Ararat.
common/scripted_triggers/GER_scripted_triggers.txt	638	977	already_ok	RKK Kaukasus zone: all 125 ids are mod Caucasus/Caucasus-front states (SOV owner). mod 977=Gegharkunik.
common/scripted_triggers/GER_scripted_triggers.txt	639	978	already_ok	RKK Kaukasus zone: all 125 ids are mod Caucasus/Caucasus-front states (SOV owner). mod 978=Kotayk.
common/scripted_triggers/GER_scripted_triggers.txt	640	2265	already_ok	RKK Kaukasus zone: all 125 ids are mod Caucasus/Caucasus-front states (SOV owner). mod 2265=Yerevan.
common/scripted_triggers/GER_scripted_triggers.txt	641	976	already_ok	RKK Kaukasus zone: all 125 ids are mod Caucasus/Caucasus-front states (SOV owner). mod 976=Armavir.
common/scripted_triggers/GER_scripted_triggers.txt	642	2263	already_ok	RKK Kaukasus zone: all 125 ids are mod Caucasus/Caucasus-front states (SOV owner). mod 2263=Aragatsotn.
common/scripted_triggers/GER_scripted_triggers.txt	643	2264	already_ok	RKK Kaukasus zone: all 125 ids are mod Caucasus/Caucasus-front states (SOV owner). mod 2264=Shirak.
common/scripted_triggers/GER_scripted_triggers.txt	644	2283	already_ok	RKK Kaukasus zone: all 125 ids are mod Caucasus/Caucasus-front states (SOV owner). mod 2283=Vanadzor.
common/scripted_triggers/GER_scripted_triggers.txt	645	961	already_ok	RKK Kaukasus zone: all 125 ids are mod Caucasus/Caucasus-front states (SOV owner). mod 961=Tavush.
common/scripted_triggers/GER_scripted_triggers.txt	646	946	already_ok	RKK Kaukasus zone: all 125 ids are mod Caucasus/Caucasus-front states (SOV owner). mod 946=Lori.
common/scripted_triggers/GER_scripted_triggers.txt	647	2285	already_ok	RKK Kaukasus zone: all 125 ids are mod Caucasus/Caucasus-front states (SOV owner). mod 2285=Amasia.
common/scripted_triggers/GER_scripted_triggers.txt	648	2286	already_ok	RKK Kaukasus zone: all 125 ids are mod Caucasus/Caucasus-front states (SOV owner). mod 2286=Kalinino.
common/scripted_triggers/GER_scripted_triggers.txt	649	936	already_ok	RKK Kaukasus zone: all 125 ids are mod Caucasus/Caucasus-front states (SOV owner). mod 936=Qazax.
common/scripted_triggers/GER_scripted_triggers.txt	650	2287	already_ok	RKK Kaukasus zone: all 125 ids are mod Caucasus/Caucasus-front states (SOV owner). mod 2287=Noyemberyan.
common/scripted_triggers/GER_scripted_triggers.txt	651	2297	already_ok	RKK Kaukasus zone: all 125 ids are mod Caucasus/Caucasus-front states (SOV owner). mod 2297=Magaramkent.
common/scripted_triggers/GER_scripted_triggers.txt	652	2298	already_ok	RKK Kaukasus zone: all 125 ids are mod Caucasus/Caucasus-front states (SOV owner). mod 2298=Akhty.
common/scripted_triggers/GER_scripted_triggers.txt	653	889	already_ok	RKK Kaukasus zone: all 125 ids are mod Caucasus/Caucasus-front states (SOV owner). mod 889=Zaqatala.
common/scripted_triggers/GER_scripted_triggers.txt	654	2274	already_ok	RKK Kaukasus zone: all 125 ids are mod Caucasus/Caucasus-front states (SOV owner). mod 2274=Hereti.
common/scripted_triggers/GER_scripted_triggers.txt	655	2277	already_ok	RKK Kaukasus zone: all 125 ids are mod Caucasus/Caucasus-front states (SOV owner). mod 2277=Qarayazi.
common/scripted_triggers/GER_scripted_triggers.txt	656	2271	already_ok	RKK Kaukasus zone: all 125 ids are mod Caucasus/Caucasus-front states (SOV owner). mod 2271=Javakheti.
common/scripted_triggers/GER_scripted_triggers.txt	657	2288	already_ok	RKK Kaukasus zone: all 125 ids are mod Caucasus/Caucasus-front states (SOV owner). mod 2288=Sadakhlo.
common/scripted_triggers/GER_scripted_triggers.txt	658	2289	already_ok	RKK Kaukasus zone: all 125 ids are mod Caucasus/Caucasus-front states (SOV owner). mod 2289=Rustavi.
common/scripted_triggers/GER_scripted_triggers.txt	659	2296	already_ok	RKK Kaukasus zone: all 125 ids are mod Caucasus/Caucasus-front states (SOV owner). mod 2296=Derbent.
common/scripted_triggers/GER_scripted_triggers.txt	660	2402	already_ok	RKK Kaukasus zone: all 125 ids are mod Caucasus/Caucasus-front states (SOV owner). mod 2402=Kaytagsky.
common/scripted_triggers/GER_scripted_triggers.txt	661	879	already_ok	RKK Kaukasus zone: all 125 ids are mod Caucasus/Caucasus-front states (SOV owner). mod 879=Kakheti.
common/scripted_triggers/GER_scripted_triggers.txt	662	919	already_ok	RKK Kaukasus zone: all 125 ids are mod Caucasus/Caucasus-front states (SOV owner). mod 919=Kvemo Kartli.
common/scripted_triggers/GER_scripted_triggers.txt	663	2290	already_ok	RKK Kaukasus zone: all 125 ids are mod Caucasus/Caucasus-front states (SOV owner). mod 2290=Tbilisi.
common/scripted_triggers/GER_scripted_triggers.txt	664	914	already_ok	RKK Kaukasus zone: all 125 ids are mod Caucasus/Caucasus-front states (SOV owner). mod 914=Samtskhe.
common/scripted_triggers/GER_scripted_triggers.txt	665	916	already_ok	RKK Kaukasus zone: all 125 ids are mod Caucasus/Caucasus-front states (SOV owner). mod 916=Adjara.
common/scripted_triggers/GER_scripted_triggers.txt	666	2270	already_ok	RKK Kaukasus zone: all 125 ids are mod Caucasus/Caucasus-front states (SOV owner). mod 2270=Guria.
common/scripted_triggers/GER_scripted_triggers.txt	667	899	already_ok	RKK Kaukasus zone: all 125 ids are mod Caucasus/Caucasus-front states (SOV owner). mod 899=Shida Kartli.
common/scripted_triggers/GER_scripted_triggers.txt	668	890	already_ok	RKK Kaukasus zone: all 125 ids are mod Caucasus/Caucasus-front states (SOV owner). mod 890=Imereti.
common/scripted_triggers/GER_scripted_triggers.txt	669	856	already_ok	RKK Kaukasus zone: all 125 ids are mod Caucasus/Caucasus-front states (SOV owner). mod 856=Samegrelo.
common/scripted_triggers/GER_scripted_triggers.txt	670	869	already_ok	RKK Kaukasus zone: all 125 ids are mod Caucasus/Caucasus-front states (SOV owner). mod 869=Racha-Lechkhumi.
common/scripted_triggers/GER_scripted_triggers.txt	671	2269	already_ok	RKK Kaukasus zone: all 125 ids are mod Caucasus/Caucasus-front states (SOV owner). mod 2269=South Ossetia.
common/scripted_triggers/GER_scripted_triggers.txt	672	2273	already_ok	RKK Kaukasus zone: all 125 ids are mod Caucasus/Caucasus-front states (SOV owner). mod 2273=Akhalgori.
common/scripted_triggers/GER_scripted_triggers.txt	673	886	already_ok	RKK Kaukasus zone: all 125 ids are mod Caucasus/Caucasus-front states (SOV owner). mod 886=Mtskheta-Mtianeti.
common/scripted_triggers/GER_scripted_triggers.txt	674	784	already_ok	RKK Kaukasus zone: all 125 ids are mod Caucasus/Caucasus-front states (SOV owner). mod 784=Avar.
common/scripted_triggers/GER_scripted_triggers.txt	675	2278	already_ok	RKK Kaukasus zone: all 125 ids are mod Caucasus/Caucasus-front states (SOV owner). mod 2278=Tusheti.
common/scripted_triggers/GER_scripted_triggers.txt	676	2279	already_ok	RKK Kaukasus zone: all 125 ids are mod Caucasus/Caucasus-front states (SOV owner). mod 2279=Dvaleti.
common/scripted_triggers/GER_scripted_triggers.txt	677	1028	already_ok	RKK Kaukasus zone: all 125 ids are mod Caucasus/Caucasus-front states (SOV owner). mod 1028=Dagestan.
common/scripted_triggers/GER_scripted_triggers.txt	678	2275	already_ok	RKK Kaukasus zone: all 125 ids are mod Caucasus/Caucasus-front states (SOV owner). mod 2275=Samurzakano.
common/scripted_triggers/GER_scripted_triggers.txt	679	2491	already_ok	RKK Kaukasus zone: all 125 ids are mod Caucasus/Caucasus-front states (SOV owner). mod 2491=Argun.
common/scripted_triggers/GER_scripted_triggers.txt	680	843	already_ok	RKK Kaukasus zone: all 125 ids are mod Caucasus/Caucasus-front states (SOV owner). mod 843=Ingushetia.
common/scripted_triggers/GER_scripted_triggers.txt	681	832	already_ok	RKK Kaukasus zone: all 125 ids are mod Caucasus/Caucasus-front states (SOV owner). mod 832=North Ossetia.
common/scripted_triggers/GER_scripted_triggers.txt	682	2401	already_ok	RKK Kaukasus zone: all 125 ids are mod Caucasus/Caucasus-front states (SOV owner). mod 2401=Sunzha.
common/scripted_triggers/GER_scripted_triggers.txt	683	821	already_ok	RKK Kaukasus zone: all 125 ids are mod Caucasus/Caucasus-front states (SOV owner). mod 821=Chechen.
common/scripted_triggers/GER_scripted_triggers.txt	684	2488	already_ok	RKK Kaukasus zone: all 125 ids are mod Caucasus/Caucasus-front states (SOV owner). mod 2488=Kizlyar.
common/scripted_triggers/GER_scripted_triggers.txt	685	2490	already_ok	RKK Kaukasus zone: all 125 ids are mod Caucasus/Caucasus-front states (SOV owner). mod 2490=Terek.
common/scripted_triggers/GER_scripted_triggers.txt	686	2489	already_ok	RKK Kaukasus zone: all 125 ids are mod Caucasus/Caucasus-front states (SOV owner). mod 2489=Balkar.
common/scripted_triggers/GER_scripted_triggers.txt	687	2272	already_ok	RKK Kaukasus zone: all 125 ids are mod Caucasus/Caucasus-front states (SOV owner). mod 2272=Svaneti.
common/scripted_triggers/GER_scripted_triggers.txt	688	841	already_ok	RKK Kaukasus zone: all 125 ids are mod Caucasus/Caucasus-front states (SOV owner). mod 841=Abkhazia.
common/scripted_triggers/GER_scripted_triggers.txt	689	2276	already_ok	RKK Kaukasus zone: all 125 ids are mod Caucasus/Caucasus-front states (SOV owner). mod 2276=Kodori Valley.
common/scripted_triggers/GER_scripted_triggers.txt	690	763	already_ok	RKK Kaukasus zone: all 125 ids are mod Caucasus/Caucasus-front states (SOV owner). mod 763=Nogay.
common/scripted_triggers/GER_scripted_triggers.txt	691	2399	already_ok	RKK Kaukasus zone: all 125 ids are mod Caucasus/Caucasus-front states (SOV owner). mod 2399=Shelkovskoy.
common/scripted_triggers/GER_scripted_triggers.txt	692	2400	already_ok	RKK Kaukasus zone: all 125 ids are mod Caucasus/Caucasus-front states (SOV owner). mod 2400=Naursky.
common/scripted_triggers/GER_scripted_triggers.txt	693	2504	already_ok	RKK Kaukasus zone: all 125 ids are mod Caucasus/Caucasus-front states (SOV owner). mod 2504=Terekli-Mekteb.
common/scripted_triggers/GER_scripted_triggers.txt	694	2503	already_ok	RKK Kaukasus zone: all 125 ids are mod Caucasus/Caucasus-front states (SOV owner). mod 2503=Kochubei.
common/scripted_triggers/GER_scripted_triggers.txt	695	2870	already_ok	RKK Kaukasus zone: all 125 ids are mod Caucasus/Caucasus-front states (SOV owner). mod 2870=Artezian.
common/scripted_triggers/GER_scripted_triggers.txt	696	2869	already_ok	RKK Kaukasus zone: all 125 ids are mod Caucasus/Caucasus-front states (SOV owner). mod 2869=Makhmud-Mekteb.
common/scripted_triggers/GER_scripted_triggers.txt	697	2414	already_ok	RKK Kaukasus zone: all 125 ids are mod Caucasus/Caucasus-front states (SOV owner). mod 2414=Budyonnovsk.
common/scripted_triggers/GER_scripted_triggers.txt	698	2505	already_ok	RKK Kaukasus zone: all 125 ids are mod Caucasus/Caucasus-front states (SOV owner). mod 2505=Stepnoe.
common/scripted_triggers/GER_scripted_triggers.txt	699	2492	already_ok	RKK Kaukasus zone: all 125 ids are mod Caucasus/Caucasus-front states (SOV owner). mod 2492=Kurskaya.
common/scripted_triggers/GER_scripted_triggers.txt	700	2403	already_ok	RKK Kaukasus zone: all 125 ids are mod Caucasus/Caucasus-front states (SOV owner). mod 2403=Mozdok.
common/scripted_triggers/GER_scripted_triggers.txt	701	2487	already_ok	RKK Kaukasus zone: all 125 ids are mod Caucasus/Caucasus-front states (SOV owner). mod 2487=Prokhladny.
common/scripted_triggers/GER_scripted_triggers.txt	702	2868	already_ok	RKK Kaukasus zone: all 125 ids are mod Caucasus/Caucasus-front states (SOV owner). mod 2868=Zelenokumsk.
common/scripted_triggers/GER_scripted_triggers.txt	703	826	already_ok	RKK Kaukasus zone: all 125 ids are mod Caucasus/Caucasus-front states (SOV owner). mod 826=Kabardino-Balkar.
common/scripted_triggers/GER_scripted_triggers.txt	704	2413	already_ok	RKK Kaukasus zone: all 125 ids are mod Caucasus/Caucasus-front states (SOV owner). mod 2413=Pyatigorsk.
common/scripted_triggers/GER_scripted_triggers.txt	705	2506	already_ok	RKK Kaukasus zone: all 125 ids are mod Caucasus/Caucasus-front states (SOV owner). mod 2506=Blagodarny.
common/scripted_triggers/GER_scripted_triggers.txt	706	2508	already_ok	RKK Kaukasus zone: all 125 ids are mod Caucasus/Caucasus-front states (SOV owner). mod 2508=Svetlograd.
common/scripted_triggers/GER_scripted_triggers.txt	707	732	already_ok	RKK Kaukasus zone: all 125 ids are mod Caucasus/Caucasus-front states (SOV owner). mod 732=Stavropol.
common/scripted_triggers/GER_scripted_triggers.txt	708	2867	already_ok	RKK Kaukasus zone: all 125 ids are mod Caucasus/Caucasus-front states (SOV owner). mod 2867=Aleksandrovskoe.
common/scripted_triggers/GER_scripted_triggers.txt	709	806	already_ok	RKK Kaukasus zone: all 125 ids are mod Caucasus/Caucasus-front states (SOV owner). mod 806=Karachay-Cherkess.
common/scripted_triggers/GER_scripted_triggers.txt	710	2404	already_ok	RKK Kaukasus zone: all 125 ids are mod Caucasus/Caucasus-front states (SOV owner). mod 2404=Cherkessk.
common/scripted_triggers/GER_scripted_triggers.txt	711	2507	already_ok	RKK Kaukasus zone: all 125 ids are mod Caucasus/Caucasus-front states (SOV owner). mod 2507=Nevinnomyssk.
common/scripted_triggers/GER_scripted_triggers.txt	712	2872	already_ok	RKK Kaukasus zone: all 125 ids are mod Caucasus/Caucasus-front states (SOV owner). mod 2872=Pregradnaya.
common/scripted_triggers/GER_scripted_triggers.txt	713	2486	already_ok	RKK Kaukasus zone: all 125 ids are mod Caucasus/Caucasus-front states (SOV owner). mod 2486=Pregradnaya.
common/scripted_triggers/GER_scripted_triggers.txt	714	2499	already_ok	RKK Kaukasus zone: all 125 ids are mod Caucasus/Caucasus-front states (SOV owner). mod 2499=Labinsk.
common/scripted_triggers/GER_scripted_triggers.txt	715	2405	already_ok	RKK Kaukasus zone: all 125 ids are mod Caucasus/Caucasus-front states (SOV owner). mod 2405=Armavir.
common/scripted_triggers/GER_scripted_triggers.txt	716	2866	already_ok	RKK Kaukasus zone: all 125 ids are mod Caucasus/Caucasus-front states (SOV owner). mod 2866=Novoalexandrovsk.
common/scripted_triggers/GER_scripted_triggers.txt	717	2498	already_ok	RKK Kaukasus zone: all 125 ids are mod Caucasus/Caucasus-front states (SOV owner). mod 2498=Mostovskoy.
common/scripted_triggers/GER_scripted_triggers.txt	718	2282	already_ok	RKK Kaukasus zone: all 125 ids are mod Caucasus/Caucasus-front states (SOV owner). mod 2282=Sochi.
common/scripted_triggers/GER_scripted_triggers.txt	719	778	already_ok	RKK Kaukasus zone: all 125 ids are mod Caucasus/Caucasus-front states (SOV owner). mod 778=Adygea.
common/scripted_triggers/GER_scripted_triggers.txt	720	2398	already_ok	RKK Kaukasus zone: all 125 ids are mod Caucasus/Caucasus-front states (SOV owner). mod 2398=Adygeysk.
common/scripted_triggers/GER_scripted_triggers.txt	721	2408	already_ok	RKK Kaukasus zone: all 125 ids are mod Caucasus/Caucasus-front states (SOV owner). mod 2408=Kropotkin.
common/scripted_triggers/GER_scripted_triggers.txt	722	2502	already_ok	RKK Kaukasus zone: all 125 ids are mod Caucasus/Caucasus-front states (SOV owner). mod 2502=Tikhoretsk.
common/scripted_triggers/GER_scripted_triggers.txt	723	2865	already_ok	RKK Kaukasus zone: all 125 ids are mod Caucasus/Caucasus-front states (SOV owner). mod 2865=Belaya Glina.
common/scripted_triggers/GER_scripted_triggers.txt	724	2864	already_ok	RKK Kaukasus zone: all 125 ids are mod Caucasus/Caucasus-front states (SOV owner). mod 2864=Kavalerskii.
common/scripted_triggers/GER_scripted_triggers.txt	725	2693	already_ok	RKK Kaukasus zone: all 125 ids are mod Caucasus/Caucasus-front states (SOV owner). mod 2693=Yablonovsky.
common/scripted_triggers/GER_scripted_triggers.txt	726	2694	already_ok	RKK Kaukasus zone: all 125 ids are mod Caucasus/Caucasus-front states (SOV owner). mod 2694=Belorechensk.
common/scripted_triggers/GER_scripted_triggers.txt	727	2406	already_ok	RKK Kaukasus zone: all 125 ids are mod Caucasus/Caucasus-front states (SOV owner). mod 2406=Tuapse.
common/scripted_triggers/GER_scripted_triggers.txt	728	2407	already_ok	RKK Kaukasus zone: all 125 ids are mod Caucasus/Caucasus-front states (SOV owner). mod 2407=Novorossiysk.
common/scripted_triggers/GER_scripted_triggers.txt	729	2695	already_ok	RKK Kaukasus zone: all 125 ids are mod Caucasus/Caucasus-front states (SOV owner). mod 2695=Krymsk.
common/scripted_triggers/GER_scripted_triggers.txt	730	2493	already_ok	RKK Kaukasus zone: all 125 ids are mod Caucasus/Caucasus-front states (SOV owner). mod 2493=Slavyansk.
common/scripted_triggers/GER_scripted_triggers.txt	731	696	already_ok	RKK Kaukasus zone: all 125 ids are mod Caucasus/Caucasus-front states (SOV owner). mod 696=Krasnodar.
common/scripted_triggers/GER_scripted_triggers.txt	732	2500	already_ok	RKK Kaukasus zone: all 125 ids are mod Caucasus/Caucasus-front states (SOV owner). mod 2500=Timashyovsk.
common/scripted_triggers/GER_scripted_triggers.txt	733	2501	already_ok	RKK Kaukasus zone: all 125 ids are mod Caucasus/Caucasus-front states (SOV owner). mod 2501=Kanevskaya.
common/scripted_triggers/GER_scripted_triggers.txt	734	2863	already_ok	RKK Kaukasus zone: all 125 ids are mod Caucasus/Caucasus-front states (SOV owner). mod 2863=Krasnoye.
common/scripted_triggers/GER_scripted_triggers.txt	735	2409	already_ok	RKK Kaukasus zone: all 125 ids are mod Caucasus/Caucasus-front states (SOV owner). mod 2409=Yeysk.
common/scripted_triggers/GER_scripted_triggers.txt	736	2862	already_ok	RKK Kaukasus zone: all 125 ids are mod Caucasus/Caucasus-front states (SOV owner). mod 2862=Shabelskoe.
common/scripted_triggers/GER_scripted_triggers.txt	737	997	already_ok	RKK Kaukasus zone: all 125 ids are mod Caucasus/Caucasus-front states (SOV owner). mod 997=Nagorno-Karabakh.
common/scripted_triggers/GER_scripted_triggers.txt	744	2759	already_ok	RKT Turkestan zone: all ids are mod Central Asian/Kazakh states (SOV owner). mod 2759=Kizyl-Arvat.
common/scripted_triggers/GER_scripted_triggers.txt	745	2545	already_ok	RKT Turkestan zone: all ids are mod Central Asian/Kazakh states (SOV owner). mod 2545=Firjuza.
common/scripted_triggers/GER_scripted_triggers.txt	746	1006	already_ok	RKT Turkestan zone: all ids are mod Central Asian/Kazakh states (SOV owner). mod 1006=Ahal.
common/scripted_triggers/GER_scripted_triggers.txt	747	895	already_ok	RKT Turkestan zone: all ids are mod Central Asian/Kazakh states (SOV owner). mod 895=Balkan.
common/scripted_triggers/GER_scripted_triggers.txt	748	2760	already_ok	RKT Turkestan zone: all ids are mod Central Asian/Kazakh states (SOV owner). mod 2760=Darvaza.
common/scripted_triggers/GER_scripted_triggers.txt	749	2761	already_ok	RKT Turkestan zone: all ids are mod Central Asian/Kazakh states (SOV owner). mod 2761=Kaplankyr.
common/scripted_triggers/GER_scripted_triggers.txt	750	2758	already_ok	RKT Turkestan zone: all ids are mod Central Asian/Kazakh states (SOV owner). mod 2758=Bekdash.
common/scripted_triggers/GER_scripted_triggers.txt	751	891	already_ok	RKT Turkestan zone: all ids are mod Central Asian/Kazakh states (SOV owner). mod 891=Dasoguz.
common/scripted_triggers/GER_scripted_triggers.txt	752	2762	already_ok	RKT Turkestan zone: all ids are mod Central Asian/Kazakh states (SOV owner). mod 2762=Nukus.
common/scripted_triggers/GER_scripted_triggers.txt	753	761	already_ok	RKT Turkestan zone: all ids are mod Central Asian/Kazakh states (SOV owner). mod 761=Karakalpakstan.
common/scripted_triggers/GER_scripted_triggers.txt	754	716	already_ok	RKT Turkestan zone: all ids are mod Central Asian/Kazakh states (SOV owner). mod 716=Mangystau.
common/scripted_triggers/GER_scripted_triggers.txt	755	2763	already_ok	RKT Turkestan zone: all ids are mod Central Asian/Kazakh states (SOV owner). mod 2763=Shalkar.
common/scripted_triggers/GER_scripted_triggers.txt	756	2470	already_ok	RKT Turkestan zone: all ids are mod Central Asian/Kazakh states (SOV owner). mod 2470=Kulsary.
common/scripted_triggers/GER_scripted_triggers.txt	757	2789	already_ok	RKT Turkestan zone: all ids are mod Central Asian/Kazakh states (SOV owner). mod 2789=Makat.
common/scripted_triggers/GER_scripted_triggers.txt	758	2788	already_ok	RKT Turkestan zone: all ids are mod Central Asian/Kazakh states (SOV owner). mod 2788=Kandyagash.
common/scripted_triggers/GER_scripted_triggers.txt	759	464	already_ok	RKT Turkestan zone: all ids are mod Central Asian/Kazakh states (SOV owner). mod 464=Aqtobe.
common/scripted_triggers/GER_scripted_triggers.txt	760	2624	already_ok	RKT Turkestan zone: all ids are mod Central Asian/Kazakh states (SOV owner). mod 2624=Sol-Iletsk.
common/scripted_triggers/GER_scripted_triggers.txt	761	2628	already_ok	RKT Turkestan zone: all ids are mod Central Asian/Kazakh states (SOV owner). mod 2628=Aksay.
common/scripted_triggers/GER_scripted_triggers.txt	762	561	already_ok	RKT Turkestan zone: all ids are mod Central Asian/Kazakh states (SOV owner). mod 561=Atyrau.
common/scripted_triggers/GER_scripted_triggers.txt	772	216	fix_to=57	GER_is_soviet_greater_finland_state: vanilla "Below Zero" (=Olonets per author notes) -> mod 57 Olonets (SOV). Sibling zone states: 24,74,59,2437
common/scripted_triggers/GER_scripted_triggers.txt	773	215	fix_to=30	GER_is_soviet_greater_finland_state: vanilla "Eastern Karelia" (=Onega coast) -> mod 30 Medvezhyegorsk; author Onega zone = 30,39,52,38,62
common/scripted_triggers/GER_scripted_triggers.txt	774	213	fix_to=19	GER_is_soviet_greater_finland_state: vanilla Murmansk -> mod 19 Murmansk (author Murmansk zone = 19,2785,2709)
common/scripted_triggers/GER_scripted_triggers.txt	781	146	fix_to=77	GER_is_additional_soviet_greater_finland_state: vanilla Karelia (Karjala: Viipuri isthmus) -> mod 77 Viipuri (FIN; author Karjala = 77,113,2783,100)
common/scripted_triggers/GER_scripted_triggers.txt	782	147	fix_to=33	GER_is_additional_soviet_greater_finland_state: vanilla Salla -> mod 33 Vanha Salla (FIN; author Salla = 33,2786)
common/scripted_triggers/GER_scripted_triggers.txt	783	722	fix_to=17	GER_is_additional_soviet_greater_finland_state: vanilla Petsamo -> mod 17 Petsamo (FIN; author Petsamo = 17,22)
common/scripted_triggers/GER_scripted_triggers.txt	792	2051	already_ok	Greater-Romania-in-Soviets zone: all ids are mod Transnistria/Odessa-area states (SOV), matching vanilla Odessa/Balta/Vinnytsia scope. mod 2051=Mogilev-Podolsky.
common/scripted_triggers/GER_scripted_triggers.txt	793	2052	already_ok	Greater-Romania-in-Soviets zone: all ids are mod Transnistria/Odessa-area states (SOV), matching vanilla Odessa/Balta/Vinnytsia scope. mod 2052=Zhmerynka.
common/scripted_triggers/GER_scripted_triggers.txt	794	565	already_ok	Greater-Romania-in-Soviets zone: all ids are mod Transnistria/Odessa-area states (SOV), matching vanilla Odessa/Balta/Vinnytsia scope. mod 565=Tomashpol.
common/scripted_triggers/GER_scripted_triggers.txt	795	2050	already_ok	Greater-Romania-in-Soviets zone: all ids are mod Transnistria/Odessa-area states (SOV), matching vanilla Odessa/Balta/Vinnytsia scope. mod 2050=Ladyzhyn.
common/scripted_triggers/GER_scripted_triggers.txt	796	2038	already_ok	Greater-Romania-in-Soviets zone: all ids are mod Transnistria/Odessa-area states (SOV), matching vanilla Odessa/Balta/Vinnytsia scope. mod 2038=Balta.
common/scripted_triggers/GER_scripted_triggers.txt	797	2681	already_ok	Greater-Romania-in-Soviets zone: all ids are mod Transnistria/Odessa-area states (SOV), matching vanilla Odessa/Balta/Vinnytsia scope. mod 2681=Ribnita.
common/scripted_triggers/GER_scripted_triggers.txt	798	2683	already_ok	Greater-Romania-in-Soviets zone: all ids are mod Transnistria/Odessa-area states (SOV), matching vanilla Odessa/Balta/Vinnytsia scope. mod 2683=Savran.
common/scripted_triggers/GER_scripted_triggers.txt	799	2061	already_ok	Greater-Romania-in-Soviets zone: all ids are mod Transnistria/Odessa-area states (SOV), matching vanilla Odessa/Balta/Vinnytsia scope. mod 2061=Krivoye Ozero.
common/scripted_triggers/GER_scripted_triggers.txt	800	2682	already_ok	Greater-Romania-in-Soviets zone: all ids are mod Transnistria/Odessa-area states (SOV), matching vanilla Odessa/Balta/Vinnytsia scope. mod 2682=Ananiv.
common/scripted_triggers/GER_scripted_triggers.txt	801	617	already_ok	Greater-Romania-in-Soviets zone: all ids are mod Transnistria/Odessa-area states (SOV), matching vanilla Odessa/Balta/Vinnytsia scope. mod 617=Transnistria.
common/scripted_triggers/GER_scripted_triggers.txt	802	2046	already_ok	Greater-Romania-in-Soviets zone: all ids are mod Transnistria/Odessa-area states (SOV), matching vanilla Odessa/Balta/Vinnytsia scope. mod 2046=Rozdilna.
common/scripted_triggers/GER_scripted_triggers.txt	803	2045	already_ok	Greater-Romania-in-Soviets zone: all ids are mod Transnistria/Odessa-area states (SOV), matching vanilla Odessa/Balta/Vinnytsia scope. mod 2045=Odessa.
common/scripted_triggers/GER_scripted_triggers.txt	804	618	already_ok	Greater-Romania-in-Soviets zone: all ids are mod Transnistria/Odessa-area states (SOV), matching vanilla Odessa/Balta/Vinnytsia scope. mod 618=Ochakov.
common/scripted_triggers/GER_scripted_triggers.txt	805	613	already_ok	Greater-Romania-in-Soviets zone: all ids are mod Transnistria/Odessa-area states (SOV), matching vanilla Odessa/Balta/Vinnytsia scope. mod 613=Berezovka.
common/scripted_triggers/GER_scripted_triggers.txt	806	2063	already_ok	Greater-Romania-in-Soviets zone: all ids are mod Transnistria/Odessa-area states (SOV), matching vanilla Odessa/Balta/Vinnytsia scope. mod 2063=Domanevka.
common/scripted_triggers/GER_scripted_triggers.txt	807	2047	already_ok	Greater-Romania-in-Soviets zone: all ids are mod Transnistria/Odessa-area states (SOV), matching vanilla Odessa/Balta/Vinnytsia scope. mod 2047=Liubashivka.
common/scripted_triggers/GER_scripted_triggers.txt	814	766	fix_to=794	GER_is_additional_soviet_greater_romania_state: vanilla Southern Bessarabia -> mod 794 Ismail (ROM; Budjak). Siblings: 1601 Cetatea Alba
common/scripted_triggers/GER_scripted_triggers.txt	815	78	fix_to=2980	GER_is_additional_soviet_greater_romania_state: vanilla Bessarabia -> mod 2980 Chelmenti (ROM; covers Chisinau/central Bessarabia). Author Bessarabia zone = 592,2980,600,1602-1606,2744,2745
common/scripted_triggers/GER_scripted_triggers.txt	822	9	fix_to=513	GER_is_RKH_state: vanilla Bohemia -> mod 513 (canonical "# was vanilla 9" remap, e.g. Bohemian state); author Bohemia = 471,473,486,489,498,513,514,522,523,529,539,1425-1435
common/scripted_triggers/GER_scripted_triggers.txt	823	75	fix_to=532	GER_is_RKH_state: vanilla Moravia -> mod 532 Olomouc (canonical "# was vanilla 75" remap); author Moravia = 499,504,507,526,528,532,535,536,1428-1433,1977
common/scripted_triggers/GER_scripted_triggers.txt	830	2692	already_ok	Generalgouvernement zone: all ids are mod Polish states (POL). mod 2692=Pysznica.
common/scripted_triggers/GER_scripted_triggers.txt	831	407	already_ok	Generalgouvernement zone: all ids are mod Polish states (POL). mod 407=Sochaczew.
common/scripted_triggers/GER_scripted_triggers.txt	832	1119	already_ok	Generalgouvernement zone: all ids are mod Polish states (POL). mod 1119=Czestochowa.
common/scripted_triggers/GER_scripted_triggers.txt	833	1219	already_ok	Generalgouvernement zone: all ids are mod Polish states (POL). mod 1219=Nowy Targ.
common/scripted_triggers/GER_scripted_triggers.txt	834	421	already_ok	Generalgouvernement zone: all ids are mod Polish states (POL). mod 421=Radomsko.
common/scripted_triggers/GER_scripted_triggers.txt	835	370	already_ok	Generalgouvernement zone: all ids are mod Polish states (POL). mod 370=Grojec.
common/scripted_triggers/GER_scripted_triggers.txt	836	508	already_ok	Generalgouvernement zone: all ids are mod Polish states (POL). mod 508=Warszawa.
common/scripted_triggers/GER_scripted_triggers.txt	837	1981	already_ok	Generalgouvernement zone: all ids are mod Polish states (POL). mod 1981=Legionowo.
common/scripted_triggers/GER_scripted_triggers.txt	838	2928	already_ok	Generalgouvernement zone: all ids are mod Polish states (POL). mod 2928=Kosow.
common/scripted_triggers/GER_scripted_triggers.txt	839	982	already_ok	Generalgouvernement zone: all ids are mod Polish states (POL). mod 982=Sokolka.
common/scripted_triggers/GER_scripted_triggers.txt	840	1223	already_ok	Generalgouvernement zone: all ids are mod Polish states (POL). mod 1223=Bochnia.
common/scripted_triggers/GER_scripted_triggers.txt	841	2931	already_ok	Generalgouvernement zone: all ids are mod Polish states (POL). mod 2931=Wieliczka.
common/scripted_triggers/GER_scripted_triggers.txt	842	1157	already_ok	Generalgouvernement zone: all ids are mod Polish states (POL). mod 1157=Krakow.
common/scripted_triggers/GER_scripted_triggers.txt	843	1080	already_ok	Generalgouvernement zone: all ids are mod Polish states (POL). mod 1080=Miechow.
common/scripted_triggers/GER_scripted_triggers.txt	844	429	already_ok	Generalgouvernement zone: all ids are mod Polish states (POL). mod 429=Jedrzejow.
common/scripted_triggers/GER_scripted_triggers.txt	845	867	already_ok	Generalgouvernement zone: all ids are mod Polish states (POL). mod 867=Kielce.
common/scripted_triggers/GER_scripted_triggers.txt	846	827	already_ok	Generalgouvernement zone: all ids are mod Polish states (POL). mod 827=Radom.
common/scripted_triggers/GER_scripted_triggers.txt	847	1070	already_ok	Generalgouvernement zone: all ids are mod Polish states (POL). mod 1070=Garwolin.
common/scripted_triggers/GER_scripted_triggers.txt	848	1131	already_ok	Generalgouvernement zone: all ids are mod Polish states (POL). mod 1131=Konstantynow.
common/scripted_triggers/GER_scripted_triggers.txt	849	377	already_ok	Generalgouvernement zone: all ids are mod Polish states (POL). mod 377=Lublin.
common/scripted_triggers/GER_scripted_triggers.txt	850	1002	already_ok	Generalgouvernement zone: all ids are mod Polish states (POL). mod 1002=Chelm.
common/scripted_triggers/GER_scripted_triggers.txt	851	902	already_ok	Generalgouvernement zone: all ids are mod Polish states (POL). mod 902=Opatow.
common/scripted_triggers/GER_scripted_triggers.txt	852	2312	already_ok	Generalgouvernement zone: all ids are mod Polish states (POL). mod 2312=Krynica.
common/scripted_triggers/GER_scripted_triggers.txt	853	1162	already_ok	Generalgouvernement zone: all ids are mod Polish states (POL). mod 1162=Nowy Sacz.
common/scripted_triggers/GER_scripted_triggers.txt	854	496	already_ok	Generalgouvernement zone: all ids are mod Polish states (POL). mod 496=Tarnow.
common/scripted_triggers/GER_scripted_triggers.txt	855	484	already_ok	Generalgouvernement zone: all ids are mod Polish states (POL). mod 484=Nisko.
common/scripted_triggers/GER_scripted_triggers.txt	856	46	already_ok	Generalgouvernement zone: all ids are mod Polish states (POL). mod 46=Krasnystaw.
common/scripted_triggers/GER_scripted_triggers.txt	857	836	already_ok	Generalgouvernement zone: all ids are mod Polish states (POL). mod 836=Rzeszow.
common/scripted_triggers/GER_scripted_triggers.txt	858	2318	already_ok	Generalgouvernement zone: all ids are mod Polish states (POL). mod 2318=Jaroslaw.
common/scripted_triggers/GER_scripted_triggers.txt	859	491	already_ok	Generalgouvernement zone: all ids are mod Polish states (POL). mod 491=Zamosc.
common/scripted_triggers/GER_scripted_triggers.txt	860	2880	already_ok	Generalgouvernement zone: all ids are mod Polish states (POL). mod 2880=Zurawica.
common/scripted_triggers/GER_scripted_triggers.txt	861	923	already_ok	Generalgouvernement zone: all ids are mod Polish states (POL). mod 923=Sanok.
common/scripted_triggers/GER_scripted_triggers.txt	862	351	already_ok	Generalgouvernement zone: all ids are mod Polish states (POL). mod 351=Ostrow Mazowiecka.
common/scripted_triggers/GER_scripted_triggers.txt	863	2927	already_ok	Generalgouvernement zone: all ids are mod Polish states (POL). mod 2927=Wyszkow.
common/scripted_triggers/GER_scripted_triggers.txt	871	2346	already_ok	East-GEN (Galicia) zone: all ids are mod Galician Polish states. mod 2346=Krystynopol.
common/scripted_triggers/GER_scripted_triggers.txt	872	490	already_ok	East-GEN (Galicia) zone: all ids are mod Galician Polish states. mod 490=Drohobycz.
common/scripted_triggers/GER_scripted_triggers.txt	873	2345	already_ok	East-GEN (Galicia) zone: all ids are mod Galician Polish states. mod 2345=Ustrzyki Dolne.
common/scripted_triggers/GER_scripted_triggers.txt	874	1265	already_ok	East-GEN (Galicia) zone: all ids are mod Galician Polish states. mod 1265=Kalusz.
common/scripted_triggers/GER_scripted_triggers.txt	875	2336	already_ok	East-GEN (Galicia) zone: all ids are mod Galician Polish states. mod 2336=Stryj.
common/scripted_triggers/GER_scripted_triggers.txt	876	1292	already_ok	East-GEN (Galicia) zone: all ids are mod Galician Polish states. mod 1292=Lwow.
common/scripted_triggers/GER_scripted_triggers.txt	877	1293	already_ok	East-GEN (Galicia) zone: all ids are mod Galician Polish states. mod 1293=Sokal.
common/scripted_triggers/GER_scripted_triggers.txt	878	1272	already_ok	East-GEN (Galicia) zone: all ids are mod Galician Polish states. mod 1272=Zloczow.
common/scripted_triggers/GER_scripted_triggers.txt	879	1294	already_ok	East-GEN (Galicia) zone: all ids are mod Galician Polish states. mod 1294=Tarnopol.
common/scripted_triggers/GER_scripted_triggers.txt	880	1270	already_ok	East-GEN (Galicia) zone: all ids are mod Galician Polish states. mod 1270=Brzezany.
common/scripted_triggers/GER_scripted_triggers.txt	881	502	already_ok	East-GEN (Galicia) zone: all ids are mod Galician Polish states. mod 502=Czortkow.
common/scripted_triggers/GER_scripted_triggers.txt	882	1164	already_ok	East-GEN (Galicia) zone: all ids are mod Galician Polish states. mod 1164=Stanislawow.
common/scripted_triggers/GER_scripted_triggers.txt	883	542	already_ok	East-GEN (Galicia) zone: all ids are mod Galician Polish states. mod 542=Nadworna.
common/scripted_triggers/GER_scripted_triggers.txt	884	1143	already_ok	East-GEN (Galicia) zone: all ids are mod Galician Polish states. mod 1143=Kolomyja.
common/scripted_triggers/GER_scripted_triggers.txt	885	2347	already_ok	East-GEN (Galicia) zone: all ids are mod Galician Polish states. mod 2347=Tudorkovyczi.
common/scripted_triggers/GER_scripted_triggers.txt	886	1233	already_ok	East-GEN (Galicia) zone: all ids are mod Galician Polish states. mod 1233=Rawa Ruska.
common/scripted_triggers/GER_scripted_triggers.txt	887	501	already_ok	East-GEN (Galicia) zone: all ids are mod Galician Polish states. mod 501=Lubaczow.
common/scripted_triggers/GER_scripted_triggers.txt	888	1258	already_ok	East-GEN (Galicia) zone: all ids are mod Galician Polish states. mod 1258=Przemysl.
common/scripted_triggers/GER_scripted_triggers.txt	895	2966	already_ok	RKI Iberien zone: ids are mod Spanish/Portuguese states (SPR/POR) + Gibraltar (in-region). mod 2966=Valle de Aran.
common/scripted_triggers/GER_scripted_triggers.txt	896	892	already_ok	RKI Iberien zone: ids are mod Spanish/Portuguese states (SPR/POR) + Gibraltar (in-region). mod 892=Girona.
common/scripted_triggers/GER_scripted_triggers.txt	897	896	already_ok	RKI Iberien zone: ids are mod Spanish/Portuguese states (SPR/POR) + Gibraltar (in-region). mod 896=Barcelona.
common/scripted_triggers/GER_scripted_triggers.txt	898	875	already_ok	RKI Iberien zone: ids are mod Spanish/Portuguese states (SPR/POR) + Gibraltar (in-region). mod 875=Lleida.
common/scripted_triggers/GER_scripted_triggers.txt	899	927	already_ok	RKI Iberien zone: ids are mod Spanish/Portuguese states (SPR/POR) + Gibraltar (in-region). mod 927=Tarragona.
common/scripted_triggers/GER_scripted_triggers.txt	900	2328	already_ok	RKI Iberien zone: ids are mod Spanish/Portuguese states (SPR/POR) + Gibraltar (in-region). mod 2328=Amposta.
common/scripted_triggers/GER_scripted_triggers.txt	901	870	already_ok	RKI Iberien zone: ids are mod Spanish/Portuguese states (SPR/POR) + Gibraltar (in-region). mod 870=Huesca.
common/scripted_triggers/GER_scripted_triggers.txt	902	854	already_ok	RKI Iberien zone: ids are mod Spanish/Portuguese states (SPR/POR) + Gibraltar (in-region). mod 854=Navarra.
common/scripted_triggers/GER_scripted_triggers.txt	903	880	already_ok	RKI Iberien zone: ids are mod Spanish/Portuguese states (SPR/POR) + Gibraltar (in-region). mod 880=Zaragoza.
common/scripted_triggers/GER_scripted_triggers.txt	904	851	already_ok	RKI Iberien zone: ids are mod Spanish/Portuguese states (SPR/POR) + Gibraltar (in-region). mod 851=Guipuzcoa.
common/scripted_triggers/GER_scripted_triggers.txt	905	860	already_ok	RKI Iberien zone: ids are mod Spanish/Portuguese states (SPR/POR) + Gibraltar (in-region). mod 860=Alava.
common/scripted_triggers/GER_scripted_triggers.txt	906	849	already_ok	RKI Iberien zone: ids are mod Spanish/Portuguese states (SPR/POR) + Gibraltar (in-region). mod 849=Vizcaya.
common/scripted_triggers/GER_scripted_triggers.txt	907	848	already_ok	RKI Iberien zone: ids are mod Spanish/Portuguese states (SPR/POR) + Gibraltar (in-region). mod 848=Cantabria.
common/scripted_triggers/GER_scripted_triggers.txt	908	974	already_ok	RKI Iberien zone: ids are mod Spanish/Portuguese states (SPR/POR) + Gibraltar (in-region). mod 974=Castellon.
common/scripted_triggers/GER_scripted_triggers.txt	909	939	already_ok	RKI Iberien zone: ids are mod Spanish/Portuguese states (SPR/POR) + Gibraltar (in-region). mod 939=Teruel.
common/scripted_triggers/GER_scripted_triggers.txt	910	2327	already_ok	RKI Iberien zone: ids are mod Spanish/Portuguese states (SPR/POR) + Gibraltar (in-region). mod 2327=Calatayud.
common/scripted_triggers/GER_scripted_triggers.txt	911	859	already_ok	RKI Iberien zone: ids are mod Spanish/Portuguese states (SPR/POR) + Gibraltar (in-region). mod 859=Burgos.
common/scripted_triggers/GER_scripted_triggers.txt	912	883	already_ok	RKI Iberien zone: ids are mod Spanish/Portuguese states (SPR/POR) + Gibraltar (in-region). mod 883=La Rioja.
common/scripted_triggers/GER_scripted_triggers.txt	913	901	already_ok	RKI Iberien zone: ids are mod Spanish/Portuguese states (SPR/POR) + Gibraltar (in-region). mod 901=Soria.
common/scripted_triggers/GER_scripted_triggers.txt	914	940	already_ok	RKI Iberien zone: ids are mod Spanish/Portuguese states (SPR/POR) + Gibraltar (in-region). mod 940=Guadalajara.
common/scripted_triggers/GER_scripted_triggers.txt	915	864	already_ok	RKI Iberien zone: ids are mod Spanish/Portuguese states (SPR/POR) + Gibraltar (in-region). mod 864=Palencia.
common/scripted_triggers/GER_scripted_triggers.txt	916	897	already_ok	RKI Iberien zone: ids are mod Spanish/Portuguese states (SPR/POR) + Gibraltar (in-region). mod 897=Valladolid.
common/scripted_triggers/GER_scripted_triggers.txt	917	926	already_ok	RKI Iberien zone: ids are mod Spanish/Portuguese states (SPR/POR) + Gibraltar (in-region). mod 926=Segovia.
common/scripted_triggers/GER_scripted_triggers.txt	918	857	already_ok	RKI Iberien zone: ids are mod Spanish/Portuguese states (SPR/POR) + Gibraltar (in-region). mod 857=Leon.
common/scripted_triggers/GER_scripted_triggers.txt	919	837	already_ok	RKI Iberien zone: ids are mod Spanish/Portuguese states (SPR/POR) + Gibraltar (in-region). mod 837=Asturias.
common/scripted_triggers/GER_scripted_triggers.txt	920	833	already_ok	RKI Iberien zone: ids are mod Spanish/Portuguese states (SPR/POR) + Gibraltar (in-region). mod 833=Lugo.
common/scripted_triggers/GER_scripted_triggers.txt	921	830	already_ok	RKI Iberien zone: ids are mod Spanish/Portuguese states (SPR/POR) + Gibraltar (in-region). mod 830=La Coruna.
common/scripted_triggers/GER_scripted_triggers.txt	922	874	already_ok	RKI Iberien zone: ids are mod Spanish/Portuguese states (SPR/POR) + Gibraltar (in-region). mod 874=Pontevedra.
common/scripted_triggers/GER_scripted_triggers.txt	923	887	already_ok	RKI Iberien zone: ids are mod Spanish/Portuguese states (SPR/POR) + Gibraltar (in-region). mod 887=Orense.
common/scripted_triggers/GER_scripted_triggers.txt	924	903	already_ok	RKI Iberien zone: ids are mod Spanish/Portuguese states (SPR/POR) + Gibraltar (in-region). mod 903=Viana do Castelo.
common/scripted_triggers/GER_scripted_triggers.txt	925	898	already_ok	RKI Iberien zone: ids are mod Spanish/Portuguese states (SPR/POR) + Gibraltar (in-region). mod 898=Zamora.
common/scripted_triggers/GER_scripted_triggers.txt	926	1007	already_ok	RKI Iberien zone: ids are mod Spanish/Portuguese states (SPR/POR) + Gibraltar (in-region). mod 1007=Valencia.
common/scripted_triggers/GER_scripted_triggers.txt	927	980	already_ok	RKI Iberien zone: ids are mod Spanish/Portuguese states (SPR/POR) + Gibraltar (in-region). mod 980=Cuenca.
common/scripted_triggers/GER_scripted_triggers.txt	928	951	already_ok	RKI Iberien zone: ids are mod Spanish/Portuguese states (SPR/POR) + Gibraltar (in-region). mod 951=Madrid.
common/scripted_triggers/GER_scripted_triggers.txt	929	922	already_ok	RKI Iberien zone: ids are mod Spanish/Portuguese states (SPR/POR) + Gibraltar (in-region). mod 922=Braga.
common/scripted_triggers/GER_scripted_triggers.txt	930	915	already_ok	RKI Iberien zone: ids are mod Spanish/Portuguese states (SPR/POR) + Gibraltar (in-region). mod 915=Vila Real.
common/scripted_triggers/GER_scripted_triggers.txt	931	911	already_ok	RKI Iberien zone: ids are mod Spanish/Portuguese states (SPR/POR) + Gibraltar (in-region). mod 911=Braganca.
common/scripted_triggers/GER_scripted_triggers.txt	932	935	already_ok	RKI Iberien zone: ids are mod Spanish/Portuguese states (SPR/POR) + Gibraltar (in-region). mod 935=Porto.
common/scripted_triggers/GER_scripted_triggers.txt	933	950	already_ok	RKI Iberien zone: ids are mod Spanish/Portuguese states (SPR/POR) + Gibraltar (in-region). mod 950=Avila.
common/scripted_triggers/GER_scripted_triggers.txt	934	943	already_ok	RKI Iberien zone: ids are mod Spanish/Portuguese states (SPR/POR) + Gibraltar (in-region). mod 943=Salamanca.
common/scripted_triggers/GER_scripted_triggers.txt	935	954	already_ok	RKI Iberien zone: ids are mod Spanish/Portuguese states (SPR/POR) + Gibraltar (in-region). mod 954=Guarda.
common/scripted_triggers/GER_scripted_triggers.txt	936	947	already_ok	RKI Iberien zone: ids are mod Spanish/Portuguese states (SPR/POR) + Gibraltar (in-region). mod 947=Viseu.
common/scripted_triggers/GER_scripted_triggers.txt	937	962	already_ok	RKI Iberien zone: ids are mod Spanish/Portuguese states (SPR/POR) + Gibraltar (in-region). mod 962=Aveiro.
common/scripted_triggers/GER_scripted_triggers.txt	938	1056	already_ok	RKI Iberien zone: ids are mod Spanish/Portuguese states (SPR/POR) + Gibraltar (in-region). mod 1056=Alicante.
common/scripted_triggers/GER_scripted_triggers.txt	939	1037	already_ok	RKI Iberien zone: ids are mod Spanish/Portuguese states (SPR/POR) + Gibraltar (in-region). mod 1037=Albacete.
common/scripted_triggers/GER_scripted_triggers.txt	940	999	already_ok	RKI Iberien zone: ids are mod Spanish/Portuguese states (SPR/POR) + Gibraltar (in-region). mod 999=Toledo.
common/scripted_triggers/GER_scripted_triggers.txt	941	987	already_ok	RKI Iberien zone: ids are mod Spanish/Portuguese states (SPR/POR) + Gibraltar (in-region). mod 987=Caceres.
common/scripted_triggers/GER_scripted_triggers.txt	942	990	already_ok	RKI Iberien zone: ids are mod Spanish/Portuguese states (SPR/POR) + Gibraltar (in-region). mod 990=Castelo Branco.
common/scripted_triggers/GER_scripted_triggers.txt	943	985	already_ok	RKI Iberien zone: ids are mod Spanish/Portuguese states (SPR/POR) + Gibraltar (in-region). mod 985=Coimbra.
common/scripted_triggers/GER_scripted_triggers.txt	944	1010	already_ok	RKI Iberien zone: ids are mod Spanish/Portuguese states (SPR/POR) + Gibraltar (in-region). mod 1010=Leiria.
common/scripted_triggers/GER_scripted_triggers.txt	945	1021	already_ok	RKI Iberien zone: ids are mod Spanish/Portuguese states (SPR/POR) + Gibraltar (in-region). mod 1021=Santarem.
common/scripted_triggers/GER_scripted_triggers.txt	946	1042	already_ok	RKI Iberien zone: ids are mod Spanish/Portuguese states (SPR/POR) + Gibraltar (in-region). mod 1042=Lisboa.
common/scripted_triggers/GER_scripted_triggers.txt	947	1026	already_ok	RKI Iberien zone: ids are mod Spanish/Portuguese states (SPR/POR) + Gibraltar (in-region). mod 1026=Portalegre.
common/scripted_triggers/GER_scripted_triggers.txt	948	1057	already_ok	RKI Iberien zone: ids are mod Spanish/Portuguese states (SPR/POR) + Gibraltar (in-region). mod 1057=Murcia.
common/scripted_triggers/GER_scripted_triggers.txt	949	1029	already_ok	RKI Iberien zone: ids are mod Spanish/Portuguese states (SPR/POR) + Gibraltar (in-region). mod 1029=Ciudad Real.
common/scripted_triggers/GER_scripted_triggers.txt	950	1035	already_ok	RKI Iberien zone: ids are mod Spanish/Portuguese states (SPR/POR) + Gibraltar (in-region). mod 1035=Badajoz.
common/scripted_triggers/GER_scripted_triggers.txt	951	2778	already_ok	RKI Iberien zone: ids are mod Spanish/Portuguese states (SPR/POR) + Gibraltar (in-region). mod 2778=Olivenza.
common/scripted_triggers/GER_scripted_triggers.txt	952	1053	already_ok	RKI Iberien zone: ids are mod Spanish/Portuguese states (SPR/POR) + Gibraltar (in-region). mod 1053=Evora.
common/scripted_triggers/GER_scripted_triggers.txt	953	847	already_ok	RKI Iberien zone: ids are mod Spanish/Portuguese states (SPR/POR) + Gibraltar (in-region). mod 847=Setubal.
common/scripted_triggers/GER_scripted_triggers.txt	954	1058	already_ok	RKI Iberien zone: ids are mod Spanish/Portuguese states (SPR/POR) + Gibraltar (in-region). mod 1058=Cordoba.
common/scripted_triggers/GER_scripted_triggers.txt	955	1063	already_ok	RKI Iberien zone: ids are mod Spanish/Portuguese states (SPR/POR) + Gibraltar (in-region). mod 1063=Jaen.
common/scripted_triggers/GER_scripted_triggers.txt	956	1072	already_ok	RKI Iberien zone: ids are mod Spanish/Portuguese states (SPR/POR) + Gibraltar (in-region). mod 1072=Beja.
common/scripted_triggers/GER_scripted_triggers.txt	957	1096	already_ok	RKI Iberien zone: ids are mod Spanish/Portuguese states (SPR/POR) + Gibraltar (in-region). mod 1096=Faro.
common/scripted_triggers/GER_scripted_triggers.txt	958	1078	already_ok	RKI Iberien zone: ids are mod Spanish/Portuguese states (SPR/POR) + Gibraltar (in-region). mod 1078=Huelva.
common/scripted_triggers/GER_scripted_triggers.txt	959	1079	already_ok	RKI Iberien zone: ids are mod Spanish/Portuguese states (SPR/POR) + Gibraltar (in-region). mod 1079=Sevilla.
common/scripted_triggers/GER_scripted_triggers.txt	960	1086	already_ok	RKI Iberien zone: ids are mod Spanish/Portuguese states (SPR/POR) + Gibraltar (in-region). mod 1086=Almeria.
common/scripted_triggers/GER_scripted_triggers.txt	961	1083	already_ok	RKI Iberien zone: ids are mod Spanish/Portuguese states (SPR/POR) + Gibraltar (in-region). mod 1083=Granada.
common/scripted_triggers/GER_scripted_triggers.txt	962	1103	already_ok	RKI Iberien zone: ids are mod Spanish/Portuguese states (SPR/POR) + Gibraltar (in-region). mod 1103=Malaga.
common/scripted_triggers/GER_scripted_triggers.txt	963	1115	already_ok	RKI Iberien zone: ids are mod Spanish/Portuguese states (SPR/POR) + Gibraltar (in-region). mod 1115=Cadiz.
common/scripted_triggers/GER_scripted_triggers.txt	964	882	already_ok	RKI Iberien zone: ids are mod Spanish/Portuguese states (SPR/POR) + Gibraltar (in-region). mod 882=Gibraltar.
common/scripted_triggers/GER_scripted_triggers.txt	965	2779	already_ok	RKI Iberien zone: ids are mod Spanish/Portuguese states (SPR/POR) + Gibraltar (in-region). mod 2779=Couto Misto.
common/scripted_triggers/GER_scripted_triggers.txt	972	73	fix_to=2246	GER_is_far_north_RKC_state: vanilla Carpathian Ruthenia -> mod 2246 Korolevo (CZE; canonical "# was vanilla 73" in czech/poland files). Author Carpathia = 593,2930,1607,1608,2246,564,2247
common/scripted_triggers/GER_scripted_triggers.txt	973	664	fix_to=610	GER_is_far_north_RKC_state: vanilla Southern Slovakia -> mod 610 Komarom (CZE). Author Southern Slovakia = 610,580,1439,1438,1442
common/scripted_triggers/GER_scripted_triggers.txt	974	71	fix_to=2661	GER_is_far_north_RKC_state: vanilla East Slovakia -> mod 2661 Kezmarok (CZE; author Eastern Slovakia = 2661,569,550,2313,562,2929)
common/scripted_triggers/GER_scripted_triggers.txt	975	70	fix_to=2662	GER_is_far_north_RKC_state: vanilla West Slovakia -> mod 2662 Piestany (CZE; author Western Slovakia = 541,574,2660,577,586,2662,2978,1437,591,555,2663)
common/scripted_triggers/GER_scripted_triggers.txt	982	458	already_ok	RGB Grossbritannien zone: all ids are mod English/Scottish/Welsh states (ENG). mod 458=Cornwall.
common/scripted_triggers/GER_scripted_triggers.txt	983	2959	already_ok	RGB Grossbritannien zone: all ids are mod English/Scottish/Welsh states (ENG). mod 2959=Plymouth.
common/scripted_triggers/GER_scripted_triggers.txt	984	1535	already_ok	RGB Grossbritannien zone: all ids are mod English/Scottish/Welsh states (ENG). mod 1535=Devon.
common/scripted_triggers/GER_scripted_triggers.txt	985	445	already_ok	RGB Grossbritannien zone: all ids are mod English/Scottish/Welsh states (ENG). mod 445=Somerset.
common/scripted_triggers/GER_scripted_triggers.txt	986	468	already_ok	RGB Grossbritannien zone: all ids are mod English/Scottish/Welsh states (ENG). mod 468=Dorset.
common/scripted_triggers/GER_scripted_triggers.txt	987	2958	already_ok	RGB Grossbritannien zone: all ids are mod English/Scottish/Welsh states (ENG). mod 2958=Isle of Wight.
common/scripted_triggers/GER_scripted_triggers.txt	988	453	already_ok	RGB Grossbritannien zone: all ids are mod English/Scottish/Welsh states (ENG). mod 453=Hampshire.
common/scripted_triggers/GER_scripted_triggers.txt	989	462	already_ok	RGB Grossbritannien zone: all ids are mod English/Scottish/Welsh states (ENG). mod 462=Sussex.
common/scripted_triggers/GER_scripted_triggers.txt	990	446	already_ok	RGB Grossbritannien zone: all ids are mod English/Scottish/Welsh states (ENG). mod 446=Kent.
common/scripted_triggers/GER_scripted_triggers.txt	991	447	already_ok	RGB Grossbritannien zone: all ids are mod English/Scottish/Welsh states (ENG). mod 447=Surrey.
common/scripted_triggers/GER_scripted_triggers.txt	992	437	already_ok	RGB Grossbritannien zone: all ids are mod English/Scottish/Welsh states (ENG). mod 437=Wiltshire.
common/scripted_triggers/GER_scripted_triggers.txt	993	410	already_ok	RGB Grossbritannien zone: all ids are mod English/Scottish/Welsh states (ENG). mod 410=Gloucestershire.
common/scripted_triggers/GER_scripted_triggers.txt	994	428	already_ok	RGB Grossbritannien zone: all ids are mod English/Scottish/Welsh states (ENG). mod 428=Berkshire.
common/scripted_triggers/GER_scripted_triggers.txt	995	2476	already_ok	RGB Grossbritannien zone: all ids are mod English/Scottish/Welsh states (ENG). mod 2476=Merton.
common/scripted_triggers/GER_scripted_triggers.txt	996	2478	already_ok	RGB Grossbritannien zone: all ids are mod English/Scottish/Welsh states (ENG). mod 2478=Bromley.
common/scripted_triggers/GER_scripted_triggers.txt	997	2475	already_ok	RGB Grossbritannien zone: all ids are mod English/Scottish/Welsh states (ENG). mod 2475=London.
common/scripted_triggers/GER_scripted_triggers.txt	998	435	already_ok	RGB Grossbritannien zone: all ids are mod English/Scottish/Welsh states (ENG). mod 435=Brent.
common/scripted_triggers/GER_scripted_triggers.txt	999	2477	already_ok	RGB Grossbritannien zone: all ids are mod English/Scottish/Welsh states (ENG). mod 2477=Havering.
common/scripted_triggers/GER_scripted_triggers.txt	1000	408	already_ok	RGB Grossbritannien zone: all ids are mod English/Scottish/Welsh states (ENG). mod 408=Oxfordshire.
common/scripted_triggers/GER_scripted_triggers.txt	1001	405	already_ok	RGB Grossbritannien zone: all ids are mod English/Scottish/Welsh states (ENG). mod 405=Buckinghamshire.
common/scripted_triggers/GER_scripted_triggers.txt	1002	416	already_ok	RGB Grossbritannien zone: all ids are mod English/Scottish/Welsh states (ENG). mod 416=Hertfordshire.
common/scripted_triggers/GER_scripted_triggers.txt	1003	413	already_ok	RGB Grossbritannien zone: all ids are mod English/Scottish/Welsh states (ENG). mod 413=Essex.
common/scripted_triggers/GER_scripted_triggers.txt	1004	403	already_ok	RGB Grossbritannien zone: all ids are mod English/Scottish/Welsh states (ENG). mod 403=Bedfordshire.
common/scripted_triggers/GER_scripted_triggers.txt	1005	386	already_ok	RGB Grossbritannien zone: all ids are mod English/Scottish/Welsh states (ENG). mod 386=Suffolk.
common/scripted_triggers/GER_scripted_triggers.txt	1006	356	already_ok	RGB Grossbritannien zone: all ids are mod English/Scottish/Welsh states (ENG). mod 356=Norfolk.
common/scripted_triggers/GER_scripted_triggers.txt	1007	372	already_ok	RGB Grossbritannien zone: all ids are mod English/Scottish/Welsh states (ENG). mod 372=Cambridgeshire.
common/scripted_triggers/GER_scripted_triggers.txt	1008	379	already_ok	RGB Grossbritannien zone: all ids are mod English/Scottish/Welsh states (ENG). mod 379=Huntingdonshire.
common/scripted_triggers/GER_scripted_triggers.txt	1009	369	already_ok	RGB Grossbritannien zone: all ids are mod English/Scottish/Welsh states (ENG). mod 369=Northamptonshire.
common/scripted_triggers/GER_scripted_triggers.txt	1010	419	already_ok	RGB Grossbritannien zone: all ids are mod English/Scottish/Welsh states (ENG). mod 419=Monmouthshire.
common/scripted_triggers/GER_scripted_triggers.txt	1011	426	already_ok	RGB Grossbritannien zone: all ids are mod English/Scottish/Welsh states (ENG). mod 426=Glamorganshire.
common/scripted_triggers/GER_scripted_triggers.txt	1012	409	already_ok	RGB Grossbritannien zone: all ids are mod English/Scottish/Welsh states (ENG). mod 409=Pembrokeshire.
common/scripted_triggers/GER_scripted_triggers.txt	1013	406	already_ok	RGB Grossbritannien zone: all ids are mod English/Scottish/Welsh states (ENG). mod 406=Carmarthenshire.
common/scripted_triggers/GER_scripted_triggers.txt	1014	401	already_ok	RGB Grossbritannien zone: all ids are mod English/Scottish/Welsh states (ENG). mod 401=Brecknockshire.
common/scripted_triggers/GER_scripted_triggers.txt	1015	396	already_ok	RGB Grossbritannien zone: all ids are mod English/Scottish/Welsh states (ENG). mod 396=Herefordshire.
common/scripted_triggers/GER_scripted_triggers.txt	1016	390	already_ok	RGB Grossbritannien zone: all ids are mod English/Scottish/Welsh states (ENG). mod 390=Worcestershire.
common/scripted_triggers/GER_scripted_triggers.txt	1017	374	already_ok	RGB Grossbritannien zone: all ids are mod English/Scottish/Welsh states (ENG). mod 374=Warkwickshire.
common/scripted_triggers/GER_scripted_triggers.txt	1018	380	already_ok	RGB Grossbritannien zone: all ids are mod English/Scottish/Welsh states (ENG). mod 380=Cardiganshire.
common/scripted_triggers/GER_scripted_triggers.txt	1019	389	already_ok	RGB Grossbritannien zone: all ids are mod English/Scottish/Welsh states (ENG). mod 389=Radnorshire.
common/scripted_triggers/GER_scripted_triggers.txt	1020	357	already_ok	RGB Grossbritannien zone: all ids are mod English/Scottish/Welsh states (ENG). mod 357=Leicestershire.
common/scripted_triggers/GER_scripted_triggers.txt	1021	375	already_ok	RGB Grossbritannien zone: all ids are mod English/Scottish/Welsh states (ENG). mod 375=Rutland.
common/scripted_triggers/GER_scripted_triggers.txt	1022	313	already_ok	RGB Grossbritannien zone: all ids are mod English/Scottish/Welsh states (ENG). mod 313=Lincolnshire.
common/scripted_triggers/GER_scripted_triggers.txt	1023	328	already_ok	RGB Grossbritannien zone: all ids are mod English/Scottish/Welsh states (ENG). mod 328=Nottinghamshire.
common/scripted_triggers/GER_scripted_triggers.txt	1024	344	already_ok	RGB Grossbritannien zone: all ids are mod English/Scottish/Welsh states (ENG). mod 344=Staffordshire.
common/scripted_triggers/GER_scripted_triggers.txt	1025	355	already_ok	RGB Grossbritannien zone: all ids are mod English/Scottish/Welsh states (ENG). mod 355=Shropshire.
common/scripted_triggers/GER_scripted_triggers.txt	1026	362	already_ok	RGB Grossbritannien zone: all ids are mod English/Scottish/Welsh states (ENG). mod 362=Montgomeryshire.
common/scripted_triggers/GER_scripted_triggers.txt	1027	354	already_ok	RGB Grossbritannien zone: all ids are mod English/Scottish/Welsh states (ENG). mod 354=Merionethshire.
common/scripted_triggers/GER_scripted_triggers.txt	1028	334	already_ok	RGB Grossbritannien zone: all ids are mod English/Scottish/Welsh states (ENG). mod 334=Caernarvonshire.
common/scripted_triggers/GER_scripted_triggers.txt	1029	341	already_ok	RGB Grossbritannien zone: all ids are mod English/Scottish/Welsh states (ENG). mod 341=Anglesey.
common/scripted_triggers/GER_scripted_triggers.txt	1030	342	already_ok	RGB Grossbritannien zone: all ids are mod English/Scottish/Welsh states (ENG). mod 342=Denbighshire.
common/scripted_triggers/GER_scripted_triggers.txt	1031	338	already_ok	RGB Grossbritannien zone: all ids are mod English/Scottish/Welsh states (ENG). mod 338=Flintshire.
common/scripted_triggers/GER_scripted_triggers.txt	1032	325	already_ok	RGB Grossbritannien zone: all ids are mod English/Scottish/Welsh states (ENG). mod 325=Derbyshire.
common/scripted_triggers/GER_scripted_triggers.txt	1033	324	already_ok	RGB Grossbritannien zone: all ids are mod English/Scottish/Welsh states (ENG). mod 324=Cheshire.
common/scripted_triggers/GER_scripted_triggers.txt	1034	293	already_ok	RGB Grossbritannien zone: all ids are mod English/Scottish/Welsh states (ENG). mod 293=Lancashire.
common/scripted_triggers/GER_scripted_triggers.txt	1035	286	already_ok	RGB Grossbritannien zone: all ids are mod English/Scottish/Welsh states (ENG). mod 286=West Riding.
common/scripted_triggers/GER_scripted_triggers.txt	1036	290	already_ok	RGB Grossbritannien zone: all ids are mod English/Scottish/Welsh states (ENG). mod 290=East Riding.
common/scripted_triggers/GER_scripted_triggers.txt	1037	271	already_ok	RGB Grossbritannien zone: all ids are mod English/Scottish/Welsh states (ENG). mod 271=North Riding.
common/scripted_triggers/GER_scripted_triggers.txt	1038	269	already_ok	RGB Grossbritannien zone: all ids are mod English/Scottish/Welsh states (ENG). mod 269=Westmorland.
common/scripted_triggers/GER_scripted_triggers.txt	1039	256	already_ok	RGB Grossbritannien zone: all ids are mod English/Scottish/Welsh states (ENG). mod 256=Cumberland.
common/scripted_triggers/GER_scripted_triggers.txt	1040	258	already_ok	RGB Grossbritannien zone: all ids are mod English/Scottish/Welsh states (ENG). mod 258=Durham.
common/scripted_triggers/GER_scripted_triggers.txt	1041	234	already_ok	RGB Grossbritannien zone: all ids are mod English/Scottish/Welsh states (ENG). mod 234=Northumberland.
common/scripted_triggers/GER_scripted_triggers.txt	1042	237	already_ok	RGB Grossbritannien zone: all ids are mod English/Scottish/Welsh states (ENG). mod 237=Roxburgh.
common/scripted_triggers/GER_scripted_triggers.txt	1043	224	already_ok	RGB Grossbritannien zone: all ids are mod English/Scottish/Welsh states (ENG). mod 224=Berwick.
common/scripted_triggers/GER_scripted_triggers.txt	1044	217	already_ok	RGB Grossbritannien zone: all ids are mod English/Scottish/Welsh states (ENG). mod 217=East Lothian.
common/scripted_triggers/GER_scripted_triggers.txt	1045	221	already_ok	RGB Grossbritannien zone: all ids are mod English/Scottish/Welsh states (ENG). mod 221=Midlothian.
common/scripted_triggers/GER_scripted_triggers.txt	1046	245	already_ok	RGB Grossbritannien zone: all ids are mod English/Scottish/Welsh states (ENG). mod 245=Dumfries.
common/scripted_triggers/GER_scripted_triggers.txt	1047	239	already_ok	RGB Grossbritannien zone: all ids are mod English/Scottish/Welsh states (ENG). mod 239=Selkirk.
common/scripted_triggers/GER_scripted_triggers.txt	1048	233	already_ok	RGB Grossbritannien zone: all ids are mod English/Scottish/Welsh states (ENG). mod 233=Peebles.
common/scripted_triggers/GER_scripted_triggers.txt	1049	249	already_ok	RGB Grossbritannien zone: all ids are mod English/Scottish/Welsh states (ENG). mod 249=Kirkcud.
common/scripted_triggers/GER_scripted_triggers.txt	1050	257	already_ok	RGB Grossbritannien zone: all ids are mod English/Scottish/Welsh states (ENG). mod 257=Wigtown.
common/scripted_triggers/GER_scripted_triggers.txt	1051	230	already_ok	RGB Grossbritannien zone: all ids are mod English/Scottish/Welsh states (ENG). mod 230=Ayr.
common/scripted_triggers/GER_scripted_triggers.txt	1052	219	already_ok	RGB Grossbritannien zone: all ids are mod English/Scottish/Welsh states (ENG). mod 219=Lanmark.
common/scripted_triggers/GER_scripted_triggers.txt	1053	220	already_ok	RGB Grossbritannien zone: all ids are mod English/Scottish/Welsh states (ENG). mod 220=West Lothian.
common/scripted_triggers/GER_scripted_triggers.txt	1054	222	already_ok	RGB Grossbritannien zone: all ids are mod English/Scottish/Welsh states (ENG). mod 222=Renfrew.
common/scripted_triggers/GER_scripted_triggers.txt	1055	126	already_ok	RGB Grossbritannien zone: all ids are mod English/Scottish/Welsh states (ENG). mod 126=Glasgow.
common/scripted_triggers/GER_scripted_triggers.txt	1056	213	already_ok	RGB Grossbritannien zone: all ids are mod English/Scottish/Welsh states (ENG). mod 213=Dunbarton.
common/scripted_triggers/GER_scripted_triggers.txt	1057	210	already_ok	RGB Grossbritannien zone: all ids are mod English/Scottish/Welsh states (ENG). mod 210=Stirling.
common/scripted_triggers/GER_scripted_triggers.txt	1058	192	already_ok	RGB Grossbritannien zone: all ids are mod English/Scottish/Welsh states (ENG). mod 192=Bute.
common/scripted_triggers/GER_scripted_triggers.txt	1059	199	already_ok	RGB Grossbritannien zone: all ids are mod English/Scottish/Welsh states (ENG). mod 199=Arcyll.
common/scripted_triggers/GER_scripted_triggers.txt	1060	2780	already_ok	RGB Grossbritannien zone: all ids are mod English/Scottish/Welsh states (ENG). mod 2780=Inner Hebrides.
common/scripted_triggers/GER_scripted_triggers.txt	1061	214	already_ok	RGB Grossbritannien zone: all ids are mod English/Scottish/Welsh states (ENG). mod 214=Clackmannan.
common/scripted_triggers/GER_scripted_triggers.txt	1062	211	already_ok	RGB Grossbritannien zone: all ids are mod English/Scottish/Welsh states (ENG). mod 211=Kinross.
common/scripted_triggers/GER_scripted_triggers.txt	1063	204	already_ok	RGB Grossbritannien zone: all ids are mod English/Scottish/Welsh states (ENG). mod 204=Fife.
common/scripted_triggers/GER_scripted_triggers.txt	1064	194	already_ok	RGB Grossbritannien zone: all ids are mod English/Scottish/Welsh states (ENG). mod 194=Perth.
common/scripted_triggers/GER_scripted_triggers.txt	1065	193	already_ok	RGB Grossbritannien zone: all ids are mod English/Scottish/Welsh states (ENG). mod 193=Angus.
common/scripted_triggers/GER_scripted_triggers.txt	1066	191	already_ok	RGB Grossbritannien zone: all ids are mod English/Scottish/Welsh states (ENG). mod 191=Kincardine.
common/scripted_triggers/GER_scripted_triggers.txt	1067	180	already_ok	RGB Grossbritannien zone: all ids are mod English/Scottish/Welsh states (ENG). mod 180=Aberdeen.
common/scripted_triggers/GER_scripted_triggers.txt	1068	179	already_ok	RGB Grossbritannien zone: all ids are mod English/Scottish/Welsh states (ENG). mod 179=Banff.
common/scripted_triggers/GER_scripted_triggers.txt	1069	176	already_ok	RGB Grossbritannien zone: all ids are mod English/Scottish/Welsh states (ENG). mod 176=Moray.
common/scripted_triggers/GER_scripted_triggers.txt	1070	182	already_ok	RGB Grossbritannien zone: all ids are mod English/Scottish/Welsh states (ENG). mod 182=Nairn.
common/scripted_triggers/GER_scripted_triggers.txt	1071	183	already_ok	RGB Grossbritannien zone: all ids are mod English/Scottish/Welsh states (ENG). mod 183=Inverness.
common/scripted_triggers/GER_scripted_triggers.txt	1072	2781	already_ok	RGB Grossbritannien zone: all ids are mod English/Scottish/Welsh states (ENG). mod 2781=Outer Hebrides.
common/scripted_triggers/GER_scripted_triggers.txt	1073	169	already_ok	RGB Grossbritannien zone: all ids are mod English/Scottish/Welsh states (ENG). mod 169=Ross and Cromarty.
common/scripted_triggers/GER_scripted_triggers.txt	1074	161	already_ok	RGB Grossbritannien zone: all ids are mod English/Scottish/Welsh states (ENG). mod 161=Sutherland.
common/scripted_triggers/GER_scripted_triggers.txt	1075	158	already_ok	RGB Grossbritannien zone: all ids are mod English/Scottish/Welsh states (ENG). mod 158=Caithness.
common/scripted_triggers/GER_scripted_triggers.txt	1076	187	already_ok	RGB Grossbritannien zone: all ids are mod English/Scottish/Welsh states (ENG). mod 187=Orkney.
common/scripted_triggers/GER_scripted_triggers.txt	1083	248	already_ok	RGB-Ireland zone: ids are mod Irish + N.Irish states (IRE/ENG). mod 248=Donegal.
common/scripted_triggers/GER_scripted_triggers.txt	1084	253	already_ok	RGB-Ireland zone: ids are mod Irish + N.Irish states (IRE/ENG). mod 253=Antrim.
common/scripted_triggers/GER_scripted_triggers.txt	1085	254	already_ok	RGB-Ireland zone: ids are mod Irish + N.Irish states (IRE/ENG). mod 254=Londonder.
common/scripted_triggers/GER_scripted_triggers.txt	1086	262	already_ok	RGB-Ireland zone: ids are mod Irish + N.Irish states (IRE/ENG). mod 262=Tyrone.
common/scripted_triggers/GER_scripted_triggers.txt	1087	268	already_ok	RGB-Ireland zone: ids are mod Irish + N.Irish states (IRE/ENG). mod 268=Down.
common/scripted_triggers/GER_scripted_triggers.txt	1088	272	already_ok	RGB-Ireland zone: ids are mod Irish + N.Irish states (IRE/ENG). mod 272=Fermanagh.
common/scripted_triggers/GER_scripted_triggers.txt	1089	276	already_ok	RGB-Ireland zone: ids are mod Irish + N.Irish states (IRE/ENG). mod 276=Armagh.
common/scripted_triggers/GER_scripted_triggers.txt	1090	279	already_ok	RGB-Ireland zone: ids are mod Irish + N.Irish states (IRE/ENG). mod 279=Sligo.
common/scripted_triggers/GER_scripted_triggers.txt	1091	283	already_ok	RGB-Ireland zone: ids are mod Irish + N.Irish states (IRE/ENG). mod 283=Monaghan.
common/scripted_triggers/GER_scripted_triggers.txt	1092	288	already_ok	RGB-Ireland zone: ids are mod Irish + N.Irish states (IRE/ENG). mod 288=Mayo.
common/scripted_triggers/GER_scripted_triggers.txt	1093	291	already_ok	RGB-Ireland zone: ids are mod Irish + N.Irish states (IRE/ENG). mod 291=Cavan.
common/scripted_triggers/GER_scripted_triggers.txt	1094	296	already_ok	RGB-Ireland zone: ids are mod Irish + N.Irish states (IRE/ENG). mod 296=Roscommon.
common/scripted_triggers/GER_scripted_triggers.txt	1095	297	already_ok	RGB-Ireland zone: ids are mod Irish + N.Irish states (IRE/ENG). mod 297=Louth.
common/scripted_triggers/GER_scripted_triggers.txt	1096	302	already_ok	RGB-Ireland zone: ids are mod Irish + N.Irish states (IRE/ENG). mod 302=Longford.
common/scripted_triggers/GER_scripted_triggers.txt	1097	304	already_ok	RGB-Ireland zone: ids are mod Irish + N.Irish states (IRE/ENG). mod 304=Meath.
common/scripted_triggers/GER_scripted_triggers.txt	1098	308	already_ok	RGB-Ireland zone: ids are mod Irish + N.Irish states (IRE/ENG). mod 308=Westmeath.
common/scripted_triggers/GER_scripted_triggers.txt	1099	317	already_ok	RGB-Ireland zone: ids are mod Irish + N.Irish states (IRE/ENG). mod 317=Galway.
common/scripted_triggers/GER_scripted_triggers.txt	1100	321	already_ok	RGB-Ireland zone: ids are mod Irish + N.Irish states (IRE/ENG). mod 321=Leitrim.
common/scripted_triggers/GER_scripted_triggers.txt	1101	320	already_ok	RGB-Ireland zone: ids are mod Irish + N.Irish states (IRE/ENG). mod 320=Dublin.
common/scripted_triggers/GER_scripted_triggers.txt	1102	333	already_ok	RGB-Ireland zone: ids are mod Irish + N.Irish states (IRE/ENG). mod 333=Offaly.
common/scripted_triggers/GER_scripted_triggers.txt	1103	337	already_ok	RGB-Ireland zone: ids are mod Irish + N.Irish states (IRE/ENG). mod 337=Kildare.
common/scripted_triggers/GER_scripted_triggers.txt	1104	343	already_ok	RGB-Ireland zone: ids are mod Irish + N.Irish states (IRE/ENG). mod 343=Wicklow.
common/scripted_triggers/GER_scripted_triggers.txt	1105	345	already_ok	RGB-Ireland zone: ids are mod Irish + N.Irish states (IRE/ENG). mod 345=Laoighis.
common/scripted_triggers/GER_scripted_triggers.txt	1106	348	already_ok	RGB-Ireland zone: ids are mod Irish + N.Irish states (IRE/ENG). mod 348=Tipperary.
common/scripted_triggers/GER_scripted_triggers.txt	1107	349	already_ok	RGB-Ireland zone: ids are mod Irish + N.Irish states (IRE/ENG). mod 349=Clare.
common/scripted_triggers/GER_scripted_triggers.txt	1108	360	already_ok	RGB-Ireland zone: ids are mod Irish + N.Irish states (IRE/ENG). mod 360=Carlow.
common/scripted_triggers/GER_scripted_triggers.txt	1109	361	already_ok	RGB-Ireland zone: ids are mod Irish + N.Irish states (IRE/ENG). mod 361=Kilkenny.
common/scripted_triggers/GER_scripted_triggers.txt	1110	368	already_ok	RGB-Ireland zone: ids are mod Irish + N.Irish states (IRE/ENG). mod 368=Wexford.
common/scripted_triggers/GER_scripted_triggers.txt	1111	371	already_ok	RGB-Ireland zone: ids are mod Irish + N.Irish states (IRE/ENG). mod 371=Limerick.
common/scripted_triggers/GER_scripted_triggers.txt	1112	378	already_ok	RGB-Ireland zone: ids are mod Irish + N.Irish states (IRE/ENG). mod 378=Kerry.
common/scripted_triggers/GER_scripted_triggers.txt	1113	394	already_ok	RGB-Ireland zone: ids are mod Irish + N.Irish states (IRE/ENG). mod 394=Cork.
common/scripted_triggers/GER_scripted_triggers.txt	1114	395	already_ok	RGB-Ireland zone: ids are mod Irish + N.Irish states (IRE/ENG). mod 395=Waterford.
common/scripted_triggers/GER_scripted_triggers.txt	1121	458	fix_to=1109	GER_is_RNA_state: vanilla Tunisia -> mod 1109 Tunis (TUN)
common/scripted_triggers/GER_scripted_triggers.txt	1122	665	fix_to=1215	GER_is_RNA_state: vanilla Gabes -> mod 1215 Gabes (TUN)
common/scripted_triggers/GER_scripted_triggers.txt	1123	460	fix_to=1865	GER_is_RNA_state: vanilla Eastern Algeria -> mod 1865 Constantine (FRA)
common/scripted_triggers/GER_scripted_triggers.txt	1124	513	ambiguous	GER_is_RNA_state: vanilla Southern Algeria -> mod 1237 Ghardaia or 1305 Tamanghasset (FRA Algerian Sahara)
common/scripted_triggers/GER_scripted_triggers.txt	1125	459	fix_to=1161	GER_is_RNA_state: vanilla Western Algeria -> mod 1161 Oran (FRA)
common/scripted_triggers/GER_scripted_triggers.txt	1126	461	fix_to=1855	GER_is_RNA_state: vanilla Northern Morocco -> mod 1855 Rabat (MOR)
common/scripted_triggers/GER_scripted_triggers.txt	1127	462	fix_to=1829	GER_is_RNA_state: vanilla Southern Morocco -> mod 1829 Marrakech (MOR)
common/scripted_triggers/GER_scripted_triggers.txt	1128	290	fix_to=1189	GER_is_RNA_state: vanilla Spanish Africa (Spanish Morocco/Rif) -> mod 1189 Rif (check owner; Melilla 1852 is SPR enclave)
common/scripted_triggers/GER_scripted_triggers.txt	1129	783	fix_to=1976	GER_is_RNA_state: vanilla Sidi Ifni -> mod 1976 Sidi Ifni (SPR)
common/scripted_triggers/GER_scripted_triggers.txt	1130	699	fix_to=1335	GER_is_RNA_state: vanilla Rio de Oro -> mod 1335 Rio de Oro (SPR)
common/scripted_triggers/GER_scripted_triggers.txt	1131	557	fix_to=1331	GER_is_RNA_state: vanilla Mauritania -> mod 1331 Tiris Zemmour (MRT)
common/scripted_triggers/GER_scripted_triggers.txt	1132	448	fix_to=1241	GER_is_RNA_state: vanilla Tripoli -> mod 1241 Tripoli (ITA)
common/scripted_triggers/GER_scripted_triggers.txt	1133	661	fix_to=1242	GER_is_RNA_state: vanilla Tripolitania -> mod 1242 Jafara (ITA Tripolitania)
common/scripted_triggers/GER_scripted_triggers.txt	1134	449	fix_to=1247	GER_is_RNA_state: vanilla Libyan Coast -> mod 1247 Tarhuna wa Msalata (ITA coast)
common/scripted_triggers/GER_scripted_triggers.txt	1135	662	fix_to=1282	GER_is_RNA_state: vanilla Sirte -> mod 1282 Sirte (ITA)
common/scripted_triggers/GER_scripted_triggers.txt	1136	450	fix_to=1239	GER_is_RNA_state: vanilla Benghasi -> mod 1239 Jabal al Akhdar (ITA; Benghazi region)
common/scripted_triggers/GER_scripted_triggers.txt	1137	663	fix_to=1264	GER_is_RNA_state: vanilla Cyrenaica -> mod 1264 Butnan (ITA; Tobruk area)
common/scripted_triggers/GER_scripted_triggers.txt	1138	451	fix_to=1240	GER_is_RNA_state: vanilla Derna -> mod 1240 Quba (ITA; Derna/Gulf of Bomba area)
common/scripted_triggers/GER_scripted_triggers.txt	1139	452	fix_to=1893	GER_is_RNA_state: vanilla Marsa Matruh -> mod 1893 Matrouh (EGY)
common/scripted_triggers/GER_scripted_triggers.txt	1140	447	fix_to=1895	GER_is_RNA_state: vanilla Alexandria -> mod 1895 Al Iksandariyah (EGY)
common/scripted_triggers/GER_scripted_triggers.txt	1141	907	fix_to=1889	GER_is_RNA_state: vanilla Cairo -> mod 1889 Al Qahirah (EGY)
common/scripted_triggers/GER_scripted_triggers.txt	1142	456	fix_to=1888	GER_is_RNA_state: vanilla Luxor -> mod 1888 Qina (EGY; covers Luxor)
common/scripted_triggers/GER_scripted_triggers.txt	1143	457	fix_to=1334	GER_is_RNA_state: vanilla Aswan -> mod 1334 Aswan (EGY)
common/scripted_triggers/GER_scripted_triggers.txt	1144	883	dead_path	GER_is_RNA_state: vanilla Kassala (Sudan) - Sudan not on mod map
common/scripted_triggers/GER_scripted_triggers.txt	1145	551	dead_path	GER_is_RNA_state: vanilla Khartoum - Sudan not on mod map
common/scripted_triggers/GER_scripted_triggers.txt	1146	886	dead_path	GER_is_RNA_state: vanilla Blue Nile - Sudan not on mod map
common/scripted_triggers/GER_scripted_triggers.txt	1147	549	dead_path	GER_is_RNA_state: vanilla Sudan - Sudan not on mod map
common/scripted_triggers/GER_scripted_triggers.txt	1148	887	dead_path	GER_is_RNA_state: vanilla South Darfur - Sudan not on mod map
common/scripted_triggers/GER_scripted_triggers.txt	1149	774	dead_path	GER_is_RNA_state: vanilla Chad - not on mod map
common/scripted_triggers/GER_scripted_triggers.txt	1150	272	dead_path	GER_is_RNA_state: vanilla French Africa/Senegal - sub-Saharan Africa not on mod map
common/scripted_triggers/GER_scripted_triggers.txt	1151	701	dead_path	GER_is_RNA_state: vanilla Gambia - not on mod map
common/scripted_triggers/GER_scripted_triggers.txt	1152	899	dead_path	GER_is_RNA_state: vanilla Kayes-Koulikoro (Mali) - not on mod map
common/scripted_triggers/GER_scripted_triggers.txt	1153	898	dead_path	GER_is_RNA_state: vanilla Gao (Mali) - not on mod map (Timbuktu 1340 is MRT-owned, could cover but is only one mod state for a distinct region)
common/scripted_triggers/GER_scripted_triggers.txt	1154	781	dead_path	GER_is_RNA_state: vanilla Niger - not on mod map
common/scripted_triggers/GER_scripted_triggers.txt	1156	786	fix_to=1884	GER_is_RNA_state: vanilla Mauritanian Desert -> mod 1884 Bir Moghrein (MRT)
common/scripted_triggers/GER_scripted_triggers.txt	1157	514	fix_to=1305	GER_is_RNA_state: vanilla North Africa (Algerian Sahara impassable) -> mod 1305 Tamanghasset (FRA)
common/scripted_triggers/GER_scripted_triggers.txt	1158	273	fix_to=1332	GER_is_RNA_state: vanilla Italian Africa (Fezzan) -> mod 1332 Murzuq (ITA)
common/scripted_triggers/GER_scripted_triggers.txt	1159	552	fix_to=1325	GER_is_RNA_state: vanilla Western Egypt -> mod 1325 Al Wadi al Jadid (EGY)
common/scripted_triggers/GER_scripted_triggers.txt	1160	767	dead_path	GER_is_RNA_state: vanilla North Darfur - Sudan not on mod map
common/scripted_triggers/GER_scripted_triggers.txt	1161	782	fix_to=1340	GER_is_RNA_state: vanilla Tombouctou -> mod 1340 Timbuktu (MRT)
common/scripted_triggers/GER_scripted_triggers.txt	1162	775	dead_path	GER_is_RNA_state: vanilla B.E.T. - Chad/Niger not on mod map
common/scripted_triggers/GER_scripted_triggers.txt	1163	515	dead_path	GER_is_RNA_state: vanilla Central Africa/Nigerian Sahara - not on mod map
common/scripted_triggers/GER_scripted_triggers.txt	1170	296	dead_path	RK Mittelafrika: mod map has no sub-Saharan African states. Dead for live tags.
common/scripted_triggers/GER_scripted_triggers.txt	1171	780	dead_path	RK Mittelafrika: mod map has no sub-Saharan African states. Dead for live tags.
common/scripted_triggers/GER_scripted_triggers.txt	1172	700	dead_path	RK Mittelafrika: mod map has no sub-Saharan African states. Dead for live tags.
common/scripted_triggers/GER_scripted_triggers.txt	1173	298	dead_path	RK Mittelafrika: mod map has no sub-Saharan African states. Dead for live tags.
common/scripted_triggers/GER_scripted_triggers.txt	1174	779	dead_path	RK Mittelafrika: mod map has no sub-Saharan African states. Dead for live tags.
common/scripted_triggers/GER_scripted_triggers.txt	1175	556	dead_path	RK Mittelafrika: mod map has no sub-Saharan African states. Dead for live tags.
common/scripted_triggers/GER_scripted_triggers.txt	1176	778	dead_path	RK Mittelafrika: mod map has no sub-Saharan African states. Dead for live tags.
common/scripted_triggers/GER_scripted_triggers.txt	1177	274	dead_path	RK Mittelafrika: mod map has no sub-Saharan African states. Dead for live tags.
common/scripted_triggers/GER_scripted_triggers.txt	1178	777	dead_path	RK Mittelafrika: mod map has no sub-Saharan African states. Dead for live tags.
common/scripted_triggers/GER_scripted_triggers.txt	1179	776	dead_path	RK Mittelafrika: mod map has no sub-Saharan African states. Dead for live tags.
common/scripted_triggers/GER_scripted_triggers.txt	1180	558	dead_path	RK Mittelafrika: mod map has no sub-Saharan African states. Dead for live tags.
common/scripted_triggers/GER_scripted_triggers.txt	1181	902	dead_path	RK Mittelafrika: mod map has no sub-Saharan African states. Dead for live tags.
common/scripted_triggers/GER_scripted_triggers.txt	1182	901	dead_path	RK Mittelafrika: mod map has no sub-Saharan African states. Dead for live tags.
common/scripted_triggers/GER_scripted_triggers.txt	1183	900	dead_path	RK Mittelafrika: mod map has no sub-Saharan African states. Dead for live tags.
common/scripted_triggers/GER_scripted_triggers.txt	1184	773	dead_path	RK Mittelafrika: mod map has no sub-Saharan African states. Dead for live tags.
common/scripted_triggers/GER_scripted_triggers.txt	1185	660	dead_path	RK Mittelafrika: mod map has no sub-Saharan African states. Dead for live tags.
common/scripted_triggers/GER_scripted_triggers.txt	1186	885	dead_path	RK Mittelafrika: mod map has no sub-Saharan African states. Dead for live tags.
common/scripted_triggers/GER_scripted_triggers.txt	1187	884	dead_path	RK Mittelafrika: mod map has no sub-Saharan African states. Dead for live tags.
common/scripted_triggers/GER_scripted_triggers.txt	1188	548	dead_path	RK Mittelafrika: mod map has no sub-Saharan African states. Dead for live tags.
common/scripted_triggers/GER_scripted_triggers.txt	1189	904	dead_path	RK Mittelafrika: mod map has no sub-Saharan African states. Dead for live tags.
common/scripted_triggers/GER_scripted_triggers.txt	1190	547	dead_path	RK Mittelafrika: mod map has no sub-Saharan African states. Dead for live tags.
common/scripted_triggers/GER_scripted_triggers.txt	1191	905	dead_path	RK Mittelafrika: mod map has no sub-Saharan African states. Dead for live tags.
common/scripted_triggers/GER_scripted_triggers.txt	1192	903	dead_path	RK Mittelafrika: mod map has no sub-Saharan African states. Dead for live tags.
common/scripted_triggers/GER_scripted_triggers.txt	1193	844	dead_path	RK Mittelafrika: mod map has no sub-Saharan African states. Dead for live tags.
common/scripted_triggers/GER_scripted_triggers.txt	1194	559	dead_path	RK Mittelafrika: mod map has no sub-Saharan African states. Dead for live tags.
common/scripted_triggers/GER_scripted_triggers.txt	1195	269	dead_path	RK Mittelafrika: mod map has no sub-Saharan African states. Dead for live tags.
common/scripted_triggers/GER_scripted_triggers.txt	1196	268	dead_path	RK Mittelafrika: mod map has no sub-Saharan African states. Dead for live tags.
common/scripted_triggers/GER_scripted_triggers.txt	1197	550	dead_path	RK Mittelafrika: mod map has no sub-Saharan African states. Dead for live tags.
common/scripted_triggers/GER_scripted_triggers.txt	1198	908	dead_path	RK Mittelafrika: mod map has no sub-Saharan African states. Dead for live tags.
common/scripted_triggers/GER_scripted_triggers.txt	1199	842	dead_path	RK Mittelafrika: mod map has no sub-Saharan African states. Dead for live tags.
common/scripted_triggers/GER_scripted_triggers.txt	1200	843	dead_path	RK Mittelafrika: mod map has no sub-Saharan African states. Dead for live tags.
common/scripted_triggers/GER_scripted_triggers.txt	1201	841	dead_path	RK Mittelafrika: mod map has no sub-Saharan African states. Dead for live tags.
common/scripted_triggers/GER_scripted_triggers.txt	1202	840	dead_path	RK Mittelafrika: mod map has no sub-Saharan African states. Dead for live tags.
common/scripted_triggers/GER_scripted_triggers.txt	1203	835	dead_path	RK Mittelafrika: mod map has no sub-Saharan African states. Dead for live tags.
common/scripted_triggers/GER_scripted_triggers.txt	1204	836	dead_path	RK Mittelafrika: mod map has no sub-Saharan African states. Dead for live tags.
common/scripted_triggers/GER_scripted_triggers.txt	1205	839	dead_path	RK Mittelafrika: mod map has no sub-Saharan African states. Dead for live tags.
common/scripted_triggers/GER_scripted_triggers.txt	1206	271	dead_path	RK Mittelafrika: mod map has no sub-Saharan African states. Dead for live tags.
common/scripted_triggers/GER_scripted_triggers.txt	1207	838	dead_path	RK Mittelafrika: mod map has no sub-Saharan African states. Dead for live tags.
common/scripted_triggers/GER_scripted_triggers.txt	1208	837	dead_path	RK Mittelafrika: mod map has no sub-Saharan African states. Dead for live tags.
common/scripted_triggers/GER_scripted_triggers.txt	1209	546	dead_path	RK Mittelafrika: mod map has no sub-Saharan African states. Dead for live tags.
common/scripted_triggers/GER_scripted_triggers.txt	1210	297	dead_path	RK Mittelafrika: mod map has no sub-Saharan African states. Dead for live tags.
common/scripted_triggers/GER_scripted_triggers.txt	1211	539	dead_path	RK Mittelafrika: mod map has no sub-Saharan African states. Dead for live tags.
common/scripted_triggers/GER_scripted_triggers.txt	1212	772	dead_path	RK Mittelafrika: mod map has no sub-Saharan African states. Dead for live tags.
common/scripted_triggers/GER_scripted_triggers.txt	1213	796	dead_path	RK Mittelafrika: mod map has no sub-Saharan African states. Dead for live tags.
common/scripted_triggers/GER_scripted_triggers.txt	1214	768	dead_path	RK Mittelafrika: mod map has no sub-Saharan African states. Dead for live tags.
common/scripted_triggers/GER_scripted_triggers.txt	1215	769	dead_path	RK Mittelafrika: mod map has no sub-Saharan African states. Dead for live tags.
common/scripted_triggers/GER_scripted_triggers.txt	1216	718	dead_path	RK Mittelafrika: mod map has no sub-Saharan African states. Dead for live tags.
common/scripted_triggers/GER_scripted_triggers.txt	1217	538	dead_path	RK Mittelafrika: mod map has no sub-Saharan African states. Dead for live tags.
common/scripted_triggers/GER_scripted_triggers.txt	1218	890	dead_path	RK Mittelafrika: mod map has no sub-Saharan African states. Dead for live tags.
common/scripted_triggers/GER_scripted_triggers.txt	1219	295	dead_path	RK Mittelafrika: mod map has no sub-Saharan African states. Dead for live tags.
common/scripted_triggers/GER_scripted_triggers.txt	1220	888	dead_path	RK Mittelafrika: mod map has no sub-Saharan African states. Dead for live tags.
common/scripted_triggers/GER_scripted_triggers.txt	1221	889	dead_path	RK Mittelafrika: mod map has no sub-Saharan African states. Dead for live tags.
common/scripted_triggers/GER_scripted_triggers.txt	1222	771	dead_path	RK Mittelafrika: mod map has no sub-Saharan African states. Dead for live tags.
common/scripted_triggers/GER_scripted_triggers.txt	1223	770	dead_path	RK Mittelafrika: mod map has no sub-Saharan African states. Dead for live tags.
common/scripted_triggers/GER_scripted_triggers.txt	1224	981	dead_path	RK Mittelafrika: mod map has no sub-Saharan African states. Dead for live tags.
common/scripted_triggers/GER_scripted_triggers.txt	1225	540	dead_path	RK Mittelafrika: mod map has no sub-Saharan African states. Dead for live tags.
common/scripted_triggers/GER_scripted_triggers.txt	1226	891	dead_path	RK Mittelafrika: mod map has no sub-Saharan African states. Dead for live tags.
common/scripted_triggers/GER_scripted_triggers.txt	1227	892	dead_path	RK Mittelafrika: mod map has no sub-Saharan African states. Dead for live tags.
common/scripted_triggers/GER_scripted_triggers.txt	1228	897	dead_path	RK Mittelafrika: mod map has no sub-Saharan African states. Dead for live tags.
common/scripted_triggers/GER_scripted_triggers.txt	1229	896	dead_path	RK Mittelafrika: mod map has no sub-Saharan African states. Dead for live tags.
common/scripted_triggers/GER_scripted_triggers.txt	1230	544	dead_path	RK Mittelafrika: mod map has no sub-Saharan African states. Dead for live tags.
common/scripted_triggers/GER_scripted_triggers.txt	1231	545	dead_path	RK Mittelafrika: mod map has no sub-Saharan African states. Dead for live tags.
common/scripted_triggers/GER_scripted_triggers.txt	1232	542	dead_path	RK Mittelafrika: mod map has no sub-Saharan African states. Dead for live tags.
common/scripted_triggers/GER_scripted_triggers.txt	1233	895	dead_path	RK Mittelafrika: mod map has no sub-Saharan African states. Dead for live tags.
common/scripted_triggers/GER_scripted_triggers.txt	1234	894	dead_path	RK Mittelafrika: mod map has no sub-Saharan African states. Dead for live tags.
common/scripted_triggers/GER_scripted_triggers.txt	1235	541	dead_path	RK Mittelafrika: mod map has no sub-Saharan African states. Dead for live tags.
common/scripted_triggers/GER_scripted_triggers.txt	1236	893	dead_path	RK Mittelafrika: mod map has no sub-Saharan African states. Dead for live tags.
common/scripted_triggers/GER_scripted_triggers.txt	1243	275	dead_path	RKA South-Africa add-on: no southern-African states on mod map. Dead.
common/scripted_triggers/GER_scripted_triggers.txt	1244	719	dead_path	RKA South-Africa add-on: no southern-African states on mod map. Dead.
common/scripted_triggers/GER_scripted_triggers.txt	1245	681	dead_path	RKA South-Africa add-on: no southern-African states on mod map. Dead.
common/scripted_triggers/GER_scripted_triggers.txt	1252	307	dead_path	RK Klein-Venedig (South America): no South-American states on mod map. Dead.
common/scripted_triggers/GER_scripted_triggers.txt	1253	489	dead_path	RK Klein-Venedig (South America): no South-American states on mod map. Dead.
common/scripted_triggers/GER_scripted_triggers.txt	1254	488	dead_path	RK Klein-Venedig (South America): no South-American states on mod map. Dead.
common/scripted_triggers/GER_scripted_triggers.txt	1255	687	dead_path	RK Klein-Venedig (South America): no South-American states on mod map. Dead.
common/scripted_triggers/GER_scripted_triggers.txt	1256	309	dead_path	RK Klein-Venedig (South America): no South-American states on mod map. Dead.
common/scripted_triggers/GER_scripted_triggers.txt	1257	310	dead_path	RK Klein-Venedig (South America): no South-American states on mod map. Dead.
common/scripted_triggers/GER_scripted_triggers.txt	1258	969	dead_path	RK Klein-Venedig (South America): no South-American states on mod map. Dead.
common/scripted_triggers/GER_scripted_triggers.txt	1259	495	dead_path	RK Klein-Venedig (South America): no South-American states on mod map. Dead.
common/scripted_triggers/GER_scripted_triggers.txt	1260	940	dead_path	RK Klein-Venedig (South America): no South-American states on mod map. Dead.
common/scripted_triggers/GER_scripted_triggers.txt	1261	939	dead_path	RK Klein-Venedig (South America): no South-American states on mod map. Dead.
common/scripted_triggers/GER_scripted_triggers.txt	1262	938	dead_path	RK Klein-Venedig (South America): no South-American states on mod map. Dead.
common/scripted_triggers/GER_scripted_triggers.txt	1263	942	dead_path	RK Klein-Venedig (South America): no South-American states on mod map. Dead.
common/scripted_triggers/GER_scripted_triggers.txt	1264	280	dead_path	RK Klein-Venedig (South America): no South-American states on mod map. Dead.
common/scripted_triggers/GER_scripted_triggers.txt	1265	486	dead_path	RK Klein-Venedig (South America): no South-American states on mod map. Dead.
common/scripted_triggers/GER_scripted_triggers.txt	1266	504	dead_path	RK Klein-Venedig (South America): no South-American states on mod map. Dead.
common/scripted_triggers/GER_scripted_triggers.txt	1267	944	dead_path	RK Klein-Venedig (South America): no South-American states on mod map. Dead.
common/scripted_triggers/GER_scripted_triggers.txt	1268	503	dead_path	RK Klein-Venedig (South America): no South-American states on mod map. Dead.
common/scripted_triggers/GER_scripted_triggers.txt	1269	502	dead_path	RK Klein-Venedig (South America): no South-American states on mod map. Dead.
common/scripted_triggers/GER_scripted_triggers.txt	1270	501	dead_path	RK Klein-Venedig (South America): no South-American states on mod map. Dead.
common/scripted_triggers/GER_scripted_triggers.txt	1271	505	dead_path	RK Klein-Venedig (South America): no South-American states on mod map. Dead.
common/scripted_triggers/GER_scripted_triggers.txt	1272	941	dead_path	RK Klein-Venedig (South America): no South-American states on mod map. Dead.
common/scripted_triggers/GER_scripted_triggers.txt	1273	497	dead_path	RK Klein-Venedig (South America): no South-American states on mod map. Dead.
common/scripted_triggers/GER_scripted_triggers.txt	1274	937	dead_path	RK Klein-Venedig (South America): no South-American states on mod map. Dead.
common/scripted_triggers/GER_scripted_triggers.txt	1275	935	dead_path	RK Klein-Venedig (South America): no South-American states on mod map. Dead.
common/scripted_triggers/GER_scripted_triggers.txt	1276	498	dead_path	RK Klein-Venedig (South America): no South-American states on mod map. Dead.
common/scripted_triggers/GER_scripted_triggers.txt	1277	936	dead_path	RK Klein-Venedig (South America): no South-American states on mod map. Dead.
common/scripted_triggers/GER_scripted_triggers.txt	1278	499	dead_path	RK Klein-Venedig (South America): no South-American states on mod map. Dead.
common/scripted_triggers/GER_scripted_triggers.txt	1279	496	dead_path	RK Klein-Venedig (South America): no South-American states on mod map. Dead.
common/scripted_triggers/GER_scripted_triggers.txt	1280	943	dead_path	RK Klein-Venedig (South America): no South-American states on mod map. Dead.
common/scripted_triggers/GER_scripted_triggers.txt	1281	500	dead_path	RK Klein-Venedig (South America): no South-American states on mod map. Dead.
common/scripted_triggers/GER_scripted_triggers.txt	1282	487	dead_path	RK Klein-Venedig (South America): no South-American states on mod map. Dead.
common/scripted_triggers/GER_scripted_triggers.txt	1283	688	dead_path	RK Klein-Venedig (South America): no South-American states on mod map. Dead.
common/scripted_triggers/GER_scripted_triggers.txt	1284	301	dead_path	RK Klein-Venedig (South America): no South-American states on mod map. Dead.
common/scripted_triggers/GER_scripted_triggers.txt	1285	946	dead_path	RK Klein-Venedig (South America): no South-American states on mod map. Dead.
common/scripted_triggers/GER_scripted_triggers.txt	1286	945	dead_path	RK Klein-Venedig (South America): no South-American states on mod map. Dead.
common/scripted_triggers/GER_scripted_triggers.txt	1287	300	dead_path	RK Klein-Venedig (South America): no South-American states on mod map. Dead.
common/scripted_triggers/GER_scripted_triggers.txt	1288	510	dead_path	RK Klein-Venedig (South America): no South-American states on mod map. Dead.
common/scripted_triggers/GER_scripted_triggers.txt	1289	957	dead_path	RK Klein-Venedig (South America): no South-American states on mod map. Dead.
common/scripted_triggers/GER_scripted_triggers.txt	1291	967	dead_path	RK Klein-Venedig (South America): no South-American states on mod map. Dead.
common/scripted_triggers/GER_scripted_triggers.txt	1292	961	dead_path	RK Klein-Venedig (South America): no South-American states on mod map. Dead.
common/scripted_triggers/GER_scripted_triggers.txt	1293	968	dead_path	RK Klein-Venedig (South America): no South-American states on mod map. Dead.
common/scripted_triggers/GER_scripted_triggers.txt	1294	962	dead_path	RK Klein-Venedig (South America): no South-American states on mod map. Dead.
common/scripted_triggers/GER_scripted_triggers.txt	1295	963	dead_path	RK Klein-Venedig (South America): no South-American states on mod map. Dead.
common/scripted_triggers/GER_scripted_triggers.txt	1296	964	dead_path	RK Klein-Venedig (South America): no South-American states on mod map. Dead.
common/scripted_triggers/GER_scripted_triggers.txt	1297	965	dead_path	RK Klein-Venedig (South America): no South-American states on mod map. Dead.
common/scripted_triggers/GER_scripted_triggers.txt	1298	966	dead_path	RK Klein-Venedig (South America): no South-American states on mod map. Dead.
common/scripted_triggers/GER_scripted_triggers.txt	1305	953	dead_path	RK Anden: no Andean/South-American states on mod map. Dead.
common/scripted_triggers/GER_scripted_triggers.txt	1306	507	dead_path	RK Anden: no Andean/South-American states on mod map. Dead.
common/scripted_triggers/GER_scripted_triggers.txt	1307	949	dead_path	RK Anden: no Andean/South-American states on mod map. Dead.
common/scripted_triggers/GER_scripted_triggers.txt	1308	954	dead_path	RK Anden: no Andean/South-American states on mod map. Dead.
common/scripted_triggers/GER_scripted_triggers.txt	1309	955	dead_path	RK Anden: no Andean/South-American states on mod map. Dead.
common/scripted_triggers/GER_scripted_triggers.txt	1310	512	dead_path	RK Anden: no Andean/South-American states on mod map. Dead.
common/scripted_triggers/GER_scripted_triggers.txt	1311	950	dead_path	RK Anden: no Andean/South-American states on mod map. Dead.
common/scripted_triggers/GER_scripted_triggers.txt	1312	279	dead_path	RK Anden: no Andean/South-American states on mod map. Dead.
common/scripted_triggers/GER_scripted_triggers.txt	1313	511	dead_path	RK Anden: no Andean/South-American states on mod map. Dead.
common/scripted_triggers/GER_scripted_triggers.txt	1314	958	dead_path	RK Anden: no Andean/South-American states on mod map. Dead.
common/scripted_triggers/GER_scripted_triggers.txt	1315	278	dead_path	RK Anden: no Andean/South-American states on mod map. Dead.
common/scripted_triggers/GER_scripted_triggers.txt	1316	956	dead_path	RK Anden: no Andean/South-American states on mod map. Dead.
common/scripted_triggers/GER_scripted_triggers.txt	1317	960	dead_path	RK Anden: no Andean/South-American states on mod map. Dead.
common/scripted_triggers/GER_scripted_triggers.txt	1318	509	dead_path	RK Anden: no Andean/South-American states on mod map. Dead.
common/scripted_triggers/GER_scripted_triggers.txt	1319	508	dead_path	RK Anden: no Andean/South-American states on mod map. Dead.
common/scripted_triggers/GER_scripted_triggers.txt	1320	959	dead_path	RK Anden: no Andean/South-American states on mod map. Dead.
common/scripted_triggers/GER_scripted_triggers.txt	1321	952	dead_path	RK Anden: no Andean/South-American states on mod map. Dead.
common/scripted_triggers/GER_scripted_triggers.txt	1322	506	dead_path	RK Anden: no Andean/South-American states on mod map. Dead.
common/scripted_triggers/GER_scripted_triggers.txt	1323	951	dead_path	RK Anden: no Andean/South-American states on mod map. Dead.
common/scripted_triggers/GER_scripted_triggers.txt	1324	302	dead_path	RK Anden: no Andean/South-American states on mod map. Dead.
common/scripted_triggers/GER_scripted_triggers.txt	1325	947	dead_path	RK Anden: no Andean/South-American states on mod map. Dead.
common/scripted_triggers/GER_scripted_triggers.txt	1326	492	dead_path	RK Anden: no Andean/South-American states on mod map. Dead.
common/scripted_triggers/GER_scripted_triggers.txt	1327	494	dead_path	RK Anden: no Andean/South-American states on mod map. Dead.
common/scripted_triggers/GER_scripted_triggers.txt	1328	303	dead_path	RK Anden: no Andean/South-American states on mod map. Dead.
common/scripted_triggers/GER_scripted_triggers.txt	1329	491	dead_path	RK Anden: no Andean/South-American states on mod map. Dead.
common/scripted_triggers/GER_scripted_triggers.txt	1330	490	dead_path	RK Anden: no Andean/South-American states on mod map. Dead.
common/scripted_triggers/GER_scripted_triggers.txt	1331	305	dead_path	RK Anden: no Andean/South-American states on mod map. Dead.
common/scripted_triggers/GER_scripted_triggers.txt	1332	306	dead_path	RK Anden: no Andean/South-American states on mod map. Dead.
common/scripted_triggers/GER_scripted_triggers.txt	1333	493	dead_path	RK Anden: no Andean/South-American states on mod map. Dead.
common/scripted_triggers/GER_scripted_triggers.txt	1340	304	dead_path	RK Kolumbus (Central America/Caribbean/south-US): none of those states exist on mod map. Dead.
common/scripted_triggers/GER_scripted_triggers.txt	1341	685	dead_path	RK Kolumbus (Central America/Caribbean/south-US): none of those states exist on mod map. Dead.
common/scripted_triggers/GER_scripted_triggers.txt	1342	316	dead_path	RK Kolumbus (Central America/Caribbean/south-US): none of those states exist on mod map. Dead.
common/scripted_triggers/GER_scripted_triggers.txt	1343	317	dead_path	RK Kolumbus (Central America/Caribbean/south-US): none of those states exist on mod map. Dead.
common/scripted_triggers/GER_scripted_triggers.txt	1344	312	dead_path	RK Kolumbus (Central America/Caribbean/south-US): none of those states exist on mod map. Dead.
common/scripted_triggers/GER_scripted_triggers.txt	1345	314	dead_path	RK Kolumbus (Central America/Caribbean/south-US): none of those states exist on mod map. Dead.
common/scripted_triggers/GER_scripted_triggers.txt	1346	313	dead_path	RK Kolumbus (Central America/Caribbean/south-US): none of those states exist on mod map. Dead.
common/scripted_triggers/GER_scripted_triggers.txt	1347	311	dead_path	RK Kolumbus (Central America/Caribbean/south-US): none of those states exist on mod map. Dead.
common/scripted_triggers/GER_scripted_triggers.txt	1348	474	dead_path	RK Kolumbus (Central America/Caribbean/south-US): none of those states exist on mod map. Dead.
common/scripted_triggers/GER_scripted_triggers.txt	1349	475	dead_path	RK Kolumbus (Central America/Caribbean/south-US): none of those states exist on mod map. Dead.
common/scripted_triggers/GER_scripted_triggers.txt	1350	476	dead_path	RK Kolumbus (Central America/Caribbean/south-US): none of those states exist on mod map. Dead.
common/scripted_triggers/GER_scripted_triggers.txt	1351	477	dead_path	RK Kolumbus (Central America/Caribbean/south-US): none of those states exist on mod map. Dead.
common/scripted_triggers/GER_scripted_triggers.txt	1352	485	dead_path	RK Kolumbus (Central America/Caribbean/south-US): none of those states exist on mod map. Dead.
common/scripted_triggers/GER_scripted_triggers.txt	1353	478	dead_path	RK Kolumbus (Central America/Caribbean/south-US): none of those states exist on mod map. Dead.
common/scripted_triggers/GER_scripted_triggers.txt	1354	277	dead_path	RK Kolumbus (Central America/Caribbean/south-US): none of those states exist on mod map. Dead.
common/scripted_triggers/GER_scripted_triggers.txt	1355	479	dead_path	RK Kolumbus (Central America/Caribbean/south-US): none of those states exist on mod map. Dead.
common/scripted_triggers/GER_scripted_triggers.txt	1356	481	dead_path	RK Kolumbus (Central America/Caribbean/south-US): none of those states exist on mod map. Dead.
common/scripted_triggers/GER_scripted_triggers.txt	1357	480	dead_path	RK Kolumbus (Central America/Caribbean/south-US): none of those states exist on mod map. Dead.
common/scripted_triggers/GER_scripted_triggers.txt	1358	482	dead_path	RK Kolumbus (Central America/Caribbean/south-US): none of those states exist on mod map. Dead.
common/scripted_triggers/GER_scripted_triggers.txt	1359	483	dead_path	RK Kolumbus (Central America/Caribbean/south-US): none of those states exist on mod map. Dead.
common/scripted_triggers/GER_scripted_triggers.txt	1360	315	dead_path	RK Kolumbus (Central America/Caribbean/south-US): none of those states exist on mod map. Dead.
common/scripted_triggers/GER_scripted_triggers.txt	1361	689	dead_path	RK Kolumbus (Central America/Caribbean/south-US): none of those states exist on mod map. Dead.
common/scripted_triggers/GER_scripted_triggers.txt	1362	693	dead_path	RK Kolumbus (Central America/Caribbean/south-US): none of those states exist on mod map. Dead.
common/scripted_triggers/GER_scripted_triggers.txt	1363	690	dead_path	RK Kolumbus (Central America/Caribbean/south-US): none of those states exist on mod map. Dead.
common/scripted_triggers/GER_scripted_triggers.txt	1364	318	dead_path	RK Kolumbus (Central America/Caribbean/south-US): none of those states exist on mod map. Dead.
common/scripted_triggers/GER_scripted_triggers.txt	1365	319	dead_path	RK Kolumbus (Central America/Caribbean/south-US): none of those states exist on mod map. Dead.
common/scripted_triggers/GER_scripted_triggers.txt	1366	686	dead_path	RK Kolumbus (Central America/Caribbean/south-US): none of those states exist on mod map. Dead.
common/scripted_triggers/GER_scripted_triggers.txt	1367	695	dead_path	RK Kolumbus (Central America/Caribbean/south-US): none of those states exist on mod map. Dead.
common/scripted_triggers/GER_scripted_triggers.txt	1368	694	dead_path	RK Kolumbus (Central America/Caribbean/south-US): none of those states exist on mod map. Dead.
common/scripted_triggers/GER_scripted_triggers.txt	1369	308	dead_path	RK Kolumbus (Central America/Caribbean/south-US): none of those states exist on mod map. Dead.
common/scripted_triggers/GER_scripted_triggers.txt	1370	692	dead_path	RK Kolumbus (Central America/Caribbean/south-US): none of those states exist on mod map. Dead.
common/scripted_triggers/GER_scripted_triggers.txt	1371	691	dead_path	RK Kolumbus (Central America/Caribbean/south-US): none of those states exist on mod map. Dead.
common/scripted_triggers/GER_scripted_triggers.txt	1372	375	dead_path	RK Kolumbus (Central America/Caribbean/south-US): none of those states exist on mod map. Dead.
common/scripted_triggers/GER_scripted_triggers.txt	1373	371	dead_path	RK Kolumbus (Central America/Caribbean/south-US): none of those states exist on mod map. Dead.
common/scripted_triggers/GER_scripted_triggers.txt	1374	370	dead_path	RK Kolumbus (Central America/Caribbean/south-US): none of those states exist on mod map. Dead.
common/scripted_triggers/GER_scripted_triggers.txt	1375	367	dead_path	RK Kolumbus (Central America/Caribbean/south-US): none of those states exist on mod map. Dead.
common/scripted_triggers/GER_scripted_triggers.txt	1376	366	dead_path	RK Kolumbus (Central America/Caribbean/south-US): none of those states exist on mod map. Dead.
common/scripted_triggers/GER_scripted_triggers.txt	1377	365	dead_path	RK Kolumbus (Central America/Caribbean/south-US): none of those states exist on mod map. Dead.
common/scripted_triggers/GER_scripted_triggers.txt	1378	376	dead_path	RK Kolumbus (Central America/Caribbean/south-US): none of those states exist on mod map. Dead.
common/scripted_triggers/GER_scripted_triggers.txt	1379	377	dead_path	RK Kolumbus (Central America/Caribbean/south-US): none of those states exist on mod map. Dead.
common/scripted_triggers/GER_scripted_triggers.txt	1380	374	dead_path	RK Kolumbus (Central America/Caribbean/south-US): none of those states exist on mod map. Dead.
common/scripted_triggers/GER_scripted_triggers.txt	1381	372	dead_path	RK Kolumbus (Central America/Caribbean/south-US): none of those states exist on mod map. Dead.
common/scripted_triggers/GER_scripted_triggers.txt	1388	359	fix_to=47	GER_is_RUS_state: vanilla New Jersey -> mod 47 New Jersey
common/scripted_triggers/GER_scripted_triggers.txt	1389	360	fix_to=21	GER_is_RUS_state: vanilla Pennsylvania -> mod 21 Pennsylvania
common/scripted_triggers/GER_scripted_triggers.txt	1390	361	fix_to=26	GER_is_RUS_state: vanilla Maryland -> mod 26 Maryland
common/scripted_triggers/GER_scripted_triggers.txt	1391	362	fix_to=28	GER_is_RUS_state: vanilla Virginia -> mod 28 Virginia
common/scripted_triggers/GER_scripted_triggers.txt	1392	816	fix_to=32	GER_is_RUS_state: vanilla West Virginia -> mod 32 West Virginia
common/scripted_triggers/GER_scripted_triggers.txt	1393	363	fix_to=31	GER_is_RUS_state: vanilla North Carolina -> mod 31 North Carolina
common/scripted_triggers/GER_scripted_triggers.txt	1394	364	dead_path	GER_is_RUS_state: vanilla South Carolina - south/east-US beyond mod map edge
common/scripted_triggers/GER_scripted_triggers.txt	1395	368	dead_path	GER_is_RUS_state: vanilla Tennessee - off mod map
common/scripted_triggers/GER_scripted_triggers.txt	1396	369	dead_path	GER_is_RUS_state: vanilla Kentucky - off mod map
common/scripted_triggers/GER_scripted_triggers.txt	1397	261	dead_path	GER_is_RUS_state: vanilla USA (central US catch-all) - off mod map
common/scripted_triggers/GER_scripted_triggers.txt	1398	396	dead_path	GER_is_RUS_state: vanilla Indiana - off mod map
common/scripted_triggers/GER_scripted_triggers.txt	1399	358	fix_to=11	GER_is_RUS_state: vanilla New York -> mod 11 New York
common/scripted_triggers/GER_scripted_triggers.txt	1400	357	fix_to=2	GER_is_RUS_state: vanilla New England -> mod 2 Massachusetts (largest New England mod state; siblings 10,12,18,55,7)
common/scripted_triggers/GER_scripted_triggers.txt	1401	393	dead_path	GER_is_RUS_state: vanilla Michigan - off mod map
common/scripted_triggers/GER_scripted_triggers.txt	1402	395	dead_path	GER_is_RUS_state: vanilla Illinois - off mod map
common/scripted_triggers/GER_scripted_triggers.txt	1403	394	dead_path	GER_is_RUS_state: vanilla Wisconsin - off mod map
common/scripted_triggers/GER_scripted_triggers.txt	1404	373	dead_path	GER_is_RUS_state: vanilla Missouri - off mod map
common/scripted_triggers/GER_scripted_triggers.txt	1405	392	dead_path	GER_is_RUS_state: vanilla Iowa - off mod map
common/scripted_triggers/GER_scripted_triggers.txt	1406	391	dead_path	GER_is_RUS_state: vanilla Minnesota - off mod map
common/scripted_triggers/GER_scripted_triggers.txt	1407	383	dead_path	GER_is_RUS_state: vanilla Kansas - off mod map
common/scripted_triggers/GER_scripted_triggers.txt	1408	384	dead_path	GER_is_RUS_state: vanilla Nebraska - off mod map
common/scripted_triggers/GER_scripted_triggers.txt	1409	390	dead_path	GER_is_RUS_state: vanilla South Dakota - off mod map
common/scripted_triggers/GER_scripted_triggers.txt	1410	389	dead_path	GER_is_RUS_state: vanilla North Dakota - off mod map
common/scripted_triggers/GER_scripted_triggers.txt	1411	382	dead_path	GER_is_RUS_state: vanilla Colorado - off mod map
common/scripted_triggers/GER_scripted_triggers.txt	1412	381	dead_path	GER_is_RUS_state: vanilla Wyoming - off mod map
common/scripted_triggers/GER_scripted_triggers.txt	1413	388	dead_path	GER_is_RUS_state: vanilla Montana - off mod map (mod 1565 "Montana" is a Bulgarian decoy name)
common/scripted_triggers/GER_scripted_triggers.txt	1414	380	dead_path	GER_is_RUS_state: vanilla Utah - off mod map
common/scripted_triggers/GER_scripted_triggers.txt	1415	470	dead_path	GER_is_RUS_state: vanilla Alberta - western Canada off mod map
common/scripted_triggers/GER_scripted_triggers.txt	1416	472	dead_path	GER_is_RUS_state: vanilla Northwest Territories - off mod map
common/scripted_triggers/GER_scripted_triggers.txt	1417	867	dead_path	GER_is_RUS_state: vanilla Northern Manitoba - off mod map
common/scripted_triggers/GER_scripted_triggers.txt	1418	683	fix_to=1	GER_is_RUS_state: vanilla Northeastern Canada (N.Quebec/Labrador plateau) -> mod 1 Quebec (CAN)
common/scripted_triggers/GER_scripted_triggers.txt	1419	865	dead_path	GER_is_RUS_state: vanilla Northern Saskatchewan - off mod map
common/scripted_triggers/GER_scripted_triggers.txt	1420	469	dead_path	GER_is_RUS_state: vanilla Saskatchewan - off mod map
common/scripted_triggers/GER_scripted_triggers.txt	1421	467	dead_path	GER_is_RUS_state: vanilla Manitoba - off mod map
common/scripted_triggers/GER_scripted_triggers.txt	1422	682	fix_to=9	GER_is_RUS_state: vanilla Northern Ontario -> mod 9 Ontario (CAN)
common/scripted_triggers/GER_scripted_triggers.txt	1423	866	fix_to=9	GER_is_RUS_state: vanilla Districts of Ontario -> mod 9 Ontario (CAN)
common/scripted_triggers/GER_scripted_triggers.txt	1424	276	fix_to=9	GER_is_RUS_state: vanilla Canada catch-all -> mod 9 Ontario (capital region; mod Canada = 1,6,8,9,60,64)
common/scripted_triggers/GER_scripted_triggers.txt	1425	468	dead_path	GER_is_RUS_state: vanilla Nunavut - off mod map
common/scripted_triggers/GER_scripted_triggers.txt	1426	465	fix_to=6	GER_is_RUS_state: vanilla New Brunswick -> mod 6 New Brunswick
common/scripted_triggers/GER_scripted_triggers.txt	1427	464	fix_to=8	GER_is_RUS_state: vanilla Nova Scotia -> mod 8 Nova Scotia
common/scripted_triggers/GER_scripted_triggers.txt	1428	862	fix_to=1	GER_is_RUS_state: vanilla ouest du quebec -> mod 1 Quebec
common/scripted_triggers/GER_scripted_triggers.txt	1429	863	fix_to=1	GER_is_RUS_state: vanilla Maurice -> mod 1 Quebec
common/scripted_triggers/GER_scripted_triggers.txt	1430	466	fix_to=1	GER_is_RUS_state: vanilla Quebec -> mod 1 Quebec
common/scripted_triggers/GER_scripted_triggers.txt	1431	861	fix_to=1	GER_is_RUS_state: vanilla Saguenay -> mod 1 Quebec
common/scripted_triggers/GER_scripted_triggers.txt	1432	860	fix_to=1	GER_is_RUS_state: vanilla Cote-Nord -> mod 1 Quebec
common/scripted_triggers/GER_scripted_triggers.txt	1433	332	fix_to=64	GER_is_RUS_state: vanilla Labrador -> mod 64 Newfoundland (CAN; Labrador folded in)
common/scripted_triggers/GER_scripted_triggers.txt	1440	484	dead_path	West-coast NA add-on: mod map has no US/Canadian west coast; mod "Baja"(2857,HUN) and "Montana"(1565,BUL) are decoy names. Dead.
common/scripted_triggers/GER_scripted_triggers.txt	1441	378	dead_path	West-coast NA add-on: mod map has no US/Canadian west coast; mod "Baja"(2857,HUN) and "Montana"(1565,BUL) are decoy names. Dead.
common/scripted_triggers/GER_scripted_triggers.txt	1442	379	dead_path	West-coast NA add-on: mod map has no US/Canadian west coast; mod "Baja"(2857,HUN) and "Montana"(1565,BUL) are decoy names. Dead.
common/scripted_triggers/GER_scripted_triggers.txt	1443	387	dead_path	West-coast NA add-on: mod map has no US/Canadian west coast; mod "Baja"(2857,HUN) and "Montana"(1565,BUL) are decoy names. Dead.
common/scripted_triggers/GER_scripted_triggers.txt	1444	385	dead_path	West-coast NA add-on: mod map has no US/Canadian west coast; mod "Baja"(2857,HUN) and "Montana"(1565,BUL) are decoy names. Dead.
common/scripted_triggers/GER_scripted_triggers.txt	1445	386	dead_path	West-coast NA add-on: mod map has no US/Canadian west coast; mod "Baja"(2857,HUN) and "Montana"(1565,BUL) are decoy names. Dead.
common/scripted_triggers/GER_scripted_triggers.txt	1446	740	dead_path	West-coast NA add-on: mod map has no US/Canadian west coast; mod "Baja"(2857,HUN) and "Montana"(1565,BUL) are decoy names. Dead.
common/scripted_triggers/GER_scripted_triggers.txt	1447	473	dead_path	West-coast NA add-on: mod map has no US/Canadian west coast; mod "Baja"(2857,HUN) and "Montana"(1565,BUL) are decoy names. Dead.
common/scripted_triggers/GER_scripted_triggers.txt	1448	471	dead_path	West-coast NA add-on: mod map has no US/Canadian west coast; mod "Baja"(2857,HUN) and "Montana"(1565,BUL) are decoy names. Dead.
common/scripted_triggers/GER_scripted_triggers.txt	1449	864	dead_path	West-coast NA add-on: mod map has no US/Canadian west coast; mod "Baja"(2857,HUN) and "Montana"(1565,BUL) are decoy names. Dead.
common/scripted_triggers/GER_scripted_triggers.txt	1450	463	dead_path	West-coast NA add-on: mod map has no US/Canadian west coast; mod "Baja"(2857,HUN) and "Montana"(1565,BUL) are decoy names. Dead.
common/scripted_triggers/GER_scripted_triggers.txt	1451	739	dead_path	West-coast NA add-on: mod map has no US/Canadian west coast; mod "Baja"(2857,HUN) and "Montana"(1565,BUL) are decoy names. Dead.
common/scripted_triggers/GER_scripted_triggers.txt	1458	291	fix_to=2210	GER_is_RAR_state: vanilla Iraq -> mod 2210 Baghdad (IRQ)
common/scripted_triggers/GER_scripted_triggers.txt	1459	676	fix_to=1114	GER_is_RAR_state: vanilla Mosul -> mod 1114 Mosul (IRQ)
common/scripted_triggers/GER_scripted_triggers.txt	1460	675	fix_to=2198	GER_is_RAR_state: vanilla Al Hajara (W.Iraq desert) -> mod 2198 Al-Anbar (IRQ)
common/scripted_triggers/GER_scripted_triggers.txt	1461	656	fix_to=1302	GER_is_RAR_state: vanilla Kuwait -> mod 1302 Kuwait City (KUW)
common/scripted_triggers/GER_scripted_triggers.txt	1462	455	fix_to=1911	GER_is_RAR_state: vanilla Jordan -> mod 1911 Amman (JOR)
common/scripted_triggers/GER_scripted_triggers.txt	1463	454	fix_to=1903	GER_is_RAR_state: vanilla Israel -> mod 1903 Lydda (PAL; core Israel)
common/scripted_triggers/GER_scripted_triggers.txt	1464	553	fix_to=1920	GER_is_RAR_state: vanilla Lebanon -> mod 1920 Beyrouth (LEB)
common/scripted_triggers/GER_scripted_triggers.txt	1465	554	fix_to=1930	GER_is_RAR_state: vanilla Syria -> mod 1930 Damascus (SYR)
common/scripted_triggers/GER_scripted_triggers.txt	1466	680	fix_to=1141	GER_is_RAR_state: vanilla Deir-az-Zur -> mod 1141 Deir ez-Zor (SYR)
common/scripted_triggers/GER_scripted_triggers.txt	1467	677	fix_to=1124	GER_is_RAR_state: vanilla Aleppo -> mod 1124 Aleppo (SYR)
common/scripted_triggers/GER_scripted_triggers.txt	1468	799	fix_to=1123	GER_is_RAR_state: vanilla Hatay -> mod 1123 Hatay (SYR owner in mod)
common/scripted_triggers/GER_scripted_triggers.txt	1469	453	fix_to=1286	GER_is_RAR_state: vanilla Sinai -> mod 1286 Shamal Sina (EGY; siblings 1303 Janub Sina)
common/scripted_triggers/GER_scripted_triggers.txt	1470	854	fix_to=1273	GER_is_RAR_state: vanilla Jawf -> mod 1273 Al-Jawf (SAU)
common/scripted_triggers/GER_scripted_triggers.txt	1471	855	fix_to=1313	GER_is_RAR_state: vanilla Tabuk -> mod 1313 Tabuk (SAU)
common/scripted_triggers/GER_scripted_triggers.txt	1472	679	fix_to=1327	GER_is_RAR_state: vanilla Hejaz -> mod 1327 Al-Madinah (SAU)
common/scripted_triggers/GER_scripted_triggers.txt	1473	857	fix_to=1315	GER_is_RAR_state: vanilla Ha'il -> mod 1315 Ha'il (SAU)
common/scripted_triggers/GER_scripted_triggers.txt	1474	859	fix_to=2304	GER_is_RAR_state: vanilla Dammam -> mod 2304 Ad-Dammam (SAU)
common/scripted_triggers/GER_scripted_triggers.txt	1475	292	fix_to=1326	GER_is_RAR_state: vanilla Saudi Arabia -> mod 1326 Ar-Riyad (SAU)
common/scripted_triggers/GER_scripted_triggers.txt	1476	856	ambiguous	GER_is_RAR_state: vanilla Asir-Makkah (SW Saudi) -> nearest mod 2326 Al Hinakiyah; Mecca/Jeddah not separate mod states
common/scripted_triggers/GER_scripted_triggers.txt	1477	858	dead_path	GER_is_RAR_state: vanilla Najiran - SW Saudi/Yemen border off mod map
common/scripted_triggers/GER_scripted_triggers.txt	1478	678	fix_to=2238	GER_is_RAR_state: vanilla Rub al Khali -> mod 2238 Samah (SAU Empty Quarter)
common/scripted_triggers/GER_scripted_triggers.txt	1479	765	fix_to=1337	GER_is_RAR_state: vanilla Qatar -> mod 1337 Doha (QAT)
common/scripted_triggers/GER_scripted_triggers.txt	1480	658	fix_to=1338	GER_is_RAR_state: vanilla Arab UK 1 (Trucial) -> mod 1338 Abu Dhabi (UAE)
common/scripted_triggers/GER_scripted_triggers.txt	1481	659	ambiguous	GER_is_RAR_state: vanilla Arabian UK 2 -> mod 2300 Musandam (OMA) or 1336 Ras Al-Khaimah
common/scripted_triggers/GER_scripted_triggers.txt	1482	293	dead_path	GER_is_RAR_state: vanilla Yemen - Yemen not on mod map
common/scripted_triggers/GER_scripted_triggers.txt	1483	294	fix_to=1341	GER_is_RAR_state: vanilla Oman -> mod 1341 Sohar (OMA)
common/scripted_triggers/GER_scripted_triggers.txt	1484	1010	fix_to=2198	GER_is_RAR_state: vanilla Al Anbar -> mod 2198 Al-Anbar (IRQ)
common/scripted_triggers/GER_scripted_triggers.txt	1485	1011	fix_to=2206	GER_is_RAR_state: vanilla Al Basrah -> mod 2206 Basra (IRQ)
common/scripted_triggers/GER_scripted_triggers.txt	1486	1013	fix_to=2300	GER_is_RAR_state: vanilla Musandam -> mod 2300 Musandam (OMA)
common/scripted_triggers/GER_scripted_triggers.txt	1487	1014	fix_to=2204	GER_is_RAR_state: vanilla Bahrain -> mod 2204 Al Awal (BHR)
common/scripted_triggers/GER_scripted_triggers.txt	1488	1015	ambiguous	GER_is_RAR_state: vanilla Interior Oman -> mod 1341 Sohar (only north-Oman mod state)
common/scripted_triggers/GER_scripted_triggers.txt	1489	1016	dead_path	GER_is_RAR_state: vanilla Dhofar - south Oman off mod map
common/scripted_triggers/GER_scripted_triggers.txt	1490	992	dead_path	GER_is_RAR_state: vanilla Province of Aden - Yemen not on mod map
common/scripted_triggers/GER_scripted_triggers.txt	1497	344	fix_to=1066	GER_is_additional_RAR_turkey_state: vanilla Adana -> mod 1066 Adana (TUR)
common/scripted_triggers/GER_scripted_triggers.txt	1498	350	fix_to=1059	GER_is_additional_RAR_turkey_state: vanilla Diyarbekir -> mod 1059 Diyarbakir (TUR)
common/scripted_triggers/GER_scripted_triggers.txt	1499	352	fix_to=1092	GER_is_additional_RAR_turkey_state: vanilla Hakkari -> mod 1092 Hakkari (TUR)
common/scripted_triggers/GER_scripted_triggers.txt	1500	348	fix_to=1036	GER_is_additional_RAR_turkey_state: vanilla Kayseri -> mod 1036 Kayseri (TUR)
common/scripted_triggers/GER_scripted_triggers.txt	1501	353	fix_to=973	GER_is_additional_RAR_turkey_state: vanilla Erzurum -> mod 973 Erzurum (TUR)
common/scripted_triggers/GER_scripted_triggers.txt	1502	800	fix_to=1039	GER_is_additional_RAR_turkey_state: vanilla Van -> mod 1039 Van (TUR)
common/scripted_triggers/GER_scripted_triggers.txt	1503	354	fix_to=958	GER_is_additional_RAR_turkey_state: vanilla Trabzon -> mod 958 Trabzon (TUR)
common/scripted_triggers/GER_scripted_triggers.txt	1504	349	fix_to=1011	GER_is_additional_RAR_turkey_state: vanilla Sivas -> mod 1011 Sivas (TUR)
common/scripted_triggers/GER_scripted_triggers.txt	1505	355	fix_to=924	GER_is_additional_RAR_turkey_state: vanilla Samsun -> mod 924 Samsun (TUR)
common/scripted_triggers/GER_scripted_triggers.txt	1506	798	fix_to=963	GER_is_additional_RAR_turkey_state: vanilla Amasya -> mod 963 Amasya (TUR)
common/scripted_triggers/GER_scripted_triggers.txt	1507	356	fix_to=907	GER_is_additional_RAR_turkey_state: vanilla Sinop -> mod 907 Sinop (TUR)
common/scripted_triggers/GER_scripted_triggers.txt	1508	345	fix_to=1098	GER_is_additional_RAR_turkey_state: vanilla Mersin -> mod 1098 Mersin (TUR)
common/scripted_triggers/GER_scripted_triggers.txt	1509	346	fix_to=1046	GER_is_additional_RAR_turkey_state: vanilla Konya -> mod 1046 Konya (TUR)
common/scripted_triggers/GER_scripted_triggers.txt	1510	49	fix_to=979	GER_is_additional_RAR_turkey_state: vanilla Turkey (Ankara core) -> mod 979 Ankara (TUR)
common/scripted_triggers/GER_scripted_triggers.txt	1511	347	fix_to=1939	GER_is_additional_RAR_turkey_state: vanilla Izmit -> mod 1939 Kocaeli (TUR)
common/scripted_triggers/GER_scripted_triggers.txt	1512	343	fix_to=1043	GER_is_additional_RAR_turkey_state: vanilla Afyon -> mod 1043 Afyonkarahisar (TUR)
common/scripted_triggers/GER_scripted_triggers.txt	1513	339	fix_to=1032	GER_is_additional_RAR_turkey_state: vanilla Izmir -> mod 1032 Izmir (TUR)
common/scripted_triggers/GER_scripted_triggers.txt	1514	342	fix_to=1097	GER_is_additional_RAR_turkey_state: vanilla Antalya -> mod 1097 Antalya (TUR)
common/scripted_triggers/GER_scripted_triggers.txt	1521	419	fix_to=1040	GER_is_additional_RAR_iran_state: vanilla Azerbaijan (Iranian) -> mod 1040 East Azerbaijan (PER)
common/scripted_triggers/GER_scripted_triggers.txt	1522	421	fix_to=1138	GER_is_additional_RAR_iran_state: vanilla Kurdistan -> mod 1138 Iranian Kurdistan (PER)
common/scripted_triggers/GER_scripted_triggers.txt	1523	420	fix_to=1069	GER_is_additional_RAR_iran_state: vanilla Gilan -> mod 1069 Gilan (PER)
common/scripted_triggers/GER_scripted_triggers.txt	1524	417	fix_to=1082	GER_is_additional_RAR_iran_state: vanilla Golestan -> mod 1082 Golestan (PER)
common/scripted_triggers/GER_scripted_triggers.txt	1525	413	fix_to=1238	GER_is_additional_RAR_iran_state: vanilla Khuzestan -> mod 1238 Khuzestan (PER)
common/scripted_triggers/GER_scripted_triggers.txt	1526	266	fix_to=1155	GER_is_additional_RAR_iran_state: vanilla Persia -> mod 1155 Tehran (PER capital)
common/scripted_triggers/GER_scripted_triggers.txt	1527	411	fix_to=1314	GER_is_additional_RAR_iran_state: vanilla Hormozgan -> mod 1314 Hormozgan (PER)
common/scripted_triggers/GER_scripted_triggers.txt	1528	412	fix_to=1274	GER_is_additional_RAR_iran_state: vanilla Fars -> mod 1274 Fars (PER)
common/scripted_triggers/GER_scripted_triggers.txt	1529	418	fix_to=1100	GER_is_additional_RAR_iran_state: vanilla Semnan -> mod 1100 Semnan (PER)
common/scripted_triggers/GER_scripted_triggers.txt	1530	416	fix_to=1087	GER_is_additional_RAR_iran_state: vanilla Razavi Khorasan -> mod 1087 Razavi Khorasan (PER)
common/scripted_triggers/GER_scripted_triggers.txt	1531	414	fix_to=1267	GER_is_additional_RAR_iran_state: vanilla Kerman -> mod 1267 Kerman (PER)
common/scripted_triggers/GER_scripted_triggers.txt	1532	410	ambiguous	GER_is_additional_RAR_iran_state: vanilla Sistan -> nearest mod 1267 Kerman; Sistan not a separate mod state
common/scripted_triggers/GER_scripted_triggers.txt	1533	1000	fix_to=1040	GER_is_additional_RAR_iran_state: vanilla East Azerbaijan -> mod 1040 East Azerbaijan
common/scripted_triggers/GER_scripted_triggers.txt	1534	1001	fix_to=1138	GER_is_additional_RAR_iran_state: vanilla Kurdistan -> mod 1138 Iranian Kurdistan
common/scripted_triggers/GER_scripted_triggers.txt	1535	1004	fix_to=1076	GER_is_additional_RAR_iran_state: vanilla North Khorasan -> mod 1076 North Khorasan
common/scripted_triggers/GER_scripted_triggers.txt	1536	1002	fix_to=1235	GER_is_additional_RAR_iran_state: vanilla Yazd -> mod 1235 Yazd
common/scripted_triggers/GER_scripted_triggers.txt	1537	1003	fix_to=1193	GER_is_additional_RAR_iran_state: vanilla South Khorasan -> mod 1193 South Khorasan
common/scripted_triggers/GER_scripted_triggers.txt	1544	439	dead_path	RK Grosshindustan: mod map has no Indian-subcontinent states. Dead for live tags.
common/scripted_triggers/GER_scripted_triggers.txt	1545	440	dead_path	RK Grosshindustan: mod map has no Indian-subcontinent states. Dead for live tags.
common/scripted_triggers/GER_scripted_triggers.txt	1546	441	dead_path	RK Grosshindustan: mod map has no Indian-subcontinent states. Dead for live tags.
common/scripted_triggers/GER_scripted_triggers.txt	1547	787	dead_path	RK Grosshindustan: mod map has no Indian-subcontinent states. Dead for live tags.
common/scripted_triggers/GER_scripted_triggers.txt	1548	442	dead_path	RK Grosshindustan: mod map has no Indian-subcontinent states. Dead for live tags.
common/scripted_triggers/GER_scripted_triggers.txt	1549	445	dead_path	RK Grosshindustan: mod map has no Indian-subcontinent states. Dead for live tags.
common/scripted_triggers/GER_scripted_triggers.txt	1550	444	dead_path	RK Grosshindustan: mod map has no Indian-subcontinent states. Dead for live tags.
common/scripted_triggers/GER_scripted_triggers.txt	1551	415	dead_path	RK Grosshindustan: mod map has no Indian-subcontinent states. Dead for live tags.
common/scripted_triggers/GER_scripted_triggers.txt	1552	267	dead_path	RK Grosshindustan: mod map has no Indian-subcontinent states. Dead for live tags.
common/scripted_triggers/GER_scripted_triggers.txt	1553	443	dead_path	RK Grosshindustan: mod map has no Indian-subcontinent states. Dead for live tags.
common/scripted_triggers/GER_scripted_triggers.txt	1554	433	dead_path	RK Grosshindustan: mod map has no Indian-subcontinent states. Dead for live tags.
common/scripted_triggers/GER_scripted_triggers.txt	1555	428	dead_path	RK Grosshindustan: mod map has no Indian-subcontinent states. Dead for live tags.
common/scripted_triggers/GER_scripted_triggers.txt	1556	438	dead_path	RK Grosshindustan: mod map has no Indian-subcontinent states. Dead for live tags.
common/scripted_triggers/GER_scripted_triggers.txt	1557	437	dead_path	RK Grosshindustan: mod map has no Indian-subcontinent states. Dead for live tags.
common/scripted_triggers/GER_scripted_triggers.txt	1558	427	dead_path	RK Grosshindustan: mod map has no Indian-subcontinent states. Dead for live tags.
common/scripted_triggers/GER_scripted_triggers.txt	1559	429	dead_path	RK Grosshindustan: mod map has no Indian-subcontinent states. Dead for live tags.
common/scripted_triggers/GER_scripted_triggers.txt	1560	436	dead_path	RK Grosshindustan: mod map has no Indian-subcontinent states. Dead for live tags.
common/scripted_triggers/GER_scripted_triggers.txt	1561	425	dead_path	RK Grosshindustan: mod map has no Indian-subcontinent states. Dead for live tags.
common/scripted_triggers/GER_scripted_triggers.txt	1562	424	dead_path	RK Grosshindustan: mod map has no Indian-subcontinent states. Dead for live tags.
common/scripted_triggers/GER_scripted_triggers.txt	1563	423	dead_path	RK Grosshindustan: mod map has no Indian-subcontinent states. Dead for live tags.
common/scripted_triggers/GER_scripted_triggers.txt	1564	320	dead_path	RK Grosshindustan: mod map has no Indian-subcontinent states. Dead for live tags.
common/scripted_triggers/GER_scripted_triggers.txt	1565	321	dead_path	RK Grosshindustan: mod map has no Indian-subcontinent states. Dead for live tags.
common/scripted_triggers/GER_scripted_triggers.txt	1566	422	dead_path	RK Grosshindustan: mod map has no Indian-subcontinent states. Dead for live tags.
common/scripted_triggers/GER_scripted_triggers.txt	1567	426	dead_path	RK Grosshindustan: mod map has no Indian-subcontinent states. Dead for live tags.
common/scripted_triggers/GER_scripted_triggers.txt	1568	435	dead_path	RK Grosshindustan: mod map has no Indian-subcontinent states. Dead for live tags.
common/scripted_triggers/GER_scripted_triggers.txt	1569	431	dead_path	RK Grosshindustan: mod map has no Indian-subcontinent states. Dead for live tags.
common/scripted_triggers/GER_scripted_triggers.txt	1570	430	dead_path	RK Grosshindustan: mod map has no Indian-subcontinent states. Dead for live tags.
common/scripted_triggers/GER_scripted_triggers.txt	1571	432	dead_path	RK Grosshindustan: mod map has no Indian-subcontinent states. Dead for live tags.
common/scripted_triggers/GER_scripted_triggers.txt	1572	434	dead_path	RK Grosshindustan: mod map has no Indian-subcontinent states. Dead for live tags.
common/scripted_triggers/GER_scripted_triggers.txt	1573	640	dead_path	RK Grosshindustan: mod map has no Indian-subcontinent states. Dead for live tags.
common/scripted_triggers/GER_scripted_triggers.txt	1574	288	dead_path	RK Grosshindustan: mod map has no Indian-subcontinent states. Dead for live tags.
common/scripted_triggers/GER_scripted_triggers.txt	1575	323	dead_path	RK Grosshindustan: mod map has no Indian-subcontinent states. Dead for live tags.
common/scripted_triggers/GER_scripted_triggers.txt	1576	324	dead_path	RK Grosshindustan: mod map has no Indian-subcontinent states. Dead for live tags.
common/scripted_triggers/GER_scripted_triggers.txt	1577	733	dead_path	RK Grosshindustan: mod map has no Indian-subcontinent states. Dead for live tags.
common/scripted_triggers/GER_scripted_triggers.txt	1578	758	dead_path	RK Grosshindustan: mod map has no Indian-subcontinent states. Dead for live tags.
common/scripted_triggers/GER_scripted_triggers.txt	1579	322	dead_path	RK Grosshindustan: mod map has no Indian-subcontinent states. Dead for live tags.
common/scripted_triggers/GER_scripted_triggers.txt	1580	757	dead_path	RK Grosshindustan: mod map has no Indian-subcontinent states. Dead for live tags.
common/scripted_triggers/GER_scripted_triggers.txt	1581	601	dead_path	RK Grosshindustan: mod map has no Indian-subcontinent states. Dead for live tags.
common/scripted_triggers/GER_scripted_triggers.txt	1582	1009	dead_path	RK Grosshindustan: mod map has no Indian-subcontinent states. Dead for live tags.
common/scripted_triggers/GER_scripted_triggers.txt	1583	1007	dead_path	RK Grosshindustan: mod map has no Indian-subcontinent states. Dead for live tags.
common/scripted_triggers/GER_scripted_triggers.txt	1584	988	dead_path	RK Grosshindustan: mod map has no Indian-subcontinent states. Dead for live tags.
common/scripted_triggers/GER_scripted_triggers.txt	1585	1008	dead_path	RK Grosshindustan: mod map has no Indian-subcontinent states. Dead for live tags.
common/scripted_triggers/GER_scripted_triggers.txt	1586	1012	dead_path	RK Grosshindustan: mod map has no Indian-subcontinent states. Dead for live tags.
common/scripted_triggers/GER_scripted_triggers.txt	1587	1005	dead_path	RK Grosshindustan: mod map has no Indian-subcontinent states. Dead for live tags.
common/scripted_triggers/GER_scripted_triggers.txt	1588	1006	dead_path	RK Grosshindustan: mod map has no Indian-subcontinent states. Dead for live tags.
common/scripted_triggers/GER_scripted_triggers.txt	1589	987	dead_path	RK Grosshindustan: mod map has no Indian-subcontinent states. Dead for live tags.
common/scripted_triggers/GER_scripted_triggers.txt	1590	989	dead_path	RK Grosshindustan: mod map has no Indian-subcontinent states. Dead for live tags.
common/scripted_triggers/GER_scripted_triggers.txt	1591	986	dead_path	RK Grosshindustan: mod map has no Indian-subcontinent states. Dead for live tags.
common/scripted_triggers/GER_scripted_triggers.txt	1592	991	dead_path	RK Grosshindustan: mod map has no Indian-subcontinent states. Dead for live tags.
common/scripted_triggers/GER_scripted_triggers.txt	1593	983	dead_path	RK Grosshindustan: mod map has no Indian-subcontinent states. Dead for live tags.
common/scripted_triggers/GER_scripted_triggers.txt	1594	982	dead_path	RK Grosshindustan: mod map has no Indian-subcontinent states. Dead for live tags.
common/scripted_triggers/GER_scripted_triggers.txt	1595	984	dead_path	RK Grosshindustan: mod map has no Indian-subcontinent states. Dead for live tags.
common/scripted_triggers/GER_scripted_triggers.txt	1596	985	dead_path	RK Grosshindustan: mod map has no Indian-subcontinent states. Dead for live tags.
common/scripted_triggers/GER_scripted_triggers.txt	1597	990	dead_path	RK Grosshindustan: mod map has no Indian-subcontinent states. Dead for live tags.
common/scripted_triggers/GER_scripted_triggers.txt	1598	998	dead_path	RK Grosshindustan: mod map has no Indian-subcontinent states. Dead for live tags.
common/scripted_triggers/GER_scripted_triggers.txt	1599	999	dead_path	RK Grosshindustan: mod map has no Indian-subcontinent states. Dead for live tags.
common/scripted_triggers/GER_scripted_triggers.txt	1600	997	dead_path	RK Grosshindustan: mod map has no Indian-subcontinent states. Dead for live tags.
common/scripted_triggers/GER_scripted_triggers.txt	1601	996	dead_path	RK Grosshindustan: mod map has no Indian-subcontinent states. Dead for live tags.
common/scripted_triggers/GER_scripted_triggers.txt	1602	994	dead_path	RK Grosshindustan: mod map has no Indian-subcontinent states. Dead for live tags.
common/scripted_triggers/GER_scripted_triggers.txt	1603	993	dead_path	RK Grosshindustan: mod map has no Indian-subcontinent states. Dead for live tags.
common/scripted_triggers/GER_scripted_triggers.txt	1604	995	dead_path	RK Grosshindustan: mod map has no Indian-subcontinent states. Dead for live tags.
common/scripted_triggers/GER_scripted_triggers.txt	1611	516	dead_path	RKM east-Siberia add-on: no Siberian states on mod map. Dead.
common/scripted_triggers/GER_scripted_triggers.txt	1612	576	dead_path	RKM east-Siberia add-on: no Siberian states on mod map. Dead.
common/scripted_triggers/GER_scripted_triggers.txt	1613	568	dead_path	RKM east-Siberia add-on: no Siberian states on mod map. Dead.
common/scripted_triggers/GER_scripted_triggers.txt	1614	567	dead_path	RKM east-Siberia add-on: no Siberian states on mod map. Dead.
common/scripted_triggers/GER_scripted_triggers.txt	1615	566	dead_path	RKM east-Siberia add-on: no Siberian states on mod map. Dead.
common/scripted_triggers/GER_scripted_triggers.txt	1616	878	dead_path	RKM east-Siberia add-on: no Siberian states on mod map. Dead.
common/scripted_triggers/GER_scripted_triggers.txt	1617	575	dead_path	RKM east-Siberia add-on: no Siberian states on mod map. Dead.
common/scripted_triggers/GER_scripted_triggers.txt	1618	565	dead_path	RKM east-Siberia add-on: no Siberian states on mod map. Dead.
common/scripted_triggers/GER_scripted_triggers.txt	1619	876	dead_path	RKM east-Siberia add-on: no Siberian states on mod map. Dead.
common/scripted_triggers/GER_scripted_triggers.txt	1620	574	dead_path	RKM east-Siberia add-on: no Siberian states on mod map. Dead.
common/scripted_triggers/GER_scripted_triggers.txt	1621	877	dead_path	RKM east-Siberia add-on: no Siberian states on mod map. Dead.
common/scripted_triggers/GER_scripted_triggers.txt	1622	644	dead_path	RKM east-Siberia add-on: no Siberian states on mod map. Dead.
common/scripted_triggers/GER_scripted_triggers.txt	1623	822	dead_path	RKM east-Siberia add-on: no Siberian states on mod map. Dead.
common/scripted_triggers/GER_scripted_triggers.txt	1624	875	dead_path	RKM east-Siberia add-on: no Siberian states on mod map. Dead.
common/scripted_triggers/GER_scripted_triggers.txt	1625	562	dead_path	RKM east-Siberia add-on: no Siberian states on mod map. Dead.
common/scripted_triggers/GER_scripted_triggers.txt	1626	874	dead_path	RKM east-Siberia add-on: no Siberian states on mod map. Dead.
common/scripted_triggers/GER_scripted_triggers.txt	1627	637	dead_path	RKM east-Siberia add-on: no Siberian states on mod map. Dead.
common/scripted_triggers/GER_scripted_triggers.txt	1628	561	dead_path	RKM east-Siberia add-on: no Siberian states on mod map. Dead.
common/scripted_triggers/GER_scripted_triggers.txt	1629	564	dead_path	RKM east-Siberia add-on: no Siberian states on mod map. Dead.
common/scripted_triggers/GER_scripted_triggers.txt	1630	563	dead_path	RKM east-Siberia add-on: no Siberian states on mod map. Dead.
common/scripted_triggers/GER_scripted_triggers.txt	1631	560	dead_path	RKM east-Siberia add-on: no Siberian states on mod map. Dead.
common/scripted_triggers/GER_scripted_triggers.txt	1638	619	dead_path	RKT Xinjiang add-on: no Sinkiang/Mongolian states on mod map. Dead.
common/scripted_triggers/GER_scripted_triggers.txt	1639	287	dead_path	RKT Xinjiang add-on: no Sinkiang/Mongolian states on mod map. Dead.
common/scripted_triggers/GER_scripted_triggers.txt	1640	759	dead_path	RKT Xinjiang add-on: no Sinkiang/Mongolian states on mod map. Dead.
common/scripted_triggers/GER_scripted_triggers.txt	1641	617	dead_path	RKT Xinjiang add-on: no Sinkiang/Mongolian states on mod map. Dead.
common/scripted_triggers/GER_scripted_triggers.txt	1642	618	dead_path	RKT Xinjiang add-on: no Sinkiang/Mongolian states on mod map. Dead.
common/scripted_triggers/GER_scripted_triggers.txt	1643	760	dead_path	RKT Xinjiang add-on: no Sinkiang/Mongolian states on mod map. Dead.
common/scripted_triggers/GER_scripted_triggers.txt	1644	329	dead_path	RKT Xinjiang add-on: no Sinkiang/Mongolian states on mod map. Dead.
common/scripted_triggers/GER_scripted_triggers.txt	1645	818	dead_path	RKT Xinjiang add-on: no Sinkiang/Mongolian states on mod map. Dead.
common/scripted_triggers/GER_scripted_triggers.txt	1652	613	dead_path	RK Ostasien (East Asia): mod map has no East Asian states; every id resolves to an unrelated European mod state. Dead for live tags.
common/scripted_triggers/GER_scripted_triggers.txt	1653	598	dead_path	RK Ostasien (East Asia): mod map has no East Asian states; every id resolves to an unrelated European mod state. Dead for live tags.
common/scripted_triggers/GER_scripted_triggers.txt	1654	597	dead_path	RK Ostasien (East Asia): mod map has no East Asian states; every id resolves to an unrelated European mod state. Dead for live tags.
common/scripted_triggers/GER_scripted_triggers.txt	1655	743	dead_path	RK Ostasien (East Asia): mod map has no East Asian states; every id resolves to an unrelated European mod state. Dead for live tags.
common/scripted_triggers/GER_scripted_triggers.txt	1656	614	dead_path	RK Ostasien (East Asia): mod map has no East Asian states; every id resolves to an unrelated European mod state. Dead for live tags.
common/scripted_triggers/GER_scripted_triggers.txt	1657	608	dead_path	RK Ostasien (East Asia): mod map has no East Asian states; every id resolves to an unrelated European mod state. Dead for live tags.
common/scripted_triggers/GER_scripted_triggers.txt	1658	609	dead_path	RK Ostasien (East Asia): mod map has no East Asian states; every id resolves to an unrelated European mod state. Dead for live tags.
common/scripted_triggers/GER_scripted_triggers.txt	1659	610	dead_path	RK Ostasien (East Asia): mod map has no East Asian states; every id resolves to an unrelated European mod state. Dead for live tags.
common/scripted_triggers/GER_scripted_triggers.txt	1660	716	dead_path	RK Ostasien (East Asia): mod map has no East Asian states; every id resolves to an unrelated European mod state. Dead for live tags.
common/scripted_triggers/GER_scripted_triggers.txt	1661	745	dead_path	RK Ostasien (East Asia): mod map has no East Asian states; every id resolves to an unrelated European mod state. Dead for live tags.
common/scripted_triggers/GER_scripted_triggers.txt	1662	527	dead_path	RK Ostasien (East Asia): mod map has no East Asian states; every id resolves to an unrelated European mod state. Dead for live tags.
common/scripted_triggers/GER_scripted_triggers.txt	1663	525	dead_path	RK Ostasien (East Asia): mod map has no East Asian states; every id resolves to an unrelated European mod state. Dead for live tags.
common/scripted_triggers/GER_scripted_triggers.txt	1664	328	dead_path	RK Ostasien (East Asia): mod map has no East Asian states; every id resolves to an unrelated European mod state. Dead for live tags.
common/scripted_triggers/GER_scripted_triggers.txt	1665	715	dead_path	RK Ostasien (East Asia): mod map has no East Asian states; every id resolves to an unrelated European mod state. Dead for live tags.
common/scripted_triggers/GER_scripted_triggers.txt	1666	714	dead_path	RK Ostasien (East Asia): mod map has no East Asian states; every id resolves to an unrelated European mod state. Dead for live tags.
common/scripted_triggers/GER_scripted_triggers.txt	1667	761	dead_path	RK Ostasien (East Asia): mod map has no East Asian states; every id resolves to an unrelated European mod state. Dead for live tags.
common/scripted_triggers/GER_scripted_triggers.txt	1668	657	dead_path	RK Ostasien (East Asia): mod map has no East Asian states; every id resolves to an unrelated European mod state. Dead for live tags.
common/scripted_triggers/GER_scripted_triggers.txt	1669	717	dead_path	RK Ostasien (East Asia): mod map has no East Asian states; every id resolves to an unrelated European mod state. Dead for live tags.
common/scripted_triggers/GER_scripted_triggers.txt	1670	408	dead_path	RK Ostasien (East Asia): mod map has no East Asian states; every id resolves to an unrelated European mod state. Dead for live tags.
common/scripted_triggers/GER_scripted_triggers.txt	1671	409	dead_path	RK Ostasien (East Asia): mod map has no East Asian states; every id resolves to an unrelated European mod state. Dead for live tags.
common/scripted_triggers/GER_scripted_triggers.txt	1672	655	dead_path	RK Ostasien (East Asia): mod map has no East Asian states; every id resolves to an unrelated European mod state. Dead for live tags.
common/scripted_triggers/GER_scripted_triggers.txt	1673	537	dead_path	RK Ostasien (East Asia): mod map has no East Asian states; every id resolves to an unrelated European mod state. Dead for live tags.
common/scripted_triggers/GER_scripted_triggers.txt	1674	555	dead_path	RK Ostasien (East Asia): mod map has no East Asian states; every id resolves to an unrelated European mod state. Dead for live tags.
common/scripted_triggers/GER_scripted_triggers.txt	1675	536	dead_path	RK Ostasien (East Asia): mod map has no East Asian states; every id resolves to an unrelated European mod state. Dead for live tags.
common/scripted_triggers/GER_scripted_triggers.txt	1676	533	dead_path	RK Ostasien (East Asia): mod map has no East Asian states; every id resolves to an unrelated European mod state. Dead for live tags.
common/scripted_triggers/GER_scripted_triggers.txt	1677	282	dead_path	RK Ostasien (East Asia): mod map has no East Asian states; every id resolves to an unrelated European mod state. Dead for live tags.
common/scripted_triggers/GER_scripted_triggers.txt	1678	534	dead_path	RK Ostasien (East Asia): mod map has no East Asian states; every id resolves to an unrelated European mod state. Dead for live tags.
common/scripted_triggers/GER_scripted_triggers.txt	1679	532	dead_path	RK Ostasien (East Asia): mod map has no East Asian states; every id resolves to an unrelated European mod state. Dead for live tags.
common/scripted_triggers/GER_scripted_triggers.txt	1680	535	dead_path	RK Ostasien (East Asia): mod map has no East Asian states; every id resolves to an unrelated European mod state. Dead for live tags.
common/scripted_triggers/GER_scripted_triggers.txt	1681	531	dead_path	RK Ostasien (East Asia): mod map has no East Asian states; every id resolves to an unrelated European mod state. Dead for live tags.
common/scripted_triggers/GER_scripted_triggers.txt	1682	530	dead_path	RK Ostasien (East Asia): mod map has no East Asian states; every id resolves to an unrelated European mod state. Dead for live tags.
common/scripted_triggers/GER_scripted_triggers.txt	1683	529	dead_path	RK Ostasien (East Asia): mod map has no East Asian states; every id resolves to an unrelated European mod state. Dead for live tags.
common/scripted_triggers/GER_scripted_triggers.txt	1684	528	dead_path	RK Ostasien (East Asia): mod map has no East Asian states; every id resolves to an unrelated European mod state. Dead for live tags.
common/scripted_triggers/GER_scripted_triggers.txt	1685	526	dead_path	RK Ostasien (East Asia): mod map has no East Asian states; every id resolves to an unrelated European mod state. Dead for live tags.
common/scripted_triggers/GER_scripted_triggers.txt	1686	524	dead_path	RK Ostasien (East Asia): mod map has no East Asian states; every id resolves to an unrelated European mod state. Dead for live tags.
common/scripted_triggers/GER_scripted_triggers.txt	1687	596	dead_path	RK Ostasien (East Asia): mod map has no East Asian states; every id resolves to an unrelated European mod state. Dead for live tags.
common/scripted_triggers/GER_scripted_triggers.txt	1688	595	dead_path	RK Ostasien (East Asia): mod map has no East Asian states; every id resolves to an unrelated European mod state. Dead for live tags.
common/scripted_triggers/GER_scripted_triggers.txt	1689	593	dead_path	RK Ostasien (East Asia): mod map has no East Asian states; every id resolves to an unrelated European mod state. Dead for live tags.
common/scripted_triggers/GER_scripted_triggers.txt	1690	592	dead_path	RK Ostasien (East Asia): mod map has no East Asian states; every id resolves to an unrelated European mod state. Dead for live tags.
common/scripted_triggers/GER_scripted_triggers.txt	1691	594	dead_path	RK Ostasien (East Asia): mod map has no East Asian states; every id resolves to an unrelated European mod state. Dead for live tags.
common/scripted_triggers/GER_scripted_triggers.txt	1692	591	dead_path	RK Ostasien (East Asia): mod map has no East Asian states; every id resolves to an unrelated European mod state. Dead for live tags.
common/scripted_triggers/GER_scripted_triggers.txt	1693	728	dead_path	RK Ostasien (East Asia): mod map has no East Asian states; every id resolves to an unrelated European mod state. Dead for live tags.
common/scripted_triggers/GER_scripted_triggers.txt	1694	729	dead_path	RK Ostasien (East Asia): mod map has no East Asian states; every id resolves to an unrelated European mod state. Dead for live tags.
common/scripted_triggers/GER_scripted_triggers.txt	1695	326	dead_path	RK Ostasien (East Asia): mod map has no East Asian states; every id resolves to an unrelated European mod state. Dead for live tags.
common/scripted_triggers/GER_scripted_triggers.txt	1696	599	dead_path	RK Ostasien (East Asia): mod map has no East Asian states; every id resolves to an unrelated European mod state. Dead for live tags.
common/scripted_triggers/GER_scripted_triggers.txt	1697	600	dead_path	RK Ostasien (East Asia): mod map has no East Asian states; every id resolves to an unrelated European mod state. Dead for live tags.
common/scripted_triggers/GER_scripted_triggers.txt	1698	602	dead_path	RK Ostasien (East Asia): mod map has no East Asian states; every id resolves to an unrelated European mod state. Dead for live tags.
common/scripted_triggers/GER_scripted_triggers.txt	1699	749	dead_path	RK Ostasien (East Asia): mod map has no East Asian states; every id resolves to an unrelated European mod state. Dead for live tags.
common/scripted_triggers/GER_scripted_triggers.txt	1700	606	dead_path	RK Ostasien (East Asia): mod map has no East Asian states; every id resolves to an unrelated European mod state. Dead for live tags.
common/scripted_triggers/GER_scripted_triggers.txt	1701	620	dead_path	RK Ostasien (East Asia): mod map has no East Asian states; every id resolves to an unrelated European mod state. Dead for live tags.
common/scripted_triggers/GER_scripted_triggers.txt	1702	607	dead_path	RK Ostasien (East Asia): mod map has no East Asian states; every id resolves to an unrelated European mod state. Dead for live tags.
common/scripted_triggers/GER_scripted_triggers.txt	1703	750	dead_path	RK Ostasien (East Asia): mod map has no East Asian states; every id resolves to an unrelated European mod state. Dead for live tags.
common/scripted_triggers/GER_scripted_triggers.txt	1704	603	dead_path	RK Ostasien (East Asia): mod map has no East Asian states; every id resolves to an unrelated European mod state. Dead for live tags.
common/scripted_triggers/GER_scripted_triggers.txt	1705	748	dead_path	RK Ostasien (East Asia): mod map has no East Asian states; every id resolves to an unrelated European mod state. Dead for live tags.
common/scripted_triggers/GER_scripted_triggers.txt	1706	605	dead_path	RK Ostasien (East Asia): mod map has no East Asian states; every id resolves to an unrelated European mod state. Dead for live tags.
common/scripted_triggers/GER_scripted_triggers.txt	1707	755	dead_path	RK Ostasien (East Asia): mod map has no East Asian states; every id resolves to an unrelated European mod state. Dead for live tags.
common/scripted_triggers/GER_scripted_triggers.txt	1708	622	dead_path	RK Ostasien (East Asia): mod map has no East Asian states; every id resolves to an unrelated European mod state. Dead for live tags.
common/scripted_triggers/GER_scripted_triggers.txt	1709	615	dead_path	RK Ostasien (East Asia): mod map has no East Asian states; every id resolves to an unrelated European mod state. Dead for live tags.
common/scripted_triggers/GER_scripted_triggers.txt	1710	746	dead_path	RK Ostasien (East Asia): mod map has no East Asian states; every id resolves to an unrelated European mod state. Dead for live tags.
common/scripted_triggers/GER_scripted_triggers.txt	1711	621	dead_path	RK Ostasien (East Asia): mod map has no East Asian states; every id resolves to an unrelated European mod state. Dead for live tags.
common/scripted_triggers/GER_scripted_triggers.txt	1712	611	dead_path	RK Ostasien (East Asia): mod map has no East Asian states; every id resolves to an unrelated European mod state. Dead for live tags.
common/scripted_triggers/GER_scripted_triggers.txt	1713	612	dead_path	RK Ostasien (East Asia): mod map has no East Asian states; every id resolves to an unrelated European mod state. Dead for live tags.
common/scripted_triggers/GER_scripted_triggers.txt	1714	819	dead_path	RK Ostasien (East Asia): mod map has no East Asian states; every id resolves to an unrelated European mod state. Dead for live tags.
common/scripted_triggers/GER_scripted_triggers.txt	1715	817	dead_path	RK Ostasien (East Asia): mod map has no East Asian states; every id resolves to an unrelated European mod state. Dead for live tags.
common/scripted_triggers/GER_scripted_triggers.txt	1716	330	dead_path	RK Ostasien (East Asia): mod map has no East Asian states; every id resolves to an unrelated European mod state. Dead for live tags.
common/scripted_triggers/GER_scripted_triggers.txt	1717	820	dead_path	RK Ostasien (East Asia): mod map has no East Asian states; every id resolves to an unrelated European mod state. Dead for live tags.
common/scripted_triggers/GER_scripted_triggers.txt	1718	756	dead_path	RK Ostasien (East Asia): mod map has no East Asian states; every id resolves to an unrelated European mod state. Dead for live tags.
common/scripted_triggers/GER_scripted_triggers.txt	1719	616	dead_path	RK Ostasien (East Asia): mod map has no East Asian states; every id resolves to an unrelated European mod state. Dead for live tags.
common/scripted_triggers/GER_scripted_triggers.txt	1720	755	dead_path	RK Ostasien (East Asia): mod map has no East Asian states; every id resolves to an unrelated European mod state. Dead for live tags.
common/scripted_triggers/GER_scripted_triggers.txt	1721	283	dead_path	RK Ostasien (East Asia): mod map has no East Asian states; every id resolves to an unrelated European mod state. Dead for live tags.
common/scripted_triggers/GER_scripted_triggers.txt	1722	754	dead_path	RK Ostasien (East Asia): mod map has no East Asian states; every id resolves to an unrelated European mod state. Dead for live tags.
common/scripted_triggers/GER_scripted_triggers.txt	1723	604	dead_path	RK Ostasien (East Asia): mod map has no East Asian states; every id resolves to an unrelated European mod state. Dead for live tags.
common/scripted_triggers/GER_scripted_triggers.txt	1724	753	dead_path	RK Ostasien (East Asia): mod map has no East Asian states; every id resolves to an unrelated European mod state. Dead for live tags.
common/scripted_triggers/GER_scripted_triggers.txt	1725	752	dead_path	RK Ostasien (East Asia): mod map has no East Asian states; every id resolves to an unrelated European mod state. Dead for live tags.
common/scripted_triggers/GER_scripted_triggers.txt	1726	751	dead_path	RK Ostasien (East Asia): mod map has no East Asian states; every id resolves to an unrelated European mod state. Dead for live tags.
common/scripted_triggers/GER_scripted_triggers.txt	1727	747	dead_path	RK Ostasien (East Asia): mod map has no East Asian states; every id resolves to an unrelated European mod state. Dead for live tags.
common/scripted_triggers/GER_scripted_triggers.txt	1728	325	dead_path	RK Ostasien (East Asia): mod map has no East Asian states; every id resolves to an unrelated European mod state. Dead for live tags.
common/scripted_triggers/GER_scripted_triggers.txt	1729	671	dead_path	RK Ostasien (East Asia): mod map has no East Asian states; every id resolves to an unrelated European mod state. Dead for live tags.
common/scripted_triggers/GER_scripted_triggers.txt	1730	670	dead_path	RK Ostasien (East Asia): mod map has no East Asian states; every id resolves to an unrelated European mod state. Dead for live tags.
common/scripted_triggers/GER_scripted_triggers.txt	1731	286	dead_path	RK Ostasien (East Asia): mod map has no East Asian states; every id resolves to an unrelated European mod state. Dead for live tags.
common/scripted_triggers/GER_scripted_triggers.txt	1732	741	dead_path	RK Ostasien (East Asia): mod map has no East Asian states; every id resolves to an unrelated European mod state. Dead for live tags.
common/scripted_triggers/GER_scripted_triggers.txt	1733	868	dead_path	RK Ostasien (East Asia): mod map has no East Asian states; every id resolves to an unrelated European mod state. Dead for live tags.
common/scripted_triggers/GER_scripted_triggers.txt	1734	869	dead_path	RK Ostasien (East Asia): mod map has no East Asian states; every id resolves to an unrelated European mod state. Dead for live tags.
common/scripted_triggers/GER_scripted_triggers.txt	1735	289	dead_path	RK Ostasien (East Asia): mod map has no East Asian states; every id resolves to an unrelated European mod state. Dead for live tags.
common/scripted_triggers/GER_scripted_triggers.txt	1736	645	dead_path	RK Ostasien (East Asia): mod map has no East Asian states; every id resolves to an unrelated European mod state. Dead for live tags.
common/scripted_triggers/GER_scripted_triggers.txt	1737	623	dead_path	RK Ostasien (East Asia): mod map has no East Asian states; every id resolves to an unrelated European mod state. Dead for live tags.
common/scripted_triggers/GER_scripted_triggers.txt	1738	327	dead_path	RK Ostasien (East Asia): mod map has no East Asian states; every id resolves to an unrelated European mod state. Dead for live tags.
common/scripted_triggers/GER_scripted_triggers.txt	1739	624	dead_path	RK Ostasien (East Asia): mod map has no East Asian states; every id resolves to an unrelated European mod state. Dead for live tags.
common/scripted_triggers/GER_scripted_triggers.txt	1740	628	dead_path	RK Ostasien (East Asia): mod map has no East Asian states; every id resolves to an unrelated European mod state. Dead for live tags.
common/scripted_triggers/GER_scripted_triggers.txt	1741	625	dead_path	RK Ostasien (East Asia): mod map has no East Asian states; every id resolves to an unrelated European mod state. Dead for live tags.
common/scripted_triggers/GER_scripted_triggers.txt	1742	626	dead_path	RK Ostasien (East Asia): mod map has no East Asian states; every id resolves to an unrelated European mod state. Dead for live tags.
common/scripted_triggers/GER_scripted_triggers.txt	1743	627	dead_path	RK Ostasien (East Asia): mod map has no East Asian states; every id resolves to an unrelated European mod state. Dead for live tags.
common/scripted_triggers/GER_scripted_triggers.txt	1744	647	dead_path	RK Ostasien (East Asia): mod map has no East Asian states; every id resolves to an unrelated European mod state. Dead for live tags.
common/scripted_triggers/GER_scripted_triggers.txt	1745	648	dead_path	RK Ostasien (East Asia): mod map has no East Asian states; every id resolves to an unrelated European mod state. Dead for live tags.
common/scripted_triggers/GER_scripted_triggers.txt	1746	646	dead_path	RK Ostasien (East Asia): mod map has no East Asian states; every id resolves to an unrelated European mod state. Dead for live tags.
common/scripted_triggers/GER_scripted_triggers.txt	1747	638	dead_path	RK Ostasien (East Asia): mod map has no East Asian states; every id resolves to an unrelated European mod state. Dead for live tags.
common/scripted_triggers/GER_scripted_triggers.txt	1748	632	dead_path	RK Ostasien (East Asia): mod map has no East Asian states; every id resolves to an unrelated European mod state. Dead for live tags.
common/scripted_triggers/GER_scripted_triggers.txt	1749	744	dead_path	RK Ostasien (East Asia): mod map has no East Asian states; every id resolves to an unrelated European mod state. Dead for live tags.
common/scripted_triggers/GER_scripted_triggers.txt	1756	979	dead_path	RK Australasien: mod map has no Oceania/SE-Asia states; ids resolve to unrelated European mod states. Dead for live tags.
common/scripted_triggers/GER_scripted_triggers.txt	1757	523	dead_path	RK Australasien: mod map has no Oceania/SE-Asia states; ids resolve to unrelated European mod states. Dead for live tags.
common/scripted_triggers/GER_scripted_triggers.txt	1758	737	dead_path	RK Australasien: mod map has no Oceania/SE-Asia states; ids resolve to unrelated European mod states. Dead for live tags.
common/scripted_triggers/GER_scripted_triggers.txt	1759	634	dead_path	RK Australasien: mod map has no Oceania/SE-Asia states; ids resolve to unrelated European mod states. Dead for live tags.
common/scripted_triggers/GER_scripted_triggers.txt	1760	669	dead_path	RK Australasien: mod map has no Oceania/SE-Asia states; ids resolve to unrelated European mod states. Dead for live tags.
common/scripted_triggers/GER_scripted_triggers.txt	1761	668	dead_path	RK Australasien: mod map has no Oceania/SE-Asia states; ids resolve to unrelated European mod states. Dead for live tags.
common/scripted_triggers/GER_scripted_triggers.txt	1762	738	dead_path	RK Australasien: mod map has no Oceania/SE-Asia states; ids resolve to unrelated European mod states. Dead for live tags.
common/scripted_triggers/GER_scripted_triggers.txt	1763	721	dead_path	RK Australasien: mod map has no Oceania/SE-Asia states; ids resolve to unrelated European mod states. Dead for live tags.
common/scripted_triggers/GER_scripted_triggers.txt	1764	667	dead_path	RK Australasien: mod map has no Oceania/SE-Asia states; ids resolve to unrelated European mod states. Dead for live tags.
common/scripted_triggers/GER_scripted_triggers.txt	1765	673	dead_path	RK Australasien: mod map has no Oceania/SE-Asia states; ids resolve to unrelated European mod states. Dead for live tags.
common/scripted_triggers/GER_scripted_triggers.txt	1766	334	dead_path	RK Australasien: mod map has no Oceania/SE-Asia states; ids resolve to unrelated European mod states. Dead for live tags.
common/scripted_triggers/GER_scripted_triggers.txt	1767	333	dead_path	RK Australasien: mod map has no Oceania/SE-Asia states; ids resolve to unrelated European mod states. Dead for live tags.
common/scripted_triggers/GER_scripted_triggers.txt	1768	335	dead_path	RK Australasien: mod map has no Oceania/SE-Asia states; ids resolve to unrelated European mod states. Dead for live tags.
common/scripted_triggers/GER_scripted_triggers.txt	1769	672	dead_path	RK Australasien: mod map has no Oceania/SE-Asia states; ids resolve to unrelated European mod states. Dead for live tags.
common/scripted_triggers/GER_scripted_triggers.txt	1770	336	dead_path	RK Australasien: mod map has no Oceania/SE-Asia states; ids resolve to unrelated European mod states. Dead for live tags.
common/scripted_triggers/GER_scripted_triggers.txt	1771	724	dead_path	RK Australasien: mod map has no Oceania/SE-Asia states; ids resolve to unrelated European mod states. Dead for live tags.
common/scripted_triggers/GER_scripted_triggers.txt	1772	711	dead_path	RK Australasien: mod map has no Oceania/SE-Asia states; ids resolve to unrelated European mod states. Dead for live tags.
common/scripted_triggers/GER_scripted_triggers.txt	1773	712	dead_path	RK Australasien: mod map has no Oceania/SE-Asia states; ids resolve to unrelated European mod states. Dead for live tags.
common/scripted_triggers/GER_scripted_triggers.txt	1774	684	dead_path	RK Australasien: mod map has no Oceania/SE-Asia states; ids resolve to unrelated European mod states. Dead for live tags.
common/scripted_triggers/GER_scripted_triggers.txt	1775	725	dead_path	RK Australasien: mod map has no Oceania/SE-Asia states; ids resolve to unrelated European mod states. Dead for live tags.
common/scripted_triggers/GER_scripted_triggers.txt	1776	639	dead_path	RK Australasien: mod map has no Oceania/SE-Asia states; ids resolve to unrelated European mod states. Dead for live tags.
common/scripted_triggers/GER_scripted_triggers.txt	1777	643	dead_path	RK Australasien: mod map has no Oceania/SE-Asia states; ids resolve to unrelated European mod states. Dead for live tags.
common/scripted_triggers/GER_scripted_triggers.txt	1778	633	dead_path	RK Australasien: mod map has no Oceania/SE-Asia states; ids resolve to unrelated European mod states. Dead for live tags.
common/scripted_triggers/GER_scripted_triggers.txt	1779	642	dead_path	RK Australasien: mod map has no Oceania/SE-Asia states; ids resolve to unrelated European mod states. Dead for live tags.
common/scripted_triggers/GER_scripted_triggers.txt	1780	734	dead_path	RK Australasien: mod map has no Oceania/SE-Asia states; ids resolve to unrelated European mod states. Dead for live tags.
common/scripted_triggers/GER_scripted_triggers.txt	1781	635	dead_path	RK Australasien: mod map has no Oceania/SE-Asia states; ids resolve to unrelated European mod states. Dead for live tags.
common/scripted_triggers/GER_scripted_triggers.txt	1782	636	dead_path	RK Australasien: mod map has no Oceania/SE-Asia states; ids resolve to unrelated European mod states. Dead for live tags.
common/scripted_triggers/GER_scripted_triggers.txt	1783	726	dead_path	RK Australasien: mod map has no Oceania/SE-Asia states; ids resolve to unrelated European mod states. Dead for live tags.
common/scripted_triggers/GER_scripted_triggers.txt	1784	641	dead_path	RK Australasien: mod map has no Oceania/SE-Asia states; ids resolve to unrelated European mod states. Dead for live tags.
common/scripted_triggers/GER_scripted_triggers.txt	1785	284	dead_path	RK Australasien: mod map has no Oceania/SE-Asia states; ids resolve to unrelated European mod states. Dead for live tags.
common/scripted_triggers/GER_scripted_triggers.txt	1786	723	dead_path	RK Australasien: mod map has no Oceania/SE-Asia states; ids resolve to unrelated European mod states. Dead for live tags.
common/scripted_triggers/GER_scripted_triggers.txt	1787	872	dead_path	RK Australasien: mod map has no Oceania/SE-Asia states; ids resolve to unrelated European mod states. Dead for live tags.
common/scripted_triggers/GER_scripted_triggers.txt	1788	520	dead_path	RK Australasien: mod map has no Oceania/SE-Asia states; ids resolve to unrelated European mod states. Dead for live tags.
common/scripted_triggers/GER_scripted_triggers.txt	1789	870	dead_path	RK Australasien: mod map has no Oceania/SE-Asia states; ids resolve to unrelated European mod states. Dead for live tags.
common/scripted_triggers/GER_scripted_triggers.txt	1790	522	dead_path	RK Australasien: mod map has no Oceania/SE-Asia states; ids resolve to unrelated European mod states. Dead for live tags.
common/scripted_triggers/GER_scripted_triggers.txt	1791	871	dead_path	RK Australasien: mod map has no Oceania/SE-Asia states; ids resolve to unrelated European mod states. Dead for live tags.
common/scripted_triggers/GER_scripted_triggers.txt	1792	519	dead_path	RK Australasien: mod map has no Oceania/SE-Asia states; ids resolve to unrelated European mod states. Dead for live tags.
common/scripted_triggers/GER_scripted_triggers.txt	1793	517	dead_path	RK Australasien: mod map has no Oceania/SE-Asia states; ids resolve to unrelated European mod states. Dead for live tags.
common/scripted_triggers/GER_scripted_triggers.txt	1794	518	dead_path	RK Australasien: mod map has no Oceania/SE-Asia states; ids resolve to unrelated European mod states. Dead for live tags.
common/scripted_triggers/GER_scripted_triggers.txt	1795	285	dead_path	RK Australasien: mod map has no Oceania/SE-Asia states; ids resolve to unrelated European mod states. Dead for live tags.
common/scripted_triggers/GER_scripted_triggers.txt	1796	521	dead_path	RK Australasien: mod map has no Oceania/SE-Asia states; ids resolve to unrelated European mod states. Dead for live tags.
common/scripted_triggers/GER_scripted_triggers.txt	1797	873	dead_path	RK Australasien: mod map has no Oceania/SE-Asia states; ids resolve to unrelated European mod states. Dead for live tags.
common/scripted_triggers/GER_scripted_triggers.txt	1799	674	dead_path	RK Australasien: mod map has no Oceania/SE-Asia states; ids resolve to unrelated European mod states. Dead for live tags.
common/scripted_triggers/GER_scripted_triggers.txt	1854	219	fix_to=195	GER_is_RKM_state: vanilla Moscow Area -> mod 195 Moscow Oblast (Moscow city also in 229)
common/scripted_triggers/GER_scripted_triggers.txt	1855	205	fix_to=300	GER_is_RKM_state: vanilla Hrodna -> mod 300 Grodno (POL-owned, in region)
common/scripted_triggers/GER_scripted_triggers.txt	1856	242	fix_to=2189	GER_is_RKM_state: vanilla Smolensk -> mod 2189 Smolensk
common/scripted_triggers/GER_scripted_triggers.txt	1857	243	fix_to=2190	GER_is_RKM_state: vanilla Roslavl -> mod 2190 Roslavl
common/scripted_triggers/GER_scripted_triggers.txt	1858	241	fix_to=2183	GER_is_RKM_state: vanilla Pochep -> mod 2183 Bryansk (Pochep inside vanilla Bryansk front)
common/scripted_triggers/GER_scripted_triggers.txt	1859	207	fix_to=2168	GER_is_RKM_state: vanilla Viciebsk -> mod 2168 Vitebsk
common/scripted_triggers/GER_scripted_triggers.txt	1860	224	fix_to=2183	GER_is_RKM_state: vanilla Bryansk -> mod 2183 Bryansk
common/scripted_triggers/GER_scripted_triggers.txt	1861	210	fix_to=2183	GER_is_RKM_state: vanilla Bryansk -> mod 2183 Bryansk
common/scripted_triggers/GER_scripted_triggers.txt	1862	246	fix_to=2452	GER_is_RKM_state: vanilla Rzhev -> mod 2452 Rzhev
common/scripted_triggers/GER_scripted_triggers.txt	1863	209	fix_to=2189	GER_is_RKM_state: vanilla Smolensk -> mod 2189 Smolensk
common/scripted_triggers/GER_scripted_triggers.txt	1864	263	fix_to=138	GER_is_RKM_state: vanilla Veliky Novgorod -> mod 138 Novgorod
common/scripted_triggers/GER_scripted_triggers.txt	1865	208	fix_to=151	GER_is_RKM_state: vanilla Pskov -> mod 151 Pskov
common/scripted_triggers/GER_scripted_triggers.txt	1866	195	fix_to=119	GER_is_RKM_state: vanilla Leningrad Area -> mod 119 Leningrad (city)
common/scripted_triggers/GER_scripted_triggers.txt	1867	244	fix_to=2794	GER_is_RKM_state: vanilla Gatchina -> mod 2794 Gostilitsy (covers Gatchina; alt 127 Leningrad Oblast)
common/scripted_triggers/GER_scripted_triggers.txt	1868	264	fix_to=2941	GER_is_RKM_state: vanilla Tikhvin -> mod 2941 Lodeynoye Pole (covers Tikhvin-Volkhov)
common/scripted_triggers/GER_scripted_triggers.txt	1869	247	fix_to=154	GER_is_RKM_state: vanilla Tver -> mod 154 Tver
common/scripted_triggers/GER_scripted_triggers.txt	1870	223	fix_to=265	GER_is_RKM_state: vanilla Tula -> mod 265 Tula
common/scripted_triggers/GER_scripted_triggers.txt	1871	222	fix_to=318	GER_is_RKM_state: vanilla Orel -> mod 318 Oryol
common/scripted_triggers/GER_scripted_triggers.txt	1872	220	fix_to=388	GER_is_RKM_state: vanilla Kursk Area -> mod 388 Kursk
common/scripted_triggers/GER_scripted_triggers.txt	1873	240	fix_to=412	GER_is_RKM_state: vanilla Voronezh -> mod 412 Voronezh
common/scripted_triggers/GER_scripted_triggers.txt	1874	258	fix_to=359	GER_is_RKM_state: vanilla Lipetsk -> mod 359 Lipetsk
common/scripted_triggers/GER_scripted_triggers.txt	1875	260	fix_to=2420	GER_is_RKM_state: vanilla Borisoglebsk -> mod 2420 Borisoglebsk
common/scripted_triggers/GER_scripted_triggers.txt	1876	265	fix_to=2418	GER_is_RKM_state: vanilla Mikhaylovka -> mod 2418 Mikhaylovka (mod 265 is Tula, not this)
common/scripted_triggers/GER_scripted_triggers.txt	1877	245	fix_to=2392	GER_is_RKM_state: vanilla Donetsk (Millerovo/Don oblast) -> mod 2392 Millerovo
common/scripted_triggers/GER_scripted_triggers.txt	1878	218	fix_to=511	GER_is_RKM_state: vanilla Rostov Area -> mod 511 Rostov
common/scripted_triggers/GER_scripted_triggers.txt	1879	217	fix_to=457	GER_is_RKM_state: vanilla Stalingrad Area -> mod 457 Volgograd
common/scripted_triggers/GER_scripted_triggers.txt	1880	351	fix_to=96	GER_is_RKM_state: vanilla Vologda -> mod 96 Vologda
common/scripted_triggers/GER_scripted_triggers.txt	1881	248	fix_to=153	GER_is_RKM_state: vanilla Yaroslavl -> mod 153 Yaroslavl
common/scripted_triggers/GER_scripted_triggers.txt	1882	253	fix_to=177	GER_is_RKM_state: vanilla Ivanovo -> mod 177 Ivanovo
common/scripted_triggers/GER_scripted_triggers.txt	1883	254	fix_to=250	GER_is_RKM_state: vanilla Ryazan -> mod 250 Ryazan
common/scripted_triggers/GER_scripted_triggers.txt	1884	257	fix_to=2449	GER_is_RKM_state: vanilla Livny -> mod 2449 Livny
common/scripted_triggers/GER_scripted_triggers.txt	1885	252	fix_to=171	GER_is_RKM_state: vanilla Nizhny Novgorod -> mod 171 Nizhny Novgorod
common/scripted_triggers/GER_scripted_triggers.txt	1886	255	fix_to=299	GER_is_RKM_state: vanilla Penza -> mod 299 Penza
common/scripted_triggers/GER_scripted_triggers.txt	1887	239	fix_to=366	GER_is_RKM_state: vanilla Saratov -> mod 366 Saratov
common/scripted_triggers/GER_scripted_triggers.txt	1888	250	fix_to=261	GER_is_RKM_state: vanilla Ulyanovsk -> mod 261 Ulyanovsk
common/scripted_triggers/GER_scripted_triggers.txt	1889	879	ambiguous	GER_is_RKM_state: vanilla Kargopol (southern onega-area lakes) -> nearest mod 61 Pudozh; alternatives 2451 Veliky Ustyug / 96 Vologda
common/scripted_triggers/GER_scripted_triggers.txt	1890	880	fix_to=2456	GER_is_RKM_state: vanilla Kotlas -> mod 2456 Kotlas
common/scripted_triggers/GER_scripted_triggers.txt	1891	214	fix_to=41	GER_is_RKM_state: vanilla Arkhangelsk -> mod 41 Arkhangelsk
common/scripted_triggers/GER_scripted_triggers.txt	1896	401	fix_to=2589	GER_is_RK_south_urals_state: vanilla Engels -> mod 2589 Engels
common/scripted_triggers/GER_scripted_triggers.txt	1897	251	fix_to=270	GER_is_RK_south_urals_state: vanilla Kuybyshev/Samara -> mod 270 Kuybyshev
common/scripted_triggers/GER_scripted_triggers.txt	1898	652	fix_to=285	GER_is_RK_south_urals_state: vanilla Orenburg -> mod 285 Orenburg
common/scripted_triggers/GER_scripted_triggers.txt	1899	582	ambiguous	GER_is_RK_south_urals_state: vanilla "Southern Urals" (Magnitogorsk area, commented Magnitogorsk) -> nearest mod 2629 Baymak; alternatives 2389 Beloretsk/2390 Orsk
common/scripted_triggers/GER_scripted_triggers.txt	1900	651	fix_to=201	GER_is_RK_south_urals_state: vanilla Ufa/Bashkortostan -> mod 201 Bashkortostan
common/scripted_triggers/GER_scripted_triggers.txt	1901	249	fix_to=200	GER_is_RK_south_urals_state: vanilla Kazan/Tatarstan -> mod 200 Tatarstan
common/scripted_triggers/GER_scripted_triggers.txt	1902	256	fix_to=209	GER_is_RK_south_urals_state: vanilla Chuvashia -> mod 209 Chuvash
common/scripted_triggers/GER_scripted_triggers.txt	1903	833	fix_to=186	GER_is_RK_south_urals_state: vanilla Mari El -> mod 186 Mari El
common/scripted_triggers/GER_scripted_triggers.txt	1904	399	fix_to=162	GER_is_RK_south_urals_state: vanilla Udmurtia/Izhevsk -> mod 162 Udmurt
common/scripted_triggers/GER_scripted_triggers.txt	1909	825	fix_to=27	GER_is_RK_north_urals_state: vanilla Nenetsia -> mod 27 Nenets
common/scripted_triggers/GER_scripted_triggers.txt	1910	262	fix_to=2377	GER_is_RK_north_urals_state: vanilla Pechora -> mod 2377 Pechora
common/scripted_triggers/GER_scripted_triggers.txt	1911	397	fix_to=35	GER_is_RK_north_urals_state: vanilla Syktyvkar -> mod 35 Komi (Syktyvkar is Komi capital)
common/scripted_triggers/GER_scripted_triggers.txt	1912	400	fix_to=108	GER_is_RK_north_urals_state: vanilla Kirov -> mod 108 Kirov (note: mod also has 2439 Kirov; 108 is the northern Kirov-oblast state)
common/scripted_triggers/GER_scripted_triggers.txt	1913	398	fix_to=97	GER_is_RK_north_urals_state: vanilla Perm -> mod 97 Perm
common/scripted_triggers/GER_scripted_triggers.txt	1914	581	ambiguous	GER_is_RK_north_urals_state: vanilla Northern Urals -> nearest mod 2380 Berezniki (north Perm); alt 97 Perm
common/scripted_triggers/GER_scripted_triggers.txt	1915	573	ambiguous	GER_is_RK_north_urals_state: vanilla Zlatoust -> nearest mod 2389 Beloretsk (south Ural foothills); alt 2629 Baymak
common/scripted_triggers/GER_scripted_triggers.txt	1920	569	dead_path	GER_is_RK_west_yenisei_state: vanilla Khakassia - no Siberian states exist on mod map
common/scripted_triggers/GER_scripted_triggers.txt	1921	570	dead_path	GER_is_RK_west_yenisei_state: vanilla Novosibirsk - no Siberian states exist on mod map
common/scripted_triggers/GER_scripted_triggers.txt	1922	571	dead_path	GER_is_RK_west_yenisei_state: vanilla Omsk - no Siberian states exist on mod map
common/scripted_triggers/GER_scripted_triggers.txt	1923	403	ambiguous	GER_is_RK_west_yenisei_state: vanilla 403 "Kharabali" (file comment says Tyumen, VP is Kharabali near Astrakhan) -> mod 632 Astrakhan if Kharabali; Tyumen itself is off-map
common/scripted_triggers/GER_scripted_triggers.txt	1924	572	ambiguous	GER_is_RK_west_yenisei_state: vanilla Chelyabinsk -> nearest mod 2629 Baymak; alt 2390 Orsk
common/scripted_triggers/GER_scripted_triggers.txt	1925	653	fix_to=175	GER_is_RK_west_yenisei_state: vanilla Sverdlovsk/Yekaterinburg -> mod 175 Sverdlovsk
common/scripted_triggers/GER_scripted_triggers.txt	1926	580	dead_path	GER_is_RK_west_yenisei_state: vanilla Tobolsk - off mod map
common/scripted_triggers/GER_scripted_triggers.txt	1927	577	dead_path	GER_is_RK_west_yenisei_state: vanilla Surgut - off mod map
common/scripted_triggers/GER_scripted_triggers.txt	1928	578	dead_path	GER_is_RK_west_yenisei_state: vanilla Tomsk - off mod map
common/scripted_triggers/GER_scripted_triggers.txt	1929	579	dead_path	GER_is_RK_west_yenisei_state: vanilla Salekhard - off mod map
common/scripted_triggers/GER_scripted_triggers.txt	1930	824	dead_path	GER_is_RK_west_yenisei_state: vanilla Yamalia - off mod map
