file	line	old_id	verdict	detail
# verdict=dead_path for every row: exhaustive repo grep shows NO caller for any frloc_* scripted trigger (00_scripted_triggers_FR_loc.txt is the only file containing 'frloc') and the mod ships no French loc, so the entire FR-loc state-list block is inert. All 798 suspect lines are verbatim vanilla (diff: only comments/commented-out blocks changed) and now point at unrelated mod states. Detail column carries the intended vanilla state, the wrong mod state hit, the duplicate line (most ids appear twice), and a name-matched successor suggestion for 210 rows in case the lists are ever revived.
common/scripted_triggers/00_scripted_triggers_FR_loc.txt	2813	183	dead_path	frloc_capital_a_de_audessusde: vanilla 183 'Cyprus' -> hits mod 183 'Inverness', which has nothing to do with the intended 'Cyprus'. also at line 3978; file-global: no frloc_* scripted trigger is called anywhere in this mod (exhaustive repo grep: file is the only frloc hit) and no French loc ships, so every state list here is inert dead code;
common/scripted_triggers/00_scripted_triggers_FR_loc.txt	2814	315	dead_path	frloc_capital_a_de_audessusde: vanilla 315 'Cuba' -> hits mod 315 'Kobenhavn', which has nothing to do with the intended 'Cuba'. also at line 3979; file-global: no frloc_* scripted trigger is called anywhere in this mod (exhaustive repo grep: file is the only frloc hit) and no French loc ships, so every state list here is inert dead code;
common/scripted_triggers/00_scripted_triggers_FR_loc.txt	2815	319	dead_path	frloc_capital_a_de_audessusde: vanilla 319 'Dominican Republic' -> hits mod 319 'Bielsk', which has nothing to do with the intended 'Dominican Republic'. also at line 3980; file-global: no frloc_* scripted trigger is called anywhere in this mod (exhaustive repo grep: file is the only frloc hit) and no French loc ships, so every state list here is inert dead code;
common/scripted_triggers/00_scripted_triggers_FR_loc.txt	2816	331	dead_path	frloc_capital_a_de_audessusde: vanilla 331 'Newfoundland' -> hits mod 331 'Groningen', which has nothing to do with the intended 'Newfoundland'. if list is ever revived: exact-name successor(s) 64 Newfoundland; also at line 4303; file-global: no frloc_* scripted trigger is called anywhere in this mod (exhaustive repo grep: file is the only frloc hit) and no French loc ships, so every state list here is inert dead code;
common/scripted_triggers/00_scripted_triggers_FR_loc.txt	2817	524	dead_path	frloc_capital_a_de_audessusde: vanilla 524 'Taiwan' -> hits mod 524 'Zweibruecken', which has nothing to do with the intended 'Taiwan'. also at line 3983; file-global: no frloc_* scripted trigger is called anywhere in this mod (exhaustive repo grep: file is the only frloc hit) and no French loc ships, so every state list here is inert dead code;
common/scripted_triggers/00_scripted_triggers_FR_loc.txt	2818	543	dead_path	frloc_capital_a_de_audessusde: vanilla 543 'Madagascar' -> hits mod 543 'Bar-le-Duc', which has nothing to do with the intended 'Madagascar'. also at line 3987; file-global: no frloc_* scripted trigger is called anywhere in this mod (exhaustive repo grep: file is the only frloc hit) and no French loc ships, so every state list here is inert dead code;
common/scripted_triggers/00_scripted_triggers_FR_loc.txt	2819	631	dead_path	frloc_capital_a_de_audessusde: vanilla 631 'Midway Island' -> hits mod 631 'Hajdu', which has nothing to do with the intended 'Midway Island'. also at line 4386; file-global: no frloc_* scripted trigger is called anywhere in this mod (exhaustive repo grep: file is the only frloc hit) and no French loc ships, so every state list here is inert dead code;
common/scripted_triggers/00_scripted_triggers_FR_loc.txt	2820	632	dead_path	frloc_capital_a_de_audessusde: vanilla 632 'Wake Island' -> hits mod 632 'Astrakhan', which has nothing to do with the intended 'Wake Island'. also at line 4387; file-global: no frloc_* scripted trigger is called anywhere in this mod (exhaustive repo grep: file is the only frloc hit) and no French loc ships, so every state list here is inert dead code;
common/scripted_triggers/00_scripted_triggers_FR_loc.txt	2821	638	dead_path	frloc_capital_a_de_audessusde: vanilla 638 'Guam' -> hits mod 638 'Belfort', which has nothing to do with the intended 'Guam'. also at line 4388; file-global: no frloc_* scripted trigger is called anywhere in this mod (exhaustive repo grep: file is the only frloc hit) and no French loc ships, so every state list here is inert dead code;
common/scripted_triggers/00_scripted_triggers_FR_loc.txt	2822	641	dead_path	frloc_capital_a_de_audessusde: vanilla 641 'Tahiti' -> hits mod 641 'Sopron', which has nothing to do with the intended 'Tahiti'. also at line 4390; file-global: no frloc_* scripted trigger is called anywhere in this mod (exhaustive repo grep: file is the only frloc hit) and no French loc ships, so every state list here is inert dead code;
common/scripted_triggers/00_scripted_triggers_FR_loc.txt	2823	672	dead_path	frloc_capital_a_de_audessusde: vanilla 672 'South Sumatra' -> hits mod 672 'Saint-Amand-Montrond', which has nothing to do with the intended 'South Sumatra'. also at line 4397; file-global: no frloc_* scripted trigger is called anywhere in this mod (exhaustive repo grep: file is the only frloc hit) and no French loc ships, so every state list here is inert dead code;
common/scripted_triggers/00_scripted_triggers_FR_loc.txt	2824	673	dead_path	frloc_capital_a_de_audessusde: vanilla 673 'Sulawesi' -> hits mod 673 'Schwytz', which has nothing to do with the intended 'Sulawesi'. also at line 4398; file-global: no frloc_* scripted trigger is called anywhere in this mod (exhaustive repo grep: file is the only frloc hit) and no French loc ships, so every state list here is inert dead code;
common/scripted_triggers/00_scripted_triggers_FR_loc.txt	2825	695	dead_path	frloc_capital_a_de_audessusde: vanilla 695 'Curaçao' -> hits mod 695 'Prekmurje', which has nothing to do with the intended 'Curaçao'. also at line 3989; file-global: no frloc_* scripted trigger is called anywhere in this mod (exhaustive repo grep: file is the only frloc hit) and no French loc ships, so every state list here is inert dead code;
common/scripted_triggers/00_scripted_triggers_FR_loc.txt	2826	706	dead_path	frloc_capital_a_de_audessusde: vanilla 706 'Reunion' -> hits mod 706 'Udine', which has nothing to do with the intended 'Reunion'. also at line 4404; file-global: no frloc_* scripted trigger is called anywhere in this mod (exhaustive repo grep: file is the only frloc hit) and no French loc ships, so every state list here is inert dead code;
common/scripted_triggers/00_scripted_triggers_FR_loc.txt	2827	707	dead_path	frloc_capital_a_de_audessusde: vanilla 707 'Mauritius' -> hits mod 707 'Vaud', which has nothing to do with the intended 'Mauritius'. also at line 3991; file-global: no frloc_* scripted trigger is called anywhere in this mod (exhaustive repo grep: file is the only frloc hit) and no French loc ships, so every state list here is inert dead code;
common/scripted_triggers/00_scripted_triggers_FR_loc.txt	2828	725	dead_path	frloc_capital_a_de_audessusde: vanilla 725 'Nauru' -> hits mod 725 'Charente-Inferieure', which has nothing to do with the intended 'Nauru'. also at line 3993; file-global: no frloc_* scripted trigger is called anywhere in this mod (exhaustive repo grep: file is the only frloc hit) and no French loc ships, so every state list here is inert dead code;
common/scripted_triggers/00_scripted_triggers_FR_loc.txt	2829	729	dead_path	frloc_capital_a_de_audessusde: vanilla 729 'Macau' -> hits mod 729 'Loire', which has nothing to do with the intended 'Macau'. also at line 4407; file-global: no frloc_* scripted trigger is called anywhere in this mod (exhaustive repo grep: file is the only frloc hit) and no French loc ships, so every state list here is inert dead code;
common/scripted_triggers/00_scripted_triggers_FR_loc.txt	2830	730	dead_path	frloc_capital_a_de_audessusde: vanilla 730 'St Pierre and Miquelon' -> hits mod 730 'Sibiu', which has nothing to do with the intended 'St Pierre and Miquelon'. if list is ever revived: exact-name successor(s) 2920 St Pierre et Miquelon; also at line 3994; file-global: no frloc_* scripted trigger is called anywhere in this mod (exhaustive repo grep: file is the only frloc hit) and no French loc ships, so every state list here is inert dead code;
common/scripted_triggers/00_scripted_triggers_FR_loc.txt	2831	734	dead_path	frloc_capital_a_de_audessusde: vanilla 734 'Santa Cruz Islands' -> hits mod 734 'Bassigny', which has nothing to do with the intended 'Santa Cruz Islands'. also at line 4408; file-global: no frloc_* scripted trigger is called anywhere in this mod (exhaustive repo grep: file is the only frloc hit) and no French loc ships, so every state list here is inert dead code;
common/scripted_triggers/00_scripted_triggers_FR_loc.txt	2839	318	dead_path	frloc_capital_a_d_audessusd: vanilla 318 'Haiti' -> hits mod 318 'Oryol', which has nothing to do with the intended 'Haiti'. also at line 4047; file-global: no frloc_* scripted trigger is called anywhere in this mod (exhaustive repo grep: file is the only frloc hit) and no French loc ships, so every state list here is inert dead code;
common/scripted_triggers/00_scripted_triggers_FR_loc.txt	2840	526	dead_path	frloc_capital_a_d_audessusd: vanilla 526 'Okinawa' -> hits mod 526 'Zaolzie', which has nothing to do with the intended 'Okinawa'. also at line 4048; file-global: no frloc_* scripted trigger is called anywhere in this mod (exhaustive repo grep: file is the only frloc hit) and no French loc ships, so every state list here is inert dead code;
common/scripted_triggers/00_scripted_triggers_FR_loc.txt	2841	629	dead_path	frloc_capital_a_d_audessusd: vanilla 629 'Hawaii' -> hits mod 629 'Campulung', which has nothing to do with the intended 'Hawaii'. also at line 4530; file-global: no frloc_* scripted trigger is called anywhere in this mod (exhaustive repo grep: file is the only frloc hit) and no French loc ships, so every state list here is inert dead code;
common/scripted_triggers/00_scripted_triggers_FR_loc.txt	2842	645	dead_path	frloc_capital_a_d_audessusd: vanilla 645 'Iwo Jima' -> hits mod 645 'Tours', which has nothing to do with the intended 'Iwo Jima'. also at line 4531; file-global: no frloc_* scripted trigger is called anywhere in this mod (exhaustive repo grep: file is the only frloc hit) and no French loc ships, so every state list here is inert dead code;
common/scripted_triggers/00_scripted_triggers_FR_loc.txt	2850	8	dead_path	frloc_capital_au_du_audessusdu: vanilla 8 'Luxembourg' -> hits mod 8 'Nova Scotia', which has nothing to do with the intended 'Luxembourg'. if list is ever revived: exact-name successor(s) 512 Luxembourg; also at line 3735; file-global: no frloc_* scripted trigger is called anywhere in this mod (exhaustive repo grep: file is the only frloc hit) and no French loc ships, so every state list here is inert dead code;
common/scripted_triggers/00_scripted_triggers_FR_loc.txt	2851	101	dead_path	frloc_capital_au_du_audessusdu: vanilla 101 'Greenland' -> hits mod 101 'Taurages', which has nothing to do with the intended 'Greenland'. also at line 3757; file-global: no frloc_* scripted trigger is called anywhere in this mod (exhaustive repo grep: file is the only frloc hit) and no French loc ships, so every state list here is inert dead code;
common/scripted_triggers/00_scripted_triggers_FR_loc.txt	2852	105	dead_path	frloc_capital_au_du_audessusdu: vanilla 105 'Montenegro' -> hits mod 105 'Hankoniemi', which has nothing to do with the intended 'Montenegro'. also at line 3758; file-global: no frloc_* scripted trigger is called anywhere in this mod (exhaustive repo grep: file is the only frloc hit) and no French loc ships, so every state list here is inert dead code;
common/scripted_triggers/00_scripted_triggers_FR_loc.txt	2853	153	dead_path	frloc_capital_au_du_audessusdu: vanilla 153 'Tyrol' -> hits mod 153 'Yaroslavl', which has nothing to do with the intended 'Tyrol'. also at line 3776; file-global: no frloc_* scripted trigger is called anywhere in this mod (exhaustive repo grep: file is the only frloc hit) and no French loc ships, so every state list here is inert dead code;
common/scripted_triggers/00_scripted_triggers_FR_loc.txt	2854	158	dead_path	frloc_capital_au_du_audessusdu: vanilla 158 'Piedmont' -> hits mod 158 'Caithness', which has nothing to do with the intended 'Piedmont'. also at line 3777; file-global: no frloc_* scripted trigger is called anywhere in this mod (exhaustive repo grep: file is the only frloc hit) and no French loc ships, so every state list here is inert dead code;
common/scripted_triggers/00_scripted_triggers_FR_loc.txt	2855	272	dead_path	frloc_capital_au_du_audessusdu: vanilla 272 'Senegal' -> hits mod 272 'Fermanagh', which has nothing to do with the intended 'Senegal'. also at line 3781; file-global: no frloc_* scripted trigger is called anywhere in this mod (exhaustive repo grep: file is the only frloc hit) and no French loc ships, so every state list here is inert dead code;
common/scripted_triggers/00_scripted_triggers_FR_loc.txt	2856	274	dead_path	frloc_capital_au_du_audessusdu: vanilla 274 'Ghana' -> hits mod 274 'Alytaus', which has nothing to do with the intended 'Ghana'. also at line 3783; file-global: no frloc_* scripted trigger is called anywhere in this mod (exhaustive repo grep: file is the only frloc hit) and no French loc ships, so every state list here is inert dead code;
common/scripted_triggers/00_scripted_triggers_FR_loc.txt	2857	289	dead_path	frloc_capital_au_du_audessusdu: vanilla 289 'Western Siam' -> hits mod 289 'Schwerin', which has nothing to do with the intended 'Western Siam'. also at line 3790; file-global: no frloc_* scripted trigger is called anywhere in this mod (exhaustive repo grep: file is the only frloc hit) and no French loc ships, so every state list here is inert dead code;
common/scripted_triggers/00_scripted_triggers_FR_loc.txt	2858	290	dead_path	frloc_capital_au_du_audessusdu: vanilla 290 'Spanish Africa' -> hits mod 290 'East Riding', which has nothing to do with the intended 'Spanish Africa'. also at line 3791; file-global: no frloc_* scripted trigger is called anywhere in this mod (exhaustive repo grep: file is the only frloc hit) and no French loc ships, so every state list here is inert dead code;
common/scripted_triggers/00_scripted_triggers_FR_loc.txt	2859	293	dead_path	frloc_capital_au_du_audessusdu: vanilla 293 'North Yemen' -> hits mod 293 'Lancashire', which has nothing to do with the intended 'North Yemen'. also at line 3793; file-global: no frloc_* scripted trigger is called anywhere in this mod (exhaustive repo grep: file is the only frloc hit) and no French loc ships, so every state list here is inert dead code;
common/scripted_triggers/00_scripted_triggers_FR_loc.txt	2860	298	dead_path	frloc_capital_au_du_audessusdu: vanilla 298 'Liberia' -> hits mod 298 'Kletnya', which has nothing to do with the intended 'Liberia'. also at line 3794; file-global: no frloc_* scripted trigger is called anywhere in this mod (exhaustive repo grep: file is the only frloc hit) and no French loc ships, so every state list here is inert dead code;
common/scripted_triggers/00_scripted_triggers_FR_loc.txt	2861	301	dead_path	frloc_capital_au_du_audessusdu: vanilla 301 'Paraguay' -> hits mod 301 'Schneidemuhl', which has nothing to do with the intended 'Paraguay'. also at line 3795; file-global: no frloc_* scripted trigger is called anywhere in this mod (exhaustive repo grep: file is the only frloc hit) and no French loc ships, so every state list here is inert dead code;
common/scripted_triggers/00_scripted_triggers_FR_loc.txt	2862	304	dead_path	frloc_capital_au_du_audessusdu: vanilla 304 'Panamá' -> hits mod 304 'Meath', which has nothing to do with the intended 'Panamá'. also at line 3796; file-global: no frloc_* scripted trigger is called anywhere in this mod (exhaustive repo grep: file is the only frloc hit) and no French loc ships, so every state list here is inert dead code;
common/scripted_triggers/00_scripted_triggers_FR_loc.txt	2863	309	dead_path	frloc_capital_au_du_audessusdu: vanilla 309 'Suriname' -> hits mod 309 'Tambov', which has nothing to do with the intended 'Suriname'. also at line 3799; file-global: no frloc_* scripted trigger is called anywhere in this mod (exhaustive repo grep: file is the only frloc hit) and no French loc ships, so every state list here is inert dead code;
common/scripted_triggers/00_scripted_triggers_FR_loc.txt	2864	311	dead_path	frloc_capital_au_du_audessusdu: vanilla 311 'British Honduras' -> hits mod 311 'Plock', which has nothing to do with the intended 'British Honduras'. also at line 3800; file-global: no frloc_* scripted trigger is called anywhere in this mod (exhaustive repo grep: file is the only frloc hit) and no French loc ships, so every state list here is inert dead code;
common/scripted_triggers/00_scripted_triggers_FR_loc.txt	2865	312	dead_path	frloc_capital_au_du_audessusdu: vanilla 312 'Honduras' -> hits mod 312 'Lomza', which has nothing to do with the intended 'Honduras'. also at line 3801; file-global: no frloc_* scripted trigger is called anywhere in this mod (exhaustive repo grep: file is the only frloc hit) and no French loc ships, so every state list here is inert dead code;
common/scripted_triggers/00_scripted_triggers_FR_loc.txt	2866	313	dead_path	frloc_capital_au_du_audessusdu: vanilla 313 'Guatemala' -> hits mod 313 'Lincolnshire', which has nothing to do with the intended 'Guatemala'. also at line 3802; file-global: no frloc_* scripted trigger is called anywhere in this mod (exhaustive repo grep: file is the only frloc hit) and no French loc ships, so every state list here is inert dead code;
common/scripted_triggers/00_scripted_triggers_FR_loc.txt	2867	314	dead_path	frloc_capital_au_du_audessusdu: vanilla 314 'El Salvador' -> hits mod 314 'Wilhelmshaven', which has nothing to do with the intended 'El Salvador'. also at line 3803; file-global: no frloc_* scripted trigger is called anywhere in this mod (exhaustive repo grep: file is the only frloc hit) and no French loc ships, so every state list here is inert dead code;
common/scripted_triggers/00_scripted_triggers_FR_loc.txt	2868	316	dead_path	frloc_capital_au_du_audessusdu: vanilla 316 'Costa Rica' -> hits mod 316 'Emden', which has nothing to do with the intended 'Costa Rica'. also at line 3804; file-global: no frloc_* scripted trigger is called anywhere in this mod (exhaustive repo grep: file is the only frloc hit) and no French loc ships, so every state list here is inert dead code;
common/scripted_triggers/00_scripted_triggers_FR_loc.txt	2869	317	dead_path	frloc_capital_au_du_audessusdu: vanilla 317 'Nicaragua' -> hits mod 317 'Galway', which has nothing to do with the intended 'Nicaragua'. also at line 3805; file-global: no frloc_* scripted trigger is called anywhere in this mod (exhaustive repo grep: file is the only frloc hit) and no French loc ships, so every state list here is inert dead code;
common/scripted_triggers/00_scripted_triggers_FR_loc.txt	2870	322	dead_path	frloc_capital_au_du_audessusdu: vanilla 322 'Nagqu' -> hits mod 322 'Oldenburg', which has nothing to do with the intended 'Nagqu'. also at line 3806; file-global: no frloc_* scripted trigger is called anywhere in this mod (exhaustive repo grep: file is the only frloc hit) and no French loc ships, so every state list here is inert dead code;
common/scripted_triggers/00_scripted_triggers_FR_loc.txt	2871	323	dead_path	frloc_capital_au_du_audessusdu: vanilla 323 'Nepal' -> hits mod 323 'Dankov', which has nothing to do with the intended 'Nepal'. also at line 3807; file-global: no frloc_* scripted trigger is called anywhere in this mod (exhaustive repo grep: file is the only frloc hit) and no French loc ships, so every state list here is inert dead code;
common/scripted_triggers/00_scripted_triggers_FR_loc.txt	2872	324	dead_path	frloc_capital_au_du_audessusdu: vanilla 324 'Bhutan' -> hits mod 324 'Cheshire', which has nothing to do with the intended 'Bhutan'. also at line 3808; file-global: no frloc_* scripted trigger is called anywhere in this mod (exhaustive repo grep: file is the only frloc hit) and no French loc ships, so every state list here is inert dead code;
common/scripted_triggers/00_scripted_triggers_FR_loc.txt	2873	329	dead_path	frloc_capital_au_du_audessusdu: vanilla 329 'Tannu Tuva' -> hits mod 329 'Gostynin', which has nothing to do with the intended 'Tannu Tuva'. also at line 3811; file-global: no frloc_* scripted trigger is called anywhere in this mod (exhaustive repo grep: file is the only frloc hit) and no French loc ships, so every state list here is inert dead code;
common/scripted_triggers/00_scripted_triggers_FR_loc.txt	2874	332	dead_path	frloc_capital_au_du_audessusdu: vanilla 332 'Labrador' -> hits mod 332 'Celle', which has nothing to do with the intended 'Labrador'. also at line 3812; file-global: no frloc_* scripted trigger is called anywhere in this mod (exhaustive repo grep: file is the only frloc hit) and no French loc ships, so every state list here is inert dead code;
common/scripted_triggers/00_scripted_triggers_FR_loc.txt	2875	375	dead_path	frloc_capital_au_du_audessusdu: vanilla 375 'Texas' -> hits mod 375 'Rutland', which has nothing to do with the intended 'Texas'. also at line 3820; file-global: no frloc_* scripted trigger is called anywhere in this mod (exhaustive repo grep: file is the only frloc hit) and no French loc ships, so every state list here is inert dead code;
common/scripted_triggers/00_scripted_triggers_FR_loc.txt	2876	376	dead_path	frloc_capital_au_du_audessusdu: vanilla 376 'New Mexico' -> hits mod 376 'Przasnysz', which has nothing to do with the intended 'New Mexico'. also at line 3821; file-global: no frloc_* scripted trigger is called anywhere in this mod (exhaustive repo grep: file is the only frloc hit) and no French loc ships, so every state list here is inert dead code;
common/scripted_triggers/00_scripted_triggers_FR_loc.txt	2877	386	dead_path	frloc_capital_au_du_audessusdu: vanilla 386 'Washington' -> hits mod 386 'Suffolk', which has nothing to do with the intended 'Washington'. also at line 3827; file-global: no frloc_* scripted trigger is called anywhere in this mod (exhaustive repo grep: file is the only frloc hit) and no French loc ships, so every state list here is inert dead code;
common/scripted_triggers/00_scripted_triggers_FR_loc.txt	2878	430	dead_path	frloc_capital_au_du_audessusdu: vanilla 430 'East Bengal' -> hits mod 430 'Batys Kazakhstan', which has nothing to do with the intended 'East Bengal'. also at line 3841; file-global: no frloc_* scripted trigger is called anywhere in this mod (exhaustive repo grep: file is the only frloc hit) and no French loc ships, so every state list here is inert dead code;
common/scripted_triggers/00_scripted_triggers_FR_loc.txt	2879	431	dead_path	frloc_capital_au_du_audessusdu: vanilla 431 'West Bengal' -> hits mod 431 'Duesseldorf', which has nothing to do with the intended 'West Bengal'. also at line 3842; file-global: no frloc_* scripted trigger is called anywhere in this mod (exhaustive repo grep: file is the only frloc hit) and no French loc ships, so every state list here is inert dead code;
common/scripted_triggers/00_scripted_triggers_FR_loc.txt	2880	440	dead_path	frloc_capital_au_du_audessusdu: vanilla 440 'West Punjab' -> hits mod 440 'Erfurt', which has nothing to do with the intended 'West Punjab'. also at line 3845; file-global: no frloc_* scripted trigger is called anywhere in this mod (exhaustive repo grep: file is the only frloc hit) and no French loc ships, so every state list here is inert dead code;
common/scripted_triggers/00_scripted_triggers_FR_loc.txt	2881	441	dead_path	frloc_capital_au_du_audessusdu: vanilla 441 'Kashmir' -> hits mod 441 'Gorlitz', which has nothing to do with the intended 'Kashmir'. also at line 3846; file-global: no frloc_* scripted trigger is called anywhere in this mod (exhaustive repo grep: file is the only frloc hit) and no French loc ships, so every state list here is inert dead code;
common/scripted_triggers/00_scripted_triggers_FR_loc.txt	2882	444	dead_path	frloc_capital_au_du_audessusdu: vanilla 444 'South Baluchistan' -> hits mod 444 'Antwerpen', which has nothing to do with the intended 'South Baluchistan'. also at line 3848; file-global: no frloc_* scripted trigger is called anywhere in this mod (exhaustive repo grep: file is the only frloc hit) and no French loc ships, so every state list here is inert dead code;
common/scripted_triggers/00_scripted_triggers_FR_loc.txt	2883	466	dead_path	frloc_capital_au_du_audessusdu: vanilla 466 'Nord du Quebec' -> hits mod 466 'Hainaut Francais', which has nothing to do with the intended 'Nord du Quebec'. if list is ever revived: fuzzy-name successor(s) 1 Quebec; also at line 3852; file-global: no frloc_* scripted trigger is called anywhere in this mod (exhaustive repo grep: file is the only frloc hit) and no French loc ships, so every state list here is inert dead code;
common/scripted_triggers/00_scripted_triggers_FR_loc.txt	2884	517	dead_path	frloc_capital_au_du_audessusdu: vanilla 517 'Victoria' -> hits mod 517 'Seine-Inferieure', which has nothing to do with the intended 'Victoria'. also at line 3884; file-global: no frloc_* scripted trigger is called anywhere in this mod (exhaustive repo grep: file is the only frloc hit) and no French loc ships, so every state list here is inert dead code;
common/scripted_triggers/00_scripted_triggers_FR_loc.txt	2885	539	dead_path	frloc_capital_au_du_audessusdu: vanilla 539 'Gabon' -> hits mod 539 'Budejovice', which has nothing to do with the intended 'Gabon'. also at line 3893; file-global: no frloc_* scripted trigger is called anywhere in this mod (exhaustive repo grep: file is the only frloc hit) and no French loc ships, so every state list here is inert dead code;
common/scripted_triggers/00_scripted_triggers_FR_loc.txt	2886	540	dead_path	frloc_capital_au_du_audessusdu: vanilla 540 'Luanda' -> hits mod 540 'Charente-Vienne', which has nothing to do with the intended 'Luanda'. also at line 3894; file-global: no frloc_* scripted trigger is called anywhere in this mod (exhaustive repo grep: file is the only frloc hit) and no French loc ships, so every state list here is inert dead code;
common/scripted_triggers/00_scripted_triggers_FR_loc.txt	2887	542	dead_path	frloc_capital_au_du_audessusdu: vanilla 542 'Bechuanaland' -> hits mod 542 'Nadworna', which has nothing to do with the intended 'Bechuanaland'. if list is ever revived: fuzzy-name successor(s) 98 Aland; also at line 3896; file-global: no frloc_* scripted trigger is called anywhere in this mod (exhaustive repo grep: file is the only frloc hit) and no French loc ships, so every state list here is inert dead code;
common/scripted_triggers/00_scripted_triggers_FR_loc.txt	2888	544	dead_path	frloc_capital_au_du_audessusdu: vanilla 544 'Lourenço Marques' -> hits mod 544 'Briey', which has nothing to do with the intended 'Lourenço Marques'. also at line 3897; file-global: no frloc_* scripted trigger is called anywhere in this mod (exhaustive repo grep: file is the only frloc hit) and no French loc ships, so every state list here is inert dead code;
common/scripted_triggers/00_scripted_triggers_FR_loc.txt	2889	547	dead_path	frloc_capital_au_du_audessusdu: vanilla 547 'Nairobi' -> hits mod 547 'Moselle', which has nothing to do with the intended 'Nairobi'. also at line 3899; file-global: no frloc_* scripted trigger is called anywhere in this mod (exhaustive repo grep: file is the only frloc hit) and no French loc ships, so every state list here is inert dead code;
common/scripted_triggers/00_scripted_triggers_FR_loc.txt	2890	549	dead_path	frloc_capital_au_du_audessusdu: vanilla 549 'Kurdufan' -> hits mod 549 'Bydgoszcz', which has nothing to do with the intended 'Kurdufan'. also at line 3900; file-global: no frloc_* scripted trigger is called anywhere in this mod (exhaustive repo grep: file is the only frloc hit) and no French loc ships, so every state list here is inert dead code;
common/scripted_triggers/00_scripted_triggers_FR_loc.txt	2891	553	dead_path	frloc_capital_au_du_audessusdu: vanilla 553 'Lebanon' -> hits mod 553 'Heilbronn', which has nothing to do with the intended 'Lebanon'. also at line 3902; file-global: no frloc_* scripted trigger is called anywhere in this mod (exhaustive repo grep: file is the only frloc hit) and no French loc ships, so every state list here is inert dead code;
common/scripted_triggers/00_scripted_triggers_FR_loc.txt	2892	556	dead_path	frloc_capital_au_du_audessusdu: vanilla 556 'Bamako' -> hits mod 556 'Karlsruhe', which has nothing to do with the intended 'Bamako'. also at line 3903; file-global: no frloc_* scripted trigger is called anywhere in this mod (exhaustive repo grep: file is the only frloc hit) and no French loc ships, so every state list here is inert dead code;
common/scripted_triggers/00_scripted_triggers_FR_loc.txt	2893	558	dead_path	frloc_capital_au_du_audessusdu: vanilla 558 'Lagos' -> hits mod 558 'Yvelines', which has nothing to do with the intended 'Lagos'. if list is ever revived: fuzzy-name successor(s) 1534 Lagosta,2913 Pelagosa; also at line 3904; file-global: no frloc_* scripted trigger is called anywhere in this mod (exhaustive repo grep: file is the only frloc hit) and no French loc ships, so every state list here is inert dead code;
common/scripted_triggers/00_scripted_triggers_FR_loc.txt	2894	559	dead_path	frloc_capital_au_du_audessusdu: vanilla 559 'Somaliland' -> hits mod 559 'Oleksandriia', which has nothing to do with the intended 'Somaliland'. also at line 3905; file-global: no frloc_* scripted trigger is called anywhere in this mod (exhaustive repo grep: file is the only frloc hit) and no French loc ships, so every state list here is inert dead code;
common/scripted_triggers/00_scripted_triggers_FR_loc.txt	2895	656	dead_path	frloc_capital_au_du_audessusdu: vanilla 656 'Kuwait' -> hits mod 656 'Sieradz', which has nothing to do with the intended 'Kuwait'. if list is ever revived: fuzzy-name successor(s) 1302 Kuwait City; also at line 3932; file-global: no frloc_* scripted trigger is called anywhere in this mod (exhaustive repo grep: file is the only frloc hit) and no French loc ships, so every state list here is inert dead code;
common/scripted_triggers/00_scripted_triggers_FR_loc.txt	2896	657	dead_path	frloc_capital_au_du_audessusdu: vanilla 657 'Birobidzhan' -> hits mod 657 'Kakhovka', which has nothing to do with the intended 'Birobidzhan'. also at line 3933; file-global: no frloc_* scripted trigger is called anywhere in this mod (exhaustive repo grep: file is the only frloc hit) and no French loc ships, so every state list here is inert dead code;
common/scripted_triggers/00_scripted_triggers_FR_loc.txt	2897	670	dead_path	frloc_capital_au_du_audessusdu: vanilla 670 'Laos' -> hits mod 670 'Indre', which has nothing to do with the intended 'Laos'. also at line 3934; file-global: no frloc_* scripted trigger is called anywhere in this mod (exhaustive repo grep: file is the only frloc hit) and no French loc ships, so every state list here is inert dead code;
common/scripted_triggers/00_scripted_triggers_FR_loc.txt	2898	671	dead_path	frloc_capital_au_du_audessusdu: vanilla 671 'Tonkin' -> hits mod 671 'Rowne', which has nothing to do with the intended 'Tonkin'. also at line 3935; file-global: no frloc_* scripted trigger is called anywhere in this mod (exhaustive repo grep: file is the only frloc hit) and no French loc ships, so every state list here is inert dead code;
common/scripted_triggers/00_scripted_triggers_FR_loc.txt	2899	702	dead_path	frloc_capital_au_du_audessusdu: vanilla 702 'Cape Verde' -> hits mod 702 'Chevagnes', which has nothing to do with the intended 'Cape Verde'. also at line 3943; file-global: no frloc_* scripted trigger is called anywhere in this mod (exhaustive repo grep: file is the only frloc hit) and no French loc ships, so every state list here is inert dead code;
common/scripted_triggers/00_scripted_triggers_FR_loc.txt	2900	741	dead_path	frloc_capital_au_du_audessusdu: vanilla 741 'Cambodia' -> hits mod 741 'Charente', which has nothing to do with the intended 'Cambodia'. also at line 3952; file-global: no frloc_* scripted trigger is called anywhere in this mod (exhaustive repo grep: file is the only frloc hit) and no French loc ships, so every state list here is inert dead code;
common/scripted_triggers/00_scripted_triggers_FR_loc.txt	2908	49	dead_path	frloc_capital_autourd_d_audessusd: vanilla 49 'Ankara' -> hits mod 49 'Nordurland vestra', which has nothing to do with the intended 'Ankara'. if list is ever revived: exact-name successor(s) 979 Ankara; also at line 4488; file-global: no frloc_* scripted trigger is called anywhere in this mod (exhaustive repo grep: file is the only frloc hit) and no French loc ships, so every state list here is inert dead code;
common/scripted_triggers/00_scripted_triggers_FR_loc.txt	2909	192	dead_path	frloc_capital_autourd_d_audessusd: vanilla 192 'Odessa' -> hits mod 192 'Bute', which has nothing to do with the intended 'Odessa'. if list is ever revived: exact-name successor(s) 2045 Odessa; also at line 4489; file-global: no frloc_* scripted trigger is called anywhere in this mod (exhaustive repo grep: file is the only frloc hit) and no French loc ships, so every state list here is inert dead code;
common/scripted_triggers/00_scripted_triggers_FR_loc.txt	2910	214	dead_path	frloc_capital_autourd_d_audessusd: vanilla 214 'Arkhangelsk' -> hits mod 214 'Clackmannan', which has nothing to do with the intended 'Arkhangelsk'. if list is ever revived: exact-name successor(s) 41 Arkhangelsk; also at line 4490; file-global: no frloc_* scripted trigger is called anywhere in this mod (exhaustive repo grep: file is the only frloc hit) and no French loc ships, so every state list here is inert dead code;
common/scripted_triggers/00_scripted_triggers_FR_loc.txt	2911	215	dead_path	frloc_capital_autourd_d_audessusd: vanilla 215 'Onega' -> hits mod 215 'Gorodok', which has nothing to do with the intended 'Onega'. if list is ever revived: exact-name successor(s) 2458 Onega; also at line 4491; file-global: no frloc_* scripted trigger is called anywhere in this mod (exhaustive repo grep: file is the only frloc hit) and no French loc ships, so every state list here is inert dead code;
common/scripted_triggers/00_scripted_triggers_FR_loc.txt	2912	216	dead_path	frloc_capital_autourd_d_audessusd: vanilla 216 'Olonets' -> hits mod 216 'Frederiksborg', which has nothing to do with the intended 'Olonets'. if list is ever revived: exact-name successor(s) 57 Olonets; also at line 4492; file-global: no frloc_* scripted trigger is called anywhere in this mod (exhaustive repo grep: file is the only frloc hit) and no French loc ships, so every state list here is inert dead code;
common/scripted_triggers/00_scripted_triggers_FR_loc.txt	2913	222	dead_path	frloc_capital_autourd_d_audessusd: vanilla 222 'Orel' -> hits mod 222 'Renfrew', which has nothing to do with the intended 'Orel'. also at line 4493; file-global: no frloc_* scripted trigger is called anywhere in this mod (exhaustive repo grep: file is the only frloc hit) and no French loc ships, so every state list here is inert dead code;
common/scripted_triggers/00_scripted_triggers_FR_loc.txt	2914	236	dead_path	frloc_capital_autourd_d_audessusd: vanilla 236 'Astrakhan' -> hits mod 236 'Swieciany', which has nothing to do with the intended 'Astrakhan'. if list is ever revived: exact-name successor(s) 632 Astrakhan; also at line 4494; file-global: no frloc_* scripted trigger is called anywhere in this mod (exhaustive repo grep: file is the only frloc hit) and no French loc ships, so every state list here is inert dead code;
common/scripted_triggers/00_scripted_triggers_FR_loc.txt	2915	237	dead_path	frloc_capital_autourd_d_audessusd: vanilla 237 'Kalmykia' -> hits mod 237 'Roxburgh', which has nothing to do with the intended 'Kalmykia'. if list is ever revived: exact-name successor(s) 630 Kalmykia; also at line 4495; file-global: no frloc_* scripted trigger is called anywhere in this mod (exhaustive repo grep: file is the only frloc hit) and no French loc ships, so every state list here is inert dead code;
common/scripted_triggers/00_scripted_triggers_FR_loc.txt	2916	250	dead_path	frloc_capital_autourd_d_audessusd: vanilla 250 'Ulyanovsky' -> hits mod 250 'Ryazan', which has nothing to do with the intended 'Ulyanovsky'. if list is ever revived: fuzzy-name successor(s) 261 Ulyanovsk; also at line 4496; file-global: no frloc_* scripted trigger is called anywhere in this mod (exhaustive repo grep: file is the only frloc hit) and no French loc ships, so every state list here is inert dead code;
common/scripted_triggers/00_scripted_triggers_FR_loc.txt	2917	253	dead_path	frloc_capital_autourd_d_audessusd: vanilla 253 'Ivanovo' -> hits mod 253 'Antrim', which has nothing to do with the intended 'Ivanovo'. if list is ever revived: exact-name successor(s) 177 Ivanovo; also at line 4497; file-global: no frloc_* scripted trigger is called anywhere in this mod (exhaustive repo grep: file is the only frloc hit) and no French loc ships, so every state list here is inert dead code;
common/scripted_triggers/00_scripted_triggers_FR_loc.txt	2918	294	dead_path	frloc_capital_autourd_d_audessusd: vanilla 294 'Muscat' -> hits mod 294 'Druskieniki', which has nothing to do with the intended 'Muscat'. also at line 4498; file-global: no frloc_* scripted trigger is called anywhere in this mod (exhaustive repo grep: file is the only frloc hit) and no French loc ships, so every state list here is inert dead code;
common/scripted_triggers/00_scripted_triggers_FR_loc.txt	2919	339	dead_path	frloc_capital_autourd_d_audessusd: vanilla 339 'Izmir' -> hits mod 339 'Landsberg', which has nothing to do with the intended 'Izmir'. if list is ever revived: exact-name successor(s) 1032 Izmir; also at line 4499; file-global: no frloc_* scripted trigger is called anywhere in this mod (exhaustive repo grep: file is the only frloc hit) and no French loc ships, so every state list here is inert dead code;
common/scripted_triggers/00_scripted_triggers_FR_loc.txt	2920	341	dead_path	frloc_capital_autourd_d_audessusd: vanilla 341 'Edirne' -> hits mod 341 'Anglesey', which has nothing to do with the intended 'Edirne'. if list is ever revived: exact-name successor(s) 928 Edirne; also at line 4500; file-global: no frloc_* scripted trigger is called anywhere in this mod (exhaustive repo grep: file is the only frloc hit) and no French loc ships, so every state list here is inert dead code;
common/scripted_triggers/00_scripted_triggers_FR_loc.txt	2921	342	dead_path	frloc_capital_autourd_d_audessusd: vanilla 342 'Antalya' -> hits mod 342 'Denbighshire', which has nothing to do with the intended 'Antalya'. if list is ever revived: exact-name successor(s) 1097 Antalya; also at line 4501; file-global: no frloc_* scripted trigger is called anywhere in this mod (exhaustive repo grep: file is the only frloc hit) and no French loc ships, so every state list here is inert dead code;
common/scripted_triggers/00_scripted_triggers_FR_loc.txt	2922	343	dead_path	frloc_capital_autourd_d_audessusd: vanilla 343 'Afyon' -> hits mod 343 'Wicklow', which has nothing to do with the intended 'Afyon'. if list is ever revived: fuzzy-name successor(s) 1043 Afyonkarahisar; also at line 4502; file-global: no frloc_* scripted trigger is called anywhere in this mod (exhaustive repo grep: file is the only frloc hit) and no French loc ships, so every state list here is inert dead code;
common/scripted_triggers/00_scripted_triggers_FR_loc.txt	2923	344	dead_path	frloc_capital_autourd_d_audessusd: vanilla 344 'Malatya' -> hits mod 344 'Staffordshire', which has nothing to do with the intended 'Malatya'. if list is ever revived: exact-name successor(s) 1049 Malatya; also at line 4503; file-global: no frloc_* scripted trigger is called anywhere in this mod (exhaustive repo grep: file is the only frloc hit) and no French loc ships, so every state list here is inert dead code;
common/scripted_triggers/00_scripted_triggers_FR_loc.txt	2924	347	dead_path	frloc_capital_autourd_d_audessusd: vanilla 347 'Izmit' -> hits mod 347 'Roskilde', which has nothing to do with the intended 'Izmit'. also at line 4504; file-global: no frloc_* scripted trigger is called anywhere in this mod (exhaustive repo grep: file is the only frloc hit) and no French loc ships, so every state list here is inert dead code;
common/scripted_triggers/00_scripted_triggers_FR_loc.txt	2925	353	dead_path	frloc_capital_autourd_d_audessusd: vanilla 353 'Tunceli' -> hits mod 353 'Dessau', which has nothing to do with the intended 'Tunceli'. if list is ever revived: exact-name successor(s) 1012 Tunceli; also at line 4505; file-global: no frloc_* scripted trigger is called anywhere in this mod (exhaustive repo grep: file is the only frloc hit) and no French loc ships, so every state list here is inert dead code;
common/scripted_triggers/00_scripted_triggers_FR_loc.txt	2926	399	dead_path	frloc_capital_autourd_d_audessusd: vanilla 399 'Udmurtia' -> hits mod 399 'Utrecht', which has nothing to do with the intended 'Udmurtia'. if list is ever revived: fuzzy-name successor(s) 162 Udmurt; also at line 4506; file-global: no frloc_* scripted trigger is called anywhere in this mod (exhaustive repo grep: file is the only frloc hit) and no French loc ships, so every state list here is inert dead code;
common/scripted_triggers/00_scripted_triggers_FR_loc.txt	2927	401	dead_path	frloc_capital_autourd_d_audessusd: vanilla 401 'Balakovo' -> hits mod 401 'Brecknockshire', which has nothing to do with the intended 'Balakovo'. if list is ever revived: exact-name successor(s) 2429 Balakovo; also at line 4507; file-global: no frloc_* scripted trigger is called anywhere in this mod (exhaustive repo grep: file is the only frloc hit) and no French loc ships, so every state list here is inert dead code;
common/scripted_triggers/00_scripted_triggers_FR_loc.txt	2928	402	dead_path	frloc_capital_autourd_d_audessusd: vanilla 402 'Akhtubinsk' -> hits mod 402 'Zuid-Holland', which has nothing to do with the intended 'Akhtubinsk'. if list is ever revived: exact-name successor(s) 2516 Akhtubinsk; also at line 4508; file-global: no frloc_* scripted trigger is called anywhere in this mod (exhaustive repo grep: file is the only frloc hit) and no French loc ships, so every state list here is inert dead code;
common/scripted_triggers/00_scripted_triggers_FR_loc.txt	2929	407	dead_path	frloc_capital_autourd_d_audessusd: vanilla 407 'Ural'sk' -> hits mod 407 'Sochaczew', which has nothing to do with the intended 'Ural'sk'. also at line 4509; file-global: no frloc_* scripted trigger is called anywhere in this mod (exhaustive repo grep: file is the only frloc hit) and no French loc ships, so every state list here is inert dead code;
common/scripted_triggers/00_scripted_triggers_FR_loc.txt	2930	411	dead_path	frloc_capital_autourd_d_audessusd: vanilla 411 'Isfahan' -> hits mod 411 'Delitzsch', which has nothing to do with the intended 'Isfahan'. if list is ever revived: exact-name successor(s) 1206 Isfahan; also at line 4510; file-global: no frloc_* scripted trigger is called anywhere in this mod (exhaustive repo grep: file is the only frloc hit) and no French loc ships, so every state list here is inert dead code;
common/scripted_triggers/00_scripted_triggers_FR_loc.txt	2931	415	dead_path	frloc_capital_autourd_d_audessusd: vanilla 415 'Herat' -> hits mod 415 'Bunzlau', which has nothing to do with the intended 'Herat'. also at line 4511; file-global: no frloc_* scripted trigger is called anywhere in this mod (exhaustive repo grep: file is the only frloc hit) and no French loc ships, so every state list here is inert dead code;
common/scripted_triggers/00_scripted_triggers_FR_loc.txt	2932	427	dead_path	frloc_capital_autourd_d_audessusd: vanilla 427 'Hyderabad' -> hits mod 427 'Grevenmacher', which has nothing to do with the intended 'Hyderabad'. also at line 4512; file-global: no frloc_* scripted trigger is called anywhere in this mod (exhaustive repo grep: file is the only frloc hit) and no French loc ships, so every state list here is inert dead code;
common/scripted_triggers/00_scripted_triggers_FR_loc.txt	2933	437	dead_path	frloc_capital_autourd_d_audessusd: vanilla 437 'Central India' -> hits mod 437 'Wiltshire', which has nothing to do with the intended 'Central India'. also at line 4513; file-global: no frloc_* scripted trigger is called anywhere in this mod (exhaustive repo grep: file is the only frloc hit) and no French loc ships, so every state list here is inert dead code;
common/scripted_triggers/00_scripted_triggers_FR_loc.txt	2934	447	dead_path	frloc_capital_autourd_d_audessusd: vanilla 447 'Alexandria' -> hits mod 447 'Surrey', which has nothing to do with the intended 'Alexandria'. also at line 4514; file-global: no frloc_* scripted trigger is called anywhere in this mod (exhaustive repo grep: file is the only frloc hit) and no French loc ships, so every state list here is inert dead code;
common/scripted_triggers/00_scripted_triggers_FR_loc.txt	2935	449	dead_path	frloc_capital_autourd_d_audessusd: vanilla 449 'El Agheila' -> hits mod 449 'Meissen', which has nothing to do with the intended 'El Agheila'. also at line 4515; file-global: no frloc_* scripted trigger is called anywhere in this mod (exhaustive repo grep: file is the only frloc hit) and no French loc ships, so every state list here is inert dead code;
common/scripted_triggers/00_scripted_triggers_FR_loc.txt	2936	456	dead_path	frloc_capital_autourd_d_audessusd: vanilla 456 'Aswan' -> hits mod 456 'Vlaams-Limburg', which has nothing to do with the intended 'Aswan'. if list is ever revived: exact-name successor(s) 1334 Aswan; also at line 4516; file-global: no frloc_* scripted trigger is called anywhere in this mod (exhaustive repo grep: file is the only frloc hit) and no French loc ships, so every state list here is inert dead code;
common/scripted_triggers/00_scripted_triggers_FR_loc.txt	2937	459	dead_path	frloc_capital_autourd_d_audessusd: vanilla 459 'Algiers' -> hits mod 459 'Krzemieniec', which has nothing to do with the intended 'Algiers'. also at line 4517; file-global: no frloc_* scripted trigger is called anywhere in this mod (exhaustive repo grep: file is the only frloc hit) and no French loc ships, so every state list here is inert dead code;
common/scripted_triggers/00_scripted_triggers_FR_loc.txt	2938	492	dead_path	frloc_capital_autourd_d_audessusd: vanilla 492 'Arequipa' -> hits mod 492 'Wuerzburg', which has nothing to do with the intended 'Arequipa'. also at line 4518; file-global: no frloc_* scripted trigger is called anywhere in this mod (exhaustive repo grep: file is the only frloc hit) and no French loc ships, so every state list here is inert dead code;
common/scripted_triggers/00_scripted_triggers_FR_loc.txt	2939	506	dead_path	frloc_capital_autourd_d_audessusd: vanilla 506 'Antofagasta' -> hits mod 506 'Kreuznach', which has nothing to do with the intended 'Antofagasta'. also at line 4519; file-global: no frloc_* scripted trigger is called anywhere in this mod (exhaustive repo grep: file is the only frloc hit) and no French loc ships, so every state list here is inert dead code;
common/scripted_triggers/00_scripted_triggers_FR_loc.txt	2940	562	dead_path	frloc_capital_autourd_d_audessusd: vanilla 562 'Okhotsk' -> hits mod 562 'Sobrance', which has nothing to do with the intended 'Okhotsk'. also at line 4520; file-global: no frloc_* scripted trigger is called anywhere in this mod (exhaustive repo grep: file is the only frloc hit) and no French loc ships, so every state list here is inert dead code;
common/scripted_triggers/00_scripted_triggers_FR_loc.txt	2941	564	dead_path	frloc_capital_autourd_d_audessusd: vanilla 564 'Buryatia' -> hits mod 564 'Northern Maramures', which has nothing to do with the intended 'Buryatia'. also at line 4521; file-global: no frloc_* scripted trigger is called anywhere in this mod (exhaustive repo grep: file is the only frloc hit) and no French loc ships, so every state list here is inert dead code;
common/scripted_triggers/00_scripted_triggers_FR_loc.txt	2942	566	dead_path	frloc_capital_autourd_d_audessusd: vanilla 566 'Irkutsk' -> hits mod 566 'Bas-Rhin', which has nothing to do with the intended 'Irkutsk'. also at line 4522; file-global: no frloc_* scripted trigger is called anywhere in this mod (exhaustive repo grep: file is the only frloc hit) and no French loc ships, so every state list here is inert dead code;
common/scripted_triggers/00_scripted_triggers_FR_loc.txt	2943	571	dead_path	frloc_capital_autourd_d_audessusd: vanilla 571 'Omsk' -> hits mod 571 'Paris', which has nothing to do with the intended 'Omsk'. also at line 4523; file-global: no frloc_* scripted trigger is called anywhere in this mod (exhaustive repo grep: file is the only frloc hit) and no French loc ships, so every state list here is inert dead code;
common/scripted_triggers/00_scripted_triggers_FR_loc.txt	2944	584	dead_path	frloc_capital_autourd_d_audessusd: vanilla 584 'Ashkhabad' -> hits mod 584 'Aube', which has nothing to do with the intended 'Ashkhabad'. also at line 4524; file-global: no frloc_* scripted trigger is called anywhere in this mod (exhaustive repo grep: file is the only frloc hit) and no French loc ships, so every state list here is inert dead code;
common/scripted_triggers/00_scripted_triggers_FR_loc.txt	2945	585	dead_path	frloc_capital_autourd_d_audessusd: vanilla 585 'Navoi' -> hits mod 585 'Reolais et Bastide', which has nothing to do with the intended 'Navoi'. also at line 4525; file-global: no frloc_* scripted trigger is called anywhere in this mod (exhaustive repo grep: file is the only frloc hit) and no French loc ships, so every state list here is inert dead code;
common/scripted_triggers/00_scripted_triggers_FR_loc.txt	2946	586	dead_path	frloc_capital_autourd_d_audessusd: vanilla 586 'Alma-Ata' -> hits mod 586 'Nitra', which has nothing to do with the intended 'Alma-Ata'. also at line 4526; file-global: no frloc_* scripted trigger is called anywhere in this mod (exhaustive repo grep: file is the only frloc hit) and no French loc ships, so every state list here is inert dead code;
common/scripted_triggers/00_scripted_triggers_FR_loc.txt	2947	589	dead_path	frloc_capital_autourd_d_audessusd: vanilla 589 'Ayaguz' -> hits mod 589 'Wolfach', which has nothing to do with the intended 'Ayaguz'. also at line 4527; file-global: no frloc_* scripted trigger is called anywhere in this mod (exhaustive repo grep: file is the only frloc hit) and no French loc ships, so every state list here is inert dead code;
common/scripted_triggers/00_scripted_triggers_FR_loc.txt	2948	590	dead_path	frloc_capital_autourd_d_audessusd: vanilla 590 'Akmolinsk' -> hits mod 590 'Storojinet', which has nothing to do with the intended 'Akmolinsk'. also at line 4528; file-global: no frloc_* scripted trigger is called anywhere in this mod (exhaustive repo grep: file is the only frloc hit) and no French loc ships, so every state list here is inert dead code;
common/scripted_triggers/00_scripted_triggers_FR_loc.txt	2949	617	dead_path	frloc_capital_autourd_d_audessusd: vanilla 617 'Urumqi' -> hits mod 617 'Transnistria', which has nothing to do with the intended 'Urumqi'. also at line 4529; file-global: no frloc_* scripted trigger is called anywhere in this mod (exhaustive repo grep: file is the only frloc hit) and no French loc ships, so every state list here is inert dead code;
common/scripted_triggers/00_scripted_triggers_FR_loc.txt	2950	651	dead_path	frloc_capital_autourd_d_audessusd: vanilla 651 'Ufa' -> hits mod 651 'Mlawa', which has nothing to do with the intended 'Ufa'. also at line 4532; file-global: no frloc_* scripted trigger is called anywhere in this mod (exhaustive repo grep: file is the only frloc hit) and no French loc ships, so every state list here is inert dead code;
common/scripted_triggers/00_scripted_triggers_FR_loc.txt	2951	652	dead_path	frloc_capital_autourd_d_audessusd: vanilla 652 'Orenburg' -> hits mod 652 'Aargau', which has nothing to do with the intended 'Orenburg'. if list is ever revived: exact-name successor(s) 285 Orenburg; also at line 4533; file-global: no frloc_* scripted trigger is called anywhere in this mod (exhaustive repo grep: file is the only frloc hit) and no French loc ships, so every state list here is inert dead code;
common/scripted_triggers/00_scripted_triggers_FR_loc.txt	2952	658	dead_path	frloc_capital_autourd_d_audessusd: vanilla 658 'Abu Dhabi' -> hits mod 658 'Doubs', which has nothing to do with the intended 'Abu Dhabi'. if list is ever revived: exact-name successor(s) 1338 Abu Dhabi; also at line 4534; file-global: no frloc_* scripted trigger is called anywhere in this mod (exhaustive repo grep: file is the only frloc hit) and no French loc ships, so every state list here is inert dead code;
common/scripted_triggers/00_scripted_triggers_FR_loc.txt	2953	659	dead_path	frloc_capital_autourd_d_audessusd: vanilla 659 'South Yemen' -> hits mod 659 'Veszprem', which has nothing to do with the intended 'South Yemen'. also at line 4535; file-global: no frloc_* scripted trigger is called anywhere in this mod (exhaustive repo grep: file is the only frloc hit) and no French loc ships, so every state list here is inert dead code;
common/scripted_triggers/00_scripted_triggers_FR_loc.txt	2954	677	dead_path	frloc_capital_autourd_d_audessusd: vanilla 677 'Aleppo' -> hits mod 677 'Bekes', which has nothing to do with the intended 'Aleppo'. if list is ever revived: exact-name successor(s) 1124 Aleppo; also at line 4536; file-global: no frloc_* scripted trigger is called anywhere in this mod (exhaustive repo grep: file is the only frloc hit) and no French loc ships, so every state list here is inert dead code;
common/scripted_triggers/00_scripted_triggers_FR_loc.txt	2962	10	dead_path	frloc_capital_autourde_de_audessusde: vanilla 10 'Warsaw' -> hits mod 10 'New Hampshire', which has nothing to do with the intended 'Warsaw'. also at line 4197; file-global: no frloc_* scripted trigger is called anywhere in this mod (exhaustive repo grep: file is the only frloc hit) and no French loc ships, so every state list here is inert dead code;
common/scripted_triggers/00_scripted_triggers_FR_loc.txt	2963	11	dead_path	frloc_capital_autourde_de_audessusde: vanilla 11 'Kaunas' -> hits mod 11 'New York', which has nothing to do with the intended 'Kaunas'. also at line 4198; file-global: no frloc_* scripted trigger is called anywhere in this mod (exhaustive repo grep: file is the only frloc hit) and no French loc ships, so every state list here is inert dead code;
common/scripted_triggers/00_scripted_triggers_FR_loc.txt	2964	40	dead_path	frloc_capital_autourde_de_audessusde: vanilla 40 'Altai Krai' -> hits mod 40 'Nordurland eystra', which has nothing to do with the intended 'Altai Krai'. also at line 4199; file-global: no frloc_* scripted trigger is called anywhere in this mod (exhaustive repo grep: file is the only frloc hit) and no French loc ships, so every state list here is inert dead code;
common/scripted_triggers/00_scripted_triggers_FR_loc.txt	2965	41	dead_path	frloc_capital_autourde_de_audessusde: vanilla 41 'Madrid' -> hits mod 41 'Arkhangelsk', which has nothing to do with the intended 'Madrid'. if list is ever revived: exact-name successor(s) 951 Madrid; also at line 4200; file-global: no frloc_* scripted trigger is called anywhere in this mod (exhaustive repo grep: file is the only frloc hit) and no French loc ships, so every state list here is inert dead code;
common/scripted_triggers/00_scripted_triggers_FR_loc.txt	2966	48	dead_path	frloc_capital_autourde_de_audessusde: vanilla 48 'Sofia' -> hits mod 48 'Austurland', which has nothing to do with the intended 'Sofia'. also at line 4201; file-global: no frloc_* scripted trigger is called anywhere in this mod (exhaustive repo grep: file is the only frloc hit) and no French loc ships, so every state list here is inert dead code;
common/scripted_triggers/00_scripted_triggers_FR_loc.txt	2967	85	dead_path	frloc_capital_autourde_de_audessusde: vanilla 85 'Danzig' -> hits mod 85 'Pirkanmaa', which has nothing to do with the intended 'Danzig'. if list is ever revived: exact-name successor(s) 280 Danzig; also at line 4202; file-global: no frloc_* scripted trigger is called anywhere in this mod (exhaustive repo grep: file is the only frloc hit) and no French loc ships, so every state list here is inert dead code;
common/scripted_triggers/00_scripted_triggers_FR_loc.txt	2968	86	dead_path	frloc_capital_autourde_de_audessusde: vanilla 86 'Poznań' -> hits mod 86 'Satakunta', which has nothing to do with the intended 'Poznań'. if list is ever revived: exact-name successor(s) 122 Poznan; also at line 4203; file-global: no frloc_* scripted trigger is called anywhere in this mod (exhaustive repo grep: file is the only frloc hit) and no French loc ships, so every state list here is inert dead code;
common/scripted_triggers/00_scripted_triggers_FR_loc.txt	2969	87	dead_path	frloc_capital_autourde_de_audessusde: vanilla 87 'Łódz' -> hits mod 87 'Jekabpils', which has nothing to do with the intended 'Łódz'. also at line 4204; file-global: no frloc_* scripted trigger is called anywhere in this mod (exhaustive repo grep: file is the only frloc hit) and no French loc ships, so every state list here is inert dead code;
common/scripted_triggers/00_scripted_triggers_FR_loc.txt	2970	88	dead_path	frloc_capital_autourde_de_audessusde: vanilla 88 'Kraków' -> hits mod 88 'Kopparberg', which has nothing to do with the intended 'Kraków'. if list is ever revived: exact-name successor(s) 1157 Krakow; also at line 4205; file-global: no frloc_* scripted trigger is called anywhere in this mod (exhaustive repo grep: file is the only frloc hit) and no French loc ships, so every state list here is inert dead code;
common/scripted_triggers/00_scripted_triggers_FR_loc.txt	2971	89	dead_path	frloc_capital_autourde_de_audessusde: vanilla 89 'Stanisławów' -> hits mod 89 'Paijat-Hame', which has nothing to do with the intended 'Stanisławów'. also at line 4206; file-global: no frloc_* scripted trigger is called anywhere in this mod (exhaustive repo grep: file is the only frloc hit) and no French loc ships, so every state list here is inert dead code;
common/scripted_triggers/00_scripted_triggers_FR_loc.txt	2972	90	dead_path	frloc_capital_autourde_de_audessusde: vanilla 90 'Kielce' -> hits mod 90 'Faero', which has nothing to do with the intended 'Kielce'. if list is ever revived: exact-name successor(s) 867 Kielce; also at line 4207; file-global: no frloc_* scripted trigger is called anywhere in this mod (exhaustive repo grep: file is the only frloc hit) and no French loc ships, so every state list here is inert dead code;
common/scripted_triggers/00_scripted_triggers_FR_loc.txt	2973	91	dead_path	frloc_capital_autourde_de_audessusde: vanilla 91 'Lwów' -> hits mod 91 'Ventspils', which has nothing to do with the intended 'Lwów'. if list is ever revived: exact-name successor(s) 1292 Lwow; also at line 4208; file-global: no frloc_* scripted trigger is called anywhere in this mod (exhaustive repo grep: file is the only frloc hit) and no French loc ships, so every state list here is inert dead code;
common/scripted_triggers/00_scripted_triggers_FR_loc.txt	2974	92	dead_path	frloc_capital_autourde_de_audessusde: vanilla 92 'Lublin' -> hits mod 92 'Sogn og Fjordane', which has nothing to do with the intended 'Lublin'. if list is ever revived: exact-name successor(s) 377 Lublin; also at line 4209; file-global: no frloc_* scripted trigger is called anywhere in this mod (exhaustive repo grep: file is the only frloc hit) and no French loc ships, so every state list here is inert dead code;
common/scripted_triggers/00_scripted_triggers_FR_loc.txt	2975	95	dead_path	frloc_capital_autourde_de_audessusde: vanilla 95 'Nowogródek' -> hits mod 95 'Valmiera', which has nothing to do with the intended 'Nowogródek'. also at line 4210; file-global: no frloc_* scripted trigger is called anywhere in this mod (exhaustive repo grep: file is the only frloc hit) and no French loc ships, so every state list here is inert dead code;
common/scripted_triggers/00_scripted_triggers_FR_loc.txt	2976	96	dead_path	frloc_capital_autourde_de_audessusde: vanilla 96 'Wilejka' -> hits mod 96 'Vologda', which has nothing to do with the intended 'Wilejka'. also at line 4211; file-global: no frloc_* scripted trigger is called anywhere in this mod (exhaustive repo grep: file is the only frloc hit) and no French loc ships, so every state list here is inert dead code;
common/scripted_triggers/00_scripted_triggers_FR_loc.txt	2977	97	dead_path	frloc_capital_autourde_de_audessusde: vanilla 97 'Białystok' -> hits mod 97 'Perm', which has nothing to do with the intended 'Białystok'. also at line 4212; file-global: no frloc_* scripted trigger is called anywhere in this mod (exhaustive repo grep: file is the only frloc hit) and no French loc ships, so every state list here is inert dead code;
common/scripted_triggers/00_scripted_triggers_FR_loc.txt	2978	98	dead_path	frloc_capital_autourde_de_audessusde: vanilla 98 'Płock' -> hits mod 98 'Aland', which has nothing to do with the intended 'Płock'. also at line 4213; file-global: no frloc_* scripted trigger is called anywhere in this mod (exhaustive repo grep: file is the only frloc hit) and no French loc ships, so every state list here is inert dead code;
common/scripted_triggers/00_scripted_triggers_FR_loc.txt	2979	112	dead_path	frloc_capital_autourde_de_audessusde: vanilla 112 'Lisbon' -> hits mod 112 'Cesis', which has nothing to do with the intended 'Lisbon'. also at line 4214; file-global: no frloc_* scripted trigger is called anywhere in this mod (exhaustive repo grep: file is the only frloc hit) and no French loc ships, so every state list here is inert dead code;
common/scripted_triggers/00_scripted_triggers_FR_loc.txt	2980	116	dead_path	frloc_capital_autourde_de_audessusde: vanilla 116 'Malta' -> hits mod 116 'Zetland', which has nothing to do with the intended 'Malta'. if list is ever revived: exact-name successor(s) 1622 Malta; also at line 4215; file-global: no frloc_* scripted trigger is called anywhere in this mod (exhaustive repo grep: file is the only frloc hit) and no French loc ships, so every state list here is inert dead code;
common/scripted_triggers/00_scripted_triggers_FR_loc.txt	2981	118	dead_path	frloc_capital_autourde_de_audessusde: vanilla 118 'Gibraltar' -> hits mod 118 'Akershus', which has nothing to do with the intended 'Gibraltar'. if list is ever revived: exact-name successor(s) 882 Gibraltar; also at line 4216; file-global: no frloc_* scripted trigger is called anywhere in this mod (exhaustive repo grep: file is the only frloc hit) and no French loc ships, so every state list here is inert dead code;
common/scripted_triggers/00_scripted_triggers_FR_loc.txt	2982	147	dead_path	frloc_capital_autourde_de_audessusde: vanilla 147 'Salla' -> hits mod 147 'Vest-Agder', which has nothing to do with the intended 'Salla'. if list is ever revived: fuzzy-name successor(s) 33 Vanha Salla; also at line 4217; file-global: no frloc_* scripted trigger is called anywhere in this mod (exhaustive repo grep: file is the only frloc hit) and no French loc ships, so every state list here is inert dead code;
common/scripted_triggers/00_scripted_triggers_FR_loc.txt	2983	148	dead_path	frloc_capital_autourde_de_audessusde: vanilla 148 'Lappi' -> hits mod 148 'Goteborgs och Bohus', which has nothing to do with the intended 'Lappi'. if list is ever revived: exact-name successor(s) 14 Lappi; also at line 4218; file-global: no frloc_* scripted trigger is called anywhere in this mod (exhaustive repo grep: file is the only frloc hit) and no French loc ships, so every state list here is inert dead code;
common/scripted_triggers/00_scripted_triggers_FR_loc.txt	2984	163	dead_path	frloc_capital_autourde_de_audessusde: vanilla 163 'Zadar' -> hits mod 163 'Alvsborg', which has nothing to do with the intended 'Zadar'. also at line 4219; file-global: no frloc_* scripted trigger is called anywhere in this mod (exhaustive repo grep: file is the only frloc hit) and no French loc ships, so every state list here is inert dead code;
common/scripted_triggers/00_scripted_triggers_FR_loc.txt	2985	167	dead_path	frloc_capital_autourde_de_audessusde: vanilla 167 'Valencia' -> hits mod 167 'Jonkoping', which has nothing to do with the intended 'Valencia'. if list is ever revived: exact-name successor(s) 1007 Valencia; also at line 4220; file-global: no frloc_* scripted trigger is called anywhere in this mod (exhaustive repo grep: file is the only frloc hit) and no French loc ships, so every state list here is inert dead code;
common/scripted_triggers/00_scripted_triggers_FR_loc.txt	2986	168	dead_path	frloc_capital_autourde_de_audessusde: vanilla 168 'Murcia' -> hits mod 168 'Kalmar', which has nothing to do with the intended 'Murcia'. if list is ever revived: exact-name successor(s) 1057 Murcia; also at line 4221; file-global: no frloc_* scripted trigger is called anywhere in this mod (exhaustive repo grep: file is the only frloc hit) and no French loc ships, so every state list here is inert dead code;
common/scripted_triggers/00_scripted_triggers_FR_loc.txt	2987	169	dead_path	frloc_capital_autourde_de_audessusde: vanilla 169 'Sevilla' -> hits mod 169 'Ross and Cromarty', which has nothing to do with the intended 'Sevilla'. if list is ever revived: exact-name successor(s) 1079 Sevilla; also at line 4222; file-global: no frloc_* scripted trigger is called anywhere in this mod (exhaustive repo grep: file is the only frloc hit) and no French loc ships, so every state list here is inert dead code;
common/scripted_triggers/00_scripted_triggers_FR_loc.txt	2988	173	dead_path	frloc_capital_autourde_de_audessusde: vanilla 173 'Granada' -> hits mod 173 'Voru', which has nothing to do with the intended 'Granada'. if list is ever revived: exact-name successor(s) 1083 Granada; also at line 4223; file-global: no frloc_* scripted trigger is called anywhere in this mod (exhaustive repo grep: file is the only frloc hit) and no French loc ships, so every state list here is inert dead code;
common/scripted_triggers/00_scripted_triggers_FR_loc.txt	2989	175	dead_path	frloc_capital_autourde_de_audessusde: vanilla 175 'Ciudad Real' -> hits mod 175 'Sverdlovsk', which has nothing to do with the intended 'Ciudad Real'. if list is ever revived: exact-name successor(s) 1029 Ciudad Real; also at line 4224; file-global: no frloc_* scripted trigger is called anywhere in this mod (exhaustive repo grep: file is the only frloc hit) and no French loc ships, so every state list here is inert dead code;
common/scripted_triggers/00_scripted_triggers_FR_loc.txt	2990	176	dead_path	frloc_capital_autourde_de_audessusde: vanilla 176 'Burgos' -> hits mod 176 'Moray', which has nothing to do with the intended 'Burgos'. if list is ever revived: exact-name successor(s) 859 Burgos; also at line 4225; file-global: no frloc_* scripted trigger is called anywhere in this mod (exhaustive repo grep: file is the only frloc hit) and no French loc ships, so every state list here is inert dead code;
common/scripted_triggers/00_scripted_triggers_FR_loc.txt	2991	179	dead_path	frloc_capital_autourde_de_audessusde: vanilla 179 'Beja' -> hits mod 179 'Banff', which has nothing to do with the intended 'Beja'. if list is ever revived: exact-name successor(s) 1072 Beja,1869 Beja; also at line 4226; file-global: no frloc_* scripted trigger is called anywhere in this mod (exhaustive repo grep: file is the only frloc hit) and no French loc ships, so every state list here is inert dead code;
common/scripted_triggers/00_scripted_triggers_FR_loc.txt	2992	180	dead_path	frloc_capital_autourde_de_audessusde: vanilla 180 'Porto' -> hits mod 180 'Aberdeen', which has nothing to do with the intended 'Porto'. if list is ever revived: exact-name successor(s) 935 Porto; also at line 4227; file-global: no frloc_* scripted trigger is called anywhere in this mod (exhaustive repo grep: file is the only frloc hit) and no French loc ships, so every state list here is inert dead code;
common/scripted_triggers/00_scripted_triggers_FR_loc.txt	2993	181	dead_path	frloc_capital_autourde_de_audessusde: vanilla 181 'Guarda' -> hits mod 181 'Viborg', which has nothing to do with the intended 'Guarda'. if list is ever revived: exact-name successor(s) 954 Guarda; also at line 4228; file-global: no frloc_* scripted trigger is called anywhere in this mod (exhaustive repo grep: file is the only frloc hit) and no French loc ships, so every state list here is inert dead code;
common/scripted_triggers/00_scripted_triggers_FR_loc.txt	2994	188	dead_path	frloc_capital_autourde_de_audessusde: vanilla 188 'Memel' -> hits mod 188 'Tukums', which has nothing to do with the intended 'Memel'. also at line 4229; file-global: no frloc_* scripted trigger is called anywhere in this mod (exhaustive repo grep: file is the only frloc hit) and no French loc ships, so every state list here is inert dead code;
common/scripted_triggers/00_scripted_triggers_FR_loc.txt	2995	189	dead_path	frloc_capital_autourde_de_audessusde: vanilla 189 'Žemaitija' -> hits mod 189 'Toropets', which has nothing to do with the intended 'Žemaitija'. also at line 4230; file-global: no frloc_* scripted trigger is called anywhere in this mod (exhaustive repo grep: file is the only frloc hit) and no French loc ships, so every state list here is inert dead code;
common/scripted_triggers/00_scripted_triggers_FR_loc.txt	2996	191	dead_path	frloc_capital_autourde_de_audessusde: vanilla 191 'Tartu' -> hits mod 191 'Kincardine', which has nothing to do with the intended 'Tartu'. if list is ever revived: fuzzy-name successor(s) 1190 Tartus; also at line 4231; file-global: no frloc_* scripted trigger is called anywhere in this mod (exhaustive repo grep: file is the only frloc hit) and no French loc ships, so every state list here is inert dead code;
common/scripted_triggers/00_scripted_triggers_FR_loc.txt	2997	193	dead_path	frloc_capital_autourde_de_audessusde: vanilla 193 'Chernigov' -> hits mod 193 'Angus', which has nothing to do with the intended 'Chernigov'. if list is ever revived: exact-name successor(s) 397 Chernigov; also at line 4232; file-global: no frloc_* scripted trigger is called anywhere in this mod (exhaustive repo grep: file is the only frloc hit) and no French loc ships, so every state list here is inert dead code;
common/scripted_triggers/00_scripted_triggers_FR_loc.txt	2998	194	dead_path	frloc_capital_autourde_de_audessusde: vanilla 194 'Mozyr' -> hits mod 194 'Perth', which has nothing to do with the intended 'Mozyr'. if list is ever revived: exact-name successor(s) 2139 Mozyr; also at line 4233; file-global: no frloc_* scripted trigger is called anywhere in this mod (exhaustive repo grep: file is the only frloc hit) and no French loc ships, so every state list here is inert dead code;
common/scripted_triggers/00_scripted_triggers_FR_loc.txt	2999	195	dead_path	frloc_capital_autourde_de_audessusde: vanilla 195 'Leningrad' -> hits mod 195 'Moscow Oblast', which has nothing to do with the intended 'Leningrad'. if list is ever revived: exact-name successor(s) 119 Leningrad; also at line 4234; file-global: no frloc_* scripted trigger is called anywhere in this mod (exhaustive repo grep: file is the only frloc hit) and no French loc ships, so every state list here is inert dead code;
common/scripted_triggers/00_scripted_triggers_FR_loc.txt	3000	196	dead_path	frloc_capital_autourde_de_audessusde: vanilla 196 'Kherson' -> hits mod 196 'Jelgava', which has nothing to do with the intended 'Kherson'. if list is ever revived: exact-name successor(s) 2085 Kherson; also at line 4235; file-global: no frloc_* scripted trigger is called anywhere in this mod (exhaustive repo grep: file is the only frloc hit) and no French loc ships, so every state list here is inert dead code;
common/scripted_triggers/00_scripted_triggers_FR_loc.txt	3001	197	dead_path	frloc_capital_autourde_de_audessusde: vanilla 197 'Mykolaiv' -> hits mod 197 'Ringkobing', which has nothing to do with the intended 'Mykolaiv'. also at line 4236; file-global: no frloc_* scripted trigger is called anywhere in this mod (exhaustive repo grep: file is the only frloc hit) and no French loc ships, so every state list here is inert dead code;
common/scripted_triggers/00_scripted_triggers_FR_loc.txt	3002	198	dead_path	frloc_capital_autourde_de_audessusde: vanilla 198 'Vinnytsia' -> hits mod 198 'Vladimir', which has nothing to do with the intended 'Vinnytsia'. if list is ever revived: exact-name successor(s) 527 Vinnytsia; also at line 4237; file-global: no frloc_* scripted trigger is called anywhere in this mod (exhaustive repo grep: file is the only frloc hit) and no French loc ships, so every state list here is inert dead code;
common/scripted_triggers/00_scripted_triggers_FR_loc.txt	3003	199	dead_path	frloc_capital_autourde_de_audessusde: vanilla 199 'Proskuriv' -> hits mod 199 'Arcyll', which has nothing to do with the intended 'Proskuriv'. if list is ever revived: exact-name successor(s) 493 Proskuriv; also at line 4238; file-global: no frloc_* scripted trigger is called anywhere in this mod (exhaustive repo grep: file is the only frloc hit) and no French loc ships, so every state list here is inert dead code;
common/scripted_triggers/00_scripted_triggers_FR_loc.txt	3004	200	dead_path	frloc_capital_autourde_de_audessusde: vanilla 200 'Zaporozhe' -> hits mod 200 'Tatarstan', which has nothing to do with the intended 'Zaporozhe'. also at line 4239; file-global: no frloc_* scripted trigger is called anywhere in this mod (exhaustive repo grep: file is the only frloc hit) and no French loc ships, so every state list here is inert dead code;
common/scripted_triggers/00_scripted_triggers_FR_loc.txt	3005	201	dead_path	frloc_capital_autourde_de_audessusde: vanilla 201 'Zhytomyr' -> hits mod 201 'Bashkortostan', which has nothing to do with the intended 'Zhytomyr'. also at line 4240; file-global: no frloc_* scripted trigger is called anywhere in this mod (exhaustive repo grep: file is the only frloc hit) and no French loc ships, so every state list here is inert dead code;
common/scripted_triggers/00_scripted_triggers_FR_loc.txt	3006	202	dead_path	frloc_capital_autourde_de_audessusde: vanilla 202 'Kiev' -> hits mod 202 'Kristianstad', which has nothing to do with the intended 'Kiev'. if list is ever revived: exact-name successor(s) 2027 Kiev; also at line 4241; file-global: no frloc_* scripted trigger is called anywhere in this mod (exhaustive repo grep: file is the only frloc hit) and no French loc ships, so every state list here is inert dead code;
common/scripted_triggers/00_scripted_triggers_FR_loc.txt	3007	203	dead_path	frloc_capital_autourde_de_audessusde: vanilla 203 'Cherkasy' -> hits mod 203 'Blekinge', which has nothing to do with the intended 'Cherkasy'. if list is ever revived: exact-name successor(s) 2067 Cherkasy; also at line 4242; file-global: no frloc_* scripted trigger is called anywhere in this mod (exhaustive repo grep: file is the only frloc hit) and no French loc ships, so every state list here is inert dead code;
common/scripted_triggers/00_scripted_triggers_FR_loc.txt	3008	204	dead_path	frloc_capital_autourde_de_audessusde: vanilla 204 'Bobruysk' -> hits mod 204 'Fife', which has nothing to do with the intended 'Bobruysk'. also at line 4243; file-global: no frloc_* scripted trigger is called anywhere in this mod (exhaustive repo grep: file is the only frloc hit) and no French loc ships, so every state list here is inert dead code;
common/scripted_triggers/00_scripted_triggers_FR_loc.txt	3009	205	dead_path	frloc_capital_autourde_de_audessusde: vanilla 205 'Kaluga' -> hits mod 205 'Telsiu', which has nothing to do with the intended 'Kaluga'. if list is ever revived: exact-name successor(s) 251 Kaluga; also at line 4244; file-global: no frloc_* scripted trigger is called anywhere in this mod (exhaustive repo grep: file is the only frloc hit) and no French loc ships, so every state list here is inert dead code;
common/scripted_triggers/00_scripted_triggers_FR_loc.txt	3010	206	dead_path	frloc_capital_autourde_de_audessusde: vanilla 206 'Minsk' -> hits mod 206 'Siauliu', which has nothing to do with the intended 'Minsk'. if list is ever revived: exact-name successor(s) 2135 Minsk; also at line 4245; file-global: no frloc_* scripted trigger is called anywhere in this mod (exhaustive repo grep: file is the only frloc hit) and no French loc ships, so every state list here is inert dead code;
common/scripted_triggers/00_scripted_triggers_FR_loc.txt	3011	207	dead_path	frloc_capital_autourde_de_audessusde: vanilla 207 'Vitebsk' -> hits mod 207 'Panevezio', which has nothing to do with the intended 'Vitebsk'. if list is ever revived: exact-name successor(s) 2168 Vitebsk; also at line 4246; file-global: no frloc_* scripted trigger is called anywhere in this mod (exhaustive repo grep: file is the only frloc hit) and no French loc ships, so every state list here is inert dead code;
common/scripted_triggers/00_scripted_triggers_FR_loc.txt	3012	208	dead_path	frloc_capital_autourde_de_audessusde: vanilla 208 'Luga' -> hits mod 208 'Kretingos', which has nothing to do with the intended 'Luga'. if list is ever revived: exact-name successor(s) 2442 Luga; also at line 4247; file-global: no frloc_* scripted trigger is called anywhere in this mod (exhaustive repo grep: file is the only frloc hit) and no French loc ships, so every state list here is inert dead code;
common/scripted_triggers/00_scripted_triggers_FR_loc.txt	3013	209	dead_path	frloc_capital_autourde_de_audessusde: vanilla 209 'Pskov' -> hits mod 209 'Chuvash', which has nothing to do with the intended 'Pskov'. if list is ever revived: exact-name successor(s) 151 Pskov; also at line 4248; file-global: no frloc_* scripted trigger is called anywhere in this mod (exhaustive repo grep: file is the only frloc hit) and no French loc ships, so every state list here is inert dead code;
common/scripted_triggers/00_scripted_triggers_FR_loc.txt	3014	210	dead_path	frloc_capital_autourde_de_audessusde: vanilla 210 'Nevel' -> hits mod 210 'Stirling', which has nothing to do with the intended 'Nevel'. if list is ever revived: exact-name successor(s) 2177 Nevel; also at line 4249; file-global: no frloc_* scripted trigger is called anywhere in this mod (exhaustive repo grep: file is the only frloc hit) and no French loc ships, so every state list here is inert dead code;
common/scripted_triggers/00_scripted_triggers_FR_loc.txt	3015	211	dead_path	frloc_capital_autourde_de_audessusde: vanilla 211 'Burgas' -> hits mod 211 'Kinross', which has nothing to do with the intended 'Burgas'. if list is ever revived: exact-name successor(s) 868 Burgas; also at line 4250; file-global: no frloc_* scripted trigger is called anywhere in this mod (exhaustive repo grep: file is the only frloc hit) and no French loc ships, so every state list here is inert dead code;
common/scripted_triggers/00_scripted_triggers_FR_loc.txt	3016	212	dead_path	frloc_capital_autourde_de_audessusde: vanilla 212 'Plovdiv' -> hits mod 212 'Malmohus', which has nothing to do with the intended 'Plovdiv'. if list is ever revived: exact-name successor(s) 878 Plovdiv; also at line 4251; file-global: no frloc_* scripted trigger is called anywhere in this mod (exhaustive repo grep: file is the only frloc hit) and no French loc ships, so every state list here is inert dead code;
common/scripted_triggers/00_scripted_triggers_FR_loc.txt	3017	213	dead_path	frloc_capital_autourde_de_audessusde: vanilla 213 'Murmansk' -> hits mod 213 'Dunbarton', which has nothing to do with the intended 'Murmansk'. if list is ever revived: exact-name successor(s) 19 Murmansk; also at line 4252; file-global: no frloc_* scripted trigger is called anywhere in this mod (exhaustive repo grep: file is the only frloc hit) and no French loc ships, so every state list here is inert dead code;
common/scripted_triggers/00_scripted_triggers_FR_loc.txt	3018	217	dead_path	frloc_capital_autourde_de_audessusde: vanilla 217 'Stalingrad' -> hits mod 217 'East Lothian', which has nothing to do with the intended 'Stalingrad'. also at line 4253; file-global: no frloc_* scripted trigger is called anywhere in this mod (exhaustive repo grep: file is the only frloc hit) and no French loc ships, so every state list here is inert dead code;
common/scripted_triggers/00_scripted_triggers_FR_loc.txt	3019	218	dead_path	frloc_capital_autourde_de_audessusde: vanilla 218 'Rostov' -> hits mod 218 'Vyazma', which has nothing to do with the intended 'Rostov'. if list is ever revived: exact-name successor(s) 511 Rostov; also at line 4254; file-global: no frloc_* scripted trigger is called anywhere in this mod (exhaustive repo grep: file is the only frloc hit) and no French loc ships, so every state list here is inert dead code;
common/scripted_triggers/00_scripted_triggers_FR_loc.txt	3020	219	dead_path	frloc_capital_autourde_de_audessusde: vanilla 219 'Moscow' -> hits mod 219 'Lanmark', which has nothing to do with the intended 'Moscow'. if list is ever revived: exact-name successor(s) 229 Moscow; also at line 4255; file-global: no frloc_* scripted trigger is called anywhere in this mod (exhaustive repo grep: file is the only frloc hit) and no French loc ships, so every state list here is inert dead code;
common/scripted_triggers/00_scripted_triggers_FR_loc.txt	3021	220	dead_path	frloc_capital_autourde_de_audessusde: vanilla 220 'Kursk' -> hits mod 220 'West Lothian', which has nothing to do with the intended 'Kursk'. if list is ever revived: exact-name successor(s) 388 Kursk; also at line 4256; file-global: no frloc_* scripted trigger is called anywhere in this mod (exhaustive repo grep: file is the only frloc hit) and no French loc ships, so every state list here is inert dead code;
common/scripted_triggers/00_scripted_triggers_FR_loc.txt	3022	221	dead_path	frloc_capital_autourde_de_audessusde: vanilla 221 'Kharkov' -> hits mod 221 'Midlothian', which has nothing to do with the intended 'Kharkov'. if list is ever revived: exact-name successor(s) 497 Kharkov; also at line 4257; file-global: no frloc_* scripted trigger is called anywhere in this mod (exhaustive repo grep: file is the only frloc hit) and no French loc ships, so every state list here is inert dead code;
common/scripted_triggers/00_scripted_triggers_FR_loc.txt	3023	223	dead_path	frloc_capital_autourde_de_audessusde: vanilla 223 'Tula' -> hits mod 223 'Vejle', which has nothing to do with the intended 'Tula'. if list is ever revived: exact-name successor(s) 265 Tula; also at line 4258; file-global: no frloc_* scripted trigger is called anywhere in this mod (exhaustive repo grep: file is the only frloc hit) and no French loc ships, so every state list here is inert dead code;
common/scripted_triggers/00_scripted_triggers_FR_loc.txt	3024	224	dead_path	frloc_capital_autourde_de_audessusde: vanilla 224 'Bryansk' -> hits mod 224 'Berwick', which has nothing to do with the intended 'Bryansk'. if list is ever revived: exact-name successor(s) 2183 Bryansk; also at line 4259; file-global: no frloc_* scripted trigger is called anywhere in this mod (exhaustive repo grep: file is the only frloc hit) and no French loc ships, so every state list here is inert dead code;
common/scripted_triggers/00_scripted_triggers_FR_loc.txt	3025	225	dead_path	frloc_capital_autourde_de_audessusde: vanilla 225 'Sumy' -> hits mod 225 'Utenos', which has nothing to do with the intended 'Sumy'. if list is ever revived: exact-name successor(s) 2115 Sumy; also at line 4260; file-global: no frloc_* scripted trigger is called anywhere in this mod (exhaustive repo grep: file is the only frloc hit) and no French loc ships, so every state list here is inert dead code;
common/scripted_triggers/00_scripted_triggers_FR_loc.txt	3026	226	dead_path	frloc_capital_autourde_de_audessusde: vanilla 226 'Dnipropetrovsk' -> hits mod 226 'Gotland', which has nothing to do with the intended 'Dnipropetrovsk'. also at line 4261; file-global: no frloc_* scripted trigger is called anywhere in this mod (exhaustive repo grep: file is the only frloc hit) and no French loc ships, so every state list here is inert dead code;
common/scripted_triggers/00_scripted_triggers_FR_loc.txt	3027	227	dead_path	frloc_capital_autourde_de_audessusde: vanilla 227 'Stalino' -> hits mod 227 'Klaipedos', which has nothing to do with the intended 'Stalino'. if list is ever revived: exact-name successor(s) 557 Stalino; also at line 4262; file-global: no frloc_* scripted trigger is called anywhere in this mod (exhaustive repo grep: file is the only frloc hit) and no French loc ships, so every state list here is inert dead code;
common/scripted_triggers/00_scripted_triggers_FR_loc.txt	3028	228	dead_path	frloc_capital_autourde_de_audessusde: vanilla 228 'Voroshilovgrad' -> hits mod 228 'Ribe', which has nothing to do with the intended 'Voroshilovgrad'. also at line 4263; file-global: no frloc_* scripted trigger is called anywhere in this mod (exhaustive repo grep: file is the only frloc hit) and no French loc ships, so every state list here is inert dead code;
common/scripted_triggers/00_scripted_triggers_FR_loc.txt	3029	232	dead_path	frloc_capital_autourde_de_audessusde: vanilla 232 'Dagestan' -> hits mod 232 'Dzisna', which has nothing to do with the intended 'Dagestan'. if list is ever revived: exact-name successor(s) 1028 Dagestan; also at line 4264; file-global: no frloc_* scripted trigger is called anywhere in this mod (exhaustive repo grep: file is the only frloc hit) and no French loc ships, so every state list here is inert dead code;
common/scripted_triggers/00_scripted_triggers_FR_loc.txt	3030	234	dead_path	frloc_capital_autourde_de_audessusde: vanilla 234 'Krasnodar' -> hits mod 234 'Northumberland', which has nothing to do with the intended 'Krasnodar'. if list is ever revived: exact-name successor(s) 696 Krasnodar; also at line 4265; file-global: no frloc_* scripted trigger is called anywhere in this mod (exhaustive repo grep: file is the only frloc hit) and no French loc ships, so every state list here is inert dead code;
common/scripted_triggers/00_scripted_triggers_FR_loc.txt	3031	235	dead_path	frloc_capital_autourde_de_audessusde: vanilla 235 'Stavropol' -> hits mod 235 'Safonovo', which has nothing to do with the intended 'Stavropol'. if list is ever revived: exact-name successor(s) 732 Stavropol; also at line 4266; file-global: no frloc_* scripted trigger is called anywhere in this mod (exhaustive repo grep: file is the only frloc hit) and no French loc ships, so every state list here is inert dead code;
common/scripted_triggers/00_scripted_triggers_FR_loc.txt	3032	238	dead_path	frloc_capital_autourde_de_audessusde: vanilla 238 'Volgodonsk' -> hits mod 238 'Sakiu', which has nothing to do with the intended 'Volgodonsk'. if list is ever revived: exact-name successor(s) 2410 Volgodonsk; also at line 4267; file-global: no frloc_* scripted trigger is called anywhere in this mod (exhaustive repo grep: file is the only frloc hit) and no French loc ships, so every state list here is inert dead code;
common/scripted_triggers/00_scripted_triggers_FR_loc.txt	3033	239	dead_path	frloc_capital_autourde_de_audessusde: vanilla 239 'Saratov' -> hits mod 239 'Selkirk', which has nothing to do with the intended 'Saratov'. if list is ever revived: exact-name successor(s) 366 Saratov; also at line 4268; file-global: no frloc_* scripted trigger is called anywhere in this mod (exhaustive repo grep: file is the only frloc hit) and no French loc ships, so every state list here is inert dead code;
common/scripted_triggers/00_scripted_triggers_FR_loc.txt	3034	240	dead_path	frloc_capital_autourde_de_audessusde: vanilla 240 'Belgorod' -> hits mod 240 'Odense', which has nothing to do with the intended 'Belgorod'. if list is ever revived: exact-name successor(s) 450 Belgorod; also at line 4269; file-global: no frloc_* scripted trigger is called anywhere in this mod (exhaustive repo grep: file is the only frloc hit) and no French loc ships, so every state list here is inert dead code;
common/scripted_triggers/00_scripted_triggers_FR_loc.txt	3035	241	dead_path	frloc_capital_autourde_de_audessusde: vanilla 241 'Gomel' -> hits mod 241 'Wilno', which has nothing to do with the intended 'Gomel'. if list is ever revived: exact-name successor(s) 2137 Gomel; also at line 4270; file-global: no frloc_* scripted trigger is called anywhere in this mod (exhaustive repo grep: file is the only frloc hit) and no French loc ships, so every state list here is inert dead code;
common/scripted_triggers/00_scripted_triggers_FR_loc.txt	3036	242	dead_path	frloc_capital_autourde_de_audessusde: vanilla 242 'Smolensk' -> hits mod 242 'Kauno', which has nothing to do with the intended 'Smolensk'. if list is ever revived: exact-name successor(s) 2189 Smolensk; also at line 4271; file-global: no frloc_* scripted trigger is called anywhere in this mod (exhaustive repo grep: file is the only frloc hit) and no French loc ships, so every state list here is inert dead code;
common/scripted_triggers/00_scripted_triggers_FR_loc.txt	3037	243	dead_path	frloc_capital_autourde_de_audessusde: vanilla 243 'Roslavl' -> hits mod 243 'Srem', which has nothing to do with the intended 'Roslavl'. if list is ever revived: exact-name successor(s) 2190 Roslavl; also at line 4272; file-global: no frloc_* scripted trigger is called anywhere in this mod (exhaustive repo grep: file is the only frloc hit) and no French loc ships, so every state list here is inert dead code;
common/scripted_triggers/00_scripted_triggers_FR_loc.txt	3038	244	dead_path	frloc_capital_autourde_de_audessusde: vanilla 244 'Volkhov' -> hits mod 244 'Ukmerges', which has nothing to do with the intended 'Volkhov'. if list is ever revived: exact-name successor(s) 102 Volkhov; also at line 4273; file-global: no frloc_* scripted trigger is called anywhere in this mod (exhaustive repo grep: file is the only frloc hit) and no French loc ships, so every state list here is inert dead code;
common/scripted_triggers/00_scripted_triggers_FR_loc.txt	3039	245	dead_path	frloc_capital_autourde_de_audessusde: vanilla 245 'Millerovo' -> hits mod 245 'Dumfries', which has nothing to do with the intended 'Millerovo'. if list is ever revived: exact-name successor(s) 2392 Millerovo; also at line 4274; file-global: no frloc_* scripted trigger is called anywhere in this mod (exhaustive repo grep: file is the only frloc hit) and no French loc ships, so every state list here is inert dead code;
common/scripted_triggers/00_scripted_triggers_FR_loc.txt	3040	246	dead_path	frloc_capital_autourde_de_audessusde: vanilla 246 'Rzhev' -> hits mod 246 'Tonder', which has nothing to do with the intended 'Rzhev'. if list is ever revived: exact-name successor(s) 2452 Rzhev; also at line 4275; file-global: no frloc_* scripted trigger is called anywhere in this mod (exhaustive repo grep: file is the only frloc hit) and no French loc ships, so every state list here is inert dead code;
common/scripted_triggers/00_scripted_triggers_FR_loc.txt	3041	247	dead_path	frloc_capital_autourde_de_audessusde: vanilla 247 'Kalinin' -> hits mod 247 'Svendborg', which has nothing to do with the intended 'Kalinin'. if list is ever revived: fuzzy-name successor(s) 2286 Kalinino; also at line 4276; file-global: no frloc_* scripted trigger is called anywhere in this mod (exhaustive repo grep: file is the only frloc hit) and no French loc ships, so every state list here is inert dead code;
common/scripted_triggers/00_scripted_triggers_FR_loc.txt	3042	248	dead_path	frloc_capital_autourde_de_audessusde: vanilla 248 'Yaroslavl' -> hits mod 248 'Donegal', which has nothing to do with the intended 'Yaroslavl'. if list is ever revived: exact-name successor(s) 153 Yaroslavl; also at line 4277; file-global: no frloc_* scripted trigger is called anywhere in this mod (exhaustive repo grep: file is the only frloc hit) and no French loc ships, so every state list here is inert dead code;
common/scripted_triggers/00_scripted_triggers_FR_loc.txt	3043	249	dead_path	frloc_capital_autourde_de_audessusde: vanilla 249 'Kazan' -> hits mod 249 'Kirkcud', which has nothing to do with the intended 'Kazan'. also at line 4278; file-global: no frloc_* scripted trigger is called anywhere in this mod (exhaustive repo grep: file is the only frloc hit) and no French loc ships, so every state list here is inert dead code;
common/scripted_triggers/00_scripted_triggers_FR_loc.txt	3044	251	dead_path	frloc_capital_autourde_de_audessusde: vanilla 251 'Kuybyshev' -> hits mod 251 'Kaluga', which has nothing to do with the intended 'Kuybyshev'. if list is ever revived: exact-name successor(s) 270 Kuybyshev; also at line 4279; file-global: no frloc_* scripted trigger is called anywhere in this mod (exhaustive repo grep: file is the only frloc hit) and no French loc ships, so every state list here is inert dead code;
common/scripted_triggers/00_scripted_triggers_FR_loc.txt	3045	252	dead_path	frloc_capital_autourde_de_audessusde: vanilla 252 'Gorky' -> hits mod 252 'Konigsberg', which has nothing to do with the intended 'Gorky'. also at line 4280; file-global: no frloc_* scripted trigger is called anywhere in this mod (exhaustive repo grep: file is the only frloc hit) and no French loc ships, so every state list here is inert dead code;
common/scripted_triggers/00_scripted_triggers_FR_loc.txt	3046	254	dead_path	frloc_capital_autourde_de_audessusde: vanilla 254 'Ryazan' -> hits mod 254 'Londonder', which has nothing to do with the intended 'Ryazan'. if list is ever revived: exact-name successor(s) 250 Ryazan; also at line 4281; file-global: no frloc_* scripted trigger is called anywhere in this mod (exhaustive repo grep: file is the only frloc hit) and no French loc ships, so every state list here is inert dead code;
common/scripted_triggers/00_scripted_triggers_FR_loc.txt	3047	255	dead_path	frloc_capital_autourde_de_audessusde: vanilla 255 'Penza' -> hits mod 255 'Ruzayevka', which has nothing to do with the intended 'Penza'. if list is ever revived: exact-name successor(s) 299 Penza; also at line 4282; file-global: no frloc_* scripted trigger is called anywhere in this mod (exhaustive repo grep: file is the only frloc hit) and no French loc ships, so every state list here is inert dead code;
common/scripted_triggers/00_scripted_triggers_FR_loc.txt	3048	256	dead_path	frloc_capital_autourde_de_audessusde: vanilla 256 'Chuvashia' -> hits mod 256 'Cumberland', which has nothing to do with the intended 'Chuvashia'. if list is ever revived: fuzzy-name successor(s) 209 Chuvash; also at line 4283; file-global: no frloc_* scripted trigger is called anywhere in this mod (exhaustive repo grep: file is the only frloc hit) and no French loc ships, so every state list here is inert dead code;
common/scripted_triggers/00_scripted_triggers_FR_loc.txt	3049	257	dead_path	frloc_capital_autourde_de_audessusde: vanilla 257 'Tambov' -> hits mod 257 'Wigtown', which has nothing to do with the intended 'Tambov'. if list is ever revived: exact-name successor(s) 309 Tambov; also at line 4284; file-global: no frloc_* scripted trigger is called anywhere in this mod (exhaustive repo grep: file is the only frloc hit) and no French loc ships, so every state list here is inert dead code;
common/scripted_triggers/00_scripted_triggers_FR_loc.txt	3050	258	dead_path	frloc_capital_autourde_de_audessusde: vanilla 258 'Lipetsk' -> hits mod 258 'Durham', which has nothing to do with the intended 'Lipetsk'. if list is ever revived: exact-name successor(s) 359 Lipetsk; also at line 4285; file-global: no frloc_* scripted trigger is called anywhere in this mod (exhaustive repo grep: file is the only frloc hit) and no French loc ships, so every state list here is inert dead code;
common/scripted_triggers/00_scripted_triggers_FR_loc.txt	3051	259	dead_path	frloc_capital_autourde_de_audessusde: vanilla 259 'Poltava' -> hits mod 259 'Marijampoles', which has nothing to do with the intended 'Poltava'. if list is ever revived: exact-name successor(s) 2112 Poltava; also at line 4286; file-global: no frloc_* scripted trigger is called anywhere in this mod (exhaustive repo grep: file is the only frloc hit) and no French loc ships, so every state list here is inert dead code;
common/scripted_triggers/00_scripted_triggers_FR_loc.txt	3052	260	dead_path	frloc_capital_autourde_de_audessusde: vanilla 260 'Voronezh' -> hits mod 260 'Eiderstadt', which has nothing to do with the intended 'Voronezh'. if list is ever revived: exact-name successor(s) 412 Voronezh; also at line 4287; file-global: no frloc_* scripted trigger is called anywhere in this mod (exhaustive repo grep: file is the only frloc hit) and no French loc ships, so every state list here is inert dead code;
common/scripted_triggers/00_scripted_triggers_FR_loc.txt	3053	262	dead_path	frloc_capital_autourde_de_audessusde: vanilla 262 'Pechora' -> hits mod 262 'Tyrone', which has nothing to do with the intended 'Pechora'. if list is ever revived: exact-name successor(s) 2377 Pechora; also at line 4288; file-global: no frloc_* scripted trigger is called anywhere in this mod (exhaustive repo grep: file is the only frloc hit) and no French loc ships, so every state list here is inert dead code;
common/scripted_triggers/00_scripted_triggers_FR_loc.txt	3054	263	dead_path	frloc_capital_autourde_de_audessusde: vanilla 263 'Novgorod' -> hits mod 263 'Stolp', which has nothing to do with the intended 'Novgorod'. if list is ever revived: exact-name successor(s) 138 Novgorod; also at line 4289; file-global: no frloc_* scripted trigger is called anywhere in this mod (exhaustive repo grep: file is the only frloc hit) and no French loc ships, so every state list here is inert dead code;
common/scripted_triggers/00_scripted_triggers_FR_loc.txt	3055	264	dead_path	frloc_capital_autourde_de_audessusde: vanilla 264 'Tikhvin' -> hits mod 264 'Koscierzyna', which has nothing to do with the intended 'Tikhvin'. also at line 4290; file-global: no frloc_* scripted trigger is called anywhere in this mod (exhaustive repo grep: file is the only frloc hit) and no French loc ships, so every state list here is inert dead code;
common/scripted_triggers/00_scripted_triggers_FR_loc.txt	3056	265	dead_path	frloc_capital_autourde_de_audessusde: vanilla 265 'Mikhaylovka' -> hits mod 265 'Tula', which has nothing to do with the intended 'Mikhaylovka'. if list is ever revived: exact-name successor(s) 2418 Mikhaylovka; also at line 4291; file-global: no frloc_* scripted trigger is called anywhere in this mod (exhaustive repo grep: file is the only frloc hit) and no French loc ships, so every state list here is inert dead code;
common/scripted_triggers/00_scripted_triggers_FR_loc.txt	3057	266	dead_path	frloc_capital_autourde_de_audessusde: vanilla 266 'Tehran' -> hits mod 266 'Krupki', which has nothing to do with the intended 'Tehran'. if list is ever revived: exact-name successor(s) 1155 Tehran; also at line 4292; file-global: no frloc_* scripted trigger is called anywhere in this mod (exhaustive repo grep: file is the only frloc hit) and no French loc ships, so every state list here is inert dead code;
common/scripted_triggers/00_scripted_triggers_FR_loc.txt	3058	267	dead_path	frloc_capital_autourde_de_audessusde: vanilla 267 'Kabul' -> hits mod 267 'Gdynia', which has nothing to do with the intended 'Kabul'. also at line 4293; file-global: no frloc_* scripted trigger is called anywhere in this mod (exhaustive repo grep: file is the only frloc hit) and no French loc ships, so every state list here is inert dead code;
common/scripted_triggers/00_scripted_triggers_FR_loc.txt	3059	277	dead_path	frloc_capital_autourde_de_audessusde: vanilla 277 'Mexico City' -> hits mod 277 'Praesto', which has nothing to do with the intended 'Mexico City'. also at line 4294; file-global: no frloc_* scripted trigger is called anywhere in this mod (exhaustive repo grep: file is the only frloc hit) and no French loc ships, so every state list here is inert dead code;
common/scripted_triggers/00_scripted_triggers_FR_loc.txt	3060	279	dead_path	frloc_capital_autourde_de_audessusde: vanilla 279 'Santiago' -> hits mod 279 'Sligo', which has nothing to do with the intended 'Santiago'. also at line 4295; file-global: no frloc_* scripted trigger is called anywhere in this mod (exhaustive repo grep: file is the only frloc hit) and no French loc ships, so every state list here is inert dead code;
common/scripted_triggers/00_scripted_triggers_FR_loc.txt	3061	291	dead_path	frloc_capital_autourde_de_audessusde: vanilla 291 'Baghdad' -> hits mod 291 'Cavan', which has nothing to do with the intended 'Baghdad'. if list is ever revived: exact-name successor(s) 2210 Baghdad; also at line 4296; file-global: no frloc_* scripted trigger is called anywhere in this mod (exhaustive repo grep: file is the only frloc hit) and no French loc ships, so every state list here is inert dead code;
common/scripted_triggers/00_scripted_triggers_FR_loc.txt	3062	295	dead_path	frloc_capital_autourde_de_audessusde: vanilla 295 'Léopoldville' -> hits mod 295 'Naugard', which has nothing to do with the intended 'Léopoldville'. also at line 4297; file-global: no frloc_* scripted trigger is called anywhere in this mod (exhaustive repo grep: file is the only frloc hit) and no French loc ships, so every state list here is inert dead code;
common/scripted_triggers/00_scripted_triggers_FR_loc.txt	3063	302	dead_path	frloc_capital_autourde_de_audessusde: vanilla 302 'La Paz' -> hits mod 302 'Longford', which has nothing to do with the intended 'La Paz'. also at line 4298; file-global: no frloc_* scripted trigger is called anywhere in this mod (exhaustive repo grep: file is the only frloc hit) and no French loc ships, so every state list here is inert dead code;
common/scripted_triggers/00_scripted_triggers_FR_loc.txt	3064	303	dead_path	frloc_capital_autourde_de_audessusde: vanilla 303 'Lima' -> hits mod 303 'Lyudinovo', which has nothing to do with the intended 'Lima'. also at line 4299; file-global: no frloc_* scripted trigger is called anywhere in this mod (exhaustive repo grep: file is the only frloc hit) and no French loc ships, so every state list here is inert dead code;
common/scripted_triggers/00_scripted_triggers_FR_loc.txt	3065	321	dead_path	frloc_capital_autourde_de_audessusde: vanilla 321 'Goa' -> hits mod 321 'Leitrim', which has nothing to do with the intended 'Goa'. also at line 4300; file-global: no frloc_* scripted trigger is called anywhere in this mod (exhaustive repo grep: file is the only frloc hit) and no French loc ships, so every state list here is inert dead code;
common/scripted_triggers/00_scripted_triggers_FR_loc.txt	3066	326	dead_path	frloc_capital_autourde_de_audessusde: vanilla 326 'Hong Kong' -> hits mod 326 'Wolkowysk', which has nothing to do with the intended 'Hong Kong'. also at line 4301; file-global: no frloc_* scripted trigger is called anywhere in this mod (exhaustive repo grep: file is the only frloc hit) and no French loc ships, so every state list here is inert dead code;
common/scripted_triggers/00_scripted_triggers_FR_loc.txt	3067	327	dead_path	frloc_capital_autourde_de_audessusde: vanilla 327 'Manila' -> hits mod 327 'Luckenwalde', which has nothing to do with the intended 'Manila'. also at line 4302; file-global: no frloc_* scripted trigger is called anywhere in this mod (exhaustive repo grep: file is the only frloc hit) and no French loc ships, so every state list here is inert dead code;
common/scripted_triggers/00_scripted_triggers_FR_loc.txt	3068	336	dead_path	frloc_capital_autourde_de_audessusde: vanilla 336 'Kuala Lumpur' -> hits mod 336 'Friesland', which has nothing to do with the intended 'Kuala Lumpur'. also at line 4306; file-global: no frloc_* scripted trigger is called anywhere in this mod (exhaustive repo grep: file is the only frloc hit) and no French loc ships, so every state list here is inert dead code;
common/scripted_triggers/00_scripted_triggers_FR_loc.txt	3069	340	dead_path	frloc_capital_autourde_de_audessusde: vanilla 340 'Bursa' -> hits mod 340 'Buda-Kashalyova', which has nothing to do with the intended 'Bursa'. if list is ever revived: exact-name successor(s) 1932 Bursa; also at line 4307; file-global: no frloc_* scripted trigger is called anywhere in this mod (exhaustive repo grep: file is the only frloc hit) and no French loc ships, so every state list here is inert dead code;
common/scripted_triggers/00_scripted_triggers_FR_loc.txt	3070	345	dead_path	frloc_capital_autourde_de_audessusde: vanilla 345 'Mersin' -> hits mod 345 'Laoighis', which has nothing to do with the intended 'Mersin'. if list is ever revived: exact-name successor(s) 1098 Mersin; also at line 4308; file-global: no frloc_* scripted trigger is called anywhere in this mod (exhaustive repo grep: file is the only frloc hit) and no French loc ships, so every state list here is inert dead code;
common/scripted_triggers/00_scripted_triggers_FR_loc.txt	3071	346	dead_path	frloc_capital_autourde_de_audessusde: vanilla 346 'Konya' -> hits mod 346 'Drenthe', which has nothing to do with the intended 'Konya'. if list is ever revived: exact-name successor(s) 1046 Konya; also at line 4309; file-global: no frloc_* scripted trigger is called anywhere in this mod (exhaustive repo grep: file is the only frloc hit) and no French loc ships, so every state list here is inert dead code;
common/scripted_triggers/00_scripted_triggers_FR_loc.txt	3072	348	dead_path	frloc_capital_autourde_de_audessusde: vanilla 348 'Kayseri' -> hits mod 348 'Tipperary', which has nothing to do with the intended 'Kayseri'. if list is ever revived: exact-name successor(s) 1036 Kayseri; also at line 4310; file-global: no frloc_* scripted trigger is called anywhere in this mod (exhaustive repo grep: file is the only frloc hit) and no French loc ships, so every state list here is inert dead code;
common/scripted_triggers/00_scripted_triggers_FR_loc.txt	3073	349	dead_path	frloc_capital_autourde_de_audessusde: vanilla 349 'Sivas' -> hits mod 349 'Clare', which has nothing to do with the intended 'Sivas'. if list is ever revived: exact-name successor(s) 1011 Sivas; also at line 4311; file-global: no frloc_* scripted trigger is called anywhere in this mod (exhaustive repo grep: file is the only frloc hit) and no French loc ships, so every state list here is inert dead code;
common/scripted_triggers/00_scripted_triggers_FR_loc.txt	3074	350	dead_path	frloc_capital_autourde_de_audessusde: vanilla 350 'Diyarbakır' -> hits mod 350 'Meppen', which has nothing to do with the intended 'Diyarbakır'. also at line 4312; file-global: no frloc_* scripted trigger is called anywhere in this mod (exhaustive repo grep: file is the only frloc hit) and no French loc ships, so every state list here is inert dead code;
common/scripted_triggers/00_scripted_triggers_FR_loc.txt	3075	351	dead_path	frloc_capital_autourde_de_audessusde: vanilla 351 'Vologda' -> hits mod 351 'Ostrow Mazowiecka', which has nothing to do with the intended 'Vologda'. if list is ever revived: exact-name successor(s) 96 Vologda; also at line 4313; file-global: no frloc_* scripted trigger is called anywhere in this mod (exhaustive repo grep: file is the only frloc hit) and no French loc ships, so every state list here is inert dead code;
common/scripted_triggers/00_scripted_triggers_FR_loc.txt	3076	352	dead_path	frloc_capital_autourde_de_audessusde: vanilla 352 'Hakkari' -> hits mod 352 'Hannover', which has nothing to do with the intended 'Hakkari'. if list is ever revived: exact-name successor(s) 1092 Hakkari; also at line 4314; file-global: no frloc_* scripted trigger is called anywhere in this mod (exhaustive repo grep: file is the only frloc hit) and no French loc ships, so every state list here is inert dead code;
common/scripted_triggers/00_scripted_triggers_FR_loc.txt	3077	354	dead_path	frloc_capital_autourde_de_audessusde: vanilla 354 'Trabzon' -> hits mod 354 'Merionethshire', which has nothing to do with the intended 'Trabzon'. if list is ever revived: exact-name successor(s) 958 Trabzon; also at line 4315; file-global: no frloc_* scripted trigger is called anywhere in this mod (exhaustive repo grep: file is the only frloc hit) and no French loc ships, so every state list here is inert dead code;
common/scripted_triggers/00_scripted_triggers_FR_loc.txt	3078	355	dead_path	frloc_capital_autourde_de_audessusde: vanilla 355 'Samsun' -> hits mod 355 'Shropshire', which has nothing to do with the intended 'Samsun'. if list is ever revived: exact-name successor(s) 924 Samsun; also at line 4316; file-global: no frloc_* scripted trigger is called anywhere in this mod (exhaustive repo grep: file is the only frloc hit) and no French loc ships, so every state list here is inert dead code;
common/scripted_triggers/00_scripted_triggers_FR_loc.txt	3079	356	dead_path	frloc_capital_autourde_de_audessusde: vanilla 356 'Kastamonu' -> hits mod 356 'Norfolk', which has nothing to do with the intended 'Kastamonu'. if list is ever revived: exact-name successor(s) 909 Kastamonu; also at line 4317; file-global: no frloc_* scripted trigger is called anywhere in this mod (exhaustive repo grep: file is the only frloc hit) and no French loc ships, so every state list here is inert dead code;
common/scripted_triggers/00_scripted_triggers_FR_loc.txt	3080	358	dead_path	frloc_capital_autourde_de_audessusde: vanilla 358 'New York' -> hits mod 358 'Noord-Holland', which has nothing to do with the intended 'New York'. if list is ever revived: exact-name successor(s) 11 New York; also at line 4318; file-global: no frloc_* scripted trigger is called anywhere in this mod (exhaustive repo grep: file is the only frloc hit) and no French loc ships, so every state list here is inert dead code;
common/scripted_triggers/00_scripted_triggers_FR_loc.txt	3081	397	dead_path	frloc_capital_autourde_de_audessusde: vanilla 397 'Syktyvkar' -> hits mod 397 'Chernigov', which has nothing to do with the intended 'Syktyvkar'. also at line 4319; file-global: no frloc_* scripted trigger is called anywhere in this mod (exhaustive repo grep: file is the only frloc hit) and no French loc ships, so every state list here is inert dead code;
common/scripted_triggers/00_scripted_triggers_FR_loc.txt	3082	398	dead_path	frloc_capital_autourde_de_audessusde: vanilla 398 'Perm' -> hits mod 398 'Shostka', which has nothing to do with the intended 'Perm'. if list is ever revived: exact-name successor(s) 97 Perm; also at line 4320; file-global: no frloc_* scripted trigger is called anywhere in this mod (exhaustive repo grep: file is the only frloc hit) and no French loc ships, so every state list here is inert dead code;
common/scripted_triggers/00_scripted_triggers_FR_loc.txt	3083	400	dead_path	frloc_capital_autourde_de_audessusde: vanilla 400 'Kirov' -> hits mod 400 'Steinfurt', which has nothing to do with the intended 'Kirov'. if list is ever revived: exact-name successor(s) 108 Kirov,2439 Kirov; also at line 4321; file-global: no frloc_* scripted trigger is called anywhere in this mod (exhaustive repo grep: file is the only frloc hit) and no French loc ships, so every state list here is inert dead code;
common/scripted_triggers/00_scripted_triggers_FR_loc.txt	3084	403	dead_path	frloc_capital_autourde_de_audessusde: vanilla 403 'Tyumen' -> hits mod 403 'Bedfordshire', which has nothing to do with the intended 'Tyumen'. also at line 4322; file-global: no frloc_* scripted trigger is called anywhere in this mod (exhaustive repo grep: file is the only frloc hit) and no French loc ships, so every state list here is inert dead code;
common/scripted_triggers/00_scripted_triggers_FR_loc.txt	3085	404	dead_path	frloc_capital_autourde_de_audessusde: vanilla 404 'Kyzyl Orda' -> hits mod 404 'Diekirch', which has nothing to do with the intended 'Kyzyl Orda'. also at line 4323; file-global: no frloc_* scripted trigger is called anywhere in this mod (exhaustive repo grep: file is the only frloc hit) and no French loc ships, so every state list here is inert dead code;
common/scripted_triggers/00_scripted_triggers_FR_loc.txt	3086	405	dead_path	frloc_capital_autourde_de_audessusde: vanilla 405 'Tashkent' -> hits mod 405 'Buckinghamshire', which has nothing to do with the intended 'Tashkent'. also at line 4324; file-global: no frloc_* scripted trigger is called anywhere in this mod (exhaustive repo grep: file is the only frloc hit) and no French loc ships, so every state list here is inert dead code;
common/scripted_triggers/00_scripted_triggers_FR_loc.txt	3087	406	dead_path	frloc_capital_autourde_de_audessusde: vanilla 406 'Guryev' -> hits mod 406 'Carmarthenshire', which has nothing to do with the intended 'Guryev'. also at line 4325; file-global: no frloc_* scripted trigger is called anywhere in this mod (exhaustive repo grep: file is the only frloc hit) and no French loc ships, so every state list here is inert dead code;
common/scripted_triggers/00_scripted_triggers_FR_loc.txt	3088	408	dead_path	frloc_capital_autourde_de_audessusde: vanilla 408 'Vladivostok' -> hits mod 408 'Oxfordshire', which has nothing to do with the intended 'Vladivostok'. also at line 4326; file-global: no frloc_* scripted trigger is called anywhere in this mod (exhaustive repo grep: file is the only frloc hit) and no French loc ships, so every state list here is inert dead code;
common/scripted_triggers/00_scripted_triggers_FR_loc.txt	3089	409	dead_path	frloc_capital_autourde_de_audessusde: vanilla 409 'Khabarovsk' -> hits mod 409 'Pembrokeshire', which has nothing to do with the intended 'Khabarovsk'. also at line 4327; file-global: no frloc_* scripted trigger is called anywhere in this mod (exhaustive repo grep: file is the only frloc hit) and no French loc ships, so every state list here is inert dead code;
common/scripted_triggers/00_scripted_triggers_FR_loc.txt	3090	414	dead_path	frloc_capital_autourde_de_audessusde: vanilla 414 'Kerman' -> hits mod 414 'Warendorf', which has nothing to do with the intended 'Kerman'. if list is ever revived: exact-name successor(s) 1267 Kerman; also at line 4328; file-global: no frloc_* scripted trigger is called anywhere in this mod (exhaustive repo grep: file is the only frloc hit) and no French loc ships, so every state list here is inert dead code;
common/scripted_triggers/00_scripted_triggers_FR_loc.txt	3091	417	dead_path	frloc_capital_autourde_de_audessusde: vanilla 417 'Hamadan' -> hits mod 417 'Hameln', which has nothing to do with the intended 'Hamadan'. if list is ever revived: exact-name successor(s) 1170 Hamadan; also at line 4329; file-global: no frloc_* scripted trigger is called anywhere in this mod (exhaustive repo grep: file is the only frloc hit) and no French loc ships, so every state list here is inert dead code;
common/scripted_triggers/00_scripted_triggers_FR_loc.txt	3092	418	dead_path	frloc_capital_autourde_de_audessusde: vanilla 418 'Semnan' -> hits mod 418 'Halle', which has nothing to do with the intended 'Semnan'. if list is ever revived: exact-name successor(s) 1100 Semnan; also at line 4330; file-global: no frloc_* scripted trigger is called anywhere in this mod (exhaustive repo grep: file is the only frloc hit) and no French loc ships, so every state list here is inert dead code;
common/scripted_triggers/00_scripted_triggers_FR_loc.txt	3093	419	dead_path	frloc_capital_autourde_de_audessusde: vanilla 419 'West Azerbaijan' -> hits mod 419 'Monmouthshire', which has nothing to do with the intended 'West Azerbaijan'. if list is ever revived: exact-name successor(s) 1024 West Azerbaijan; also at line 4331; file-global: no frloc_* scripted trigger is called anywhere in this mod (exhaustive repo grep: file is the only frloc hit) and no French loc ships, so every state list here is inert dead code;
common/scripted_triggers/00_scripted_triggers_FR_loc.txt	3094	422	dead_path	frloc_capital_autourde_de_audessusde: vanilla 422 'Ceylon' -> hits mod 422 'Brabant wallon', which has nothing to do with the intended 'Ceylon'. also at line 4332; file-global: no frloc_* scripted trigger is called anywhere in this mod (exhaustive repo grep: file is the only frloc hit) and no French loc ships, so every state list here is inert dead code;
common/scripted_triggers/00_scripted_triggers_FR_loc.txt	3095	423	dead_path	frloc_capital_autourde_de_audessusde: vanilla 423 'Southern Madras' -> hits mod 423 'Kleve', which has nothing to do with the intended 'Southern Madras'. also at line 4333; file-global: no frloc_* scripted trigger is called anywhere in this mod (exhaustive repo grep: file is the only frloc hit) and no French loc ships, so every state list here is inert dead code;
common/scripted_triggers/00_scripted_triggers_FR_loc.txt	3096	424	dead_path	frloc_capital_autourde_de_audessusde: vanilla 424 'Northern Madras' -> hits mod 424 'Mittel Ruhr', which has nothing to do with the intended 'Northern Madras'. also at line 4334; file-global: no frloc_* scripted trigger is called anywhere in this mod (exhaustive repo grep: file is the only frloc hit) and no French loc ships, so every state list here is inert dead code;
common/scripted_triggers/00_scripted_triggers_FR_loc.txt	3097	425	dead_path	frloc_capital_autourde_de_audessusde: vanilla 425 'Mysore' -> hits mod 425 'Schweidnitz', which has nothing to do with the intended 'Mysore'. also at line 4335; file-global: no frloc_* scripted trigger is called anywhere in this mod (exhaustive repo grep: file is the only frloc hit) and no French loc ships, so every state list here is inert dead code;
common/scripted_triggers/00_scripted_triggers_FR_loc.txt	3098	429	dead_path	frloc_capital_autourde_de_audessusde: vanilla 429 'Bombay' -> hits mod 429 'Jedrzejow', which has nothing to do with the intended 'Bombay'. also at line 4336; file-global: no frloc_* scripted trigger is called anywhere in this mod (exhaustive repo grep: file is the only frloc hit) and no French loc ships, so every state list here is inert dead code;
common/scripted_triggers/00_scripted_triggers_FR_loc.txt	3099	436	dead_path	frloc_capital_autourde_de_audessusde: vanilla 436 'Central Provinces' -> hits mod 436 'Zhitomir', which has nothing to do with the intended 'Central Provinces'. also at line 4337; file-global: no frloc_* scripted trigger is called anywhere in this mod (exhaustive repo grep: file is the only frloc hit) and no French loc ships, so every state list here is inert dead code;
common/scripted_triggers/00_scripted_triggers_FR_loc.txt	3100	438	dead_path	frloc_capital_autourde_de_audessusde: vanilla 438 'United Provinces' -> hits mod 438 'Dobeln', which has nothing to do with the intended 'United Provinces'. also at line 4338; file-global: no frloc_* scripted trigger is called anywhere in this mod (exhaustive repo grep: file is the only frloc hit) and no French loc ships, so every state list here is inert dead code;
common/scripted_triggers/00_scripted_triggers_FR_loc.txt	3101	439	dead_path	frloc_capital_autourde_de_audessusde: vanilla 439 'Delhi' -> hits mod 439 'Marburg', which has nothing to do with the intended 'Delhi'. also at line 4339; file-global: no frloc_* scripted trigger is called anywhere in this mod (exhaustive repo grep: file is the only frloc hit) and no French loc ships, so every state list here is inert dead code;
common/scripted_triggers/00_scripted_triggers_FR_loc.txt	3102	442	dead_path	frloc_capital_autourde_de_audessusde: vanilla 442 'Peshawar' -> hits mod 442 'Laon', which has nothing to do with the intended 'Peshawar'. also at line 4340; file-global: no frloc_* scripted trigger is called anywhere in this mod (exhaustive repo grep: file is the only frloc hit) and no French loc ships, so every state list here is inert dead code;
common/scripted_triggers/00_scripted_triggers_FR_loc.txt	3103	445	dead_path	frloc_capital_autourde_de_audessusde: vanilla 445 'Sibi' -> hits mod 445 'Somerset', which has nothing to do with the intended 'Sibi'. also at line 4341; file-global: no frloc_* scripted trigger is called anywhere in this mod (exhaustive repo grep: file is the only frloc hit) and no French loc ships, so every state list here is inert dead code;
common/scripted_triggers/00_scripted_triggers_FR_loc.txt	3104	448	dead_path	frloc_capital_autourde_de_audessusde: vanilla 448 'Tripoli' -> hits mod 448 'Abbeville', which has nothing to do with the intended 'Tripoli'. if list is ever revived: exact-name successor(s) 1241 Tripoli; also at line 4342; file-global: no frloc_* scripted trigger is called anywhere in this mod (exhaustive repo grep: file is the only frloc hit) and no French loc ships, so every state list here is inert dead code;
common/scripted_triggers/00_scripted_triggers_FR_loc.txt	3105	450	dead_path	frloc_capital_autourde_de_audessusde: vanilla 450 'Benghasi' -> hits mod 450 'Belgorod', which has nothing to do with the intended 'Benghasi'. also at line 4343; file-global: no frloc_* scripted trigger is called anywhere in this mod (exhaustive repo grep: file is the only frloc hit) and no French loc ships, so every state list here is inert dead code;
common/scripted_triggers/00_scripted_triggers_FR_loc.txt	3106	451	dead_path	frloc_capital_autourde_de_audessusde: vanilla 451 'Derna' -> hits mod 451 'Zeeland', which has nothing to do with the intended 'Derna'. also at line 4344; file-global: no frloc_* scripted trigger is called anywhere in this mod (exhaustive repo grep: file is the only frloc hit) and no French loc ships, so every state list here is inert dead code;
common/scripted_triggers/00_scripted_triggers_FR_loc.txt	3107	452	dead_path	frloc_capital_autourde_de_audessusde: vanilla 452 'Matrouh' -> hits mod 452 'Val-de-Marne', which has nothing to do with the intended 'Matrouh'. if list is ever revived: exact-name successor(s) 1893 Matrouh; also at line 4345; file-global: no frloc_* scripted trigger is called anywhere in this mod (exhaustive repo grep: file is the only frloc hit) and no French loc ships, so every state list here is inert dead code;
common/scripted_triggers/00_scripted_triggers_FR_loc.txt	3108	460	dead_path	frloc_capital_autourde_de_audessusde: vanilla 460 'Constantine' -> hits mod 460 'Aachen', which has nothing to do with the intended 'Constantine'. if list is ever revived: exact-name successor(s) 1865 Constantine; also at line 4346; file-global: no frloc_* scripted trigger is called anywhere in this mod (exhaustive repo grep: file is the only frloc hit) and no French loc ships, so every state list here is inert dead code;
common/scripted_triggers/00_scripted_triggers_FR_loc.txt	3109	461	dead_path	frloc_capital_autourde_de_audessusde: vanilla 461 'Casablanca' -> hits mod 461 'Rosenberg', which has nothing to do with the intended 'Casablanca'. if list is ever revived: exact-name successor(s) 1838 Casablanca; also at line 4347; file-global: no frloc_* scripted trigger is called anywhere in this mod (exhaustive repo grep: file is the only frloc hit) and no French loc ships, so every state list here is inert dead code;
common/scripted_triggers/00_scripted_triggers_FR_loc.txt	3110	462	dead_path	frloc_capital_autourde_de_audessusde: vanilla 462 'Marrakech' -> hits mod 462 'Sussex', which has nothing to do with the intended 'Marrakech'. if list is ever revived: exact-name successor(s) 1829 Marrakech; also at line 4348; file-global: no frloc_* scripted trigger is called anywhere in this mod (exhaustive repo grep: file is the only frloc hit) and no French loc ships, so every state list here is inert dead code;
common/scripted_triggers/00_scripted_triggers_FR_loc.txt	3111	493	dead_path	frloc_capital_autourde_de_audessusde: vanilla 493 'La Libertad' -> hits mod 493 'Proskuriv', which has nothing to do with the intended 'La Libertad'. also at line 4349; file-global: no frloc_* scripted trigger is called anywhere in this mod (exhaustive repo grep: file is the only frloc hit) and no French loc ships, so every state list here is inert dead code;
common/scripted_triggers/00_scripted_triggers_FR_loc.txt	3112	499	dead_path	frloc_capital_autourde_de_audessusde: vanilla 499 'Bahia' -> hits mod 499 'Sternberg', which has nothing to do with the intended 'Bahia'. also at line 4350; file-global: no frloc_* scripted trigger is called anywhere in this mod (exhaustive repo grep: file is the only frloc hit) and no French loc ships, so every state list here is inert dead code;
common/scripted_triggers/00_scripted_triggers_FR_loc.txt	3113	500	dead_path	frloc_capital_autourde_de_audessusde: vanilla 500 'Rio de Janeiro' -> hits mod 500 'Luxembourg Belge', which has nothing to do with the intended 'Rio de Janeiro'. also at line 4351; file-global: no frloc_* scripted trigger is called anywhere in this mod (exhaustive repo grep: file is the only frloc hit) and no French loc ships, so every state list here is inert dead code;
common/scripted_triggers/00_scripted_triggers_FR_loc.txt	3114	501	dead_path	frloc_capital_autourde_de_audessusde: vanilla 501 'São Paulo' -> hits mod 501 'Lubaczow', which has nothing to do with the intended 'São Paulo'. also at line 4352; file-global: no frloc_* scripted trigger is called anywhere in this mod (exhaustive repo grep: file is the only frloc hit) and no French loc ships, so every state list here is inert dead code;
common/scripted_triggers/00_scripted_triggers_FR_loc.txt	3115	511	dead_path	frloc_capital_autourde_de_audessusde: vanilla 511 'Mendoza' -> hits mod 511 'Rostov', which has nothing to do with the intended 'Mendoza'. also at line 4354; file-global: no frloc_* scripted trigger is called anywhere in this mod (exhaustive repo grep: file is the only frloc hit) and no French loc ships, so every state list here is inert dead code;
common/scripted_triggers/00_scripted_triggers_FR_loc.txt	3116	513	dead_path	frloc_capital_autourde_de_audessusde: vanilla 513 'Tlemcen' -> hits mod 513 'Praha', which has nothing to do with the intended 'Tlemcen'. if list is ever revived: exact-name successor(s) 1186 Tlemcen; also at line 4355; file-global: no frloc_* scripted trigger is called anywhere in this mod (exhaustive repo grep: file is the only frloc hit) and no French loc ships, so every state list here is inert dead code;
common/scripted_triggers/00_scripted_triggers_FR_loc.txt	3117	551	dead_path	frloc_capital_autourde_de_audessusde: vanilla 551 'Khartoum' -> hits mod 551 'Calvados', which has nothing to do with the intended 'Khartoum'. also at line 4356; file-global: no frloc_* scripted trigger is called anywhere in this mod (exhaustive repo grep: file is the only frloc hit) and no French loc ships, so every state list here is inert dead code;
common/scripted_triggers/00_scripted_triggers_FR_loc.txt	3118	554	dead_path	frloc_capital_autourde_de_audessusde: vanilla 554 'Damascus' -> hits mod 554 'Passau', which has nothing to do with the intended 'Damascus'. if list is ever revived: exact-name successor(s) 1930 Damascus; also at line 4357; file-global: no frloc_* scripted trigger is called anywhere in this mod (exhaustive repo grep: file is the only frloc hit) and no French loc ships, so every state list here is inert dead code;
common/scripted_triggers/00_scripted_triggers_FR_loc.txt	3119	560	dead_path	frloc_capital_autourde_de_audessusde: vanilla 560 'Nikolayevsk' -> hits mod 560 'Pokrovske', which has nothing to do with the intended 'Nikolayevsk'. if list is ever revived: fuzzy-name successor(s) 614 Nikolayev; also at line 4358; file-global: no frloc_* scripted trigger is called anywhere in this mod (exhaustive repo grep: file is the only frloc hit) and no French loc ships, so every state list here is inert dead code;
common/scripted_triggers/00_scripted_triggers_FR_loc.txt	3120	563	dead_path	frloc_capital_autourde_de_audessusde: vanilla 563 'Chita' -> hits mod 563 'Melun', which has nothing to do with the intended 'Chita'. also at line 4359; file-global: no frloc_* scripted trigger is called anywhere in this mod (exhaustive repo grep: file is the only frloc hit) and no French loc ships, so every state list here is inert dead code;
common/scripted_triggers/00_scripted_triggers_FR_loc.txt	3121	565	dead_path	frloc_capital_autourde_de_audessusde: vanilla 565 'Bodaybo' -> hits mod 565 'Tomashpol', which has nothing to do with the intended 'Bodaybo'. also at line 4360; file-global: no frloc_* scripted trigger is called anywhere in this mod (exhaustive repo grep: file is the only frloc hit) and no French loc ships, so every state list here is inert dead code;
common/scripted_triggers/00_scripted_triggers_FR_loc.txt	3122	567	dead_path	frloc_capital_autourde_de_audessusde: vanilla 567 'Bratsk' -> hits mod 567 'Kempten', which has nothing to do with the intended 'Bratsk'. also at line 4361; file-global: no frloc_* scripted trigger is called anywhere in this mod (exhaustive repo grep: file is the only frloc hit) and no French loc ships, so every state list here is inert dead code;
common/scripted_triggers/00_scripted_triggers_FR_loc.txt	3123	568	dead_path	frloc_capital_autourde_de_audessusde: vanilla 568 'Krasnoyarsk' -> hits mod 568 'Baden', which has nothing to do with the intended 'Krasnoyarsk'. also at line 4362; file-global: no frloc_* scripted trigger is called anywhere in this mod (exhaustive repo grep: file is the only frloc hit) and no French loc ships, so every state list here is inert dead code;
common/scripted_triggers/00_scripted_triggers_FR_loc.txt	3124	569	dead_path	frloc_capital_autourde_de_audessusde: vanilla 569 'Khakassia' -> hits mod 569 'Levoca', which has nothing to do with the intended 'Khakassia'. also at line 4363; file-global: no frloc_* scripted trigger is called anywhere in this mod (exhaustive repo grep: file is the only frloc hit) and no French loc ships, so every state list here is inert dead code;
common/scripted_triggers/00_scripted_triggers_FR_loc.txt	3125	570	dead_path	frloc_capital_autourde_de_audessusde: vanilla 570 'Novosibirsk' -> hits mod 570 'Nancy', which has nothing to do with the intended 'Novosibirsk'. also at line 4364; file-global: no frloc_* scripted trigger is called anywhere in this mod (exhaustive repo grep: file is the only frloc hit) and no French loc ships, so every state list here is inert dead code;
common/scripted_triggers/00_scripted_triggers_FR_loc.txt	3126	572	dead_path	frloc_capital_autourde_de_audessusde: vanilla 572 'Chelyabinsk' -> hits mod 572 'Orne', which has nothing to do with the intended 'Chelyabinsk'. also at line 4365; file-global: no frloc_* scripted trigger is called anywhere in this mod (exhaustive repo grep: file is the only frloc hit) and no French loc ships, so every state list here is inert dead code;
common/scripted_triggers/00_scripted_triggers_FR_loc.txt	3127	573	dead_path	frloc_capital_autourde_de_audessusde: vanilla 573 'Zlatoust' -> hits mod 573 'Eure-et-Loir', which has nothing to do with the intended 'Zlatoust'. also at line 4366; file-global: no frloc_* scripted trigger is called anywhere in this mod (exhaustive repo grep: file is the only frloc hit) and no French loc ships, so every state list here is inert dead code;
common/scripted_triggers/00_scripted_triggers_FR_loc.txt	3128	574	dead_path	frloc_capital_autourde_de_audessusde: vanilla 574 'Yakutsk' -> hits mod 574 'Hron', which has nothing to do with the intended 'Yakutsk'. also at line 4367; file-global: no frloc_* scripted trigger is called anywhere in this mod (exhaustive repo grep: file is the only frloc hit) and no French loc ships, so every state list here is inert dead code;
common/scripted_triggers/00_scripted_triggers_FR_loc.txt	3129	575	dead_path	frloc_capital_autourde_de_audessusde: vanilla 575 'Kirensk' -> hits mod 575 'Rottweil', which has nothing to do with the intended 'Kirensk'. also at line 4368; file-global: no frloc_* scripted trigger is called anywhere in this mod (exhaustive repo grep: file is the only frloc hit) and no French loc ships, so every state list here is inert dead code;
common/scripted_triggers/00_scripted_triggers_FR_loc.txt	3130	576	dead_path	frloc_capital_autourde_de_audessusde: vanilla 576 'Yeniseisk' -> hits mod 576 'Rosenheim', which has nothing to do with the intended 'Yeniseisk'. also at line 4369; file-global: no frloc_* scripted trigger is called anywhere in this mod (exhaustive repo grep: file is the only frloc hit) and no French loc ships, so every state list here is inert dead code;
common/scripted_triggers/00_scripted_triggers_FR_loc.txt	3131	577	dead_path	frloc_capital_autourde_de_audessusde: vanilla 577 'Surgut' -> hits mod 577 'Zilina', which has nothing to do with the intended 'Surgut'. also at line 4370; file-global: no frloc_* scripted trigger is called anywhere in this mod (exhaustive repo grep: file is the only frloc hit) and no French loc ships, so every state list here is inert dead code;
common/scripted_triggers/00_scripted_triggers_FR_loc.txt	3132	578	dead_path	frloc_capital_autourde_de_audessusde: vanilla 578 'Tomsk' -> hits mod 578 'Cotes-du-Nord', which has nothing to do with the intended 'Tomsk'. also at line 4371; file-global: no frloc_* scripted trigger is called anywhere in this mod (exhaustive repo grep: file is the only frloc hit) and no French loc ships, so every state list here is inert dead code;
common/scripted_triggers/00_scripted_triggers_FR_loc.txt	3133	579	dead_path	frloc_capital_autourde_de_audessusde: vanilla 579 'Salekhard' -> hits mod 579 'Mezhevaya', which has nothing to do with the intended 'Salekhard'. also at line 4372; file-global: no frloc_* scripted trigger is called anywhere in this mod (exhaustive repo grep: file is the only frloc hit) and no French loc ships, so every state list here is inert dead code;
common/scripted_triggers/00_scripted_triggers_FR_loc.txt	3134	580	dead_path	frloc_capital_autourde_de_audessusde: vanilla 580 'Tobolsk' -> hits mod 580 'Nyitra es Pozsony', which has nothing to do with the intended 'Tobolsk'. also at line 4373; file-global: no frloc_* scripted trigger is called anywhere in this mod (exhaustive repo grep: file is the only frloc hit) and no French loc ships, so every state list here is inert dead code;
common/scripted_triggers/00_scripted_triggers_FR_loc.txt	3135	582	dead_path	frloc_capital_autourde_de_audessusde: vanilla 582 'Magnitogorsk' -> hits mod 582 'Linz', which has nothing to do with the intended 'Magnitogorsk'. also at line 4374; file-global: no frloc_* scripted trigger is called anywhere in this mod (exhaustive repo grep: file is the only frloc hit) and no French loc ships, so every state list here is inert dead code;
common/scripted_triggers/00_scripted_triggers_FR_loc.txt	3136	583	dead_path	frloc_capital_autourde_de_audessusde: vanilla 583 'Kostanay' -> hits mod 583 'Finistere', which has nothing to do with the intended 'Kostanay'. also at line 4375; file-global: no frloc_* scripted trigger is called anywhere in this mod (exhaustive repo grep: file is the only frloc hit) and no French loc ships, so every state list here is inert dead code;
common/scripted_triggers/00_scripted_triggers_FR_loc.txt	3137	588	dead_path	frloc_capital_autourde_de_audessusde: vanilla 588 'Semipalatinsk' -> hits mod 588 'Chaumont', which has nothing to do with the intended 'Semipalatinsk'. also at line 4376; file-global: no frloc_* scripted trigger is called anywhere in this mod (exhaustive repo grep: file is the only frloc hit) and no French loc ships, so every state list here is inert dead code;
common/scripted_triggers/00_scripted_triggers_FR_loc.txt	3138	592	dead_path	frloc_capital_autourde_de_audessusde: vanilla 592 'Guangzhou' -> hits mod 592 'Hotin', which has nothing to do with the intended 'Guangzhou'. also at line 4377; file-global: no frloc_* scripted trigger is called anywhere in this mod (exhaustive repo grep: file is the only frloc hit) and no French loc ships, so every state list here is inert dead code;
common/scripted_triggers/00_scripted_triggers_FR_loc.txt	3139	594	dead_path	frloc_capital_autourde_de_audessusde: vanilla 594 'Nanning' -> hits mod 594 'Kalisz', which has nothing to do with the intended 'Nanning'. also at line 4378; file-global: no frloc_* scripted trigger is called anywhere in this mod (exhaustive repo grep: file is the only frloc hit) and no French loc ships, so every state list here is inert dead code;
common/scripted_triggers/00_scripted_triggers_FR_loc.txt	3140	608	dead_path	frloc_capital_autourde_de_audessusde: vanilla 608 'Beiping' -> hits mod 608 'Mateszalka', which has nothing to do with the intended 'Beiping'. also at line 4379; file-global: no frloc_* scripted trigger is called anywhere in this mod (exhaustive repo grep: file is the only frloc hit) and no French loc ships, so every state list here is inert dead code;
common/scripted_triggers/00_scripted_triggers_FR_loc.txt	3141	613	dead_path	frloc_capital_autourde_de_audessusde: vanilla 613 'Shanghai' -> hits mod 613 'Berezovka', which has nothing to do with the intended 'Shanghai'. also at line 4380; file-global: no frloc_* scripted trigger is called anywhere in this mod (exhaustive repo grep: file is the only frloc hit) and no French loc ships, so every state list here is inert dead code;
common/scripted_triggers/00_scripted_triggers_FR_loc.txt	3142	640	dead_path	frloc_capital_autourde_de_audessusde: vanilla 640 'Mandalay' -> hits mod 640 'Montaigne et Gurson', which has nothing to do with the intended 'Mandalay'. also at line 4389; file-global: no frloc_* scripted trigger is called anywhere in this mod (exhaustive repo grep: file is the only frloc hit) and no French loc ships, so every state list here is inert dead code;
common/scripted_triggers/00_scripted_triggers_FR_loc.txt	3143	653	dead_path	frloc_capital_autourde_de_audessusde: vanilla 653 'Sverdlovsk' -> hits mod 653 'Nievre', which has nothing to do with the intended 'Sverdlovsk'. if list is ever revived: exact-name successor(s) 175 Sverdlovsk,2309 Sverdlovsk; also at line 4393; file-global: no frloc_* scripted trigger is called anywhere in this mod (exhaustive repo grep: file is the only frloc hit) and no French loc ships, so every state list here is inert dead code;
common/scripted_triggers/00_scripted_triggers_FR_loc.txt	3144	654	dead_path	frloc_capital_autourde_de_audessusde: vanilla 654 'Oyrot Region' -> hits mod 654 'Voralberg', which has nothing to do with the intended 'Oyrot Region'. also at line 4394; file-global: no frloc_* scripted trigger is called anywhere in this mod (exhaustive repo grep: file is the only frloc hit) and no French loc ships, so every state list here is inert dead code;
common/scripted_triggers/00_scripted_triggers_FR_loc.txt	3145	662	dead_path	frloc_capital_autourde_de_audessusde: vanilla 662 'Sirte' -> hits mod 662 'Berettyoujfalu', which has nothing to do with the intended 'Sirte'. if list is ever revived: exact-name successor(s) 1282 Sirte; also at line 4395; file-global: no frloc_* scripted trigger is called anywhere in this mod (exhaustive repo grep: file is the only frloc hit) and no French loc ships, so every state list here is inert dead code;
common/scripted_triggers/00_scripted_triggers_FR_loc.txt	3146	665	dead_path	frloc_capital_autourde_de_audessusde: vanilla 665 'Gabès' -> hits mod 665 'Cluj', which has nothing to do with the intended 'Gabès'. if list is ever revived: exact-name successor(s) 1215 Gabes; also at line 4396; file-global: no frloc_* scripted trigger is called anywhere in this mod (exhaustive repo grep: file is the only frloc hit) and no French loc ships, so every state list here is inert dead code;
common/scripted_triggers/00_scripted_triggers_FR_loc.txt	3147	676	dead_path	frloc_capital_autourde_de_audessusde: vanilla 676 'Mosul' -> hits mod 676 'Zala', which has nothing to do with the intended 'Mosul'. if list is ever revived: exact-name successor(s) 1114 Mosul; also at line 4399; file-global: no frloc_* scripted trigger is called anywhere in this mod (exhaustive repo grep: file is the only frloc hit) and no French loc ships, so every state list here is inert dead code;
common/scripted_triggers/00_scripted_triggers_FR_loc.txt	3148	680	dead_path	frloc_capital_autourde_de_audessusde: vanilla 680 'Deir-az-Zur' -> hits mod 680 'Mures', which has nothing to do with the intended 'Deir-az-Zur'. also at line 4400; file-global: no frloc_* scripted trigger is called anywhere in this mod (exhaustive repo grep: file is the only frloc hit) and no French loc ships, so every state list here is inert dead code;
common/scripted_triggers/00_scripted_triggers_FR_loc.txt	3149	686	dead_path	frloc_capital_autourde_de_audessusde: vanilla 686 'Puerto Rico' -> hits mod 686 'Beius', which has nothing to do with the intended 'Puerto Rico'. also at line 4401; file-global: no frloc_* scripted trigger is called anywhere in this mod (exhaustive repo grep: file is the only frloc hit) and no French loc ships, so every state list here is inert dead code;
common/scripted_triggers/00_scripted_triggers_FR_loc.txt	3150	718	dead_path	frloc_capital_autourde_de_audessusde: vanilla 718 'Stanleyville' -> hits mod 718 'Torino', which has nothing to do with the intended 'Stanleyville'. also at line 4405; file-global: no frloc_* scripted trigger is called anywhere in this mod (exhaustive repo grep: file is the only frloc hit) and no French loc ships, so every state list here is inert dead code;
common/scripted_triggers/00_scripted_triggers_FR_loc.txt	3151	722	dead_path	frloc_capital_autourde_de_audessusde: vanilla 722 'Petsamo' -> hits mod 722 'Baranya', which has nothing to do with the intended 'Petsamo'. if list is ever revived: exact-name successor(s) 17 Petsamo; also at line 4406; file-global: no frloc_* scripted trigger is called anywhere in this mod (exhaustive repo grep: file is the only frloc hit) and no French loc ships, so every state list here is inert dead code;
common/scripted_triggers/00_scripted_triggers_FR_loc.txt	3152	742	dead_path	frloc_capital_autourde_de_audessusde: vanilla 742 'Stalinabad' -> hits mod 742 'Venezia', which has nothing to do with the intended 'Stalinabad'. also at line 4409; file-global: no frloc_* scripted trigger is called anywhere in this mod (exhaustive repo grep: file is the only frloc hit) and no French loc ships, so every state list here is inert dead code;
common/scripted_triggers/00_scripted_triggers_FR_loc.txt	3153	743	dead_path	frloc_capital_autourde_de_audessusde: vanilla 743 'Qingdao' -> hits mod 743 'Ljubljana', which has nothing to do with the intended 'Qingdao'. also at line 4410; file-global: no frloc_* scripted trigger is called anywhere in this mod (exhaustive repo grep: file is the only frloc hit) and no French loc ships, so every state list here is inert dead code;
common/scripted_triggers/00_scripted_triggers_FR_loc.txt	3154	744	dead_path	frloc_capital_autourde_de_audessusde: vanilla 744 'Xian' -> hits mod 744 'Trieste', which has nothing to do with the intended 'Xian'. also at line 4411; file-global: no frloc_* scripted trigger is called anywhere in this mod (exhaustive repo grep: file is the only frloc hit) and no French loc ships, so every state list here is inert dead code;
common/scripted_triggers/00_scripted_triggers_FR_loc.txt	3155	745	dead_path	frloc_capital_autourde_de_audessusde: vanilla 745 'Dalian' -> hits mod 745 'Aosta', which has nothing to do with the intended 'Dalian'. also at line 4412; file-global: no frloc_* scripted trigger is called anywhere in this mod (exhaustive repo grep: file is the only frloc hit) and no French loc ships, so every state list here is inert dead code;
common/scripted_triggers/00_scripted_triggers_FR_loc.txt	3156	746	dead_path	frloc_capital_autourde_de_audessusde: vanilla 746 'Ordos' -> hits mod 746 'Chambery', which has nothing to do with the intended 'Ordos'. also at line 4413; file-global: no frloc_* scripted trigger is called anywhere in this mod (exhaustive repo grep: file is the only frloc hit) and no French loc ships, so every state list here is inert dead code;
common/scripted_triggers/00_scripted_triggers_FR_loc.txt	3157	747	dead_path	frloc_capital_autourde_de_audessusde: vanilla 747 'Dali' -> hits mod 747 'Lyon', which has nothing to do with the intended 'Dali'. also at line 4414; file-global: no frloc_* scripted trigger is called anywhere in this mod (exhaustive repo grep: file is the only frloc hit) and no French loc ships, so every state list here is inert dead code;
common/scripted_triggers/00_scripted_triggers_FR_loc.txt	3158	748	dead_path	frloc_capital_autourde_de_audessusde: vanilla 748 'Zunyi' -> hits mod 748 'Zemplen', which has nothing to do with the intended 'Zunyi'. also at line 4415; file-global: no frloc_* scripted trigger is called anywhere in this mod (exhaustive repo grep: file is the only frloc hit) and no French loc ships, so every state list here is inert dead code;
common/scripted_triggers/00_scripted_triggers_FR_loc.txt	3159	749	dead_path	frloc_capital_autourde_de_audessusde: vanilla 749 'Huangshan' -> hits mod 749 'Isere', which has nothing to do with the intended 'Huangshan'. also at line 4416; file-global: no frloc_* scripted trigger is called anywhere in this mod (exhaustive repo grep: file is the only frloc hit) and no French loc ships, so every state list here is inert dead code;
common/scripted_triggers/00_scripted_triggers_FR_loc.txt	3160	750	dead_path	frloc_capital_autourde_de_audessusde: vanilla 750 'Changde' -> hits mod 750 'Mont-Blanc', which has nothing to do with the intended 'Changde'. also at line 4417; file-global: no frloc_* scripted trigger is called anywhere in this mod (exhaustive repo grep: file is the only frloc hit) and no French loc ships, so every state list here is inert dead code;
common/scripted_triggers/00_scripted_triggers_FR_loc.txt	3161	751	dead_path	frloc_capital_autourde_de_audessusde: vanilla 751 'Liangshan' -> hits mod 751 'Correze', which has nothing to do with the intended 'Liangshan'. also at line 4418; file-global: no frloc_* scripted trigger is called anywhere in this mod (exhaustive repo grep: file is the only frloc hit) and no French loc ships, so every state list here is inert dead code;
common/scripted_triggers/00_scripted_triggers_FR_loc.txt	3162	752	dead_path	frloc_capital_autourde_de_audessusde: vanilla 752 'Ganzi' -> hits mod 752 'Wloclawek', which has nothing to do with the intended 'Ganzi'. also at line 4419; file-global: no frloc_* scripted trigger is called anywhere in this mod (exhaustive repo grep: file is the only frloc hit) and no French loc ships, so every state list here is inert dead code;
common/scripted_triggers/00_scripted_triggers_FR_loc.txt	3163	753	dead_path	frloc_capital_autourde_de_audessusde: vanilla 753 'Gannan' -> hits mod 753 'Dordogne', which has nothing to do with the intended 'Gannan'. also at line 4420; file-global: no frloc_* scripted trigger is called anywhere in this mod (exhaustive repo grep: file is the only frloc hit) and no French loc ships, so every state list here is inert dead code;
common/scripted_triggers/00_scripted_triggers_FR_loc.txt	3164	755	dead_path	frloc_capital_autourde_de_audessusde: vanilla 755 'Haixi' -> hits mod 755 'Fiume', which has nothing to do with the intended 'Haixi'. also at line 4421; file-global: no frloc_* scripted trigger is called anywhere in this mod (exhaustive repo grep: file is the only frloc hit) and no French loc ships, so every state list here is inert dead code;
common/scripted_triggers/00_scripted_triggers_FR_loc.txt	3165	756	dead_path	frloc_capital_autourde_de_audessusde: vanilla 756 'Jiuquan' -> hits mod 756 'Caras', which has nothing to do with the intended 'Jiuquan'. also at line 4422; file-global: no frloc_* scripted trigger is called anywhere in this mod (exhaustive repo grep: file is the only frloc hit) and no French loc ships, so every state list here is inert dead code;
common/scripted_triggers/00_scripted_triggers_FR_loc.txt	3166	757	dead_path	frloc_capital_autourde_de_audessusde: vanilla 757 'Shigatse' -> hits mod 757 'Buzau', which has nothing to do with the intended 'Shigatse'. also at line 4423; file-global: no frloc_* scripted trigger is called anywhere in this mod (exhaustive repo grep: file is the only frloc hit) and no French loc ships, so every state list here is inert dead code;
common/scripted_triggers/00_scripted_triggers_FR_loc.txt	3167	758	dead_path	frloc_capital_autourde_de_audessusde: vanilla 758 'Ngari' -> hits mod 758 'Muscel', which has nothing to do with the intended 'Ngari'. also at line 4424; file-global: no frloc_* scripted trigger is called anywhere in this mod (exhaustive repo grep: file is the only frloc hit) and no French loc ships, so every state list here is inert dead code;
common/scripted_triggers/00_scripted_triggers_FR_loc.txt	3168	760	dead_path	frloc_capital_autourde_de_audessusde: vanilla 760 'Dabancheng' -> hits mod 760 'Gironde', which has nothing to do with the intended 'Dabancheng'. also at line 4425; file-global: no frloc_* scripted trigger is called anywhere in this mod (exhaustive repo grep: file is the only frloc hit) and no French loc ships, so every state list here is inert dead code;
common/scripted_triggers/00_scripted_triggers_FR_loc.txt	3169	761	dead_path	frloc_capital_autourde_de_audessusde: vanilla 761 'Hulunbuir' -> hits mod 761 'Karakalpakstan', which has nothing to do with the intended 'Hulunbuir'. also at line 4426; file-global: no frloc_* scripted trigger is called anywhere in this mod (exhaustive repo grep: file is the only frloc hit) and no French loc ships, so every state list here is inert dead code;
common/scripted_triggers/00_scripted_triggers_FR_loc.txt	3170	762	dead_path	frloc_capital_autourde_de_audessusde: vanilla 762 'Katowice' -> hits mod 762 'Istria', which has nothing to do with the intended 'Katowice'. if list is ever revived: exact-name successor(s) 481 Katowice; also at line 4427; file-global: no frloc_* scripted trigger is called anywhere in this mod (exhaustive repo grep: file is the only frloc hit) and no French loc ships, so every state list here is inert dead code;
common/scripted_triggers/00_scripted_triggers_FR_loc.txt	3171	763	dead_path	frloc_capital_autourde_de_audessusde: vanilla 763 'Königsberg' -> hits mod 763 'Nogay', which has nothing to do with the intended 'Königsberg'. if list is ever revived: exact-name successor(s) 252 Konigsberg; also at line 4428; file-global: no frloc_* scripted trigger is called anywhere in this mod (exhaustive repo grep: file is the only frloc hit) and no French loc ships, so every state list here is inert dead code;
common/scripted_triggers/00_scripted_triggers_FR_loc.txt	3172	782	dead_path	frloc_capital_autourde_de_audessusde: vanilla 782 'Tombouctou' -> hits mod 782 'Foca', which has nothing to do with the intended 'Tombouctou'. also at line 4429; file-global: no frloc_* scripted trigger is called anywhere in this mod (exhaustive repo grep: file is the only frloc hit) and no French loc ships, so every state list here is inert dead code;
common/scripted_triggers/00_scripted_triggers_FR_loc.txt	3173	783	dead_path	frloc_capital_autourde_de_audessusde: vanilla 783 'Sidi Ifni' -> hits mod 783 'Lot', which has nothing to do with the intended 'Sidi Ifni'. if list is ever revived: exact-name successor(s) 1976 Sidi Ifni; also at line 4430; file-global: no frloc_* scripted trigger is called anywhere in this mod (exhaustive repo grep: file is the only frloc hit) and no French loc ships, so every state list here is inert dead code;
common/scripted_triggers/00_scripted_triggers_FR_loc.txt	3174	784	dead_path	frloc_capital_autourde_de_audessusde: vanilla 784 'Vilna' -> hits mod 784 'Avar', which has nothing to do with the intended 'Vilna'. also at line 4431; file-global: no frloc_* scripted trigger is called anywhere in this mod (exhaustive repo grep: file is the only frloc hit) and no French loc ships, so every state list here is inert dead code;
common/scripted_triggers/00_scripted_triggers_FR_loc.txt	3175	788	dead_path	frloc_capital_autourde_de_audessusde: vanilla 788 'Salamanca' -> hits mod 788 'Olt', which has nothing to do with the intended 'Salamanca'. if list is ever revived: exact-name successor(s) 943 Salamanca; also at line 4432; file-global: no frloc_* scripted trigger is called anywhere in this mod (exhaustive repo grep: file is the only frloc hit) and no French loc ships, so every state list here is inert dead code;
common/scripted_triggers/00_scripted_triggers_FR_loc.txt	3176	789	dead_path	frloc_capital_autourde_de_audessusde: vanilla 789 'Córdoba' -> hits mod 789 'Essonne', which has nothing to do with the intended 'Córdoba'. if list is ever revived: exact-name successor(s) 1058 Cordoba; also at line 4433; file-global: no frloc_* scripted trigger is called anywhere in this mod (exhaustive repo grep: file is the only frloc hit) and no French loc ships, so every state list here is inert dead code;
common/scripted_triggers/00_scripted_triggers_FR_loc.txt	3177	791	dead_path	frloc_capital_autourde_de_audessusde: vanilla 791 'Valladolid' -> hits mod 791 'Ialomita', which has nothing to do with the intended 'Valladolid'. if list is ever revived: exact-name successor(s) 897 Valladolid; also at line 4434; file-global: no frloc_* scripted trigger is called anywhere in this mod (exhaustive repo grep: file is the only frloc hit) and no French loc ships, so every state list here is inert dead code;
common/scripted_triggers/00_scripted_triggers_FR_loc.txt	3178	793	dead_path	frloc_capital_autourde_de_audessusde: vanilla 793 'Guadalajara' -> hits mod 793 'Constanta', which has nothing to do with the intended 'Guadalajara'. if list is ever revived: exact-name successor(s) 940 Guadalajara; also at line 4435; file-global: no frloc_* scripted trigger is called anywhere in this mod (exhaustive repo grep: file is the only frloc hit) and no French loc ships, so every state list here is inert dead code;
common/scripted_triggers/00_scripted_triggers_FR_loc.txt	3179	795	dead_path	frloc_capital_autourde_de_audessusde: vanilla 795 'Santarém' -> hits mod 795 'Lot-et-Garonne', which has nothing to do with the intended 'Santarém'. if list is ever revived: exact-name successor(s) 1021 Santarem; also at line 4436; file-global: no frloc_* scripted trigger is called anywhere in this mod (exhaustive repo grep: file is the only frloc hit) and no French loc ships, so every state list here is inert dead code;
common/scripted_triggers/00_scripted_triggers_FR_loc.txt	3180	446	dead_path	frloc_capital_autourde_de_audessusde: vanilla 446 'Suez' -> hits mod 446 'Kent', which has nothing to do with the intended 'Suez'. also at line 3982; file-global: no frloc_* scripted trigger is called anywhere in this mod (exhaustive repo grep: file is the only frloc hit) and no French loc ships, so every state list here is inert dead code;
common/scripted_triggers/00_scripted_triggers_FR_loc.txt	3181	681	dead_path	frloc_capital_autourde_de_audessusde: vanilla 681 'Cape' -> hits mod 681 'Klagenfurt', which has nothing to do with the intended 'Cape'. also at line 3988; file-global: no frloc_* scripted trigger is called anywhere in this mod (exhaustive repo grep: file is the only frloc hit) and no French loc ships, so every state list here is inert dead code;
common/scripted_triggers/00_scripted_triggers_FR_loc.txt	3189	177	dead_path	frloc_capital_aux_des_audessusdes: vanilla 177 'Islas Baleares' -> hits mod 177 'Ivanovo', which has nothing to do with the intended 'Islas Baleares'. if list is ever revived: exact-name successor(s) 1016 Islas Baleares; also at line 4566; file-global: no frloc_* scripted trigger is called anywhere in this mod (exhaustive repo grep: file is the only frloc hit) and no French loc ships, so every state list here is inert dead code;
common/scripted_triggers/00_scripted_triggers_FR_loc.txt	3190	178	dead_path	frloc_capital_aux_des_audessusdes: vanilla 178 'Islas Canarias' -> hits mod 178 'Holbaek', which has nothing to do with the intended 'Islas Canarias'. if list is ever revived: exact-name successor(s) 1824 Islas Canarias; also at line 4567; file-global: no frloc_* scripted trigger is called anywhere in this mod (exhaustive repo grep: file is the only frloc hit) and no French loc ships, so every state list here is inert dead code;
common/scripted_triggers/00_scripted_triggers_FR_loc.txt	3191	281	dead_path	frloc_capital_aux_des_audessusdes: vanilla 281 'Maldives' -> hits mod 281 'Stralsund', which has nothing to do with the intended 'Maldives'. also at line 4571; file-global: no frloc_* scripted trigger is called anywhere in this mod (exhaustive repo grep: file is the only frloc hit) and no French loc ships, so every state list here is inert dead code;
common/scripted_triggers/00_scripted_triggers_FR_loc.txt	3192	299	dead_path	frloc_capital_aux_des_audessusdes: vanilla 299 'Falkland Islands' -> hits mod 299 'Penza', which has nothing to do with the intended 'Falkland Islands'. also at line 4572; file-global: no frloc_* scripted trigger is called anywhere in this mod (exhaustive repo grep: file is the only frloc hit) and no French loc ships, so every state list here is inert dead code;
common/scripted_triggers/00_scripted_triggers_FR_loc.txt	3193	647	dead_path	frloc_capital_aux_des_audessusdes: vanilla 647 'Palau' -> hits mod 647 'Zurich', which has nothing to do with the intended 'Palau'. also at line 4583; file-global: no frloc_* scripted trigger is called anywhere in this mod (exhaustive repo grep: file is the only frloc hit) and no French loc ships, so every state list here is inert dead code;
common/scripted_triggers/00_scripted_triggers_FR_loc.txt	3194	649	dead_path	frloc_capital_aux_des_audessusdes: vanilla 649 'Galapagos Islands' -> hits mod 649 'Nasaud', which has nothing to do with the intended 'Galapagos Islands'. also at line 4584; file-global: no frloc_* scripted trigger is called anywhere in this mod (exhaustive repo grep: file is the only frloc hit) and no French loc ships, so every state list here is inert dead code;
common/scripted_triggers/00_scripted_triggers_FR_loc.txt	3195	668	dead_path	frloc_capital_aux_des_audessusdes: vanilla 668 'The Moluccas' -> hits mod 668 'Dole', which has nothing to do with the intended 'The Moluccas'. if list is ever revived: fuzzy-name successor(s) 1382 Lucca; also at line 4586; file-global: no frloc_* scripted trigger is called anywhere in this mod (exhaustive repo grep: file is the only frloc hit) and no French loc ships, so every state list here is inert dead code;
common/scripted_triggers/00_scripted_triggers_FR_loc.txt	3196	754	dead_path	frloc_capital_aux_des_audessusdes: vanilla 754 'Golog' -> hits mod 754 'Lika-Gacka', which has nothing to do with the intended 'Golog'. also at line 4542; file-global: no frloc_* scripted trigger is called anywhere in this mod (exhaustive repo grep: file is the only frloc hit) and no French loc ships, so every state list here is inert dead code;
common/scripted_triggers/00_scripted_triggers_FR_loc.txt	3207	68	dead_path	frloc_capital_dansl_del_audessusdel: vanilla 68 'Ostmark' -> hits mod 68 'Pohjois-Karjala', which has nothing to do with the intended 'Ostmark'. also at line 4444; file-global: no frloc_* scripted trigger is called anywhere in this mod (exhaustive repo grep: file is the only frloc hit) and no French loc ships, so every state list here is inert dead code;
common/scripted_triggers/00_scripted_triggers_FR_loc.txt	3208	111	dead_path	frloc_capital_dansl_del_audessusdel: vanilla 111 'Uusimaa' -> hits mod 111 'Hordaland', which has nothing to do with the intended 'Uusimaa'. if list is ever revived: exact-name successor(s) 114 Uusimaa; also at line 4445; file-global: no frloc_* scripted trigger is called anywhere in this mod (exhaustive repo grep: file is the only frloc hit) and no French loc ships, so every state list here is inert dead code;
common/scripted_triggers/00_scripted_triggers_FR_loc.txt	3209	136	dead_path	frloc_capital_dansl_del_audessusdel: vanilla 136 'Aberdeenshire' -> hits mod 136 'Sodermanland', which has nothing to do with the intended 'Aberdeenshire'. if list is ever revived: fuzzy-name successor(s) 180 Aberdeen; also at line 4024; file-global: no frloc_* scripted trigger is called anywhere in this mod (exhaustive repo grep: file is the only frloc hit) and no French loc ships, so every state list here is inert dead code;
common/scripted_triggers/00_scripted_triggers_FR_loc.txt	3210	154	dead_path	frloc_capital_dansl_del_audessusdel: vanilla 154 'Transtisza' -> hits mod 154 'Tver', which has nothing to do with the intended 'Transtisza'. also at line 4025; file-global: no frloc_* scripted trigger is called anywhere in this mod (exhaustive repo grep: file is the only frloc hit) and no French loc ships, so every state list here is inert dead code;
common/scripted_triggers/00_scripted_triggers_FR_loc.txt	3211	380	dead_path	frloc_capital_dansl_del_audessusdel: vanilla 380 'Utah' -> hits mod 380 'Cardiganshire', which has nothing to do with the intended 'Utah'. also at line 4026; file-global: no frloc_* scripted trigger is called anywhere in this mod (exhaustive repo grep: file is the only frloc hit) and no French loc ships, so every state list here is inert dead code;
common/scripted_triggers/00_scripted_triggers_FR_loc.txt	3212	385	dead_path	frloc_capital_dansl_del_audessusdel: vanilla 385 'Oregon' -> hits mod 385 'Seine-Saint-Denis', which has nothing to do with the intended 'Oregon'. also at line 4027; file-global: no frloc_* scripted trigger is called anywhere in this mod (exhaustive repo grep: file is the only frloc hit) and no French loc ships, so every state list here is inert dead code;
common/scripted_triggers/00_scripted_triggers_FR_loc.txt	3213	387	dead_path	frloc_capital_dansl_del_audessusdel: vanilla 387 'Idaho' -> hits mod 387 'Myszyniec', which has nothing to do with the intended 'Idaho'. also at line 4028; file-global: no frloc_* scripted trigger is called anywhere in this mod (exhaustive repo grep: file is the only frloc hit) and no French loc ships, so every state list here is inert dead code;
common/scripted_triggers/00_scripted_triggers_FR_loc.txt	3214	395	dead_path	frloc_capital_dansl_del_audessusdel: vanilla 395 'Illinois' -> hits mod 395 'Waterford', which has nothing to do with the intended 'Illinois'. also at line 4029; file-global: no frloc_* scripted trigger is called anywhere in this mod (exhaustive repo grep: file is the only frloc hit) and no French loc ships, so every state list here is inert dead code;
common/scripted_triggers/00_scripted_triggers_FR_loc.txt	3215	396	dead_path	frloc_capital_dansl_del_audessusdel: vanilla 396 'Indiana' -> hits mod 396 'Herefordshire', which has nothing to do with the intended 'Indiana'. also at line 4030; file-global: no frloc_* scripted trigger is called anywhere in this mod (exhaustive repo grep: file is the only frloc hit) and no French loc ships, so every state list here is inert dead code;
common/scripted_triggers/00_scripted_triggers_FR_loc.txt	3216	494	dead_path	frloc_capital_dansl_del_audessusdel: vanilla 494 'Ucayali' -> hits mod 494 'Lubny', which has nothing to do with the intended 'Ucayali'. also at line 4031; file-global: no frloc_* scripted trigger is called anywhere in this mod (exhaustive repo grep: file is the only frloc hit) and no French loc ships, so every state list here is inert dead code;
common/scripted_triggers/00_scripted_triggers_FR_loc.txt	3217	495	dead_path	frloc_capital_dansl_del_audessusdel: vanilla 495 'Amazonas' -> hits mod 495 'Bayreuth', which has nothing to do with the intended 'Amazonas'. also at line 4032; file-global: no frloc_* scripted trigger is called anywhere in this mod (exhaustive repo grep: file is the only frloc hit) and no French loc ships, so every state list here is inert dead code;
common/scripted_triggers/00_scripted_triggers_FR_loc.txt	3218	504	dead_path	frloc_capital_dansl_del_audessusdel: vanilla 504 'Punta Porá' -> hits mod 504 'Zwittau', which has nothing to do with the intended 'Punta Porá'. also at line 4033; file-global: no frloc_* scripted trigger is called anywhere in this mod (exhaustive repo grep: file is the only frloc hit) and no French loc ships, so every state list here is inert dead code;
common/scripted_triggers/00_scripted_triggers_FR_loc.txt	3219	561	dead_path	frloc_capital_dansl_del_audessusdel: vanilla 561 'Amur' -> hits mod 561 'Atyrau', which has nothing to do with the intended 'Amur'. also at line 4034; file-global: no frloc_* scripted trigger is called anywhere in this mod (exhaustive repo grep: file is the only frloc hit) and no French loc ships, so every state list here is inert dead code;
common/scripted_triggers/00_scripted_triggers_FR_loc.txt	3220	581	dead_path	frloc_capital_dansl_del_audessusdel: vanilla 581 'Northern Urals' -> hits mod 581 'Ravensburg', which has nothing to do with the intended 'Northern Urals'. also at line 4035; file-global: no frloc_* scripted trigger is called anywhere in this mod (exhaustive repo grep: file is the only frloc hit) and no French loc ships, so every state list here is inert dead code;
common/scripted_triggers/00_scripted_triggers_FR_loc.txt	3221	606	dead_path	frloc_capital_dansl_del_audessusdel: vanilla 606 'Anhui' -> hits mod 606 'Haut-Rhin', which has nothing to do with the intended 'Anhui'. also at line 4037; file-global: no frloc_* scripted trigger is called anywhere in this mod (exhaustive repo grep: file is the only frloc hit) and no French loc ships, so every state list here is inert dead code;
common/scripted_triggers/00_scripted_triggers_FR_loc.txt	3222	682	dead_path	frloc_capital_dansl_del_audessusdel: vanilla 682 'Northern Ontario' -> hits mod 682 'Deux-Sevres', which has nothing to do with the intended 'Northern Ontario'. if list is ever revived: fuzzy-name successor(s) 9 Ontario; also at line 4039; file-global: no frloc_* scripted trigger is called anywhere in this mod (exhaustive repo grep: file is the only frloc hit) and no French loc ships, so every state list here is inert dead code;
common/scripted_triggers/00_scripted_triggers_FR_loc.txt	3230	30	dead_path	frloc_capital_dansla_dela_audessusdela: vanilla 30 'Loire' -> hits mod 30 'Medvezhyegorsk', which has nothing to do with the intended 'Loire'. if list is ever revived: exact-name successor(s) 729 Loire; also at line 4068; file-global: no frloc_* scripted trigger is called anywhere in this mod (exhaustive repo grep: file is the only frloc hit) and no French loc ships, so every state list here is inert dead code;
common/scripted_triggers/00_scripted_triggers_FR_loc.txt	3231	278	dead_path	frloc_capital_dansla_dela_audessusdela: vanilla 278 'Buenos Aires' -> hits mod 278 'Chausy', which has nothing to do with the intended 'Buenos Aires'. also at line 4132; file-global: no frloc_* scripted trigger is called anywhere in this mod (exhaustive repo grep: file is the only frloc hit) and no French loc ships, so every state list here is inert dead code;
common/scripted_triggers/00_scripted_triggers_FR_loc.txt	3239	2	dead_path	frloc_capital_dansle_du_audessusdu: vanilla 2 'Lazio' -> hits mod 2 'Massachusetts', which has nothing to do with the intended 'Lazio'. also at line 3734; file-global: no frloc_* scripted trigger is called anywhere in this mod (exhaustive repo grep: file is the only frloc hit) and no French loc ships, so every state list here is inert dead code;
common/scripted_triggers/00_scripted_triggers_FR_loc.txt	3240	12	dead_path	frloc_capital_dansle_du_audessusdu: vanilla 12 'Vidzeme' -> hits mod 12 'Vermont', which has nothing to do with the intended 'Vidzeme'. also at line 3736; file-global: no frloc_* scripted trigger is called anywhere in this mod (exhaustive repo grep: file is the only frloc hit) and no French loc ships, so every state list here is inert dead code;
common/scripted_triggers/00_scripted_triggers_FR_loc.txt	3241	13	dead_path	frloc_capital_dansle_du_audessusdu: vanilla 13 'Pärnu' -> hits mod 13 'Troms', which has nothing to do with the intended 'Pärnu'. if list is ever revived: exact-name successor(s) 155 Parnu; also at line 3737; file-global: no frloc_* scripted trigger is called anywhere in this mod (exhaustive repo grep: file is the only frloc hit) and no French loc ships, so every state list here is inert dead code;
common/scripted_triggers/00_scripted_triggers_FR_loc.txt	3242	20	dead_path	frloc_capital_dansle_du_audessusdu: vanilla 20 'Rhone' -> hits mod 20 'Maribo', which has nothing to do with the intended 'Rhone'. if list is ever revived: exact-name successor(s) 728 Rhone; also at line 3738; file-global: no frloc_* scripted trigger is called anywhere in this mod (exhaustive repo grep: file is the only frloc hit) and no French loc ships, so every state list here is inert dead code;
common/scripted_triggers/00_scripted_triggers_FR_loc.txt	3243	22	dead_path	frloc_capital_dansle_du_audessusdu: vanilla 22 'Languedoc' -> hits mod 22 'Kalastajasaarento', which has nothing to do with the intended 'Languedoc'. also at line 3739; file-global: no frloc_* scripted trigger is called anywhere in this mod (exhaustive repo grep: file is the only frloc hit) and no French loc ships, so every state list here is inert dead code;
common/scripted_triggers/00_scripted_triggers_FR_loc.txt	3244	23	dead_path	frloc_capital_dansle_du_audessusdu: vanilla 23 'Poitou' -> hits mod 23 'Norrbotten', which has nothing to do with the intended 'Poitou'. also at line 3740; file-global: no frloc_* scripted trigger is called anywhere in this mod (exhaustive repo grep: file is the only frloc hit) and no French loc ships, so every state list here is inert dead code;
common/scripted_triggers/00_scripted_triggers_FR_loc.txt	3245	24	dead_path	frloc_capital_dansle_du_audessusdu: vanilla 24 'Centre' -> hits mod 24 'Petrozavodsk', which has nothing to do with the intended 'Centre'. also at line 3741; file-global: no frloc_* scripted trigger is called anywhere in this mod (exhaustive repo grep: file is the only frloc hit) and no French loc ships, so every state list here is inert dead code;
common/scripted_triggers/00_scripted_triggers_FR_loc.txt	3246	25	dead_path	frloc_capital_dansle_du_audessusdu: vanilla 25 'Limousin' -> hits mod 25 'Nordland', which has nothing to do with the intended 'Limousin'. also at line 3742; file-global: no frloc_* scripted trigger is called anywhere in this mod (exhaustive repo grep: file is the only frloc hit) and no French loc ships, so every state list here is inert dead code;
common/scripted_triggers/00_scripted_triggers_FR_loc.txt	3247	29	dead_path	frloc_capital_dansle_du_audessusdu: vanilla 29 'Nord-Pas-de-Calais' -> hits mod 29 'Suursaari', which has nothing to do with the intended 'Nord-Pas-de-Calais'. if list is ever revived: fuzzy-name successor(s) 472 Calais; also at line 3743; file-global: no frloc_* scripted trigger is called anywhere in this mod (exhaustive repo grep: file is the only frloc hit) and no French loc ships, so every state list here is inert dead code;
common/scripted_triggers/00_scripted_triggers_FR_loc.txt	3248	33	dead_path	frloc_capital_dansle_du_audessusdu: vanilla 33 'Centre-Sud' -> hits mod 33 'Vanha Salla', which has nothing to do with the intended 'Centre-Sud'. also at line 3744; file-global: no frloc_* scripted trigger is called anywhere in this mod (exhaustive repo grep: file is the only frloc hit) and no French loc ships, so every state list here is inert dead code;
common/scripted_triggers/00_scripted_triggers_FR_loc.txt	3249	35	dead_path	frloc_capital_dansle_du_audessusdu: vanilla 35 'Brabant' -> hits mod 35 'Komi', which has nothing to do with the intended 'Brabant'. if list is ever revived: fuzzy-name successor(s) 422 Brabant wallon,470 Vlaams-Brabant,479 Oost Noord-Brabant,2713 West Noord-Brabant; also at line 3745; file-global: no frloc_* scripted trigger is called anywhere in this mod (exhaustive repo grep: file is the only frloc hit) and no French loc ships, so every state list here is inert dead code;
common/scripted_triggers/00_scripted_triggers_FR_loc.txt	3250	37	dead_path	frloc_capital_dansle_du_audessusdu: vanilla 37 'Sjaelland' -> hits mod 37 'Fontainebleau', which has nothing to do with the intended 'Sjaelland'. also at line 3746; file-global: no frloc_* scripted trigger is called anywhere in this mod (exhaustive repo grep: file is the only frloc hit) and no French loc ships, so every state list here is inert dead code;
common/scripted_triggers/00_scripted_triggers_FR_loc.txt	3251	38	dead_path	frloc_capital_dansle_du_audessusdu: vanilla 38 'Gävleborg' -> hits mod 38 'Ukhta', which has nothing to do with the intended 'Gävleborg'. if list is ever revived: exact-name successor(s) 84 Gavleborg; also at line 3747; file-global: no frloc_* scripted trigger is called anywhere in this mod (exhaustive repo grep: file is the only frloc hit) and no French loc ships, so every state list here is inert dead code;
common/scripted_triggers/00_scripted_triggers_FR_loc.txt	3252	39	dead_path	frloc_capital_dansle_du_audessusdu: vanilla 39 'South Tyrol' -> hits mod 39 'Belomorsk', which has nothing to do with the intended 'South Tyrol'. also at line 3748; file-global: no frloc_* scripted trigger is called anywhere in this mod (exhaustive repo grep: file is the only frloc hit) and no French loc ships, so every state list here is inert dead code;
common/scripted_triggers/00_scripted_triggers_FR_loc.txt	3253	42	dead_path	frloc_capital_dansle_du_audessusdu: vanilla 42 'Moselland' -> hits mod 42 'Pohjois-Pohjanmaa', which has nothing to do with the intended 'Moselland'. also at line 3749; file-global: no frloc_* scripted trigger is called anywhere in this mod (exhaustive repo grep: file is the only frloc hit) and no French loc ships, so every state list here is inert dead code;
common/scripted_triggers/00_scripted_triggers_FR_loc.txt	3254	50	dead_path	frloc_capital_dansle_du_audessusdu: vanilla 50 'Württemberg' -> hits mod 50 'Kainuu', which has nothing to do with the intended 'Württemberg'. also at line 3750; file-global: no frloc_* scripted trigger is called anywhere in this mod (exhaustive repo grep: file is the only frloc hit) and no French loc ships, so every state list here is inert dead code;
common/scripted_triggers/00_scripted_triggers_FR_loc.txt	3255	58	dead_path	frloc_capital_dansle_du_audessusdu: vanilla 58 'Holstein' -> hits mod 58 'Hauts-de-Seine', which has nothing to do with the intended 'Holstein'. also at line 3751; file-global: no frloc_* scripted trigger is called anywhere in this mod (exhaustive repo grep: file is the only frloc hit) and no French loc ships, so every state list here is inert dead code;
common/scripted_triggers/00_scripted_triggers_FR_loc.txt	3256	59	dead_path	frloc_capital_dansle_du_audessusdu: vanilla 59 'Hannover' -> hits mod 59 'Suoyarvi', which has nothing to do with the intended 'Hannover'. if list is ever revived: exact-name successor(s) 352 Hannover; also at line 3752; file-global: no frloc_* scripted trigger is called anywhere in this mod (exhaustive repo grep: file is the only frloc hit) and no French loc ships, so every state list here is inert dead code;
common/scripted_triggers/00_scripted_triggers_FR_loc.txt	3257	61	dead_path	frloc_capital_dansle_du_audessusdu: vanilla 61 'Mecklenburg' -> hits mod 61 'Pudozh', which has nothing to do with the intended 'Mecklenburg'. also at line 3753; file-global: no frloc_* scripted trigger is called anywhere in this mod (exhaustive repo grep: file is the only frloc hit) and no French loc ships, so every state list here is inert dead code;
common/scripted_triggers/00_scripted_triggers_FR_loc.txt	3258	64	dead_path	frloc_capital_dansle_du_audessusdu: vanilla 64 'Brandenburg' -> hits mod 64 'Newfoundland', which has nothing to do with the intended 'Brandenburg'. if list is ever revived: exact-name successor(s) 1638 Brandenburg; also at line 3754; file-global: no frloc_* scripted trigger is called anywhere in this mod (exhaustive repo grep: file is the only frloc hit) and no French loc ships, so every state list here is inert dead code;
common/scripted_triggers/00_scripted_triggers_FR_loc.txt	3259	82	dead_path	frloc_capital_dansle_du_audessusdu: vanilla 82 'Banat' -> hits mod 82 'Chodziez', which has nothing to do with the intended 'Banat'. if list is ever revived: fuzzy-name successor(s) 1512 Juzni Banat; also at line 3755; file-global: no frloc_* scripted trigger is called anywhere in this mod (exhaustive repo grep: file is the only frloc hit) and no French loc ships, so every state list here is inert dead code;
common/scripted_triggers/00_scripted_triggers_FR_loc.txt	3260	99	dead_path	frloc_capital_dansle_du_audessusdu: vanilla 99 'Jutland' -> hits mod 99 'Gniezno', which has nothing to do with the intended 'Jutland'. also at line 3756; file-global: no frloc_* scripted trigger is called anywhere in this mod (exhaustive repo grep: file is the only frloc hit) and no French loc ships, so every state list here is inert dead code;
common/scripted_triggers/00_scripted_triggers_FR_loc.txt	3261	113	dead_path	frloc_capital_dansle_du_audessusdu: vanilla 113 'Leinster' -> hits mod 113 'Terijoki', which has nothing to do with the intended 'Leinster'. also at line 3759; file-global: no frloc_* scripted trigger is called anywhere in this mod (exhaustive repo grep: file is the only frloc hit) and no French loc ships, so every state list here is inert dead code;
common/scripted_triggers/00_scripted_triggers_FR_loc.txt	3262	121	dead_path	frloc_capital_dansle_du_audessusdu: vanilla 121 'Lothian' -> hits mod 121 'Vastmanland', which has nothing to do with the intended 'Lothian'. if list is ever revived: fuzzy-name successor(s) 217 East Lothian,220 West Lothian,221 Midlothian; also at line 3760; file-global: no frloc_* scripted trigger is called anywhere in this mod (exhaustive repo grep: file is the only frloc hit) and no French loc ships, so every state list here is inert dead code;
common/scripted_triggers/00_scripted_triggers_FR_loc.txt	3263	122	dead_path	frloc_capital_dansle_du_audessusdu: vanilla 122 'Wales' -> hits mod 122 'Poznan', which has nothing to do with the intended 'Wales'. also at line 3761; file-global: no frloc_* scripted trigger is called anywhere in this mod (exhaustive repo grep: file is the only frloc hit) and no French loc ships, so every state list here is inert dead code;
common/scripted_triggers/00_scripted_triggers_FR_loc.txt	3264	126	dead_path	frloc_capital_dansle_du_audessusdu: vanilla 126 'Greater London Area' -> hits mod 126 'Glasgow', which has nothing to do with the intended 'Greater London Area'. if list is ever revived: fuzzy-name successor(s) 2475 London; also at line 3762; file-global: no frloc_* scripted trigger is called anywhere in this mod (exhaustive repo grep: file is the only frloc hit) and no French loc ships, so every state list here is inert dead code;
common/scripted_triggers/00_scripted_triggers_FR_loc.txt	3265	127	dead_path	frloc_capital_dansle_du_audessusdu: vanilla 127 'Sussex' -> hits mod 127 'Leningrad Oblast', which has nothing to do with the intended 'Sussex'. if list is ever revived: exact-name successor(s) 462 Sussex; also at line 3763; file-global: no frloc_* scripted trigger is called anywhere in this mod (exhaustive repo grep: file is the only frloc hit) and no French loc ships, so every state list here is inert dead code;
common/scripted_triggers/00_scripted_triggers_FR_loc.txt	3266	130	dead_path	frloc_capital_dansle_du_audessusdu: vanilla 130 'Yorkshire' -> hits mod 130 'Isle of Mann', which has nothing to do with the intended 'Yorkshire'. also at line 3764; file-global: no frloc_* scripted trigger is called anywhere in this mod (exhaustive repo grep: file is the only frloc hit) and no French loc ships, so every state list here is inert dead code;
common/scripted_triggers/00_scripted_triggers_FR_loc.txt	3267	131	dead_path	frloc_capital_dansle_du_audessusdu: vanilla 131 'Northumberland' -> hits mod 131 'Vestfold', which has nothing to do with the intended 'Northumberland'. if list is ever revived: exact-name successor(s) 234 Northumberland; also at line 3765; file-global: no frloc_* scripted trigger is called anywhere in this mod (exhaustive repo grep: file is the only frloc hit) and no French loc ships, so every state list here is inert dead code;
common/scripted_triggers/00_scripted_triggers_FR_loc.txt	3268	132	dead_path	frloc_capital_dansle_du_audessusdu: vanilla 132 'Lancashire' -> hits mod 132 'Aust-Agder', which has nothing to do with the intended 'Lancashire'. if list is ever revived: exact-name successor(s) 293 Lancashire; also at line 3766; file-global: no frloc_* scripted trigger is called anywhere in this mod (exhaustive repo grep: file is the only frloc hit) and no French loc ships, so every state list here is inert dead code;
common/scripted_triggers/00_scripted_triggers_FR_loc.txt	3269	133	dead_path	frloc_capital_dansle_du_audessusdu: vanilla 133 'Lanark' -> hits mod 133 'Harju', which has nothing to do with the intended 'Lanark'. also at line 3767; file-global: no frloc_* scripted trigger is called anywhere in this mod (exhaustive repo grep: file is the only frloc hit) and no French loc ships, so every state list here is inert dead code;
common/scripted_triggers/00_scripted_triggers_FR_loc.txt	3270	134	dead_path	frloc_capital_dansle_du_audessusdu: vanilla 134 'Connaught' -> hits mod 134 'Narva', which has nothing to do with the intended 'Connaught'. also at line 3768; file-global: no frloc_* scripted trigger is called anywhere in this mod (exhaustive repo grep: file is the only frloc hit) and no French loc ships, so every state list here is inert dead code;
common/scripted_triggers/00_scripted_triggers_FR_loc.txt	3271	135	dead_path	frloc_capital_dansle_du_audessusdu: vanilla 135 'Munster' -> hits mod 135 'Kostroma', which has nothing to do with the intended 'Munster'. also at line 3769; file-global: no frloc_* scripted trigger is called anywhere in this mod (exhaustive repo grep: file is the only frloc hit) and no French loc ships, so every state list here is inert dead code;
common/scripted_triggers/00_scripted_triggers_FR_loc.txt	3272	139	dead_path	frloc_capital_dansle_du_audessusdu: vanilla 139 'Småland' -> hits mod 139 'Abenra-Sonderborg', which has nothing to do with the intended 'Småland'. if list is ever revived: fuzzy-name successor(s) 98 Aland; also at line 3770; file-global: no frloc_* scripted trigger is called anywhere in this mod (exhaustive repo grep: file is the only frloc hit) and no French loc ships, so every state list here is inert dead code;
common/scripted_triggers/00_scripted_triggers_FR_loc.txt	3273	140	dead_path	frloc_capital_dansle_du_audessusdu: vanilla 140 'Västergötland' -> hits mod 140 'Hjorring', which has nothing to do with the intended 'Västergötland'. if list is ever revived: fuzzy-name successor(s) 226 Gotland; also at line 3771; file-global: no frloc_* scripted trigger is called anywhere in this mod (exhaustive repo grep: file is the only frloc hit) and no French loc ships, so every state list here is inert dead code;
common/scripted_triggers/00_scripted_triggers_FR_loc.txt	3274	141	dead_path	frloc_capital_dansle_du_audessusdu: vanilla 141 'Södermanland' -> hits mod 141 'Stockholm', which has nothing to do with the intended 'Södermanland'. if list is ever revived: exact-name successor(s) 136 Sodermanland; also at line 3772; file-global: no frloc_* scripted trigger is called anywhere in this mod (exhaustive repo grep: file is the only frloc hit) and no French loc ships, so every state list here is inert dead code;
common/scripted_triggers/00_scripted_triggers_FR_loc.txt	3275	142	dead_path	frloc_capital_dansle_du_audessusdu: vanilla 142 'Vestlandet' -> hits mod 142 'Staraya Russa', which has nothing to do with the intended 'Vestlandet'. also at line 3773; file-global: no frloc_* scripted trigger is called anywhere in this mod (exhaustive repo grep: file is the only frloc hit) and no French loc ships, so every state list here is inert dead code;
common/scripted_triggers/00_scripted_triggers_FR_loc.txt	3276	143	dead_path	frloc_capital_dansle_du_audessusdu: vanilla 143 'Trøndelag' -> hits mod 143 'Jarva', which has nothing to do with the intended 'Trøndelag'. also at line 3774; file-global: no frloc_* scripted trigger is called anywhere in this mod (exhaustive repo grep: file is the only frloc hit) and no French loc ships, so every state list here is inert dead code;
common/scripted_triggers/00_scripted_triggers_FR_loc.txt	3277	144	dead_path	frloc_capital_dansle_du_audessusdu: vanilla 144 'Nordland' -> hits mod 144 'Thisted', which has nothing to do with the intended 'Nordland'. if list is ever revived: exact-name successor(s) 25 Nordland; also at line 3775; file-global: no frloc_* scripted trigger is called anywhere in this mod (exhaustive repo grep: file is the only frloc hit) and no French loc ships, so every state list here is inert dead code;
common/scripted_triggers/00_scripted_triggers_FR_loc.txt	3278	164	dead_path	frloc_capital_dansle_du_audessusdu: vanilla 164 'Dodecanese' -> hits mod 164 'Bornholm', which has nothing to do with the intended 'Dodecanese'. also at line 3778; file-global: no frloc_* scripted trigger is called anywhere in this mod (exhaustive repo grep: file is the only frloc hit) and no French loc ships, so every state list here is inert dead code;
common/scripted_triggers/00_scripted_triggers_FR_loc.txt	3279	174	dead_path	frloc_capital_dansle_du_audessusdu: vanilla 174 'León' -> hits mod 174 'Liepaja', which has nothing to do with the intended 'León'. if list is ever revived: exact-name successor(s) 857 Leon; also at line 3779; file-global: no frloc_* scripted trigger is called anywhere in this mod (exhaustive repo grep: file is the only frloc hit) and no French loc ships, so every state list here is inert dead code;
common/scripted_triggers/00_scripted_triggers_FR_loc.txt	3280	186	dead_path	frloc_capital_dansle_du_audessusdu: vanilla 186 'Peloponnese' -> hits mod 186 'Mari El', which has nothing to do with the intended 'Peloponnese'. also at line 3780; file-global: no frloc_* scripted trigger is called anywhere in this mod (exhaustive repo grep: file is the only frloc hit) and no French loc ships, so every state list here is inert dead code;
common/scripted_triggers/00_scripted_triggers_FR_loc.txt	3281	273	dead_path	frloc_capital_dansle_du_audessusdu: vanilla 273 'Libyan Desert' -> hits mod 273 'Kolberg', which has nothing to do with the intended 'Libyan Desert'. also at line 3782; file-global: no frloc_* scripted trigger is called anywhere in this mod (exhaustive repo grep: file is the only frloc hit) and no French loc ships, so every state list here is inert dead code;
common/scripted_triggers/00_scripted_triggers_FR_loc.txt	3282	275	dead_path	frloc_capital_dansle_du_audessusdu: vanilla 275 'Transvaal' -> hits mod 275 'Traku', which has nothing to do with the intended 'Transvaal'. also at line 3784; file-global: no frloc_* scripted trigger is called anywhere in this mod (exhaustive repo grep: file is the only frloc hit) and no French loc ships, so every state list here is inert dead code;
common/scripted_triggers/00_scripted_triggers_FR_loc.txt	3283	276	dead_path	frloc_capital_dansle_du_audessusdu: vanilla 276 'Southern Ontario' -> hits mod 276 'Armagh', which has nothing to do with the intended 'Southern Ontario'. if list is ever revived: fuzzy-name successor(s) 9 Ontario; also at line 3785; file-global: no frloc_* scripted trigger is called anywhere in this mod (exhaustive repo grep: file is the only frloc hit) and no French loc ships, so every state list here is inert dead code;
common/scripted_triggers/00_scripted_triggers_FR_loc.txt	3284	280	dead_path	frloc_capital_dansle_du_audessusdu: vanilla 280 'Mato Grosso' -> hits mod 280 'Danzig', which has nothing to do with the intended 'Mato Grosso'. also at line 3786; file-global: no frloc_* scripted trigger is called anywhere in this mod (exhaustive repo grep: file is the only frloc hit) and no French loc ships, so every state list here is inert dead code;
common/scripted_triggers/00_scripted_triggers_FR_loc.txt	3285	282	dead_path	frloc_capital_dansle_du_audessusdu: vanilla 282 'Kanto' -> hits mod 282 'Rastenburg', which has nothing to do with the intended 'Kanto'. also at line 3787; file-global: no frloc_* scripted trigger is called anywhere in this mod (exhaustive repo grep: file is the only frloc hit) and no French loc ships, so every state list here is inert dead code;
common/scripted_triggers/00_scripted_triggers_FR_loc.txt	3286	283	dead_path	frloc_capital_dansle_du_audessusdu: vanilla 283 'Gansu' -> hits mod 283 'Monaghan', which has nothing to do with the intended 'Gansu'. also at line 3788; file-global: no frloc_* scripted trigger is called anywhere in this mod (exhaustive repo grep: file is the only frloc hit) and no French loc ships, so every state list here is inert dead code;
common/scripted_triggers/00_scripted_triggers_FR_loc.txt	3287	287	dead_path	frloc_capital_dansle_du_audessusdu: vanilla 287 'Taklamakan' -> hits mod 287 'Brodnica', which has nothing to do with the intended 'Taklamakan'. also at line 3789; file-global: no frloc_* scripted trigger is called anywhere in this mod (exhaustive repo grep: file is the only frloc hit) and no French loc ships, so every state list here is inert dead code;
common/scripted_triggers/00_scripted_triggers_FR_loc.txt	3288	292	dead_path	frloc_capital_dansle_du_audessusdu: vanilla 292 'Nejd' -> hits mod 292 'Baranowicze', which has nothing to do with the intended 'Nejd'. also at line 3792; file-global: no frloc_* scripted trigger is called anywhere in this mod (exhaustive repo grep: file is the only frloc hit) and no French loc ships, so every state list here is inert dead code;
common/scripted_triggers/00_scripted_triggers_FR_loc.txt	3289	306	dead_path	frloc_capital_dansle_du_audessusdu: vanilla 306 'Cundinamarca' -> hits mod 306 'Augustow', which has nothing to do with the intended 'Cundinamarca'. also at line 3797; file-global: no frloc_* scripted trigger is called anywhere in this mod (exhaustive repo grep: file is the only frloc hit) and no French loc ships, so every state list here is inert dead code;
common/scripted_triggers/00_scripted_triggers_FR_loc.txt	3290	307	dead_path	frloc_capital_dansle_du_audessusdu: vanilla 307 'Miranda' -> hits mod 307 'Slonim', which has nothing to do with the intended 'Miranda'. also at line 3798; file-global: no frloc_* scripted trigger is called anywhere in this mod (exhaustive repo grep: file is the only frloc hit) and no French loc ships, so every state list here is inert dead code;
common/scripted_triggers/00_scripted_triggers_FR_loc.txt	3291	325	dead_path	frloc_capital_dansle_du_audessusdu: vanilla 325 'Yunnan' -> hits mod 325 'Derbyshire', which has nothing to do with the intended 'Yunnan'. also at line 3809; file-global: no frloc_* scripted trigger is called anywhere in this mod (exhaustive repo grep: file is the only frloc hit) and no French loc ships, so every state list here is inert dead code;
common/scripted_triggers/00_scripted_triggers_FR_loc.txt	3292	328	dead_path	frloc_capital_dansle_du_audessusdu: vanilla 328 'Kirin' -> hits mod 328 'Nottinghamshire', which has nothing to do with the intended 'Kirin'. also at line 3810; file-global: no frloc_* scripted trigger is called anywhere in this mod (exhaustive repo grep: file is the only frloc hit) and no French loc ships, so every state list here is inert dead code;
common/scripted_triggers/00_scripted_triggers_FR_loc.txt	3293	338	dead_path	frloc_capital_dansle_du_audessusdu: vanilla 338 'Gloucestershire' -> hits mod 338 'Flintshire', which has nothing to do with the intended 'Gloucestershire'. if list is ever revived: exact-name successor(s) 410 Gloucestershire; also at line 3813; file-global: no frloc_* scripted trigger is called anywhere in this mod (exhaustive repo grep: file is the only frloc hit) and no French loc ships, so every state list here is inert dead code;
common/scripted_triggers/00_scripted_triggers_FR_loc.txt	3294	359	dead_path	frloc_capital_dansle_du_audessusdu: vanilla 359 'New Jersey' -> hits mod 359 'Lipetsk', which has nothing to do with the intended 'New Jersey'. if list is ever revived: exact-name successor(s) 47 New Jersey; also at line 3814; file-global: no frloc_* scripted trigger is called anywhere in this mod (exhaustive repo grep: file is the only frloc hit) and no French loc ships, so every state list here is inert dead code;
common/scripted_triggers/00_scripted_triggers_FR_loc.txt	3295	361	dead_path	frloc_capital_dansle_du_audessusdu: vanilla 361 'Maryland' -> hits mod 361 'Kilkenny', which has nothing to do with the intended 'Maryland'. if list is ever revived: exact-name successor(s) 26 Maryland; also at line 3815; file-global: no frloc_* scripted trigger is called anywhere in this mod (exhaustive repo grep: file is the only frloc hit) and no French loc ships, so every state list here is inert dead code;
common/scripted_triggers/00_scripted_triggers_FR_loc.txt	3296	368	dead_path	frloc_capital_dansle_du_audessusdu: vanilla 368 'Tennessee' -> hits mod 368 'Wexford', which has nothing to do with the intended 'Tennessee'. also at line 3816; file-global: no frloc_* scripted trigger is called anywhere in this mod (exhaustive repo grep: file is the only frloc hit) and no French loc ships, so every state list here is inert dead code;
common/scripted_triggers/00_scripted_triggers_FR_loc.txt	3297	369	dead_path	frloc_capital_dansle_du_audessusdu: vanilla 369 'Kentucky' -> hits mod 369 'Northamptonshire', which has nothing to do with the intended 'Kentucky'. also at line 3817; file-global: no frloc_* scripted trigger is called anywhere in this mod (exhaustive repo grep: file is the only frloc hit) and no French loc ships, so every state list here is inert dead code;
common/scripted_triggers/00_scripted_triggers_FR_loc.txt	3298	370	dead_path	frloc_capital_dansle_du_audessusdu: vanilla 370 'Mississippi' -> hits mod 370 'Grojec', which has nothing to do with the intended 'Mississippi'. also at line 3818; file-global: no frloc_* scripted trigger is called anywhere in this mod (exhaustive repo grep: file is the only frloc hit) and no French loc ships, so every state list here is inert dead code;
common/scripted_triggers/00_scripted_triggers_FR_loc.txt	3299	373	dead_path	frloc_capital_dansle_du_audessusdu: vanilla 373 'Missouri' -> hits mod 373 'Osnabruck', which has nothing to do with the intended 'Missouri'. also at line 3819; file-global: no frloc_* scripted trigger is called anywhere in this mod (exhaustive repo grep: file is the only frloc hit) and no French loc ships, so every state list here is inert dead code;
common/scripted_triggers/00_scripted_triggers_FR_loc.txt	3300	379	dead_path	frloc_capital_dansle_du_audessusdu: vanilla 379 'Nevada' -> hits mod 379 'Huntingdonshire', which has nothing to do with the intended 'Nevada'. also at line 3822; file-global: no frloc_* scripted trigger is called anywhere in this mod (exhaustive repo grep: file is the only frloc hit) and no French loc ships, so every state list here is inert dead code;
common/scripted_triggers/00_scripted_triggers_FR_loc.txt	3301	381	dead_path	frloc_capital_dansle_du_audessusdu: vanilla 381 'Wyoming' -> hits mod 381 'Lodz', which has nothing to do with the intended 'Wyoming'. also at line 3823; file-global: no frloc_* scripted trigger is called anywhere in this mod (exhaustive repo grep: file is the only frloc hit) and no French loc ships, so every state list here is inert dead code;
common/scripted_triggers/00_scripted_triggers_FR_loc.txt	3302	382	dead_path	frloc_capital_dansle_du_audessusdu: vanilla 382 'Colorado' -> hits mod 382 'Paderborn', which has nothing to do with the intended 'Colorado'. also at line 3824; file-global: no frloc_* scripted trigger is called anywhere in this mod (exhaustive repo grep: file is the only frloc hit) and no French loc ships, so every state list here is inert dead code;
common/scripted_triggers/00_scripted_triggers_FR_loc.txt	3303	383	dead_path	frloc_capital_dansle_du_audessusdu: vanilla 383 'Kansas' -> hits mod 383 'Gelderland', which has nothing to do with the intended 'Kansas'. also at line 3825; file-global: no frloc_* scripted trigger is called anywhere in this mod (exhaustive repo grep: file is the only frloc hit) and no French loc ships, so every state list here is inert dead code;
common/scripted_triggers/00_scripted_triggers_FR_loc.txt	3304	384	dead_path	frloc_capital_dansle_du_audessusdu: vanilla 384 'Nebraska' -> hits mod 384 'Zhitkovichi', which has nothing to do with the intended 'Nebraska'. also at line 3826; file-global: no frloc_* scripted trigger is called anywhere in this mod (exhaustive repo grep: file is the only frloc hit) and no French loc ships, so every state list here is inert dead code;
common/scripted_triggers/00_scripted_triggers_FR_loc.txt	3305	388	dead_path	frloc_capital_dansle_du_audessusdu: vanilla 388 'Montana' -> hits mod 388 'Kursk', which has nothing to do with the intended 'Montana'. if list is ever revived: exact-name successor(s) 1565 Montana; also at line 3828; file-global: no frloc_* scripted trigger is called anywhere in this mod (exhaustive repo grep: file is the only frloc hit) and no French loc ships, so every state list here is inert dead code;
common/scripted_triggers/00_scripted_triggers_FR_loc.txt	3306	389	dead_path	frloc_capital_dansle_du_audessusdu: vanilla 389 'North Dakota' -> hits mod 389 'Radnorshire', which has nothing to do with the intended 'North Dakota'. also at line 3829; file-global: no frloc_* scripted trigger is called anywhere in this mod (exhaustive repo grep: file is the only frloc hit) and no French loc ships, so every state list here is inert dead code;
common/scripted_triggers/00_scripted_triggers_FR_loc.txt	3307	390	dead_path	frloc_capital_dansle_du_audessusdu: vanilla 390 'South Dakota' -> hits mod 390 'Worcestershire', which has nothing to do with the intended 'South Dakota'. also at line 3830; file-global: no frloc_* scripted trigger is called anywhere in this mod (exhaustive repo grep: file is the only frloc hit) and no French loc ships, so every state list here is inert dead code;
common/scripted_triggers/00_scripted_triggers_FR_loc.txt	3308	391	dead_path	frloc_capital_dansle_du_audessusdu: vanilla 391 'Minnesota' -> hits mod 391 'Muenster', which has nothing to do with the intended 'Minnesota'. also at line 3831; file-global: no frloc_* scripted trigger is called anywhere in this mod (exhaustive repo grep: file is the only frloc hit) and no French loc ships, so every state list here is inert dead code;
common/scripted_triggers/00_scripted_triggers_FR_loc.txt	3309	393	dead_path	frloc_capital_dansle_du_audessusdu: vanilla 393 'Michigan' -> hits mod 393 'Hildesheim', which has nothing to do with the intended 'Michigan'. also at line 3832; file-global: no frloc_* scripted trigger is called anywhere in this mod (exhaustive repo grep: file is the only frloc hit) and no French loc ships, so every state list here is inert dead code;
common/scripted_triggers/00_scripted_triggers_FR_loc.txt	3310	394	dead_path	frloc_capital_dansle_du_audessusdu: vanilla 394 'Wisconsin' -> hits mod 394 'Cork', which has nothing to do with the intended 'Wisconsin'. also at line 3833; file-global: no frloc_* scripted trigger is called anywhere in this mod (exhaustive repo grep: file is the only frloc hit) and no French loc ships, so every state list here is inert dead code;
common/scripted_triggers/00_scripted_triggers_FR_loc.txt	3311	410	dead_path	frloc_capital_dansle_du_audessusdu: vanilla 410 'Sistan' -> hits mod 410 'Gloucestershire', which has nothing to do with the intended 'Sistan'. also at line 3834; file-global: no frloc_* scripted trigger is called anywhere in this mod (exhaustive repo grep: file is the only frloc hit) and no French loc ships, so every state list here is inert dead code;
common/scripted_triggers/00_scripted_triggers_FR_loc.txt	3312	412	dead_path	frloc_capital_dansle_du_audessusdu: vanilla 412 'Fars' -> hits mod 412 'Voronezh', which has nothing to do with the intended 'Fars'. if list is ever revived: exact-name successor(s) 1274 Fars; also at line 3835; file-global: no frloc_* scripted trigger is called anywhere in this mod (exhaustive repo grep: file is the only frloc hit) and no French loc ships, so every state list here is inert dead code;
common/scripted_triggers/00_scripted_triggers_FR_loc.txt	3313	413	dead_path	frloc_capital_dansle_du_audessusdu: vanilla 413 'Khuzestan' -> hits mod 413 'Essex', which has nothing to do with the intended 'Khuzestan'. if list is ever revived: exact-name successor(s) 1238 Khuzestan; also at line 3836; file-global: no frloc_* scripted trigger is called anywhere in this mod (exhaustive repo grep: file is the only frloc hit) and no French loc ships, so every state list here is inert dead code;
common/scripted_triggers/00_scripted_triggers_FR_loc.txt	3314	416	dead_path	frloc_capital_dansle_du_audessusdu: vanilla 416 'Khorasan' -> hits mod 416 'Hertfordshire', which has nothing to do with the intended 'Khorasan'. if list is ever revived: fuzzy-name successor(s) 1076 North Khorasan,1087 Razavi Khorasan,1193 South Khorasan; also at line 3837; file-global: no frloc_* scripted trigger is called anywhere in this mod (exhaustive repo grep: file is the only frloc hit) and no French loc ships, so every state list here is inert dead code;
common/scripted_triggers/00_scripted_triggers_FR_loc.txt	3315	420	dead_path	frloc_capital_dansle_du_audessusdu: vanilla 420 'Gilan' -> hits mod 420 'Sarny', which has nothing to do with the intended 'Gilan'. if list is ever revived: exact-name successor(s) 1069 Gilan; also at line 3838; file-global: no frloc_* scripted trigger is called anywhere in this mod (exhaustive repo grep: file is the only frloc hit) and no French loc ships, so every state list here is inert dead code;
common/scripted_triggers/00_scripted_triggers_FR_loc.txt	3316	421	dead_path	frloc_capital_dansle_du_audessusdu: vanilla 421 'Ilam' -> hits mod 421 'Radomsko', which has nothing to do with the intended 'Ilam'. if list is ever revived: exact-name successor(s) 1220 Ilam; also at line 3839; file-global: no frloc_* scripted trigger is called anywhere in this mod (exhaustive repo grep: file is the only frloc hit) and no French loc ships, so every state list here is inert dead code;
common/scripted_triggers/00_scripted_triggers_FR_loc.txt	3317	428	dead_path	frloc_capital_dansle_du_audessusdu: vanilla 428 'Gujarat' -> hits mod 428 'Berkshire', which has nothing to do with the intended 'Gujarat'. also at line 3840; file-global: no frloc_* scripted trigger is called anywhere in this mod (exhaustive repo grep: file is the only frloc hit) and no French loc ships, so every state list here is inert dead code;
common/scripted_triggers/00_scripted_triggers_FR_loc.txt	3318	433	dead_path	frloc_capital_dansle_du_audessusdu: vanilla 433 'Rajahsthan' -> hits mod 433 'Dortmund', which has nothing to do with the intended 'Rajahsthan'. also at line 3843; file-global: no frloc_* scripted trigger is called anywhere in this mod (exhaustive repo grep: file is the only frloc hit) and no French loc ships, so every state list here is inert dead code;
common/scripted_triggers/00_scripted_triggers_FR_loc.txt	3319	435	dead_path	frloc_capital_dansle_du_audessusdu: vanilla 435 'Bihar' -> hits mod 435 'Brent', which has nothing to do with the intended 'Bihar'. also at line 3844; file-global: no frloc_* scripted trigger is called anywhere in this mod (exhaustive repo grep: file is the only frloc hit) and no French loc ships, so every state list here is inert dead code;
common/scripted_triggers/00_scripted_triggers_FR_loc.txt	3320	443	dead_path	frloc_capital_dansle_du_audessusdu: vanilla 443 'Sind' -> hits mod 443 'Borispol', which has nothing to do with the intended 'Sind'. also at line 3847; file-global: no frloc_* scripted trigger is called anywhere in this mod (exhaustive repo grep: file is the only frloc hit) and no French loc ships, so every state list here is inert dead code;
common/scripted_triggers/00_scripted_triggers_FR_loc.txt	3321	453	dead_path	frloc_capital_dansle_du_audessusdu: vanilla 453 'Sinai' -> hits mod 453 'Hampshire', which has nothing to do with the intended 'Sinai'. if list is ever revived: fuzzy-name successor(s) 109 Varsinais-Suomi; also at line 3849; file-global: no frloc_* scripted trigger is called anywhere in this mod (exhaustive repo grep: file is the only frloc hit) and no French loc ships, so every state list here is inert dead code;
common/scripted_triggers/00_scripted_triggers_FR_loc.txt	3322	457	dead_path	frloc_capital_dansle_du_audessusdu: vanilla 457 'Eastern Desert' -> hits mod 457 'Volgograd', which has nothing to do with the intended 'Eastern Desert'. also at line 3850; file-global: no frloc_* scripted trigger is called anywhere in this mod (exhaustive repo grep: file is the only frloc hit) and no French loc ships, so every state list here is inert dead code;
common/scripted_triggers/00_scripted_triggers_FR_loc.txt	3323	465	dead_path	frloc_capital_dansle_du_audessusdu: vanilla 465 'New Brunswick' -> hits mod 465 'Siegkreis', which has nothing to do with the intended 'New Brunswick'. if list is ever revived: exact-name successor(s) 6 New Brunswick; also at line 3851; file-global: no frloc_* scripted trigger is called anywhere in this mod (exhaustive repo grep: file is the only frloc hit) and no French loc ships, so every state list here is inert dead code;
common/scripted_triggers/00_scripted_triggers_FR_loc.txt	3324	467	dead_path	frloc_capital_dansle_du_audessusdu: vanilla 467 'Manitoba' -> hits mod 467 'Sosnowiec', which has nothing to do with the intended 'Manitoba'. also at line 3853; file-global: no frloc_* scripted trigger is called anywhere in this mod (exhaustive repo grep: file is the only frloc hit) and no French loc ships, so every state list here is inert dead code;
common/scripted_triggers/00_scripted_triggers_FR_loc.txt	3325	468	dead_path	frloc_capital_dansle_du_audessusdu: vanilla 468 'Saint Lawrence' -> hits mod 468 'Dorset', which has nothing to do with the intended 'Saint Lawrence'. also at line 3854; file-global: no frloc_* scripted trigger is called anywhere in this mod (exhaustive repo grep: file is the only frloc hit) and no French loc ships, so every state list here is inert dead code;
common/scripted_triggers/00_scripted_triggers_FR_loc.txt	3326	471	dead_path	frloc_capital_dansle_du_audessusdu: vanilla 471 'Prince Rupert' -> hits mod 471 'Aussig', which has nothing to do with the intended 'Prince Rupert'. also at line 3855; file-global: no frloc_* scripted trigger is called anywhere in this mod (exhaustive repo grep: file is the only frloc hit) and no French loc ships, so every state list here is inert dead code;
common/scripted_triggers/00_scripted_triggers_FR_loc.txt	3327	472	dead_path	frloc_capital_dansle_du_audessusdu: vanilla 472 'N.W Territories' -> hits mod 472 'Calais', which has nothing to do with the intended 'N.W Territories'. also at line 3856; file-global: no frloc_* scripted trigger is called anywhere in this mod (exhaustive repo grep: file is the only frloc hit) and no French loc ships, so every state list here is inert dead code;
common/scripted_triggers/00_scripted_triggers_FR_loc.txt	3328	474	dead_path	frloc_capital_dansle_du_audessusdu: vanilla 474 'Yucatan' -> hits mod 474 'Limburg', which has nothing to do with the intended 'Yucatan'. also at line 3857; file-global: no frloc_* scripted trigger is called anywhere in this mod (exhaustive repo grep: file is the only frloc hit) and no French loc ships, so every state list here is inert dead code;
common/scripted_triggers/00_scripted_triggers_FR_loc.txt	3329	475	dead_path	frloc_capital_dansle_du_audessusdu: vanilla 475 'Chiapas' -> hits mod 475 'Altenkirchen', which has nothing to do with the intended 'Chiapas'. also at line 3858; file-global: no frloc_* scripted trigger is called anywhere in this mod (exhaustive repo grep: file is the only frloc hit) and no French loc ships, so every state list here is inert dead code;
common/scripted_triggers/00_scripted_triggers_FR_loc.txt	3330	476	dead_path	frloc_capital_dansle_du_audessusdu: vanilla 476 'Oaxaca' -> hits mod 476 'Chemnitz', which has nothing to do with the intended 'Oaxaca'. also at line 3859; file-global: no frloc_* scripted trigger is called anywhere in this mod (exhaustive repo grep: file is the only frloc hit) and no French loc ships, so every state list here is inert dead code;
common/scripted_triggers/00_scripted_triggers_FR_loc.txt	3331	477	dead_path	frloc_capital_dansle_du_audessusdu: vanilla 477 'Veracruz' -> hits mod 477 'Schleiden', which has nothing to do with the intended 'Veracruz'. also at line 3860; file-global: no frloc_* scripted trigger is called anywhere in this mod (exhaustive repo grep: file is the only frloc hit) and no French loc ships, so every state list here is inert dead code;
common/scripted_triggers/00_scripted_triggers_FR_loc.txt	3332	478	dead_path	frloc_capital_dansle_du_audessusdu: vanilla 478 'Jalisco' -> hits mod 478 'Giessen', which has nothing to do with the intended 'Jalisco'. also at line 3861; file-global: no frloc_* scripted trigger is called anywhere in this mod (exhaustive repo grep: file is the only frloc hit) and no French loc ships, so every state list here is inert dead code;
common/scripted_triggers/00_scripted_triggers_FR_loc.txt	3333	479	dead_path	frloc_capital_dansle_du_audessusdu: vanilla 479 'Tamaulipas' -> hits mod 479 'Oost Noord-Brabant', which has nothing to do with the intended 'Tamaulipas'. also at line 3862; file-global: no frloc_* scripted trigger is called anywhere in this mod (exhaustive repo grep: file is the only frloc hit) and no French loc ships, so every state list here is inert dead code;
common/scripted_triggers/00_scripted_triggers_FR_loc.txt	3334	480	dead_path	frloc_capital_dansle_du_audessusdu: vanilla 480 'Coahuila' -> hits mod 480 'Liege', which has nothing to do with the intended 'Coahuila'. also at line 3863; file-global: no frloc_* scripted trigger is called anywhere in this mod (exhaustive repo grep: file is the only frloc hit) and no French loc ships, so every state list here is inert dead code;
common/scripted_triggers/00_scripted_triggers_FR_loc.txt	3335	481	dead_path	frloc_capital_dansle_du_audessusdu: vanilla 481 'Durango' -> hits mod 481 'Katowice', which has nothing to do with the intended 'Durango'. also at line 3864; file-global: no frloc_* scripted trigger is called anywhere in this mod (exhaustive repo grep: file is the only frloc hit) and no French loc ships, so every state list here is inert dead code;
common/scripted_triggers/00_scripted_triggers_FR_loc.txt	3336	482	dead_path	frloc_capital_dansle_du_audessusdu: vanilla 482 'Chihuahua' -> hits mod 482 'Hainaut', which has nothing to do with the intended 'Chihuahua'. also at line 3865; file-global: no frloc_* scripted trigger is called anywhere in this mod (exhaustive repo grep: file is the only frloc hit) and no French loc ships, so every state list here is inert dead code;
common/scripted_triggers/00_scripted_triggers_FR_loc.txt	3337	483	dead_path	frloc_capital_dansle_du_audessusdu: vanilla 483 'Sonora' -> hits mod 483 'Westerburg', which has nothing to do with the intended 'Sonora'. also at line 3866; file-global: no frloc_* scripted trigger is called anywhere in this mod (exhaustive repo grep: file is the only frloc hit) and no French loc ships, so every state list here is inert dead code;
common/scripted_triggers/00_scripted_triggers_FR_loc.txt	3338	485	dead_path	frloc_capital_dansle_du_audessusdu: vanilla 485 'Guerrero' -> hits mod 485 'Eupen-Malmedy', which has nothing to do with the intended 'Guerrero'. also at line 3867; file-global: no frloc_* scripted trigger is called anywhere in this mod (exhaustive repo grep: file is the only frloc hit) and no French loc ships, so every state list here is inert dead code;
common/scripted_triggers/00_scripted_triggers_FR_loc.txt	3339	486	dead_path	frloc_capital_dansle_du_audessusdu: vanilla 486 'Meta' -> hits mod 486 'Hradec Kralove', which has nothing to do with the intended 'Meta'. also at line 3868; file-global: no frloc_* scripted trigger is called anywhere in this mod (exhaustive repo grep: file is the only frloc hit) and no French loc ships, so every state list here is inert dead code;
common/scripted_triggers/00_scripted_triggers_FR_loc.txt	3340	487	dead_path	frloc_capital_dansle_du_audessusdu: vanilla 487 'Santa Cruz' -> hits mod 487 'Namur', which has nothing to do with the intended 'Santa Cruz'. also at line 3869; file-global: no frloc_* scripted trigger is called anywhere in this mod (exhaustive repo grep: file is the only frloc hit) and no French loc ships, so every state list here is inert dead code;
common/scripted_triggers/00_scripted_triggers_FR_loc.txt	3341	488	dead_path	frloc_capital_dansle_du_audessusdu: vanilla 488 'Bolivar' -> hits mod 488 'Koblenz', which has nothing to do with the intended 'Bolivar'. also at line 3870; file-global: no frloc_* scripted trigger is called anywhere in this mod (exhaustive repo grep: file is the only frloc hit) and no French loc ships, so every state list here is inert dead code;
common/scripted_triggers/00_scripted_triggers_FR_loc.txt	3342	489	dead_path	frloc_capital_dansle_du_audessusdu: vanilla 489 'Zulia' -> hits mod 489 'Kladno', which has nothing to do with the intended 'Zulia'. also at line 3871; file-global: no frloc_* scripted trigger is called anywhere in this mod (exhaustive repo grep: file is the only frloc hit) and no French loc ships, so every state list here is inert dead code;
common/scripted_triggers/00_scripted_triggers_FR_loc.txt	3343	490	dead_path	frloc_capital_dansle_du_audessusdu: vanilla 490 'Pastaza' -> hits mod 490 'Drohobycz', which has nothing to do with the intended 'Pastaza'. also at line 3872; file-global: no frloc_* scripted trigger is called anywhere in this mod (exhaustive repo grep: file is the only frloc hit) and no French loc ships, so every state list here is inert dead code;
common/scripted_triggers/00_scripted_triggers_FR_loc.txt	3344	491	dead_path	frloc_capital_dansle_du_audessusdu: vanilla 491 'Loreto' -> hits mod 491 'Zamosc', which has nothing to do with the intended 'Loreto'. also at line 3873; file-global: no frloc_* scripted trigger is called anywhere in this mod (exhaustive repo grep: file is the only frloc hit) and no French loc ships, so every state list here is inert dead code;
common/scripted_triggers/00_scripted_triggers_FR_loc.txt	3345	496	dead_path	frloc_capital_dansle_du_audessusdu: vanilla 496 'Minas Gerais' -> hits mod 496 'Tarnow', which has nothing to do with the intended 'Minas Gerais'. also at line 3874; file-global: no frloc_* scripted trigger is called anywhere in this mod (exhaustive repo grep: file is the only frloc hit) and no French loc ships, so every state list here is inert dead code;
common/scripted_triggers/00_scripted_triggers_FR_loc.txt	3346	497	dead_path	frloc_capital_dansle_du_audessusdu: vanilla 497 'Maranhão' -> hits mod 497 'Kharkov', which has nothing to do with the intended 'Maranhão'. also at line 3875; file-global: no frloc_* scripted trigger is called anywhere in this mod (exhaustive repo grep: file is the only frloc hit) and no French loc ships, so every state list here is inert dead code;
common/scripted_triggers/00_scripted_triggers_FR_loc.txt	3347	498	dead_path	frloc_capital_dansle_du_audessusdu: vanilla 498 'Rio Grande do Norte' -> hits mod 498 'Eger', which has nothing to do with the intended 'Rio Grande do Norte'. also at line 3876; file-global: no frloc_* scripted trigger is called anywhere in this mod (exhaustive repo grep: file is the only frloc hit) and no French loc ships, so every state list here is inert dead code;
common/scripted_triggers/00_scripted_triggers_FR_loc.txt	3348	502	dead_path	frloc_capital_dansle_du_audessusdu: vanilla 502 'Rio Grande do Sul' -> hits mod 502 'Czortkow', which has nothing to do with the intended 'Rio Grande do Sul'. also at line 3877; file-global: no frloc_* scripted trigger is called anywhere in this mod (exhaustive repo grep: file is the only frloc hit) and no French loc ships, so every state list here is inert dead code;
common/scripted_triggers/00_scripted_triggers_FR_loc.txt	3349	503	dead_path	frloc_capital_dansle_du_audessusdu: vanilla 503 'Santa Catarina' -> hits mod 503 'Bittburg', which has nothing to do with the intended 'Santa Catarina'. also at line 3878; file-global: no frloc_* scripted trigger is called anywhere in this mod (exhaustive repo grep: file is the only frloc hit) and no French loc ships, so every state list here is inert dead code;
common/scripted_triggers/00_scripted_triggers_FR_loc.txt	3350	505	dead_path	frloc_capital_dansle_du_audessusdu: vanilla 505 'Goiás' -> hits mod 505 'Amiens', which has nothing to do with the intended 'Goiás'. also at line 3879; file-global: no frloc_* scripted trigger is called anywhere in this mod (exhaustive repo grep: file is the only frloc hit) and no French loc ships, so every state list here is inert dead code;
common/scripted_triggers/00_scripted_triggers_FR_loc.txt	3351	508	dead_path	frloc_capital_dansle_du_audessusdu: vanilla 508 'Tucumán' -> hits mod 508 'Warszawa', which has nothing to do with the intended 'Tucumán'. also at line 3880; file-global: no frloc_* scripted trigger is called anywhere in this mod (exhaustive repo grep: file is the only frloc hit) and no French loc ships, so every state list here is inert dead code;
common/scripted_triggers/00_scripted_triggers_FR_loc.txt	3352	509	dead_path	frloc_capital_dansle_du_audessusdu: vanilla 509 'Chaco Austral' -> hits mod 509 'Biala', which has nothing to do with the intended 'Chaco Austral'. also at line 3881; file-global: no frloc_* scripted trigger is called anywhere in this mod (exhaustive repo grep: file is the only frloc hit) and no French loc ships, so every state list here is inert dead code;
common/scripted_triggers/00_scripted_triggers_FR_loc.txt	3353	514	dead_path	frloc_capital_dansle_du_audessusdu: vanilla 514 'Algerian Desert' -> hits mod 514 'Pardubice', which has nothing to do with the intended 'Algerian Desert'. if list is ever revived: fuzzy-name successor(s) 1120 Alger; also at line 3882; file-global: no frloc_* scripted trigger is called anywhere in this mod (exhaustive repo grep: file is the only frloc hit) and no French loc ships, so every state list here is inert dead code;
common/scripted_triggers/00_scripted_triggers_FR_loc.txt	3354	515	dead_path	frloc_capital_dansle_du_audessusdu: vanilla 515 'Southern Sahara' -> hits mod 515 'Sedan', which has nothing to do with the intended 'Southern Sahara'. also at line 3883; file-global: no frloc_* scripted trigger is called anywhere in this mod (exhaustive repo grep: file is the only frloc hit) and no French loc ships, so every state list here is inert dead code;
common/scripted_triggers/00_scripted_triggers_FR_loc.txt	3355	520	dead_path	frloc_capital_dansle_du_audessusdu: vanilla 520 'Northern Territory' -> hits mod 520 'Parsberg', which has nothing to do with the intended 'Northern Territory'. also at line 3885; file-global: no frloc_* scripted trigger is called anywhere in this mod (exhaustive repo grep: file is the only frloc hit) and no French loc ships, so every state list here is inert dead code;
common/scripted_triggers/00_scripted_triggers_FR_loc.txt	3356	521	dead_path	frloc_capital_dansle_du_audessusdu: vanilla 521 'Queensland' -> hits mod 521 'Mainz', which has nothing to do with the intended 'Queensland'. also at line 3886; file-global: no frloc_* scripted trigger is called anywhere in this mod (exhaustive repo grep: file is the only frloc hit) and no French loc ships, so every state list here is inert dead code;
common/scripted_triggers/00_scripted_triggers_FR_loc.txt	3357	531	dead_path	frloc_capital_dansle_du_audessusdu: vanilla 531 'Kansai' -> hits mod 531 'Oise', which has nothing to do with the intended 'Kansai'. also at line 3887; file-global: no frloc_* scripted trigger is called anywhere in this mod (exhaustive repo grep: file is the only frloc hit) and no French loc ships, so every state list here is inert dead code;
common/scripted_triggers/00_scripted_triggers_FR_loc.txt	3358	532	dead_path	frloc_capital_dansle_du_audessusdu: vanilla 532 'Tokai' -> hits mod 532 'Olomouc', which has nothing to do with the intended 'Tokai'. also at line 3888; file-global: no frloc_* scripted trigger is called anywhere in this mod (exhaustive repo grep: file is the only frloc hit) and no French loc ships, so every state list here is inert dead code;
common/scripted_triggers/00_scripted_triggers_FR_loc.txt	3359	533	dead_path	frloc_capital_dansle_du_audessusdu: vanilla 533 'Kita-Tohoku' -> hits mod 533 'Ansbach', which has nothing to do with the intended 'Kita-Tohoku'. also at line 3889; file-global: no frloc_* scripted trigger is called anywhere in this mod (exhaustive repo grep: file is the only frloc hit) and no French loc ships, so every state list here is inert dead code;
common/scripted_triggers/00_scripted_triggers_FR_loc.txt	3360	534	dead_path	frloc_capital_dansle_du_audessusdu: vanilla 534 'Koshinetsu' -> hits mod 534 'Manche', which has nothing to do with the intended 'Koshinetsu'. also at line 3890; file-global: no frloc_* scripted trigger is called anywhere in this mod (exhaustive repo grep: file is the only frloc hit) and no French loc ships, so every state list here is inert dead code;
common/scripted_triggers/00_scripted_triggers_FR_loc.txt	3361	535	dead_path	frloc_capital_dansle_du_audessusdu: vanilla 535 'Hokuriku' -> hits mod 535 'Jihlava', which has nothing to do with the intended 'Hokuriku'. also at line 3891; file-global: no frloc_* scripted trigger is called anywhere in this mod (exhaustive repo grep: file is the only frloc hit) and no French loc ships, so every state list here is inert dead code;
common/scripted_triggers/00_scripted_triggers_FR_loc.txt	3362	538	dead_path	frloc_capital_dansle_du_audessusdu: vanilla 538 'Coquilhatville' -> hits mod 538 'Verdun', which has nothing to do with the intended 'Coquilhatville'. also at line 3892; file-global: no frloc_* scripted trigger is called anywhere in this mod (exhaustive repo grep: file is the only frloc hit) and no French loc ships, so every state list here is inert dead code;
common/scripted_triggers/00_scripted_triggers_FR_loc.txt	3363	541	dead_path	frloc_capital_dansle_du_audessusdu: vanilla 541 'Khomas' -> hits mod 541 'Tatra', which has nothing to do with the intended 'Khomas'. also at line 3895; file-global: no frloc_* scripted trigger is called anywhere in this mod (exhaustive repo grep: file is the only frloc hit) and no French loc ships, so every state list here is inert dead code;
common/scripted_triggers/00_scripted_triggers_FR_loc.txt	3364	546	dead_path	frloc_capital_dansle_du_audessusdu: vanilla 546 'Tanganyika' -> hits mod 546 'Tuchola', which has nothing to do with the intended 'Tanganyika'. also at line 3898; file-global: no frloc_* scripted trigger is called anywhere in this mod (exhaustive repo grep: file is the only frloc hit) and no French loc ships, so every state list here is inert dead code;
common/scripted_triggers/00_scripted_triggers_FR_loc.txt	3365	552	dead_path	frloc_capital_dansle_du_audessusdu: vanilla 552 'Western Desert' -> hits mod 552 'Marne', which has nothing to do with the intended 'Western Desert'. also at line 3901; file-global: no frloc_* scripted trigger is called anywhere in this mod (exhaustive repo grep: file is the only frloc hit) and no French loc ships, so every state list here is inert dead code;
common/scripted_triggers/00_scripted_triggers_FR_loc.txt	3366	591	dead_path	frloc_capital_dansle_du_audessusdu: vanilla 591 'Hainan' -> hits mod 591 'Malacky', which has nothing to do with the intended 'Hainan'. also at line 3906; file-global: no frloc_* scripted trigger is called anywhere in this mod (exhaustive repo grep: file is the only frloc hit) and no French loc ships, so every state list here is inert dead code;
common/scripted_triggers/00_scripted_triggers_FR_loc.txt	3367	593	dead_path	frloc_capital_dansle_du_audessusdu: vanilla 593 'Guangdong' -> hits mod 593 'Uzhorod a Mukacevo', which has nothing to do with the intended 'Guangdong'. also at line 3907; file-global: no frloc_* scripted trigger is called anywhere in this mod (exhaustive repo grep: file is the only frloc hit) and no French loc ships, so every state list here is inert dead code;
common/scripted_triggers/00_scripted_triggers_FR_loc.txt	3368	595	dead_path	frloc_capital_dansle_du_audessusdu: vanilla 595 'Fujian' -> hits mod 595 'Mayenne', which has nothing to do with the intended 'Fujian'. also at line 3908; file-global: no frloc_* scripted trigger is called anywhere in this mod (exhaustive repo grep: file is the only frloc hit) and no French loc ships, so every state list here is inert dead code;
common/scripted_triggers/00_scripted_triggers_FR_loc.txt	3369	596	dead_path	frloc_capital_dansle_du_audessusdu: vanilla 596 'Zhejiang' -> hits mod 596 'Borsod', which has nothing to do with the intended 'Zhejiang'. also at line 3909; file-global: no frloc_* scripted trigger is called anywhere in this mod (exhaustive repo grep: file is the only frloc hit) and no French loc ships, so every state list here is inert dead code;
common/scripted_triggers/00_scripted_triggers_FR_loc.txt	3370	597	dead_path	frloc_capital_dansle_du_audessusdu: vanilla 597 'Shandong' -> hits mod 597 'Epinal', which has nothing to do with the intended 'Shandong'. also at line 3910; file-global: no frloc_* scripted trigger is called anywhere in this mod (exhaustive repo grep: file is the only frloc hit) and no French loc ships, so every state list here is inert dead code;
common/scripted_triggers/00_scripted_triggers_FR_loc.txt	3371	598	dead_path	frloc_capital_dansle_du_audessusdu: vanilla 598 'Jiangsu' -> hits mod 598 'Saint-Die', which has nothing to do with the intended 'Jiangsu'. also at line 3911; file-global: no frloc_* scripted trigger is called anywhere in this mod (exhaustive repo grep: file is the only frloc hit) and no French loc ships, so every state list here is inert dead code;
common/scripted_triggers/00_scripted_triggers_FR_loc.txt	3372	599	dead_path	frloc_capital_dansle_du_audessusdu: vanilla 599 'Guangxi' -> hits mod 599 'Sarthe', which has nothing to do with the intended 'Guangxi'. also at line 3912; file-global: no frloc_* scripted trigger is called anywhere in this mod (exhaustive repo grep: file is the only frloc hit) and no French loc ships, so every state list here is inert dead code;
common/scripted_triggers/00_scripted_triggers_FR_loc.txt	3373	600	dead_path	frloc_capital_dansle_du_audessusdu: vanilla 600 'Jiangxi' -> hits mod 600 'Balti', which has nothing to do with the intended 'Jiangxi'. also at line 3913; file-global: no frloc_* scripted trigger is called anywhere in this mod (exhaustive repo grep: file is the only frloc hit) and no French loc ships, so every state list here is inert dead code;
common/scripted_triggers/00_scripted_triggers_FR_loc.txt	3374	601	dead_path	frloc_capital_dansle_du_audessusdu: vanilla 601 'Chamdo' -> hits mod 601 'Abauj', which has nothing to do with the intended 'Chamdo'. also at line 3914; file-global: no frloc_* scripted trigger is called anywhere in this mod (exhaustive repo grep: file is the only frloc hit) and no French loc ships, so every state list here is inert dead code;
common/scripted_triggers/00_scripted_triggers_FR_loc.txt	3375	602	dead_path	frloc_capital_dansle_du_audessusdu: vanilla 602 'Hunan' -> hits mod 602 'Sigmaringen', which has nothing to do with the intended 'Hunan'. also at line 3915; file-global: no frloc_* scripted trigger is called anywhere in this mod (exhaustive repo grep: file is the only frloc hit) and no French loc ships, so every state list here is inert dead code;
common/scripted_triggers/00_scripted_triggers_FR_loc.txt	3376	603	dead_path	frloc_capital_dansle_du_audessusdu: vanilla 603 'Guizhou' -> hits mod 603 'Szabolcs', which has nothing to do with the intended 'Guizhou'. also at line 3916; file-global: no frloc_* scripted trigger is called anywhere in this mod (exhaustive repo grep: file is the only frloc hit) and no French loc ships, so every state list here is inert dead code;
common/scripted_triggers/00_scripted_triggers_FR_loc.txt	3377	604	dead_path	frloc_capital_dansle_du_audessusdu: vanilla 604 'Qinghai' -> hits mod 604 'Auxerre', which has nothing to do with the intended 'Qinghai'. also at line 3917; file-global: no frloc_* scripted trigger is called anywhere in this mod (exhaustive repo grep: file is the only frloc hit) and no French loc ships, so every state list here is inert dead code;
common/scripted_triggers/00_scripted_triggers_FR_loc.txt	3378	605	dead_path	frloc_capital_dansle_du_audessusdu: vanilla 605 'Sichuan' -> hits mod 605 'Loiret', which has nothing to do with the intended 'Sichuan'. also at line 3918; file-global: no frloc_* scripted trigger is called anywhere in this mod (exhaustive repo grep: file is the only frloc hit) and no French loc ships, so every state list here is inert dead code;
common/scripted_triggers/00_scripted_triggers_FR_loc.txt	3379	607	dead_path	frloc_capital_dansle_du_audessusdu: vanilla 607 'Henan' -> hits mod 607 'Jersey', which has nothing to do with the intended 'Henan'. also at line 3919; file-global: no frloc_* scripted trigger is called anywhere in this mod (exhaustive repo grep: file is the only frloc hit) and no French loc ships, so every state list here is inert dead code;
common/scripted_triggers/00_scripted_triggers_FR_loc.txt	3380	609	dead_path	frloc_capital_dansle_du_audessusdu: vanilla 609 'East Hebei' -> hits mod 609 'Botosani', which has nothing to do with the intended 'East Hebei'. also at line 3920; file-global: no frloc_* scripted trigger is called anywhere in this mod (exhaustive repo grep: file is the only frloc hit) and no French loc ships, so every state list here is inert dead code;
common/scripted_triggers/00_scripted_triggers_FR_loc.txt	3381	610	dead_path	frloc_capital_dansle_du_audessusdu: vanilla 610 'Jehol' -> hits mod 610 'Komarom', which has nothing to do with the intended 'Jehol'. also at line 3921; file-global: no frloc_* scripted trigger is called anywhere in this mod (exhaustive repo grep: file is the only frloc hit) and no French loc ships, so every state list here is inert dead code;
common/scripted_triggers/00_scripted_triggers_FR_loc.txt	3382	611	dead_path	frloc_capital_dansle_du_audessusdu: vanilla 611 'Chahar' -> hits mod 611 'Nograd', which has nothing to do with the intended 'Chahar'. if list is ever revived: fuzzy-name successor(s) 1252 Chahar Mahaal and Bakhtiari,2221 Chahar Qal'ah; also at line 3922; file-global: no frloc_* scripted trigger is called anywhere in this mod (exhaustive repo grep: file is the only frloc hit) and no French loc ships, so every state list here is inert dead code;
common/scripted_triggers/00_scripted_triggers_FR_loc.txt	3383	612	dead_path	frloc_capital_dansle_du_audessusdu: vanilla 612 'Xilingol' -> hits mod 612 'Wielun', which has nothing to do with the intended 'Xilingol'. also at line 3923; file-global: no frloc_* scripted trigger is called anywhere in this mod (exhaustive repo grep: file is the only frloc hit) and no French loc ships, so every state list here is inert dead code;
common/scripted_triggers/00_scripted_triggers_FR_loc.txt	3384	614	dead_path	frloc_capital_dansle_du_audessusdu: vanilla 614 'Hebei' -> hits mod 614 'Nikolayev', which has nothing to do with the intended 'Hebei'. also at line 3924; file-global: no frloc_* scripted trigger is called anywhere in this mod (exhaustive repo grep: file is the only frloc hit) and no French loc ships, so every state list here is inert dead code;
common/scripted_triggers/00_scripted_triggers_FR_loc.txt	3385	615	dead_path	frloc_capital_dansle_du_audessusdu: vanilla 615 'Shanxi' -> hits mod 615 'Morbihan', which has nothing to do with the intended 'Shanxi'. also at line 3925; file-global: no frloc_* scripted trigger is called anywhere in this mod (exhaustive repo grep: file is the only frloc hit) and no French loc ships, so every state list here is inert dead code;
common/scripted_triggers/00_scripted_triggers_FR_loc.txt	3386	616	dead_path	frloc_capital_dansle_du_audessusdu: vanilla 616 'Ningxia' -> hits mod 616 'Konstanz', which has nothing to do with the intended 'Ningxia'. also at line 3926; file-global: no frloc_* scripted trigger is called anywhere in this mod (exhaustive repo grep: file is the only frloc hit) and no French loc ships, so every state list here is inert dead code;
common/scripted_triggers/00_scripted_triggers_FR_loc.txt	3387	619	dead_path	frloc_capital_dansle_du_audessusdu: vanilla 619 'Yarkand' -> hits mod 619 'Heves', which has nothing to do with the intended 'Yarkand'. also at line 3927; file-global: no frloc_* scripted trigger is called anywhere in this mod (exhaustive repo grep: file is the only frloc hit) and no French loc ships, so every state list here is inert dead code;
common/scripted_triggers/00_scripted_triggers_FR_loc.txt	3388	620	dead_path	frloc_capital_dansle_du_audessusdu: vanilla 620 'Hubei' -> hits mod 620 'Loir-et-Cher', which has nothing to do with the intended 'Hubei'. if list is ever revived: fuzzy-name successor(s) 2503 Kochubei; also at line 3928; file-global: no frloc_* scripted trigger is called anywhere in this mod (exhaustive repo grep: file is the only frloc hit) and no French loc ships, so every state list here is inert dead code;
common/scripted_triggers/00_scripted_triggers_FR_loc.txt	3389	621	dead_path	frloc_capital_dansle_du_audessusdu: vanilla 621 'Suiyuan' -> hits mod 621 'Eisenstadt', which has nothing to do with the intended 'Suiyuan'. also at line 3929; file-global: no frloc_* scripted trigger is called anywhere in this mod (exhaustive repo grep: file is the only frloc hit) and no French loc ships, so every state list here is inert dead code;
common/scripted_triggers/00_scripted_triggers_FR_loc.txt	3390	622	dead_path	frloc_capital_dansle_du_audessusdu: vanilla 622 'Shaanbei' -> hits mod 622 'Satu Mare', which has nothing to do with the intended 'Shaanbei'. also at line 3930; file-global: no frloc_* scripted trigger is called anywhere in this mod (exhaustive repo grep: file is the only frloc hit) and no French loc ships, so every state list here is inert dead code;
common/scripted_triggers/00_scripted_triggers_FR_loc.txt	3391	637	dead_path	frloc_capital_dansle_du_audessusdu: vanilla 637 'Kamchatka' -> hits mod 637 'Maine-et-Loire', which has nothing to do with the intended 'Kamchatka'. also at line 3931; file-global: no frloc_* scripted trigger is called anywhere in this mod (exhaustive repo grep: file is the only frloc hit) and no French loc ships, so every state list here is inert dead code;
common/scripted_triggers/00_scripted_triggers_FR_loc.txt	3392	675	dead_path	frloc_capital_dansle_du_audessusdu: vanilla 675 'Al Hajara' -> hits mod 675 'Poitiers', which has nothing to do with the intended 'Al Hajara'. also at line 3936; file-global: no frloc_* scripted trigger is called anywhere in this mod (exhaustive repo grep: file is the only frloc hit) and no French loc ships, so every state list here is inert dead code;
common/scripted_triggers/00_scripted_triggers_FR_loc.txt	3393	678	dead_path	frloc_capital_dansle_du_audessusdu: vanilla 678 'Rub al Khali' -> hits mod 678 'Chalon-sur-Saone', which has nothing to do with the intended 'Rub al Khali'. also at line 3937; file-global: no frloc_* scripted trigger is called anywhere in this mod (exhaustive repo grep: file is the only frloc hit) and no French loc ships, so every state list here is inert dead code;
common/scripted_triggers/00_scripted_triggers_FR_loc.txt	3394	679	dead_path	frloc_capital_dansle_du_audessusdu: vanilla 679 'Madinah' -> hits mod 679 'Lienz', which has nothing to do with the intended 'Madinah'. if list is ever revived: fuzzy-name successor(s) 1327 Al-Madinah; also at line 3938; file-global: no frloc_* scripted trigger is called anywhere in this mod (exhaustive repo grep: file is the only frloc hit) and no French loc ships, so every state list here is inert dead code;
common/scripted_triggers/00_scripted_triggers_FR_loc.txt	3395	683	dead_path	frloc_capital_dansle_du_audessusdu: vanilla 683 'Nunavut' -> hits mod 683 'Trento', which has nothing to do with the intended 'Nunavut'. also at line 3939; file-global: no frloc_* scripted trigger is called anywhere in this mod (exhaustive repo grep: file is the only frloc hit) and no French loc ships, so every state list here is inert dead code;
common/scripted_triggers/00_scripted_triggers_FR_loc.txt	3396	685	dead_path	frloc_capital_dansle_du_audessusdu: vanilla 685 'Panamá Canal' -> hits mod 685 'Graubunden', which has nothing to do with the intended 'Panamá Canal'. also at line 3940; file-global: no frloc_* scripted trigger is called anywhere in this mod (exhaustive repo grep: file is the only frloc hit) and no French loc ships, so every state list here is inert dead code;
common/scripted_triggers/00_scripted_triggers_FR_loc.txt	3397	688	dead_path	frloc_capital_dansle_du_audessusdu: vanilla 688 'Chaco Boreal' -> hits mod 688 'Lons-le-Saunier', which has nothing to do with the intended 'Chaco Boreal'. also at line 3941; file-global: no frloc_* scripted trigger is called anywhere in this mod (exhaustive repo grep: file is the only frloc hit) and no French loc ships, so every state list here is inert dead code;
common/scripted_triggers/00_scripted_triggers_FR_loc.txt	3398	699	dead_path	frloc_capital_dansle_du_audessusdu: vanilla 699 'Rio de Oro' -> hits mod 699 'Allier', which has nothing to do with the intended 'Rio de Oro'. if list is ever revived: exact-name successor(s) 1335 Rio de Oro; also at line 3942; file-global: no frloc_* scripted trigger is called anywhere in this mod (exhaustive repo grep: file is the only frloc hit) and no French loc ships, so every state list here is inert dead code;
common/scripted_triggers/00_scripted_triggers_FR_loc.txt	3399	714	dead_path	frloc_capital_dansle_du_audessusdu: vanilla 714 'Heilungkiang' -> hits mod 714 'Gorenjska', which has nothing to do with the intended 'Heilungkiang'. also at line 3944; file-global: no frloc_* scripted trigger is called anywhere in this mod (exhaustive repo grep: file is the only frloc hit) and no French loc ships, so every state list here is inert dead code;
common/scripted_triggers/00_scripted_triggers_FR_loc.txt	3400	715	dead_path	frloc_capital_dansle_du_audessusdu: vanilla 715 'Liaobei' -> hits mod 715 'Ain', which has nothing to do with the intended 'Liaobei'. also at line 3945; file-global: no frloc_* scripted trigger is called anywhere in this mod (exhaustive repo grep: file is the only frloc hit) and no French loc ships, so every state list here is inert dead code;
common/scripted_triggers/00_scripted_triggers_FR_loc.txt	3401	716	dead_path	frloc_capital_dansle_du_audessusdu: vanilla 716 'Liaoning' -> hits mod 716 'Mangystau', which has nothing to do with the intended 'Liaoning'. also at line 3946; file-global: no frloc_* scripted trigger is called anywhere in this mod (exhaustive repo grep: file is the only frloc hit) and no French loc ships, so every state list here is inert dead code;
common/scripted_triggers/00_scripted_triggers_FR_loc.txt	3402	717	dead_path	frloc_capital_dansle_du_audessusdu: vanilla 717 'Sungkiang' -> hits mod 717 'Creuse', which has nothing to do with the intended 'Sungkiang'. also at line 3947; file-global: no frloc_* scripted trigger is called anywhere in this mod (exhaustive repo grep: file is the only frloc hit) and no French loc ships, so every state list here is inert dead code;
common/scripted_triggers/00_scripted_triggers_FR_loc.txt	3403	719	dead_path	frloc_capital_dansle_du_audessusdu: vanilla 719 'Natal' -> hits mod 719 'Annecy', which has nothing to do with the intended 'Natal'. also at line 3948; file-global: no frloc_* scripted trigger is called anywhere in this mod (exhaustive repo grep: file is the only frloc hit) and no French loc ships, so every state list here is inert dead code;
common/scripted_triggers/00_scripted_triggers_FR_loc.txt	3404	721	dead_path	frloc_capital_dansle_du_audessusdu: vanilla 721 'East Timor' -> hits mod 721 'Osijek', which has nothing to do with the intended 'East Timor'. also at line 3949; file-global: no frloc_* scripted trigger is called anywhere in this mod (exhaustive repo grep: file is the only frloc hit) and no French loc ships, so every state list here is inert dead code;
common/scripted_triggers/00_scripted_triggers_FR_loc.txt	3405	728	dead_path	frloc_capital_dansle_du_audessusdu: vanilla 728 'Guangzhouwan' -> hits mod 728 'Rhone', which has nothing to do with the intended 'Guangzhouwan'. also at line 3950; file-global: no frloc_* scripted trigger is called anywhere in this mod (exhaustive repo grep: file is the only frloc hit) and no French loc ships, so every state list here is inert dead code;
common/scripted_triggers/00_scripted_triggers_FR_loc.txt	3406	732	dead_path	frloc_capital_dansle_du_audessusdu: vanilla 732 'Pamir' -> hits mod 732 'Stavropol', which has nothing to do with the intended 'Pamir'. also at line 3951; file-global: no frloc_* scripted trigger is called anywhere in this mod (exhaustive repo grep: file is the only frloc hit) and no French loc ships, so every state list here is inert dead code;
common/scripted_triggers/00_scripted_triggers_FR_loc.txt	3407	759	dead_path	frloc_capital_dansle_du_audessusdu: vanilla 759 'Kunlun Shan' -> hits mod 759 'Valcea', which has nothing to do with the intended 'Kunlun Shan'. also at line 3953; file-global: no frloc_* scripted trigger is called anywhere in this mod (exhaustive repo grep: file is the only frloc hit) and no French loc ships, so every state list here is inert dead code;
common/scripted_triggers/00_scripted_triggers_FR_loc.txt	3408	764	dead_path	frloc_capital_dansle_du_audessusdu: vanilla 764 'West Banat' -> hits mod 764 'Prahova', which has nothing to do with the intended 'West Banat'. also at line 3954; file-global: no frloc_* scripted trigger is called anywhere in this mod (exhaustive repo grep: file is the only frloc hit) and no French loc ships, so every state list here is inert dead code;
common/scripted_triggers/00_scripted_triggers_FR_loc.txt	3409	765	dead_path	frloc_capital_dansle_du_audessusdu: vanilla 765 'Qatar' -> hits mod 765 'Braila', which has nothing to do with the intended 'Qatar'. also at line 3955; file-global: no frloc_* scripted trigger is called anywhere in this mod (exhaustive repo grep: file is the only frloc hit) and no French loc ships, so every state list here is inert dead code;
common/scripted_triggers/00_scripted_triggers_FR_loc.txt	3410	767	dead_path	frloc_capital_dansle_du_audessusdu: vanilla 767 'North Darfur' -> hits mod 767 'Tulcea', which has nothing to do with the intended 'North Darfur'. also at line 3956; file-global: no frloc_* scripted trigger is called anywhere in this mod (exhaustive repo grep: file is the only frloc hit) and no French loc ships, so every state list here is inert dead code;
common/scripted_triggers/00_scripted_triggers_FR_loc.txt	3411	768	dead_path	frloc_capital_dansle_du_audessusdu: vanilla 768 'Rwanda' -> hits mod 768 'Dambovita', which has nothing to do with the intended 'Rwanda'. also at line 3957; file-global: no frloc_* scripted trigger is called anywhere in this mod (exhaustive repo grep: file is the only frloc hit) and no French loc ships, so every state list here is inert dead code;
common/scripted_triggers/00_scripted_triggers_FR_loc.txt	3412	769	dead_path	frloc_capital_dansle_du_audessusdu: vanilla 769 'Burundi' -> hits mod 769 'Kerch', which has nothing to do with the intended 'Burundi'. also at line 3958; file-global: no frloc_* scripted trigger is called anywhere in this mod (exhaustive repo grep: file is the only frloc hit) and no French loc ships, so every state list here is inert dead code;
common/scripted_triggers/00_scripted_triggers_FR_loc.txt	3413	770	dead_path	frloc_capital_dansle_du_audessusdu: vanilla 770 'Malawi' -> hits mod 770 'Haute-Loire', which has nothing to do with the intended 'Malawi'. also at line 3959; file-global: no frloc_* scripted trigger is called anywhere in this mod (exhaustive repo grep: file is the only frloc hit) and no French loc ships, so every state list here is inert dead code;
common/scripted_triggers/00_scripted_triggers_FR_loc.txt	3414	772	dead_path	frloc_capital_dansle_du_audessusdu: vanilla 772 'Middle Congo' -> hits mod 772 'Ardeche', which has nothing to do with the intended 'Middle Congo'. if list is ever revived: fuzzy-name successor(s) 2974 Congo; also at line 3960; file-global: no frloc_* scripted trigger is called anywhere in this mod (exhaustive repo grep: file is the only frloc hit) and no French loc ships, so every state list here is inert dead code;
common/scripted_triggers/00_scripted_triggers_FR_loc.txt	3415	773	dead_path	frloc_capital_dansle_du_audessusdu: vanilla 773 'Cameroon' -> hits mod 773 'Drome', which has nothing to do with the intended 'Cameroon'. also at line 3961; file-global: no frloc_* scripted trigger is called anywhere in this mod (exhaustive repo grep: file is the only frloc hit) and no French loc ships, so every state list here is inert dead code;
common/scripted_triggers/00_scripted_triggers_FR_loc.txt	3416	774	dead_path	frloc_capital_dansle_du_audessusdu: vanilla 774 'Chad' -> hits mod 774 'Gorj', which has nothing to do with the intended 'Chad'. also at line 3962; file-global: no frloc_* scripted trigger is called anywhere in this mod (exhaustive repo grep: file is the only frloc hit) and no French loc ships, so every state list here is inert dead code;
common/scripted_triggers/00_scripted_triggers_FR_loc.txt	3417	775	dead_path	frloc_capital_dansle_du_audessusdu: vanilla 775 'B.E.T.' -> hits mod 775 'Stara Pazova', which has nothing to do with the intended 'B.E.T.'. also at line 3963; file-global: no frloc_* scripted trigger is called anywhere in this mod (exhaustive repo grep: file is the only frloc hit) and no French loc ships, so every state list here is inert dead code;
common/scripted_triggers/00_scripted_triggers_FR_loc.txt	3418	776	dead_path	frloc_capital_dansle_du_audessusdu: vanilla 776 'Dahomey' -> hits mod 776 'Usora', which has nothing to do with the intended 'Dahomey'. also at line 3964; file-global: no frloc_* scripted trigger is called anywhere in this mod (exhaustive repo grep: file is the only frloc hit) and no French loc ships, so every state list here is inert dead code;
common/scripted_triggers/00_scripted_triggers_FR_loc.txt	3419	777	dead_path	frloc_capital_dansle_du_audessusdu: vanilla 777 'Togo' -> hits mod 777 'Bihac', which has nothing to do with the intended 'Togo'. also at line 3965; file-global: no frloc_* scripted trigger is called anywhere in this mod (exhaustive repo grep: file is the only frloc hit) and no French loc ships, so every state list here is inert dead code;
common/scripted_triggers/00_scripted_triggers_FR_loc.txt	3420	781	dead_path	frloc_capital_dansle_du_audessusdu: vanilla 781 'Niger' -> hits mod 781 'Mehedinti', which has nothing to do with the intended 'Niger'. also at line 3966; file-global: no frloc_* scripted trigger is called anywhere in this mod (exhaustive repo grep: file is the only frloc hit) and no French loc ships, so every state list here is inert dead code;
common/scripted_triggers/00_scripted_triggers_FR_loc.txt	3421	786	dead_path	frloc_capital_dansle_du_audessusdu: vanilla 786 'Mauritanian Desert' -> hits mod 786 'Lozere', which has nothing to do with the intended 'Mauritanian Desert'. also at line 3967; file-global: no frloc_* scripted trigger is called anywhere in this mod (exhaustive repo grep: file is the only frloc hit) and no French loc ships, so every state list here is inert dead code;
common/scripted_triggers/00_scripted_triggers_FR_loc.txt	3422	787	dead_path	frloc_capital_dansle_du_audessusdu: vanilla 787 'Northern Kashmir' -> hits mod 787 'Aveyron', which has nothing to do with the intended 'Northern Kashmir'. also at line 3968; file-global: no frloc_* scripted trigger is called anywhere in this mod (exhaustive repo grep: file is the only frloc hit) and no French loc ships, so every state list here is inert dead code;
common/scripted_triggers/00_scripted_triggers_FR_loc.txt	3423	792	dead_path	frloc_capital_dansle_du_audessusdu: vanilla 792 'País Vasco' -> hits mod 792 'Zenica', which has nothing to do with the intended 'País Vasco'. also at line 3969; file-global: no frloc_* scripted trigger is called anywhere in this mod (exhaustive repo grep: file is the only frloc hit) and no French loc ships, so every state list here is inert dead code;
common/scripted_triggers/00_scripted_triggers_FR_loc.txt	3424	796	dead_path	frloc_capital_dansle_du_audessusdu: vanilla 796 'Cabinda' -> hits mod 796 'Nis', which has nothing to do with the intended 'Cabinda'. also at line 3970; file-global: no frloc_* scripted trigger is called anywhere in this mod (exhaustive repo grep: file is the only frloc hit) and no French loc ships, so every state list here is inert dead code;
common/scripted_triggers/00_scripted_triggers_FR_loc.txt	3432	6	dead_path	frloc_capital_dansles_des_audessusdes: vanilla 6 'Flanders' -> hits mod 6 'New Brunswick', which has nothing to do with the intended 'Flanders'. also at line 4557; file-global: no frloc_* scripted trigger is called anywhere in this mod (exhaustive repo grep: file is the only frloc hit) and no French loc ships, so every state list here is inert dead code;
common/scripted_triggers/00_scripted_triggers_FR_loc.txt	3433	32	dead_path	frloc_capital_dansles_des_audessusdes: vanilla 32 'Alpes' -> hits mod 32 'West Virginia', which has nothing to do with the intended 'Alpes'. if list is ever revived: fuzzy-name successor(s) 799 Basses-Alpes; also at line 4558; file-global: no frloc_* scripted trigger is called anywhere in this mod (exhaustive repo grep: file is the only frloc hit) and no French loc ships, so every state list here is inert dead code;
common/scripted_triggers/00_scripted_triggers_FR_loc.txt	3434	69	dead_path	frloc_capital_dansles_des_audessusdes: vanilla 69 'North Sudetenland' -> hits mod 69 'nice', which has nothing to do with the intended 'North Sudetenland'. also at line 4559; file-global: no frloc_* scripted trigger is called anywhere in this mod (exhaustive repo grep: file is the only frloc hit) and no French loc ships, so every state list here is inert dead code;
common/scripted_triggers/00_scripted_triggers_FR_loc.txt	3435	972	dead_path	frloc_capital_dansles_des_audessusdes: vanilla 972 'South Sudetenland' -> hits mod 972 'Agcab@di', which has nothing to do with the intended 'South Sudetenland'. also at line 4560; file-global: no frloc_* scripted trigger is called anywhere in this mod (exhaustive repo grep: file is the only frloc hit) and no French loc ships, so every state list here is inert dead code;
common/scripted_triggers/00_scripted_triggers_FR_loc.txt	3436	74	dead_path	frloc_capital_dansles_des_audessusdes: vanilla 74 'Sudeten Silesia' -> hits mod 74 'Porajarvi', which has nothing to do with the intended 'Sudeten Silesia'. also at line 4561; file-global: no frloc_* scripted trigger is called anywhere in this mod (exhaustive repo grep: file is the only frloc hit) and no French loc ships, so every state list here is inert dead code;
common/scripted_triggers/00_scripted_triggers_FR_loc.txt	3437	120	dead_path	frloc_capital_dansles_des_audessusdes: vanilla 120 'Scottish Highlands' -> hits mod 120 'Alborg', which has nothing to do with the intended 'Scottish Highlands'. also at line 4562; file-global: no frloc_* scripted trigger is called anywhere in this mod (exhaustive repo grep: file is the only frloc hit) and no French loc ships, so every state list here is inert dead code;
common/scripted_triggers/00_scripted_triggers_FR_loc.txt	3438	128	dead_path	frloc_capital_dansles_des_audessusdes: vanilla 128 'West Midlands' -> hits mod 128 'Rogaland', which has nothing to do with the intended 'West Midlands'. also at line 4563; file-global: no frloc_* scripted trigger is called anywhere in this mod (exhaustive repo grep: file is the only frloc hit) and no French loc ships, so every state list here is inert dead code;
common/scripted_triggers/00_scripted_triggers_FR_loc.txt	3439	129	dead_path	frloc_capital_dansles_des_audessusdes: vanilla 129 'East Midlands' -> hits mod 129 'Ostfold', which has nothing to do with the intended 'East Midlands'. also at line 4564; file-global: no frloc_* scripted trigger is called anywhere in this mod (exhaustive repo grep: file is the only frloc hit) and no French loc ships, so every state list here is inert dead code;
common/scripted_triggers/00_scripted_triggers_FR_loc.txt	3440	157	dead_path	frloc_capital_dansles_des_audessusdes: vanilla 157 'Abruzzo' -> hits mod 157 'Hiiumaa', which has nothing to do with the intended 'Abruzzo'. also at line 4565; file-global: no frloc_* scripted trigger is called anywhere in this mod (exhaustive repo grep: file is the only frloc hit) and no French loc ships, so every state list here is inert dead code;
common/scripted_triggers/00_scripted_triggers_FR_loc.txt	3441	187	dead_path	frloc_capital_dansles_des_audessusdes: vanilla 187 'Aegean Islands' -> hits mod 187 'Orkney', which has nothing to do with the intended 'Aegean Islands'. also at line 4568; file-global: no frloc_* scripted trigger is called anywhere in this mod (exhaustive repo grep: file is the only frloc hit) and no French loc ships, so every state list here is inert dead code;
common/scripted_triggers/00_scripted_triggers_FR_loc.txt	3442	233	dead_path	frloc_capital_dansles_des_audessusdes: vanilla 233 'Sochi' -> hits mod 233 'Peebles', which has nothing to do with the intended 'Sochi'. if list is ever revived: exact-name successor(s) 2282 Sochi; also at line 4569; file-global: no frloc_* scripted trigger is called anywhere in this mod (exhaustive repo grep: file is the only frloc hit) and no French loc ships, so every state list here is inert dead code;
common/scripted_triggers/00_scripted_triggers_FR_loc.txt	3443	270	dead_path	frloc_capital_dansles_des_audessusdes: vanilla 270 'Pitcairn Island' -> hits mod 270 'Kuybyshev', which has nothing to do with the intended 'Pitcairn Island'. also at line 4570; file-global: no frloc_* scripted trigger is called anywhere in this mod (exhaustive repo grep: file is the only frloc hit) and no French loc ships, so every state list here is inert dead code;
common/scripted_triggers/00_scripted_triggers_FR_loc.txt	3444	308	dead_path	frloc_capital_dansles_des_audessusdes: vanilla 308 'Leeward Islands' -> hits mod 308 'Westmeath', which has nothing to do with the intended 'Leeward Islands'. also at line 4573; file-global: no frloc_* scripted trigger is called anywhere in this mod (exhaustive repo grep: file is the only frloc hit) and no French loc ships, so every state list here is inert dead code;
common/scripted_triggers/00_scripted_triggers_FR_loc.txt	3445	337	dead_path	frloc_capital_dansles_des_audessusdes: vanilla 337 'Faroe Islands' -> hits mod 337 'Kildare', which has nothing to do with the intended 'Faroe Islands'. also at line 4574; file-global: no frloc_* scripted trigger is called anywhere in this mod (exhaustive repo grep: file is the only frloc hit) and no French loc ships, so every state list here is inert dead code;
common/scripted_triggers/00_scripted_triggers_FR_loc.txt	3446	555	dead_path	frloc_capital_dansles_des_audessusdes: vanilla 555 'Kuril Islands' -> hits mod 555 'Trencin', which has nothing to do with the intended 'Kuril Islands'. also at line 4575; file-global: no frloc_* scripted trigger is called anywhere in this mod (exhaustive repo grep: file is the only frloc hit) and no French loc ships, so every state list here is inert dead code;
common/scripted_triggers/00_scripted_triggers_FR_loc.txt	3447	624	dead_path	frloc_capital_dansles_des_audessusdes: vanilla 624 'Central Islands' -> hits mod 624 'Gyor es Pozsony', which has nothing to do with the intended 'Central Islands'. also at line 4576; file-global: no frloc_* scripted trigger is called anywhere in this mod (exhaustive repo grep: file is the only frloc hit) and no French loc ships, so every state list here is inert dead code;
common/scripted_triggers/00_scripted_triggers_FR_loc.txt	3448	633	dead_path	frloc_capital_dansles_des_audessusdes: vanilla 633 'Marshall Islands' -> hits mod 633 'Pest-Pilis', which has nothing to do with the intended 'Marshall Islands'. also at line 4577; file-global: no frloc_* scripted trigger is called anywhere in this mod (exhaustive repo grep: file is the only frloc hit) and no French loc ships, so every state list here is inert dead code;
common/scripted_triggers/00_scripted_triggers_FR_loc.txt	3449	634	dead_path	frloc_capital_dansles_des_audessusdes: vanilla 634 'Solomon Islands' -> hits mod 634 'Loire-Inferieure', which has nothing to do with the intended 'Solomon Islands'. also at line 4578; file-global: no frloc_* scripted trigger is called anywhere in this mod (exhaustive repo grep: file is the only frloc hit) and no French loc ships, so every state list here is inert dead code;
common/scripted_triggers/00_scripted_triggers_FR_loc.txt	3450	636	dead_path	frloc_capital_dansles_des_audessusdes: vanilla 636 'Fiji' -> hits mod 636 'Esztergom', which has nothing to do with the intended 'Fiji'. also at line 4579; file-global: no frloc_* scripted trigger is called anywhere in this mod (exhaustive repo grep: file is the only frloc hit) and no French loc ships, so every state list here is inert dead code;
common/scripted_triggers/00_scripted_triggers_FR_loc.txt	3451	639	dead_path	frloc_capital_dansles_des_audessusdes: vanilla 639 'Gilbert Islands' -> hits mod 639 'Salaj', which has nothing to do with the intended 'Gilbert Islands'. also at line 4580; file-global: no frloc_* scripted trigger is called anywhere in this mod (exhaustive repo grep: file is the only frloc hit) and no French loc ships, so every state list here is inert dead code;
common/scripted_triggers/00_scripted_triggers_FR_loc.txt	3452	642	dead_path	frloc_capital_dansles_des_audessusdes: vanilla 642 'Phoenix Island' -> hits mod 642 'Salsk', which has nothing to do with the intended 'Phoenix Island'. also at line 4581; file-global: no frloc_* scripted trigger is called anywhere in this mod (exhaustive repo grep: file is the only frloc hit) and no French loc ships, so every state list here is inert dead code;
common/scripted_triggers/00_scripted_triggers_FR_loc.txt	3453	643	dead_path	frloc_capital_dansles_des_audessusdes: vanilla 643 'Ellice Islands' -> hits mod 643 'St Gallen', which has nothing to do with the intended 'Ellice Islands'. also at line 4582; file-global: no frloc_* scripted trigger is called anywhere in this mod (exhaustive repo grep: file is the only frloc hit) and no French loc ships, so every state list here is inert dead code;
common/scripted_triggers/00_scripted_triggers_FR_loc.txt	3454	667	dead_path	frloc_capital_dansles_des_audessusdes: vanilla 667 'West Nusa Tenggara' -> hits mod 667 'Neamt', which has nothing to do with the intended 'West Nusa Tenggara'. also at line 4585; file-global: no frloc_* scripted trigger is called anywhere in this mod (exhaustive repo grep: file is the only frloc hit) and no French loc ships, so every state list here is inert dead code;
common/scripted_triggers/00_scripted_triggers_FR_loc.txt	3455	684	dead_path	frloc_capital_dansles_des_audessusdes: vanilla 684 'Caroline Islands' -> hits mod 684 'Vendee', which has nothing to do with the intended 'Caroline Islands'. also at line 4587; file-global: no frloc_* scripted trigger is called anywhere in this mod (exhaustive repo grep: file is the only frloc hit) and no French loc ships, so every state list here is inert dead code;
common/scripted_triggers/00_scripted_triggers_FR_loc.txt	3456	690	dead_path	frloc_capital_dansles_des_audessusdes: vanilla 690 'Northern Bahamas' -> hits mod 690 'Somogy', which has nothing to do with the intended 'Northern Bahamas'. also at line 4588; file-global: no frloc_* scripted trigger is called anywhere in this mod (exhaustive repo grep: file is the only frloc hit) and no French loc ships, so every state list here is inert dead code;
common/scripted_triggers/00_scripted_triggers_FR_loc.txt	3457	692	dead_path	frloc_capital_dansles_des_audessusdes: vanilla 692 'Windward Islands' -> hits mod 692 'Turda', which has nothing to do with the intended 'Windward Islands'. also at line 4589; file-global: no frloc_* scripted trigger is called anywhere in this mod (exhaustive repo grep: file is the only frloc hit) and no French loc ships, so every state list here is inert dead code;
common/scripted_triggers/00_scripted_triggers_FR_loc.txt	3458	693	dead_path	frloc_capital_dansles_des_audessusdes: vanilla 693 'Southern Bahamas' -> hits mod 693 'Leczyca', which has nothing to do with the intended 'Southern Bahamas'. also at line 4590; file-global: no frloc_* scripted trigger is called anywhere in this mod (exhaustive repo grep: file is the only frloc hit) and no French loc ships, so every state list here is inert dead code;
common/scripted_triggers/00_scripted_triggers_FR_loc.txt	3459	694	dead_path	frloc_capital_dansles_des_audessusdes: vanilla 694 'French Caribbean' -> hits mod 694 'Bernese Oberland', which has nothing to do with the intended 'French Caribbean'. also at line 4591; file-global: no frloc_* scripted trigger is called anywhere in this mod (exhaustive repo grep: file is the only frloc hit) and no French loc ships, so every state list here is inert dead code;
common/scripted_triggers/00_scripted_triggers_FR_loc.txt	3460	696	dead_path	frloc_capital_dansles_des_audessusdes: vanilla 696 'Bermuda' -> hits mod 696 'Krasnodar', which has nothing to do with the intended 'Bermuda'. also at line 4592; file-global: no frloc_* scripted trigger is called anywhere in this mod (exhaustive repo grep: file is the only frloc hit) and no French loc ships, so every state list here is inert dead code;
common/scripted_triggers/00_scripted_triggers_FR_loc.txt	3461	698	dead_path	frloc_capital_dansles_des_audessusdes: vanilla 698 'Azores' -> hits mod 698 'Bacau', which has nothing to do with the intended 'Azores'. also at line 4593; file-global: no frloc_* scripted trigger is called anywhere in this mod (exhaustive repo grep: file is the only frloc hit) and no French loc ships, so every state list here is inert dead code;
common/scripted_triggers/00_scripted_triggers_FR_loc.txt	3462	708	dead_path	frloc_capital_dansles_des_audessusdes: vanilla 708 'Comoro Islands' -> hits mod 708 'Ticino', which has nothing to do with the intended 'Comoro Islands'. also at line 4594; file-global: no frloc_* scripted trigger is called anywhere in this mod (exhaustive repo grep: file is the only frloc hit) and no French loc ships, so every state list here is inert dead code;
common/scripted_triggers/00_scripted_triggers_FR_loc.txt	3463	709	dead_path	frloc_capital_dansles_des_audessusdes: vanilla 709 'Seychelles' -> hits mod 709 'Milano', which has nothing to do with the intended 'Seychelles'. also at line 4595; file-global: no frloc_* scripted trigger is called anywhere in this mod (exhaustive repo grep: file is the only frloc hit) and no French loc ships, so every state list here is inert dead code;
common/scripted_triggers/00_scripted_triggers_FR_loc.txt	3464	712	dead_path	frloc_capital_dansles_des_audessusdes: vanilla 712 'Cocos Islands' -> hits mod 712 'Medimurje', which has nothing to do with the intended 'Cocos Islands'. also at line 4596; file-global: no frloc_* scripted trigger is called anywhere in this mod (exhaustive repo grep: file is the only frloc hit) and no French loc ships, so every state list here is inert dead code;
common/scripted_triggers/00_scripted_triggers_FR_loc.txt	3465	713	dead_path	frloc_capital_dansles_des_audessusdes: vanilla 713 'Kerguelen' -> hits mod 713 'Alba', which has nothing to do with the intended 'Kerguelen'. also at line 4597; file-global: no frloc_* scripted trigger is called anywhere in this mod (exhaustive repo grep: file is the only frloc hit) and no French loc ships, so every state list here is inert dead code;
common/scripted_triggers/00_scripted_triggers_FR_loc.txt	3466	726	dead_path	frloc_capital_dansles_des_audessusdes: vanilla 726 'Samoa' -> hits mod 726 'Bacs', which has nothing to do with the intended 'Samoa'. also at line 4598; file-global: no frloc_* scripted trigger is called anywhere in this mod (exhaustive repo grep: file is the only frloc hit) and no French loc ships, so every state list here is inert dead code;
common/scripted_triggers/00_scripted_triggers_FR_loc.txt	3467	727	dead_path	frloc_capital_dansles_des_audessusdes: vanilla 727 'Line Islands' -> hits mod 727 'Hunedoara', which has nothing to do with the intended 'Line Islands'. also at line 4599; file-global: no frloc_* scripted trigger is called anywhere in this mod (exhaustive repo grep: file is the only frloc hit) and no French loc ships, so every state list here is inert dead code;
common/scripted_triggers/00_scripted_triggers_FR_loc.txt	3468	733	dead_path	frloc_capital_dansles_des_audessusdes: vanilla 733 'Shaheed' -> hits mod 733 'Putna', which has nothing to do with the intended 'Shaheed'. also at line 4600; file-global: no frloc_* scripted trigger is called anywhere in this mod (exhaustive repo grep: file is the only frloc hit) and no French loc ships, so every state list here is inert dead code;
common/scripted_triggers/00_scripted_triggers_FR_loc.txt	3469	738	dead_path	frloc_capital_dansles_des_audessusdes: vanilla 738 'Aru Islands' -> hits mod 738 'Zrenjanin', which has nothing to do with the intended 'Aru Islands'. also at line 4601; file-global: no frloc_* scripted trigger is called anywhere in this mod (exhaustive repo grep: file is the only frloc hit) and no French loc ships, so every state list here is inert dead code;
common/scripted_triggers/00_scripted_triggers_FR_loc.txt	3470	739	dead_path	frloc_capital_dansles_des_audessusdes: vanilla 739 'Haida Gwaii' -> hits mod 739 'Covurlui', which has nothing to do with the intended 'Haida Gwaii'. also at line 4602; file-global: no frloc_* scripted trigger is called anywhere in this mod (exhaustive repo grep: file is the only frloc hit) and no French loc ships, so every state list here is inert dead code;
common/scripted_triggers/00_scripted_triggers_FR_loc.txt	3471	790	dead_path	frloc_capital_dansles_des_audessusdes: vanilla 790 'Asturias' -> hits mod 790 'Beograd', which has nothing to do with the intended 'Asturias'. if list is ever revived: exact-name successor(s) 837 Asturias; also at line 4603; file-global: no frloc_* scripted trigger is called anywhere in this mod (exhaustive repo grep: file is the only frloc hit) and no French loc ships, so every state list here is inert dead code;
common/scripted_triggers/00_scripted_triggers_FR_loc.txt	3479	31	dead_path	frloc_capital_en_de_audessusde: vanilla 31 'Midi Pyrenees' -> hits mod 31 'North Carolina', which has nothing to do with the intended 'Midi Pyrenees'. also at line 4615; file-global: no frloc_* scripted trigger is called anywhere in this mod (exhaustive repo grep: file is the only frloc hit) and no French loc ships, so every state list here is inert dead code;
common/scripted_triggers/00_scripted_triggers_FR_loc.txt	3480	507	dead_path	frloc_capital_en_de_audessusde: vanilla 507 'Magallanes' -> hits mod 507 'Troppau', which has nothing to do with the intended 'Magallanes'. also at line 4353; file-global: no frloc_* scripted trigger is called anywhere in this mod (exhaustive repo grep: file is the only frloc hit) and no French loc ships, so every state list here is inert dead code;
common/scripted_triggers/00_scripted_triggers_FR_loc.txt	3481	529	dead_path	frloc_capital_en_de_audessusde: vanilla 529 'San'yo' -> hits mod 529 'Jicin', which has nothing to do with the intended 'San'yo'. also at line 3985; file-global: no frloc_* scripted trigger is called anywhere in this mod (exhaustive repo grep: file is the only frloc hit) and no French loc ships, so every state list here is inert dead code;
common/scripted_triggers/00_scripted_triggers_FR_loc.txt	3489	1	dead_path	frloc_capital_en_de_audessusdela: vanilla 1 'Corsica' -> hits mod 1 'Quebec', which has nothing to do with the intended 'Corsica'. also at line 4057; file-global: no frloc_* scripted trigger is called anywhere in this mod (exhaustive repo grep: file is the only frloc hit) and no French loc ships, so every state list here is inert dead code;
common/scripted_triggers/00_scripted_triggers_FR_loc.txt	3490	3	dead_path	frloc_capital_en_de_audessusdela: vanilla 3 'Swiss Plateau' -> hits mod 3 'West Berlin', which has nothing to do with the intended 'Swiss Plateau'. also at line 4058; file-global: no frloc_* scripted trigger is called anywhere in this mod (exhaustive repo grep: file is the only frloc hit) and no French loc ships, so every state list here is inert dead code;
common/scripted_triggers/00_scripted_triggers_FR_loc.txt	3491	4	dead_path	frloc_capital_en_de_audessusdela: vanilla 4 'Lower Austria' -> hits mod 4 'Finnmark', which has nothing to do with the intended 'Lower Austria'. also at line 4059; file-global: no frloc_* scripted trigger is called anywhere in this mod (exhaustive repo grep: file is the only frloc hit) and no French loc ships, so every state list here is inert dead code;
common/scripted_triggers/00_scripted_triggers_FR_loc.txt	3492	7	dead_path	frloc_capital_en_de_audessusdela: vanilla 7 'Holland' -> hits mod 7 'Maine', which has nothing to do with the intended 'Holland'. if list is ever revived: fuzzy-name successor(s) 358 Noord-Holland,402 Zuid-Holland,2689 Preussisch Holland; also at line 4060; file-global: no frloc_* scripted trigger is called anywhere in this mod (exhaustive repo grep: file is the only frloc hit) and no French loc ships, so every state list here is inert dead code;
common/scripted_triggers/00_scripted_triggers_FR_loc.txt	3493	9	dead_path	frloc_capital_en_de_audessusdela: vanilla 9 'Bohemia' -> hits mod 9 'Ontario', which has nothing to do with the intended 'Bohemia'. also at line 4061; file-global: no frloc_* scripted trigger is called anywhere in this mod (exhaustive repo grep: file is the only frloc hit) and no French loc ships, so every state list here is inert dead code;
common/scripted_triggers/00_scripted_triggers_FR_loc.txt	3494	14	dead_path	frloc_capital_en_de_audessusdela: vanilla 14 'Brittany' -> hits mod 14 'Lappi', which has nothing to do with the intended 'Brittany'. also at line 4062; file-global: no frloc_* scripted trigger is called anywhere in this mod (exhaustive repo grep: file is the only frloc hit) and no French loc ships, so every state list here is inert dead code;
common/scripted_triggers/00_scripted_triggers_FR_loc.txt	3495	15	dead_path	frloc_capital_en_de_audessusdela: vanilla 15 'Normandy' -> hits mod 15 'Arhus', which has nothing to do with the intended 'Normandy'. also at line 4063; file-global: no frloc_* scripted trigger is called anywhere in this mod (exhaustive repo grep: file is the only frloc hit) and no French loc ships, so every state list here is inert dead code;
common/scripted_triggers/00_scripted_triggers_FR_loc.txt	3496	17	dead_path	frloc_capital_en_de_audessusdela: vanilla 17 'Franche-Comte' -> hits mod 17 'Petsamo', which has nothing to do with the intended 'Franche-Comte'. also at line 4064; file-global: no frloc_* scripted trigger is called anywhere in this mod (exhaustive repo grep: file is the only frloc hit) and no French loc ships, so every state list here is inert dead code;
common/scripted_triggers/00_scripted_triggers_FR_loc.txt	3497	18	dead_path	frloc_capital_en_de_audessusdela: vanilla 18 'Champagne' -> hits mod 18 'Connecticut', which has nothing to do with the intended 'Champagne'. also at line 4065; file-global: no frloc_* scripted trigger is called anywhere in this mod (exhaustive repo grep: file is the only frloc hit) and no French loc ships, so every state list here is inert dead code;
common/scripted_triggers/00_scripted_triggers_FR_loc.txt	3498	21	dead_path	frloc_capital_en_de_audessusdela: vanilla 21 'Bouches-du-Rhône' -> hits mod 21 'Pennsylvania', which has nothing to do with the intended 'Bouches-du-Rhône'. if list is ever revived: exact-name successor(s) 824 Bouches-du-Rhone; also at line 4066; file-global: no frloc_* scripted trigger is called anywhere in this mod (exhaustive repo grep: file is the only frloc hit) and no French loc ships, so every state list here is inert dead code;
common/scripted_triggers/00_scripted_triggers_FR_loc.txt	3499	27	dead_path	frloc_capital_en_de_audessusdela: vanilla 27 'Bourgogne' -> hits mod 27 'Nenets', which has nothing to do with the intended 'Bourgogne'. also at line 4067; file-global: no frloc_* scripted trigger is called anywhere in this mod (exhaustive repo grep: file is the only frloc hit) and no French loc ships, so every state list here is inert dead code;
common/scripted_triggers/00_scripted_triggers_FR_loc.txt	3500	34	dead_path	frloc_capital_en_de_audessusdela: vanilla 34 'Wallonia' -> hits mod 34 'Skanderborg', which has nothing to do with the intended 'Wallonia'. also at line 4069; file-global: no frloc_* scripted trigger is called anywhere in this mod (exhaustive repo grep: file is the only frloc hit) and no French loc ships, so every state list here is inert dead code;
common/scripted_triggers/00_scripted_triggers_FR_loc.txt	3501	36	dead_path	frloc_capital_en_de_audessusdela: vanilla 36 'Friesland' -> hits mod 36 'Lavansaari', which has nothing to do with the intended 'Friesland'. if list is ever revived: exact-name successor(s) 336 Friesland; also at line 4070; file-global: no frloc_* scripted trigger is called anywhere in this mod (exhaustive repo grep: file is the only frloc hit) and no French loc ships, so every state list here is inert dead code;
common/scripted_triggers/00_scripted_triggers_FR_loc.txt	3502	43	dead_path	frloc_capital_en_de_audessusdela: vanilla 43 'Northern Hungary' -> hits mod 43 'Delaware', which has nothing to do with the intended 'Northern Hungary'. also at line 4071; file-global: no frloc_* scripted trigger is called anywhere in this mod (exhaustive repo grep: file is the only frloc hit) and no French loc ships, so every state list here is inert dead code;
common/scripted_triggers/00_scripted_triggers_FR_loc.txt	3503	45	dead_path	frloc_capital_en_de_audessusdela: vanilla 45 'Vojvodina' -> hits mod 45 'Vasterbotten', which has nothing to do with the intended 'Vojvodina'. also at line 4072; file-global: no frloc_* scripted trigger is called anywhere in this mod (exhaustive repo grep: file is the only frloc hit) and no French loc ships, so every state list here is inert dead code;
common/scripted_triggers/00_scripted_triggers_FR_loc.txt	3504	46	dead_path	frloc_capital_en_de_audessusdela: vanilla 46 'Muntenia' -> hits mod 46 'Krasnystaw', which has nothing to do with the intended 'Muntenia'. also at line 4073; file-global: no frloc_* scripted trigger is called anywhere in this mod (exhaustive repo grep: file is the only frloc hit) and no French loc ships, so every state list here is inert dead code;
common/scripted_triggers/00_scripted_triggers_FR_loc.txt	3505	47	dead_path	frloc_capital_en_de_audessusdela: vanilla 47 'Attica' -> hits mod 47 'New Jersey', which has nothing to do with the intended 'Attica'. if list is ever revived: exact-name successor(s) 2019 Attica; also at line 4074; file-global: no frloc_* scripted trigger is called anywhere in this mod (exhaustive repo grep: file is the only frloc hit) and no French loc ships, so every state list here is inert dead code;
common/scripted_triggers/00_scripted_triggers_FR_loc.txt	3506	51	dead_path	frloc_capital_en_de_audessusdela: vanilla 51 'Rhineland' -> hits mod 51 'Vesturland', which has nothing to do with the intended 'Rhineland'. also at line 4075; file-global: no frloc_* scripted trigger is called anywhere in this mod (exhaustive repo grep: file is the only frloc hit) and no French loc ships, so every state list here is inert dead code;
common/scripted_triggers/00_scripted_triggers_FR_loc.txt	3507	52	dead_path	frloc_capital_en_de_audessusdela: vanilla 52 'Oberbayern' -> hits mod 52 'Segezha', which has nothing to do with the intended 'Oberbayern'. also at line 4076; file-global: no frloc_* scripted trigger is called anywhere in this mod (exhaustive repo grep: file is the only frloc hit) and no French loc ships, so every state list here is inert dead code;
common/scripted_triggers/00_scripted_triggers_FR_loc.txt	3508	53	dead_path	frloc_capital_en_de_audessusdela: vanilla 53 'Niederbayern' -> hits mod 53 'Nord-Trondelag', which has nothing to do with the intended 'Niederbayern'. also at line 4077; file-global: no frloc_* scripted trigger is called anywhere in this mod (exhaustive repo grep: file is the only frloc hit) and no French loc ships, so every state list here is inert dead code;
common/scripted_triggers/00_scripted_triggers_FR_loc.txt	3509	54	dead_path	frloc_capital_en_de_audessusdela: vanilla 54 'Franken' -> hits mod 54 'Jamtland', which has nothing to do with the intended 'Franken'. if list is ever revived: fuzzy-name successor(s) 1662 Frankenstein; also at line 4078; file-global: no frloc_* scripted trigger is called anywhere in this mod (exhaustive repo grep: file is the only frloc hit) and no French loc ships, so every state list here is inert dead code;
common/scripted_triggers/00_scripted_triggers_FR_loc.txt	3510	55	dead_path	frloc_capital_en_de_audessusdela: vanilla 55 'Hessen' -> hits mod 55 'Rhode Island', which has nothing to do with the intended 'Hessen'. also at line 4079; file-global: no frloc_* scripted trigger is called anywhere in this mod (exhaustive repo grep: file is the only frloc hit) and no French loc ships, so every state list here is inert dead code;
common/scripted_triggers/00_scripted_triggers_FR_loc.txt	3511	56	dead_path	frloc_capital_en_de_audessusdela: vanilla 56 'Weser-Ems' -> hits mod 56 'Sudurland', which has nothing to do with the intended 'Weser-Ems'. also at line 4080; file-global: no frloc_* scripted trigger is called anywhere in this mod (exhaustive repo grep: file is the only frloc hit) and no French loc ships, so every state list here is inert dead code;
common/scripted_triggers/00_scripted_triggers_FR_loc.txt	3512	57	dead_path	frloc_capital_en_de_audessusdela: vanilla 57 'Westfalen' -> hits mod 57 'Olonets', which has nothing to do with the intended 'Westfalen'. also at line 4081; file-global: no frloc_* scripted trigger is called anywhere in this mod (exhaustive repo grep: file is the only frloc hit) and no French loc ships, so every state list here is inert dead code;
common/scripted_triggers/00_scripted_triggers_FR_loc.txt	3513	60	dead_path	frloc_capital_en_de_audessusdela: vanilla 60 'Thüringen' -> hits mod 60 'Prince Edward Island', which has nothing to do with the intended 'Thüringen'. also at line 4082; file-global: no frloc_* scripted trigger is called anywhere in this mod (exhaustive repo grep: file is the only frloc hit) and no French loc ships, so every state list here is inert dead code;
common/scripted_triggers/00_scripted_triggers_FR_loc.txt	3514	62	dead_path	frloc_capital_en_de_audessusdela: vanilla 62 'Vorpommern' -> hits mod 62 'Repola', which has nothing to do with the intended 'Vorpommern'. also at line 4083; file-global: no frloc_* scripted trigger is called anywhere in this mod (exhaustive repo grep: file is the only frloc hit) and no French loc ships, so every state list here is inert dead code;
common/scripted_triggers/00_scripted_triggers_FR_loc.txt	3515	63	dead_path	frloc_capital_en_de_audessusdela: vanilla 63 'Hinterpommern' -> hits mod 63 'Keski-Pohjanmaa', which has nothing to do with the intended 'Hinterpommern'. also at line 4084; file-global: no frloc_* scripted trigger is called anywhere in this mod (exhaustive repo grep: file is the only frloc hit) and no French loc ships, so every state list here is inert dead code;
common/scripted_triggers/00_scripted_triggers_FR_loc.txt	3516	65	dead_path	frloc_capital_en_de_audessusdela: vanilla 65 'Sachsen' -> hits mod 65 'Pohjois-Savo', which has nothing to do with the intended 'Sachsen'. if list is ever revived: fuzzy-name successor(s) 1980 Reichenau in Sachsen; also at line 4085; file-global: no frloc_* scripted trigger is called anywhere in this mod (exhaustive repo grep: file is the only frloc hit) and no French loc ships, so every state list here is inert dead code;
common/scripted_triggers/00_scripted_triggers_FR_loc.txt	3517	66	dead_path	frloc_capital_en_de_audessusdela: vanilla 66 'Lower Silesia' -> hits mod 66 'Vasternorrland', which has nothing to do with the intended 'Lower Silesia'. also at line 4086; file-global: no frloc_* scripted trigger is called anywhere in this mod (exhaustive repo grep: file is the only frloc hit) and no French loc ships, so every state list here is inert dead code;
common/scripted_triggers/00_scripted_triggers_FR_loc.txt	3518	67	dead_path	frloc_capital_en_de_audessusdela: vanilla 67 'Upper Silesia' -> hits mod 67 'Kuldiga', which has nothing to do with the intended 'Upper Silesia'. also at line 4087; file-global: no frloc_* scripted trigger is called anywhere in this mod (exhaustive repo grep: file is the only frloc hit) and no French loc ships, so every state list here is inert dead code;
common/scripted_triggers/00_scripted_triggers_FR_loc.txt	3519	70	dead_path	frloc_capital_en_de_audessusdela: vanilla 70 'Western Slovakia' -> hits mod 70 'Soro', which has nothing to do with the intended 'Western Slovakia'. also at line 4088; file-global: no frloc_* scripted trigger is called anywhere in this mod (exhaustive repo grep: file is the only frloc hit) and no French loc ships, so every state list here is inert dead code;
common/scripted_triggers/00_scripted_triggers_FR_loc.txt	3520	71	dead_path	frloc_capital_en_de_audessusdela: vanilla 71 'Eastern Slovakia' -> hits mod 71 'Sor-Trondelag', which has nothing to do with the intended 'Eastern Slovakia'. also at line 4089; file-global: no frloc_* scripted trigger is called anywhere in this mod (exhaustive repo grep: file is the only frloc hit) and no French loc ships, so every state list here is inert dead code;
common/scripted_triggers/00_scripted_triggers_FR_loc.txt	3521	72	dead_path	frloc_capital_en_de_audessusdela: vanilla 72 'Trans-Olza' -> hits mod 72 'Keski-Suomi', which has nothing to do with the intended 'Trans-Olza'. also at line 4090; file-global: no frloc_* scripted trigger is called anywhere in this mod (exhaustive repo grep: file is the only frloc hit) and no French loc ships, so every state list here is inert dead code;
common/scripted_triggers/00_scripted_triggers_FR_loc.txt	3522	73	dead_path	frloc_capital_en_de_audessusdela: vanilla 73 'Carpathian Ruthenia' -> hits mod 73 'Etela-Pohjanmaa', which has nothing to do with the intended 'Carpathian Ruthenia'. also at line 4091; file-global: no frloc_* scripted trigger is called anywhere in this mod (exhaustive repo grep: file is the only frloc hit) and no French loc ships, so every state list here is inert dead code;
common/scripted_triggers/00_scripted_triggers_FR_loc.txt	3523	75	dead_path	frloc_capital_en_de_audessusdela: vanilla 75 'Moravia' -> hits mod 75 'More og Romsdal', which has nothing to do with the intended 'Moravia'. also at line 4092; file-global: no frloc_* scripted trigger is called anywhere in this mod (exhaustive repo grep: file is the only frloc hit) and no French loc ships, so every state list here is inert dead code;
common/scripted_triggers/00_scripted_triggers_FR_loc.txt	3524	76	dead_path	frloc_capital_en_de_audessusdela: vanilla 76 'North Transylvania' -> hits mod 76 'Randers', which has nothing to do with the intended 'North Transylvania'. also at line 4093; file-global: no frloc_* scripted trigger is called anywhere in this mod (exhaustive repo grep: file is the only frloc hit) and no French loc ships, so every state list here is inert dead code;
common/scripted_triggers/00_scripted_triggers_FR_loc.txt	3525	77	dead_path	frloc_capital_en_de_audessusdela: vanilla 77 'Dobrudja' -> hits mod 77 'Viipuri', which has nothing to do with the intended 'Dobrudja'. also at line 4094; file-global: no frloc_* scripted trigger is called anywhere in this mod (exhaustive repo grep: file is the only frloc hit) and no French loc ships, so every state list here is inert dead code;
common/scripted_triggers/00_scripted_triggers_FR_loc.txt	3526	78	dead_path	frloc_capital_en_de_audessusdela: vanilla 78 'Bessarabia' -> hits mod 78 'Hedmark', which has nothing to do with the intended 'Bessarabia'. also at line 4095; file-global: no frloc_* scripted trigger is called anywhere in this mod (exhaustive repo grep: file is the only frloc hit) and no French loc ships, so every state list here is inert dead code;
common/scripted_triggers/00_scripted_triggers_FR_loc.txt	3527	79	dead_path	frloc_capital_en_de_audessusdela: vanilla 79 'Moldova' -> hits mod 79 'Nowy Tomysl', which has nothing to do with the intended 'Moldova'. also at line 4096; file-global: no frloc_* scripted trigger is called anywhere in this mod (exhaustive repo grep: file is the only frloc hit) and no French loc ships, so every state list here is inert dead code;
common/scripted_triggers/00_scripted_triggers_FR_loc.txt	3528	80	dead_path	frloc_capital_en_de_audessusdela: vanilla 80 'Bucovina' -> hits mod 80 'Ostrow Wiel', which has nothing to do with the intended 'Bucovina'. also at line 4097; file-global: no frloc_* scripted trigger is called anywhere in this mod (exhaustive repo grep: file is the only frloc hit) and no French loc ships, so every state list here is inert dead code;
common/scripted_triggers/00_scripted_triggers_FR_loc.txt	3529	83	dead_path	frloc_capital_en_de_audessusdela: vanilla 83 'Crisana' -> hits mod 83 'Oppland', which has nothing to do with the intended 'Crisana'. also at line 4098; file-global: no frloc_* scripted trigger is called anywhere in this mod (exhaustive repo grep: file is the only frloc hit) and no French loc ships, so every state list here is inert dead code;
common/scripted_triggers/00_scripted_triggers_FR_loc.txt	3530	84	dead_path	frloc_capital_en_de_audessusdela: vanilla 84 'Transylvania' -> hits mod 84 'Gavleborg', which has nothing to do with the intended 'Transylvania'. also at line 4099; file-global: no frloc_* scripted trigger is called anywhere in this mod (exhaustive repo grep: file is the only frloc hit) and no French loc ships, so every state list here is inert dead code;
common/scripted_triggers/00_scripted_triggers_FR_loc.txt	3531	93	dead_path	frloc_capital_en_de_audessusdela: vanilla 93 'Wołyn' -> hits mod 93 'Etela-Karjala', which has nothing to do with the intended 'Wołyn'. also at line 4100; file-global: no frloc_* scripted trigger is called anywhere in this mod (exhaustive repo grep: file is the only frloc hit) and no French loc ships, so every state list here is inert dead code;
common/scripted_triggers/00_scripted_triggers_FR_loc.txt	3532	94	dead_path	frloc_capital_en_de_audessusdela: vanilla 94 'Polesie' -> hits mod 94 'Ilukste', which has nothing to do with the intended 'Polesie'. also at line 4101; file-global: no frloc_* scripted trigger is called anywhere in this mod (exhaustive repo grep: file is the only frloc hit) and no French loc ships, so every state list here is inert dead code;
common/scripted_triggers/00_scripted_triggers_FR_loc.txt	3533	102	dead_path	frloc_capital_en_de_audessusdela: vanilla 102 'North Slovenia' -> hits mod 102 'Volkhov', which has nothing to do with the intended 'North Slovenia'. also at line 4102; file-global: no frloc_* scripted trigger is called anywhere in this mod (exhaustive repo grep: file is the only frloc hit) and no French loc ships, so every state list here is inert dead code;
common/scripted_triggers/00_scripted_triggers_FR_loc.txt	3534	103	dead_path	frloc_capital_en_de_audessusdela: vanilla 103 'Dalmatia' -> hits mod 103 'Kanta-Hame', which has nothing to do with the intended 'Dalmatia'. also at line 4103; file-global: no frloc_* scripted trigger is called anywhere in this mod (exhaustive repo grep: file is the only frloc hit) and no French loc ships, so every state list here is inert dead code;
common/scripted_triggers/00_scripted_triggers_FR_loc.txt	3535	104	dead_path	frloc_capital_en_de_audessusdela: vanilla 104 'Bosnia' -> hits mod 104 'Haderslev', which has nothing to do with the intended 'Bosnia'. also at line 4104; file-global: no frloc_* scripted trigger is called anywhere in this mod (exhaustive repo grep: file is the only frloc hit) and no French loc ships, so every state list here is inert dead code;
common/scripted_triggers/00_scripted_triggers_FR_loc.txt	3536	106	dead_path	frloc_capital_en_de_audessusdela: vanilla 106 'Macedonia' -> hits mod 106 'Buskerud', which has nothing to do with the intended 'Macedonia'. also at line 4105; file-global: no frloc_* scripted trigger is called anywhere in this mod (exhaustive repo grep: file is the only frloc hit) and no French loc ships, so every state list here is inert dead code;
common/scripted_triggers/00_scripted_triggers_FR_loc.txt	3537	107	dead_path	frloc_capital_en_de_audessusdela: vanilla 107 'Serbia' -> hits mod 107 'Mazeikiu', which has nothing to do with the intended 'Serbia'. also at line 4106; file-global: no frloc_* scripted trigger is called anywhere in this mod (exhaustive repo grep: file is the only frloc hit) and no French loc ships, so every state list here is inert dead code;
common/scripted_triggers/00_scripted_triggers_FR_loc.txt	3538	108	dead_path	frloc_capital_en_de_audessusdela: vanilla 108 'Morava' -> hits mod 108 'Kirov', which has nothing to do with the intended 'Morava'. also at line 4107; file-global: no frloc_* scripted trigger is called anywhere in this mod (exhaustive repo grep: file is the only frloc hit) and no French loc ships, so every state list here is inert dead code;
common/scripted_triggers/00_scripted_triggers_FR_loc.txt	3539	109	dead_path	frloc_capital_en_de_audessusdela: vanilla 109 'Croatia' -> hits mod 109 'Varsinais-Suomi', which has nothing to do with the intended 'Croatia'. also at line 4108; file-global: no frloc_* scripted trigger is called anywhere in this mod (exhaustive repo grep: file is the only frloc hit) and no French loc ships, so every state list here is inert dead code;
common/scripted_triggers/00_scripted_triggers_FR_loc.txt	3540	114	dead_path	frloc_capital_en_de_audessusdela: vanilla 114 'Sardinia' -> hits mod 114 'Uusimaa', which has nothing to do with the intended 'Sardinia'. also at line 4109; file-global: no frloc_* scripted trigger is called anywhere in this mod (exhaustive repo grep: file is the only frloc hit) and no French loc ships, so every state list here is inert dead code;
common/scripted_triggers/00_scripted_triggers_FR_loc.txt	3541	115	dead_path	frloc_capital_en_de_audessusdela: vanilla 115 'Sicily' -> hits mod 115 'Kymenlaakso', which has nothing to do with the intended 'Sicily'. also at line 4110; file-global: no frloc_* scripted trigger is called anywhere in this mod (exhaustive repo grep: file is the only frloc hit) and no French loc ships, so every state list here is inert dead code;
common/scripted_triggers/00_scripted_triggers_FR_loc.txt	3542	117	dead_path	frloc_capital_en_de_audessusdela: vanilla 117 'Campania' -> hits mod 117 'Uppsala', which has nothing to do with the intended 'Campania'. also at line 4111; file-global: no frloc_* scripted trigger is called anywhere in this mod (exhaustive repo grep: file is the only frloc hit) and no French loc ships, so every state list here is inert dead code;
common/scripted_triggers/00_scripted_triggers_FR_loc.txt	3543	137	dead_path	frloc_capital_en_de_audessusdela: vanilla 137 'Crimea' -> hits mod 137 'Jaanilinn', which has nothing to do with the intended 'Crimea'. if list is ever revived: exact-name successor(s) 2044 Crimea; also at line 4112; file-global: no frloc_* scripted trigger is called anywhere in this mod (exhaustive repo grep: file is the only frloc hit) and no French loc ships, so every state list here is inert dead code;
common/scripted_triggers/00_scripted_triggers_FR_loc.txt	3544	138	dead_path	frloc_capital_en_de_audessusdela: vanilla 138 'Skåne' -> hits mod 138 'Novgorod', which has nothing to do with the intended 'Skåne'. also at line 4113; file-global: no frloc_* scripted trigger is called anywhere in this mod (exhaustive repo grep: file is the only frloc hit) and no French loc ships, so every state list here is inert dead code;
common/scripted_triggers/00_scripted_triggers_FR_loc.txt	3545	146	dead_path	frloc_capital_en_de_audessusdela: vanilla 146 'Karjala' -> hits mod 146 'Saaremaa', which has nothing to do with the intended 'Karjala'. if list is ever revived: fuzzy-name successor(s) 68 Pohjois-Karjala,93 Etela-Karjala; also at line 4114; file-global: no frloc_* scripted trigger is called anywhere in this mod (exhaustive repo grep: file is the only frloc hit) and no French loc ships, so every state list here is inert dead code;
common/scripted_triggers/00_scripted_triggers_FR_loc.txt	3546	150	dead_path	frloc_capital_en_de_audessusdela: vanilla 150 'Kuopio' -> hits mod 150 'Ostergotland', which has nothing to do with the intended 'Kuopio'. also at line 4115; file-global: no frloc_* scripted trigger is called anywhere in this mod (exhaustive repo grep: file is the only frloc hit) and no French loc ships, so every state list here is inert dead code;
common/scripted_triggers/00_scripted_triggers_FR_loc.txt	3547	151	dead_path	frloc_capital_en_de_audessusdela: vanilla 151 'Eastern Swiss Alps' -> hits mod 151 'Pskov', which has nothing to do with the intended 'Eastern Swiss Alps'. also at line 4116; file-global: no frloc_* scripted trigger is called anywhere in this mod (exhaustive repo grep: file is the only frloc hit) and no French loc ships, so every state list here is inert dead code;
common/scripted_triggers/00_scripted_triggers_FR_loc.txt	3548	152	dead_path	frloc_capital_en_de_audessusdela: vanilla 152 'Upper Austria' -> hits mod 152 'Tarto', which has nothing to do with the intended 'Upper Austria'. also at line 4117; file-global: no frloc_* scripted trigger is called anywhere in this mod (exhaustive repo grep: file is the only frloc hit) and no French loc ships, so every state list here is inert dead code;
common/scripted_triggers/00_scripted_triggers_FR_loc.txt	3549	155	dead_path	frloc_capital_en_de_audessusdela: vanilla 155 'North Transdanubia' -> hits mod 155 'Parnu', which has nothing to do with the intended 'North Transdanubia'. also at line 4118; file-global: no frloc_* scripted trigger is called anywhere in this mod (exhaustive repo grep: file is the only frloc hit) and no French loc ships, so every state list here is inert dead code;
common/scripted_triggers/00_scripted_triggers_FR_loc.txt	3550	156	dead_path	frloc_capital_en_de_audessusdela: vanilla 156 'Calabria' -> hits mod 156 'Viljandi', which has nothing to do with the intended 'Calabria'. if list is ever revived: fuzzy-name successor(s) 1411 Reggio di Calabria; also at line 4119; file-global: no frloc_* scripted trigger is called anywhere in this mod (exhaustive repo grep: file is the only frloc hit) and no French loc ships, so every state list here is inert dead code;
common/scripted_triggers/00_scripted_triggers_FR_loc.txt	3551	159	dead_path	frloc_capital_en_de_audessusdela: vanilla 159 'Lombardy' -> hits mod 159 'Hofudborgarsvaedid', which has nothing to do with the intended 'Lombardy'. also at line 4120; file-global: no frloc_* scripted trigger is called anywhere in this mod (exhaustive repo grep: file is the only frloc hit) and no French loc ships, so every state list here is inert dead code;
common/scripted_triggers/00_scripted_triggers_FR_loc.txt	3552	160	dead_path	frloc_capital_en_de_audessusdela: vanilla 160 'Veneto' -> hits mod 160 'Sudurnes', which has nothing to do with the intended 'Veneto'. also at line 4121; file-global: no frloc_* scripted trigger is called anywhere in this mod (exhaustive repo grep: file is the only frloc hit) and no French loc ships, so every state list here is inert dead code;
common/scripted_triggers/00_scripted_triggers_FR_loc.txt	3553	162	dead_path	frloc_capital_en_de_audessusdela: vanilla 162 'Tuscany' -> hits mod 162 'Udmurt', which has nothing to do with the intended 'Tuscany'. also at line 4122; file-global: no frloc_* scripted trigger is called anywhere in this mod (exhaustive repo grep: file is the only frloc hit) and no French loc ships, so every state list here is inert dead code;
common/scripted_triggers/00_scripted_triggers_FR_loc.txt	3554	165	dead_path	frloc_capital_en_de_audessusdela: vanilla 165 'Catalonia' -> hits mod 165 'Petseri', which has nothing to do with the intended 'Catalonia'. also at line 4123; file-global: no frloc_* scripted trigger is called anywhere in this mod (exhaustive repo grep: file is the only frloc hit) and no French loc ships, so every state list here is inert dead code;
common/scripted_triggers/00_scripted_triggers_FR_loc.txt	3555	171	dead_path	frloc_capital_en_de_audessusdela: vanilla 171 'Galicia' -> hits mod 171 'Nizhny Novgorod', which has nothing to do with the intended 'Galicia'. also at line 4124; file-global: no frloc_* scripted trigger is called anywhere in this mod (exhaustive repo grep: file is the only frloc hit) and no French loc ships, so every state list here is inert dead code;
common/scripted_triggers/00_scripted_triggers_FR_loc.txt	3556	172	dead_path	frloc_capital_en_de_audessusdela: vanilla 172 'Navarra' -> hits mod 172 'Riga', which has nothing to do with the intended 'Navarra'. if list is ever revived: exact-name successor(s) 854 Navarra; also at line 4125; file-global: no frloc_* scripted trigger is called anywhere in this mod (exhaustive repo grep: file is the only frloc hit) and no French loc ships, so every state list here is inert dead code;
common/scripted_triggers/00_scripted_triggers_FR_loc.txt	3557	182	dead_path	frloc_capital_en_de_audessusdela: vanilla 182 'Crete' -> hits mod 182 'Nairn', which has nothing to do with the intended 'Crete'. also at line 4126; file-global: no frloc_* scripted trigger is called anywhere in this mod (exhaustive repo grep: file is the only frloc hit) and no French loc ships, so every state list here is inert dead code;
common/scripted_triggers/00_scripted_triggers_FR_loc.txt	3558	184	dead_path	frloc_capital_en_de_audessusdela: vanilla 184 'Thrace' -> hits mod 184 'Halland', which has nothing to do with the intended 'Thrace'. if list is ever revived: fuzzy-name successor(s) 2564 Samothrace; also at line 4127; file-global: no frloc_* scripted trigger is called anywhere in this mod (exhaustive repo grep: file is the only frloc hit) and no French loc ships, so every state list here is inert dead code;
common/scripted_triggers/00_scripted_triggers_FR_loc.txt	3559	190	dead_path	frloc_capital_en_de_audessusdela: vanilla 190 'Kurzeme' -> hits mod 190 'Kronoberg', which has nothing to do with the intended 'Kurzeme'. also at line 4128; file-global: no frloc_* scripted trigger is called anywhere in this mod (exhaustive repo grep: file is the only frloc hit) and no French loc ships, so every state list here is inert dead code;
common/scripted_triggers/00_scripted_triggers_FR_loc.txt	3560	231	dead_path	frloc_capital_en_de_audessusdela: vanilla 231 'Georgia' -> hits mod 231 'Lida', which has nothing to do with the intended 'Georgia'. also at line 4129; file-global: no frloc_* scripted trigger is called anywhere in this mod (exhaustive repo grep: file is the only frloc hit) and no French loc ships, so every state list here is inert dead code;
common/scripted_triggers/00_scripted_triggers_FR_loc.txt	3561	268	dead_path	frloc_capital_en_de_audessusdela: vanilla 268 'French Somaliland' -> hits mod 268 'Down', which has nothing to do with the intended 'French Somaliland'. also at line 4130; file-global: no frloc_* scripted trigger is called anywhere in this mod (exhaustive repo grep: file is the only frloc hit) and no French loc ships, so every state list here is inert dead code;
common/scripted_triggers/00_scripted_triggers_FR_loc.txt	3562	269	dead_path	frloc_capital_en_de_audessusdela: vanilla 269 'British Somaliland' -> hits mod 269 'Westmorland', which has nothing to do with the intended 'British Somaliland'. also at line 4131; file-global: no frloc_* scripted trigger is called anywhere in this mod (exhaustive repo grep: file is the only frloc hit) and no French loc ships, so every state list here is inert dead code;
common/scripted_triggers/00_scripted_triggers_FR_loc.txt	3563	285	dead_path	frloc_capital_en_de_audessusdela: vanilla 285 'New South Wales' -> hits mod 285 'Orenburg', which has nothing to do with the intended 'New South Wales'. also at line 4133; file-global: no frloc_* scripted trigger is called anywhere in this mod (exhaustive repo grep: file is the only frloc hit) and no French loc ships, so every state list here is inert dead code;
common/scripted_triggers/00_scripted_triggers_FR_loc.txt	3564	286	dead_path	frloc_capital_en_de_audessusdela: vanilla 286 'South Annam' -> hits mod 286 'West Riding', which has nothing to do with the intended 'South Annam'. also at line 4134; file-global: no frloc_* scripted trigger is called anywhere in this mod (exhaustive repo grep: file is the only frloc hit) and no French loc ships, so every state list here is inert dead code;
common/scripted_triggers/00_scripted_triggers_FR_loc.txt	3565	288	dead_path	frloc_capital_en_de_audessusdela: vanilla 288 'Magwe' -> hits mod 288 'Mayo', which has nothing to do with the intended 'Magwe'. also at line 4135; file-global: no frloc_* scripted trigger is called anywhere in this mod (exhaustive repo grep: file is the only frloc hit) and no French loc ships, so every state list here is inert dead code;
common/scripted_triggers/00_scripted_triggers_FR_loc.txt	3566	296	dead_path	frloc_capital_en_de_audessusdela: vanilla 296 'Portuguese Guinea' -> hits mod 296 'Roscommon', which has nothing to do with the intended 'Portuguese Guinea'. also at line 4136; file-global: no frloc_* scripted trigger is called anywhere in this mod (exhaustive repo grep: file is the only frloc hit) and no French loc ships, so every state list here is inert dead code;
common/scripted_triggers/00_scripted_triggers_FR_loc.txt	3567	297	dead_path	frloc_capital_en_de_audessusdela: vanilla 297 'Equatorial Guinea' -> hits mod 297 'Louth', which has nothing to do with the intended 'Equatorial Guinea'. also at line 4137; file-global: no frloc_* scripted trigger is called anywhere in this mod (exhaustive repo grep: file is the only frloc hit) and no French loc ships, so every state list here is inert dead code;
common/scripted_triggers/00_scripted_triggers_FR_loc.txt	3568	310	dead_path	frloc_capital_en_de_audessusdela: vanilla 310 'French Guiana' -> hits mod 310 'Torun', which has nothing to do with the intended 'French Guiana'. also at line 4138; file-global: no frloc_* scripted trigger is called anywhere in this mod (exhaustive repo grep: file is the only frloc hit) and no French loc ships, so every state list here is inert dead code;
common/scripted_triggers/00_scripted_triggers_FR_loc.txt	3569	330	dead_path	frloc_capital_en_de_audessusdela: vanilla 330 'Ulaanbaatar' -> hits mod 330 'Lokot', which has nothing to do with the intended 'Ulaanbaatar'. also at line 4139; file-global: no frloc_* scripted trigger is called anywhere in this mod (exhaustive repo grep: file is the only frloc hit) and no French loc ships, so every state list here is inert dead code;
common/scripted_triggers/00_scripted_triggers_FR_loc.txt	3570	357	dead_path	frloc_capital_en_de_audessusdela: vanilla 357 'New England' -> hits mod 357 'Leicestershire', which has nothing to do with the intended 'New England'. also at line 4140; file-global: no frloc_* scripted trigger is called anywhere in this mod (exhaustive repo grep: file is the only frloc hit) and no French loc ships, so every state list here is inert dead code;
common/scripted_triggers/00_scripted_triggers_FR_loc.txt	3571	360	dead_path	frloc_capital_en_de_audessusdela: vanilla 360 'Pennsylvania' -> hits mod 360 'Carlow', which has nothing to do with the intended 'Pennsylvania'. if list is ever revived: exact-name successor(s) 21 Pennsylvania; also at line 4141; file-global: no frloc_* scripted trigger is called anywhere in this mod (exhaustive repo grep: file is the only frloc hit) and no French loc ships, so every state list here is inert dead code;
common/scripted_triggers/00_scripted_triggers_FR_loc.txt	3572	362	dead_path	frloc_capital_en_de_audessusdela: vanilla 362 'Virginia' -> hits mod 362 'Montgomeryshire', which has nothing to do with the intended 'Virginia'. if list is ever revived: exact-name successor(s) 28 Virginia; also at line 4142; file-global: no frloc_* scripted trigger is called anywhere in this mod (exhaustive repo grep: file is the only frloc hit) and no French loc ships, so every state list here is inert dead code;
common/scripted_triggers/00_scripted_triggers_FR_loc.txt	3573	363	dead_path	frloc_capital_en_de_audessusdela: vanilla 363 'North Carolina' -> hits mod 363 'Herford', which has nothing to do with the intended 'North Carolina'. if list is ever revived: exact-name successor(s) 31 North Carolina; also at line 4143; file-global: no frloc_* scripted trigger is called anywhere in this mod (exhaustive repo grep: file is the only frloc hit) and no French loc ships, so every state list here is inert dead code;
common/scripted_triggers/00_scripted_triggers_FR_loc.txt	3574	364	dead_path	frloc_capital_en_de_audessusdela: vanilla 364 'South Carolina' -> hits mod 364 'Overijssel', which has nothing to do with the intended 'South Carolina'. also at line 4144; file-global: no frloc_* scripted trigger is called anywhere in this mod (exhaustive repo grep: file is the only frloc hit) and no French loc ships, so every state list here is inert dead code;
common/scripted_triggers/00_scripted_triggers_FR_loc.txt	3575	365	dead_path	frloc_capital_en_de_audessusdela: vanilla 365 'Georgia' -> hits mod 365 'Luckau', which has nothing to do with the intended 'Georgia'. also at line 4145; file-global: no frloc_* scripted trigger is called anywhere in this mod (exhaustive repo grep: file is the only frloc hit) and no French loc ships, so every state list here is inert dead code;
common/scripted_triggers/00_scripted_triggers_FR_loc.txt	3576	366	dead_path	frloc_capital_en_de_audessusdela: vanilla 366 'Florida' -> hits mod 366 'Saratov', which has nothing to do with the intended 'Florida'. also at line 4146; file-global: no frloc_* scripted trigger is called anywhere in this mod (exhaustive repo grep: file is the only frloc hit) and no French loc ships, so every state list here is inert dead code;
common/scripted_triggers/00_scripted_triggers_FR_loc.txt	3577	371	dead_path	frloc_capital_en_de_audessusdela: vanilla 371 'Louisiana' -> hits mod 371 'Limerick', which has nothing to do with the intended 'Louisiana'. also at line 4147; file-global: no frloc_* scripted trigger is called anywhere in this mod (exhaustive repo grep: file is the only frloc hit) and no French loc ships, so every state list here is inert dead code;
common/scripted_triggers/00_scripted_triggers_FR_loc.txt	3578	378	dead_path	frloc_capital_en_de_audessusdela: vanilla 378 'California' -> hits mod 378 'Kerry', which has nothing to do with the intended 'California'. also at line 4148; file-global: no frloc_* scripted trigger is called anywhere in this mod (exhaustive repo grep: file is the only frloc hit) and no French loc ships, so every state list here is inert dead code;
common/scripted_triggers/00_scripted_triggers_FR_loc.txt	3579	454	dead_path	frloc_capital_en_de_audessusdela: vanilla 454 'Palestine' -> hits mod 454 'West-Vlaanderen', which has nothing to do with the intended 'Palestine'. also at line 4149; file-global: no frloc_* scripted trigger is called anywhere in this mod (exhaustive repo grep: file is the only frloc hit) and no French loc ships, so every state list here is inert dead code;
common/scripted_triggers/00_scripted_triggers_FR_loc.txt	3580	455	dead_path	frloc_capital_en_de_audessusdela: vanilla 455 'Jordan' -> hits mod 455 'Oost-Vlaanderen', which has nothing to do with the intended 'Jordan'. if list is ever revived: fuzzy-name successor(s) 92 Sogn og Fjordane,1254 Jordan Valley; also at line 4150; file-global: no frloc_* scripted trigger is called anywhere in this mod (exhaustive repo grep: file is the only frloc hit) and no French loc ships, so every state list here is inert dead code;
common/scripted_triggers/00_scripted_triggers_FR_loc.txt	3581	458	dead_path	frloc_capital_en_de_audessusdela: vanilla 458 'Tunisia' -> hits mod 458 'Cornwall', which has nothing to do with the intended 'Tunisia'. if list is ever revived: fuzzy-name successor(s) 1109 Tunis; also at line 4151; file-global: no frloc_* scripted trigger is called anywhere in this mod (exhaustive repo grep: file is the only frloc hit) and no French loc ships, so every state list here is inert dead code;
common/scripted_triggers/00_scripted_triggers_FR_loc.txt	3582	464	dead_path	frloc_capital_en_de_audessusdela: vanilla 464 'Nova Scotia' -> hits mod 464 'Aqtobe', which has nothing to do with the intended 'Nova Scotia'. if list is ever revived: exact-name successor(s) 8 Nova Scotia; also at line 4152; file-global: no frloc_* scripted trigger is called anywhere in this mod (exhaustive repo grep: file is the only frloc hit) and no French loc ships, so every state list here is inert dead code;
common/scripted_triggers/00_scripted_triggers_FR_loc.txt	3583	469	dead_path	frloc_capital_en_de_audessusdela: vanilla 469 'Saskatchewan' -> hits mod 469 'Bonn', which has nothing to do with the intended 'Saskatchewan'. also at line 4153; file-global: no frloc_* scripted trigger is called anywhere in this mod (exhaustive repo grep: file is the only frloc hit) and no French loc ships, so every state list here is inert dead code;
common/scripted_triggers/00_scripted_triggers_FR_loc.txt	3584	473	dead_path	frloc_capital_en_de_audessusdela: vanilla 473 'British Columbia' -> hits mod 473 'Reichenberg', which has nothing to do with the intended 'British Columbia'. also at line 4154; file-global: no frloc_* scripted trigger is called anywhere in this mod (exhaustive repo grep: file is the only frloc hit) and no French loc ships, so every state list here is inert dead code;
common/scripted_triggers/00_scripted_triggers_FR_loc.txt	3585	484	dead_path	frloc_capital_en_de_audessusdela: vanilla 484 'Baja California' -> hits mod 484 'Nisko', which has nothing to do with the intended 'Baja California'. also at line 4155; file-global: no frloc_* scripted trigger is called anywhere in this mod (exhaustive repo grep: file is the only frloc hit) and no French loc ships, so every state list here is inert dead code;
common/scripted_triggers/00_scripted_triggers_FR_loc.txt	3586	510	dead_path	frloc_capital_en_de_audessusdela: vanilla 510 'Región Mesopotámica' -> hits mod 510 'Zolotonosha', which has nothing to do with the intended 'Región Mesopotámica'. also at line 4156; file-global: no frloc_* scripted trigger is called anywhere in this mod (exhaustive repo grep: file is the only frloc hit) and no French loc ships, so every state list here is inert dead code;
common/scripted_triggers/00_scripted_triggers_FR_loc.txt	3587	512	dead_path	frloc_capital_en_de_audessusdela: vanilla 512 'Río Negro' -> hits mod 512 'Luxembourg', which has nothing to do with the intended 'Río Negro'. also at line 4157; file-global: no frloc_* scripted trigger is called anywhere in this mod (exhaustive repo grep: file is the only frloc hit) and no French loc ships, so every state list here is inert dead code;
common/scripted_triggers/00_scripted_triggers_FR_loc.txt	3588	516	dead_path	frloc_capital_en_de_audessusdela: vanilla 516 'Dudinka' -> hits mod 516 'Darmstadt', which has nothing to do with the intended 'Dudinka'. also at line 4158; file-global: no frloc_* scripted trigger is called anywhere in this mod (exhaustive repo grep: file is the only frloc hit) and no French loc ships, so every state list here is inert dead code;
common/scripted_triggers/00_scripted_triggers_FR_loc.txt	3589	518	dead_path	frloc_capital_en_de_audessusdela: vanilla 518 'Tasmania' -> hits mod 518 'Luhansk', which has nothing to do with the intended 'Tasmania'. also at line 4159; file-global: no frloc_* scripted trigger is called anywhere in this mod (exhaustive repo grep: file is the only frloc hit) and no French loc ships, so every state list here is inert dead code;
common/scripted_triggers/00_scripted_triggers_FR_loc.txt	3590	523	dead_path	frloc_capital_en_de_audessusdela: vanilla 523 'Papua' -> hits mod 523 'Plzen', which has nothing to do with the intended 'Papua'. also at line 4160; file-global: no frloc_* scripted trigger is called anywhere in this mod (exhaustive repo grep: file is the only frloc hit) and no French loc ships, so every state list here is inert dead code;
common/scripted_triggers/00_scripted_triggers_FR_loc.txt	3591	525	dead_path	frloc_capital_en_de_audessusdela: vanilla 525 'Gyeonggi' -> hits mod 525 'Charleville-Mezieres', which has nothing to do with the intended 'Gyeonggi'. also at line 4161; file-global: no frloc_* scripted trigger is called anywhere in this mod (exhaustive repo grep: file is the only frloc hit) and no French loc ships, so every state list here is inert dead code;
common/scripted_triggers/00_scripted_triggers_FR_loc.txt	3592	527	dead_path	frloc_capital_en_de_audessusdela: vanilla 527 'Pyongan-Hwanghae' -> hits mod 527 'Vinnytsia', which has nothing to do with the intended 'Pyongan-Hwanghae'. also at line 4162; file-global: no frloc_* scripted trigger is called anywhere in this mod (exhaustive repo grep: file is the only frloc hit) and no French loc ships, so every state list here is inert dead code;
common/scripted_triggers/00_scripted_triggers_FR_loc.txt	3593	537	dead_path	frloc_capital_en_de_audessusdela: vanilla 537 'South Sakhalin' -> hits mod 537 'Saarland', which has nothing to do with the intended 'South Sakhalin'. also at line 4163; file-global: no frloc_* scripted trigger is called anywhere in this mod (exhaustive repo grep: file is the only frloc hit) and no French loc ships, so every state list here is inert dead code;
common/scripted_triggers/00_scripted_triggers_FR_loc.txt	3594	545	dead_path	frloc_capital_en_de_audessusdela: vanilla 545 'Rhodesia' -> hits mod 545 'Heidenheim', which has nothing to do with the intended 'Rhodesia'. also at line 4164; file-global: no frloc_* scripted trigger is called anywhere in this mod (exhaustive repo grep: file is the only frloc hit) and no French loc ships, so every state list here is inert dead code;
common/scripted_triggers/00_scripted_triggers_FR_loc.txt	3595	557	dead_path	frloc_capital_en_de_audessusdela: vanilla 557 'Mauritania' -> hits mod 557 'Stalino', which has nothing to do with the intended 'Mauritania'. also at line 4165; file-global: no frloc_* scripted trigger is called anywhere in this mod (exhaustive repo grep: file is the only frloc hit) and no French loc ships, so every state list here is inert dead code;
common/scripted_triggers/00_scripted_triggers_FR_loc.txt	3596	618	dead_path	frloc_capital_en_de_audessusdela: vanilla 618 'Dzungaria' -> hits mod 618 'Ochakov', which has nothing to do with the intended 'Dzungaria'. also at line 4166; file-global: no frloc_* scripted trigger is called anywhere in this mod (exhaustive repo grep: file is the only frloc hit) and no French loc ships, so every state list here is inert dead code;
common/scripted_triggers/00_scripted_triggers_FR_loc.txt	3597	635	dead_path	frloc_capital_en_de_audessusdela: vanilla 635 'New Caledonia' -> hits mod 635 'Murtal und Murau', which has nothing to do with the intended 'New Caledonia'. also at line 4167; file-global: no frloc_* scripted trigger is called anywhere in this mod (exhaustive repo grep: file is the only frloc hit) and no French loc ships, so every state list here is inert dead code;
common/scripted_triggers/00_scripted_triggers_FR_loc.txt	3598	644	dead_path	frloc_capital_en_de_audessusdela: vanilla 644 'Kolyma' -> hits mod 644 'Innsbruck', which has nothing to do with the intended 'Kolyma'. also at line 4168; file-global: no frloc_* scripted trigger is called anywhere in this mod (exhaustive repo grep: file is the only frloc hit) and no French loc ships, so every state list here is inert dead code;
common/scripted_triggers/00_scripted_triggers_FR_loc.txt	3599	655	dead_path	frloc_capital_en_de_audessusdela: vanilla 655 'North Sakhalin' -> hits mod 655 'Vaslui', which has nothing to do with the intended 'North Sakhalin'. also at line 4169; file-global: no frloc_* scripted trigger is called anywhere in this mod (exhaustive repo grep: file is the only frloc hit) and no French loc ships, so every state list here is inert dead code;
common/scripted_triggers/00_scripted_triggers_FR_loc.txt	3600	661	dead_path	frloc_capital_en_de_audessusdela: vanilla 661 'Tripolitania' -> hits mod 661 'Bern', which has nothing to do with the intended 'Tripolitania'. if list is ever revived: fuzzy-name successor(s) 1241 Tripoli; also at line 4170; file-global: no frloc_* scripted trigger is called anywhere in this mod (exhaustive repo grep: file is the only frloc hit) and no French loc ships, so every state list here is inert dead code;
common/scripted_triggers/00_scripted_triggers_FR_loc.txt	3601	663	dead_path	frloc_capital_en_de_audessusdela: vanilla 663 'Cyrenaica' -> hits mod 663 'Vas', which has nothing to do with the intended 'Cyrenaica'. also at line 4171; file-global: no frloc_* scripted trigger is called anywhere in this mod (exhaustive repo grep: file is the only frloc hit) and no French loc ships, so every state list here is inert dead code;
common/scripted_triggers/00_scripted_triggers_FR_loc.txt	3602	664	dead_path	frloc_capital_en_de_audessusdela: vanilla 664 'Southern Slovakia' -> hits mod 664 'Oradea', which has nothing to do with the intended 'Southern Slovakia'. also at line 4172; file-global: no frloc_* scripted trigger is called anywhere in this mod (exhaustive repo grep: file is the only frloc hit) and no French loc ships, so every state list here is inert dead code;
common/scripted_triggers/00_scripted_triggers_FR_loc.txt	3603	666	dead_path	frloc_capital_en_de_audessusdela: vanilla 666 'Norrbotten' -> hits mod 666 'omg its the devil number', which has nothing to do with the intended 'Norrbotten'. if list is ever revived: exact-name successor(s) 23 Norrbotten; also at line 4173; file-global: no frloc_* scripted trigger is called anywhere in this mod (exhaustive repo grep: file is the only frloc hit) and no French loc ships, so every state list here is inert dead code;
common/scripted_triggers/00_scripted_triggers_FR_loc.txt	3604	669	dead_path	frloc_capital_en_de_audessusdela: vanilla 669 'North Papua' -> hits mod 669 'Luzern', which has nothing to do with the intended 'North Papua'. also at line 4174; file-global: no frloc_* scripted trigger is called anywhere in this mod (exhaustive repo grep: file is the only frloc hit) and no French loc ships, so every state list here is inert dead code;
common/scripted_triggers/00_scripted_triggers_FR_loc.txt	3605	687	dead_path	frloc_capital_en_de_audessusdela: vanilla 687 'British Guyana' -> hits mod 687 'Konin', which has nothing to do with the intended 'British Guyana'. also at line 4175; file-global: no frloc_* scripted trigger is called anywhere in this mod (exhaustive repo grep: file is the only frloc hit) and no French loc ships, so every state list here is inert dead code;
common/scripted_triggers/00_scripted_triggers_FR_loc.txt	3606	689	dead_path	frloc_capital_en_de_audessusdela: vanilla 689 'Jamaica' -> hits mod 689 'Tutova', which has nothing to do with the intended 'Jamaica'. also at line 4176; file-global: no frloc_* scripted trigger is called anywhere in this mod (exhaustive repo grep: file is the only frloc hit) and no French loc ships, so every state list here is inert dead code;
common/scripted_triggers/00_scripted_triggers_FR_loc.txt	3607	691	dead_path	frloc_capital_en_de_audessusdela: vanilla 691 'Trinidad' -> hits mod 691 'Macon', which has nothing to do with the intended 'Trinidad'. also at line 4177; file-global: no frloc_* scripted trigger is called anywhere in this mod (exhaustive repo grep: file is the only frloc hit) and no French loc ships, so every state list here is inert dead code;
common/scripted_triggers/00_scripted_triggers_FR_loc.txt	3608	700	dead_path	frloc_capital_en_de_audessusdela: vanilla 700 'Sierra Leone' -> hits mod 700 'Szeged', which has nothing to do with the intended 'Sierra Leone'. also at line 4178; file-global: no frloc_* scripted trigger is called anywhere in this mod (exhaustive repo grep: file is the only frloc hit) and no French loc ships, so every state list here is inert dead code;
common/scripted_triggers/00_scripted_triggers_FR_loc.txt	3609	701	dead_path	frloc_capital_en_de_audessusdela: vanilla 701 'Gambia' -> hits mod 701 'Val d'Oise', which has nothing to do with the intended 'Gambia'. also at line 4179; file-global: no frloc_* scripted trigger is called anywhere in this mod (exhaustive repo grep: file is the only frloc hit) and no French loc ships, so every state list here is inert dead code;
common/scripted_triggers/00_scripted_triggers_FR_loc.txt	3610	720	dead_path	frloc_capital_en_de_audessusdela: vanilla 720 'South Georgia' -> hits mod 720 'Canale', which has nothing to do with the intended 'South Georgia'. also at line 4180; file-global: no frloc_* scripted trigger is called anywhere in this mod (exhaustive repo grep: file is the only frloc hit) and no French loc ships, so every state list here is inert dead code;
common/scripted_triggers/00_scripted_triggers_FR_loc.txt	3611	724	dead_path	frloc_capital_en_de_audessusdela: vanilla 724 'Southern Siam' -> hits mod 724 'Valais', which has nothing to do with the intended 'Southern Siam'. also at line 4181; file-global: no frloc_* scripted trigger is called anywhere in this mod (exhaustive repo grep: file is the only frloc hit) and no French loc ships, so every state list here is inert dead code;
common/scripted_triggers/00_scripted_triggers_FR_loc.txt	3612	731	dead_path	frloc_capital_en_de_audessusdela: vanilla 731 'Central Macedonia' -> hits mod 731 'Puy-de-Dome', which has nothing to do with the intended 'Central Macedonia'. also at line 4182; file-global: no frloc_* scripted trigger is called anywhere in this mod (exhaustive repo grep: file is the only frloc hit) and no French loc ships, so every state list here is inert dead code;
common/scripted_triggers/00_scripted_triggers_FR_loc.txt	3613	735	dead_path	frloc_capital_en_de_audessusdela: vanilla 735 'Savoy' -> hits mod 735 'Subotica', which has nothing to do with the intended 'Savoy'. also at line 4183; file-global: no frloc_* scripted trigger is called anywhere in this mod (exhaustive repo grep: file is the only frloc hit) and no French loc ships, so every state list here is inert dead code;
common/scripted_triggers/00_scripted_triggers_FR_loc.txt	3614	766	dead_path	frloc_capital_en_de_audessusdela: vanilla 766 'Southern Bessarabia' -> hits mod 766 'Cantal', which has nothing to do with the intended 'Southern Bessarabia'. also at line 4184; file-global: no frloc_* scripted trigger is called anywhere in this mod (exhaustive repo grep: file is the only frloc hit) and no French loc ships, so every state list here is inert dead code;
common/scripted_triggers/00_scripted_triggers_FR_loc.txt	3615	778	dead_path	frloc_capital_en_de_audessusdela: vanilla 778 'Upper Volta' -> hits mod 778 'Adygea', which has nothing to do with the intended 'Upper Volta'. also at line 4186; file-global: no frloc_* scripted trigger is called anywhere in this mod (exhaustive repo grep: file is the only frloc hit) and no French loc ships, so every state list here is inert dead code;
common/scripted_triggers/00_scripted_triggers_FR_loc.txt	3616	779	dead_path	frloc_capital_en_de_audessusdela: vanilla 779 'Ivory Coast' -> hits mod 779 'Bologna', which has nothing to do with the intended 'Ivory Coast'. also at line 4187; file-global: no frloc_* scripted trigger is called anywhere in this mod (exhaustive repo grep: file is the only frloc hit) and no French loc ships, so every state list here is inert dead code;
common/scripted_triggers/00_scripted_triggers_FR_loc.txt	3617	780	dead_path	frloc_capital_en_de_audessusdela: vanilla 780 'Guinea' -> hits mod 780 'Gap', which has nothing to do with the intended 'Guinea'. also at line 4188; file-global: no frloc_* scripted trigger is called anywhere in this mod (exhaustive repo grep: file is the only frloc hit) and no French loc ships, so every state list here is inert dead code;
common/scripted_triggers/00_scripted_triggers_FR_loc.txt	3618	785	dead_path	frloc_capital_en_de_audessusdela: vanilla 785 'Picardy' -> hits mod 785 'Kraljevo', which has nothing to do with the intended 'Picardy'. also at line 4189; file-global: no frloc_* scripted trigger is called anywhere in this mod (exhaustive repo grep: file is the only frloc hit) and no French loc ships, so every state list here is inert dead code;
common/scripted_triggers/00_scripted_triggers_FR_loc.txt	3619	1017	dead_path	frloc_capital_en_de_audessusdela: vanilla 1017 'Da Nang' -> hits mod 1017 'Kutahya', which has nothing to do with the intended 'Da Nang'. also at line 4190; file-global: no frloc_* scripted trigger is called anywhere in this mod (exhaustive repo grep: file is the only frloc hit) and no French loc ships, so every state list here is inert dead code;
common/scripted_triggers/00_scripted_triggers_FR_loc.txt	3627	5	dead_path	frloc_capital_en_d_audessusdel: vanilla 5 'Ermland-Masuren' -> hits mod 5 'Pultusk', which has nothing to do with the intended 'Ermland-Masuren'. also at line 4458; file-global: no frloc_* scripted trigger is called anywhere in this mod (exhaustive repo grep: file is the only frloc hit) and no French loc ships, so every state list here is inert dead code;
common/scripted_triggers/00_scripted_triggers_FR_loc.txt	3628	16	dead_path	frloc_capital_en_d_audessusdel: vanilla 16 'Ile de France' -> hits mod 16 'Rybachy Peninsula', which has nothing to do with the intended 'Ile de France'. also at line 4443; file-global: no frloc_* scripted trigger is called anywhere in this mod (exhaustive repo grep: file is the only frloc hit) and no French loc ships, so every state list here is inert dead code;
common/scripted_triggers/00_scripted_triggers_FR_loc.txt	3629	19	dead_path	frloc_capital_en_d_audessusdel: vanilla 19 'Aquitaine' -> hits mod 19 'Murmansk', which has nothing to do with the intended 'Aquitaine'. also at line 4459; file-global: no frloc_* scripted trigger is called anywhere in this mod (exhaustive repo grep: file is the only frloc hit) and no French loc ships, so every state list here is inert dead code;
common/scripted_triggers/00_scripted_triggers_FR_loc.txt	3630	26	dead_path	frloc_capital_en_d_audessusdel: vanilla 26 'Auvergne' -> hits mod 26 'Maryland', which has nothing to do with the intended 'Auvergne'. also at line 4460; file-global: no frloc_* scripted trigger is called anywhere in this mod (exhaustive repo grep: file is the only frloc hit) and no French loc ships, so every state list here is inert dead code;
common/scripted_triggers/00_scripted_triggers_FR_loc.txt	3631	28	dead_path	frloc_capital_en_d_audessusdel: vanilla 28 'Alsace-Lorraine' -> hits mod 28 'Virginia', which has nothing to do with the intended 'Alsace-Lorraine'. also at line 4461; file-global: no frloc_* scripted trigger is called anywhere in this mod (exhaustive repo grep: file is the only frloc hit) and no French loc ships, so every state list here is inert dead code;
common/scripted_triggers/00_scripted_triggers_FR_loc.txt	3632	44	dead_path	frloc_capital_en_d_audessusdel: vanilla 44 'Central Albania' -> hits mod 44 'Vestfirdir', which has nothing to do with the intended 'Central Albania'. also at line 4462; file-global: no frloc_* scripted trigger is called anywhere in this mod (exhaustive repo grep: file is the only frloc hit) and no French loc ships, so every state list here is inert dead code;
common/scripted_triggers/00_scripted_triggers_FR_loc.txt	3633	81	dead_path	frloc_capital_en_d_audessusdel: vanilla 81 'Oltenia' -> hits mod 81 'Etela-Savo', which has nothing to do with the intended 'Oltenia'. also at line 4463; file-global: no frloc_* scripted trigger is called anywhere in this mod (exhaustive repo grep: file is the only frloc hit) and no French loc ships, so every state list here is inert dead code;
common/scripted_triggers/00_scripted_triggers_FR_loc.txt	3634	100	dead_path	frloc_capital_en_d_audessusdel: vanilla 100 'Iceland' -> hits mod 100 'Sortavala', which has nothing to do with the intended 'Iceland'. also at line 4464; file-global: no frloc_* scripted trigger is called anywhere in this mod (exhaustive repo grep: file is the only frloc hit) and no French loc ships, so every state list here is inert dead code;
common/scripted_triggers/00_scripted_triggers_FR_loc.txt	3635	110	dead_path	frloc_capital_en_d_audessusdel: vanilla 110 'Oslofjord' -> hits mod 110 'Varmland', which has nothing to do with the intended 'Oslofjord'. also at line 4002; file-global: no frloc_* scripted trigger is called anywhere in this mod (exhaustive repo grep: file is the only frloc hit) and no French loc ships, so every state list here is inert dead code;
common/scripted_triggers/00_scripted_triggers_FR_loc.txt	3636	119	dead_path	frloc_capital_en_d_audessusdel: vanilla 119 'Northern Ireland' -> hits mod 119 'Leningrad', which has nothing to do with the intended 'Northern Ireland'. also at line 4465; file-global: no frloc_* scripted trigger is called anywhere in this mod (exhaustive repo grep: file is the only frloc hit) and no French loc ships, so every state list here is inert dead code;
common/scripted_triggers/00_scripted_triggers_FR_loc.txt	3637	123	dead_path	frloc_capital_en_d_audessusdel: vanilla 123 'South-West England' -> hits mod 123 'Telemark', which has nothing to do with the intended 'South-West England'. also at line 4466; file-global: no frloc_* scripted trigger is called anywhere in this mod (exhaustive repo grep: file is the only frloc hit) and no French loc ships, so every state list here is inert dead code;
common/scripted_triggers/00_scripted_triggers_FR_loc.txt	3638	125	dead_path	frloc_capital_en_d_audessusdel: vanilla 125 'East Anglia' -> hits mod 125 'Orebro', which has nothing to do with the intended 'East Anglia'. also at line 4467; file-global: no frloc_* scripted trigger is called anywhere in this mod (exhaustive repo grep: file is the only frloc hit) and no French loc ships, so every state list here is inert dead code;
common/scripted_triggers/00_scripted_triggers_FR_loc.txt	3639	149	dead_path	frloc_capital_en_d_audessusdel: vanilla 149 'Vaasa' -> hits mod 149 'Skaraborg', which has nothing to do with the intended 'Vaasa'. also at line 4468; file-global: no frloc_* scripted trigger is called anywhere in this mod (exhaustive repo grep: file is the only frloc hit) and no French loc ships, so every state list here is inert dead code;
common/scripted_triggers/00_scripted_triggers_FR_loc.txt	3640	161	dead_path	frloc_capital_en_d_audessusdel: vanilla 161 'Emilia Romagna' -> hits mod 161 'Sutherland', which has nothing to do with the intended 'Emilia Romagna'. also at line 4469; file-global: no frloc_* scripted trigger is called anywhere in this mod (exhaustive repo grep: file is the only frloc hit) and no French loc ships, so every state list here is inert dead code;
common/scripted_triggers/00_scripted_triggers_FR_loc.txt	3641	170	dead_path	frloc_capital_en_d_audessusdel: vanilla 170 'Extremadura' -> hits mod 170 'Madona', which has nothing to do with the intended 'Extremadura'. also at line 4470; file-global: no frloc_* scripted trigger is called anywhere in this mod (exhaustive repo grep: file is the only frloc hit) and no French loc ships, so every state list here is inert dead code;
common/scripted_triggers/00_scripted_triggers_FR_loc.txt	3649	166	dead_path	frloc_capital_en_del_audessusdel: vanilla 166 'Western Aragón' -> hits mod 166 'Valga', which has nothing to do with the intended 'Western Aragón'. also at line 4003; file-global: no frloc_* scripted trigger is called anywhere in this mod (exhaustive repo grep: file is the only frloc hit) and no French loc ships, so every state list here is inert dead code;
common/scripted_triggers/00_scripted_triggers_FR_loc.txt	3650	185	dead_path	frloc_capital_en_del_audessusdel: vanilla 185 'Epirus' -> hits mod 185 'Rezekne', which has nothing to do with the intended 'Epirus'. also at line 4471; file-global: no frloc_* scripted trigger is called anywhere in this mod (exhaustive repo grep: file is the only frloc hit) and no French loc ships, so every state list here is inert dead code;
common/scripted_triggers/00_scripted_triggers_FR_loc.txt	3651	229	dead_path	frloc_capital_en_del_audessusdel: vanilla 229 'Azerbaijan' -> hits mod 229 'Moscow', which has nothing to do with the intended 'Azerbaijan'. if list is ever revived: fuzzy-name successor(s) 1024 West Azerbaijan,1040 East Azerbaijan; also at line 4004; file-global: no frloc_* scripted trigger is called anywhere in this mod (exhaustive repo grep: file is the only frloc hit) and no French loc ships, so every state list here is inert dead code;
common/scripted_triggers/00_scripted_triggers_FR_loc.txt	3652	230	dead_path	frloc_capital_en_del_audessusdel: vanilla 230 'Armenia' -> hits mod 230 'Ayr', which has nothing to do with the intended 'Armenia'. also at line 4472; file-global: no frloc_* scripted trigger is called anywhere in this mod (exhaustive repo grep: file is the only frloc hit) and no French loc ships, so every state list here is inert dead code;
common/scripted_triggers/00_scripted_triggers_FR_loc.txt	3653	261	dead_path	frloc_capital_en_del_audessusdel: vanilla 261 'Ohio' -> hits mod 261 'Ulyanovsk', which has nothing to do with the intended 'Ohio'. also at line 4005; file-global: no frloc_* scripted trigger is called anywhere in this mod (exhaustive repo grep: file is the only frloc hit) and no French loc ships, so every state list here is inert dead code;
common/scripted_triggers/00_scripted_triggers_FR_loc.txt	3654	271	dead_path	frloc_capital_en_del_audessusdel: vanilla 271 'Shewa' -> hits mod 271 'North Riding', which has nothing to do with the intended 'Shewa'. also at line 4473; file-global: no frloc_* scripted trigger is called anywhere in this mod (exhaustive repo grep: file is the only frloc hit) and no French loc ships, so every state list here is inert dead code;
common/scripted_triggers/00_scripted_triggers_FR_loc.txt	3655	300	dead_path	frloc_capital_en_del_audessusdel: vanilla 300 'Montevideo' -> hits mod 300 'Grodno', which has nothing to do with the intended 'Montevideo'. also at line 4006; file-global: no frloc_* scripted trigger is called anywhere in this mod (exhaustive repo grep: file is the only frloc hit) and no French loc ships, so every state list here is inert dead code;
common/scripted_triggers/00_scripted_triggers_FR_loc.txt	3656	305	dead_path	frloc_capital_en_del_audessusdel: vanilla 305 'Ecuador' -> hits mod 305 'Rotenburg', which has nothing to do with the intended 'Ecuador'. also at line 4007; file-global: no frloc_* scripted trigger is called anywhere in this mod (exhaustive repo grep: file is the only frloc hit) and no French loc ships, so every state list here is inert dead code;
common/scripted_triggers/00_scripted_triggers_FR_loc.txt	3657	320	dead_path	frloc_capital_en_del_audessusdel: vanilla 320 'French India' -> hits mod 320 'Dublin', which has nothing to do with the intended 'French India'. also at line 4446; file-global: no frloc_* scripted trigger is called anywhere in this mod (exhaustive repo grep: file is the only frloc hit) and no French loc ships, so every state list here is inert dead code;
common/scripted_triggers/00_scripted_triggers_FR_loc.txt	3658	367	dead_path	frloc_capital_en_del_audessusdel: vanilla 367 'Alabama' -> hits mod 367 'Kobryn', which has nothing to do with the intended 'Alabama'. also at line 4008; file-global: no frloc_* scripted trigger is called anywhere in this mod (exhaustive repo grep: file is the only frloc hit) and no French loc ships, so every state list here is inert dead code;
common/scripted_triggers/00_scripted_triggers_FR_loc.txt	3659	372	dead_path	frloc_capital_en_del_audessusdel: vanilla 372 'Arkansas' -> hits mod 372 'Cambridgeshire', which has nothing to do with the intended 'Arkansas'. also at line 4009; file-global: no frloc_* scripted trigger is called anywhere in this mod (exhaustive repo grep: file is the only frloc hit) and no French loc ships, so every state list here is inert dead code;
common/scripted_triggers/00_scripted_triggers_FR_loc.txt	3660	374	dead_path	frloc_capital_en_del_audessusdel: vanilla 374 'Oklahoma' -> hits mod 374 'Warkwickshire', which has nothing to do with the intended 'Oklahoma'. also at line 4010; file-global: no frloc_* scripted trigger is called anywhere in this mod (exhaustive repo grep: file is the only frloc hit) and no French loc ships, so every state list here is inert dead code;
common/scripted_triggers/00_scripted_triggers_FR_loc.txt	3661	377	dead_path	frloc_capital_en_del_audessusdel: vanilla 377 'Arizona' -> hits mod 377 'Lublin', which has nothing to do with the intended 'Arizona'. also at line 4011; file-global: no frloc_* scripted trigger is called anywhere in this mod (exhaustive repo grep: file is the only frloc hit) and no French loc ships, so every state list here is inert dead code;
common/scripted_triggers/00_scripted_triggers_FR_loc.txt	3662	392	dead_path	frloc_capital_en_del_audessusdel: vanilla 392 'Iowa' -> hits mod 392 'Braunschweig', which has nothing to do with the intended 'Iowa'. also at line 4012; file-global: no frloc_* scripted trigger is called anywhere in this mod (exhaustive repo grep: file is the only frloc hit) and no French loc ships, so every state list here is inert dead code;
common/scripted_triggers/00_scripted_triggers_FR_loc.txt	3663	426	dead_path	frloc_capital_en_del_audessusdel: vanilla 426 'Orissa' -> hits mod 426 'Glamorganshire', which has nothing to do with the intended 'Orissa'. also at line 4013; file-global: no frloc_* scripted trigger is called anywhere in this mod (exhaustive repo grep: file is the only frloc hit) and no French loc ships, so every state list here is inert dead code;
common/scripted_triggers/00_scripted_triggers_FR_loc.txt	3664	432	dead_path	frloc_capital_en_del_audessusdel: vanilla 432 'Assam' -> hits mod 432 'Limburg Voormaas', which has nothing to do with the intended 'Assam'. also at line 4014; file-global: no frloc_* scripted trigger is called anywhere in this mod (exhaustive repo grep: file is the only frloc hit) and no French loc ships, so every state list here is inert dead code;
common/scripted_triggers/00_scripted_triggers_FR_loc.txt	3665	434	dead_path	frloc_capital_en_del_audessusdel: vanilla 434 'Arunachal Pradesh' -> hits mod 434 'Wlodzimierz Wolynski', which has nothing to do with the intended 'Arunachal Pradesh'. also at line 4015; file-global: no frloc_* scripted trigger is called anywhere in this mod (exhaustive repo grep: file is the only frloc hit) and no French loc ships, so every state list here is inert dead code;
common/scripted_triggers/00_scripted_triggers_FR_loc.txt	3666	463	dead_path	frloc_capital_en_del_audessusdel: vanilla 463 'Alaska' -> hits mod 463 'Eisenach', which has nothing to do with the intended 'Alaska'. also at line 4474; file-global: no frloc_* scripted trigger is called anywhere in this mod (exhaustive repo grep: file is the only frloc hit) and no French loc ships, so every state list here is inert dead code;
common/scripted_triggers/00_scripted_triggers_FR_loc.txt	3667	470	dead_path	frloc_capital_en_del_audessusdel: vanilla 470 'Alberta' -> hits mod 470 'Vlaams-Brabant', which has nothing to do with the intended 'Alberta'. also at line 4475; file-global: no frloc_* scripted trigger is called anywhere in this mod (exhaustive repo grep: file is the only frloc hit) and no French loc ships, so every state list here is inert dead code;
common/scripted_triggers/00_scripted_triggers_FR_loc.txt	3668	519	dead_path	frloc_capital_en_del_audessusdel: vanilla 519 'South Australia' -> hits mod 519 'Soissons', which has nothing to do with the intended 'South Australia'. also at line 4476; file-global: no frloc_* scripted trigger is called anywhere in this mod (exhaustive repo grep: file is the only frloc hit) and no French loc ships, so every state list here is inert dead code;
common/scripted_triggers/00_scripted_triggers_FR_loc.txt	3669	522	dead_path	frloc_capital_en_del_audessusdel: vanilla 522 'Western Australia' -> hits mod 522 'Tachau', which has nothing to do with the intended 'Western Australia'. also at line 4477; file-global: no frloc_* scripted trigger is called anywhere in this mod (exhaustive repo grep: file is the only frloc hit) and no French loc ships, so every state list here is inert dead code;
common/scripted_triggers/00_scripted_triggers_FR_loc.txt	3670	548	dead_path	frloc_capital_en_del_audessusdel: vanilla 548 'Uganda' -> hits mod 548 'Eure', which has nothing to do with the intended 'Uganda'. also at line 4016; file-global: no frloc_* scripted trigger is called anywhere in this mod (exhaustive repo grep: file is the only frloc hit) and no French loc ships, so every state list here is inert dead code;
common/scripted_triggers/00_scripted_triggers_FR_loc.txt	3671	550	dead_path	frloc_capital_en_del_audessusdel: vanilla 550 'Eritrea' -> hits mod 550 'Saris-Zemplin', which has nothing to do with the intended 'Eritrea'. also at line 4478; file-global: no frloc_* scripted trigger is called anywhere in this mod (exhaustive repo grep: file is the only frloc hit) and no French loc ships, so every state list here is inert dead code;
common/scripted_triggers/00_scripted_triggers_FR_loc.txt	3672	660	dead_path	frloc_capital_en_del_audessusdel: vanilla 660 'Equatorial Africa' -> hits mod 660 'Jura', which has nothing to do with the intended 'Equatorial Africa'. also at line 4479; file-global: no frloc_* scripted trigger is called anywhere in this mod (exhaustive repo grep: file is the only frloc hit) and no French loc ships, so every state list here is inert dead code;
common/scripted_triggers/00_scripted_triggers_FR_loc.txt	3673	674	dead_path	frloc_capital_en_del_audessusdel: vanilla 674 'Central Australia' -> hits mod 674 'Ciuc', which has nothing to do with the intended 'Central Australia'. also at line 4480; file-global: no frloc_* scripted trigger is called anywhere in this mod (exhaustive repo grep: file is the only frloc hit) and no French loc ships, so every state list here is inert dead code;
common/scripted_triggers/00_scripted_triggers_FR_loc.txt	3674	736	dead_path	frloc_capital_en_del_audessusdel: vanilla 736 'Litorale' -> hits mod 736 'Timis-Torontal', which has nothing to do with the intended 'Litorale'. also at line 4481; file-global: no frloc_* scripted trigger is called anywhere in this mod (exhaustive repo grep: file is the only frloc hit) and no French loc ships, so every state list here is inert dead code;
common/scripted_triggers/00_scripted_triggers_FR_loc.txt	3675	794	dead_path	frloc_capital_en_del_audessusdel: vanilla 794 'Eastern Aragón' -> hits mod 794 'Ismail', which has nothing to do with the intended 'Eastern Aragón'. also at line 4017; file-global: no frloc_* scripted trigger is called anywhere in this mod (exhaustive repo grep: file is the only frloc hit) and no French loc ships, so every state list here is inert dead code;
common/scripted_triggers/00_scripted_triggers_FR_loc.txt	3683	124	dead_path	frloc_capital_sur_de_audessusde: vanilla 124 'Gotland' -> hits mod 124 'Oslo', which has nothing to do with the intended 'Gotland'. if list is ever revived: exact-name successor(s) 226 Gotland; also at line 3977; file-global: no frloc_* scripted trigger is called anywhere in this mod (exhaustive repo grep: file is the only frloc hit) and no French loc ships, so every state list here is inert dead code;
common/scripted_triggers/00_scripted_triggers_FR_loc.txt	3684	333	dead_path	frloc_capital_sur_de_audessusde: vanilla 333 'Sarawak' -> hits mod 333 'Offaly', which has nothing to do with the intended 'Sarawak'. also at line 4304; file-global: no frloc_* scripted trigger is called anywhere in this mod (exhaustive repo grep: file is the only frloc hit) and no French loc ships, so every state list here is inert dead code;
common/scripted_triggers/00_scripted_triggers_FR_loc.txt	3685	334	dead_path	frloc_capital_sur_de_audessusde: vanilla 334 'Kalimantan Barat' -> hits mod 334 'Caernarvonshire', which has nothing to do with the intended 'Kalimantan Barat'. also at line 3981; file-global: no frloc_* scripted trigger is called anywhere in this mod (exhaustive repo grep: file is the only frloc hit) and no French loc ships, so every state list here is inert dead code;
common/scripted_triggers/00_scripted_triggers_FR_loc.txt	3686	335	dead_path	frloc_capital_sur_de_audessusde: vanilla 335 'West Java' -> hits mod 335 'Koscian', which has nothing to do with the intended 'West Java'. also at line 4305; file-global: no frloc_* scripted trigger is called anywhere in this mod (exhaustive repo grep: file is the only frloc hit) and no French loc ships, so every state list here is inert dead code;
common/scripted_triggers/00_scripted_triggers_FR_loc.txt	3687	528	dead_path	frloc_capital_sur_de_audessusde: vanilla 528 'Kitakyūshū' -> hits mod 528 'Zlin', which has nothing to do with the intended 'Kitakyūshū'. also at line 3984; file-global: no frloc_* scripted trigger is called anywhere in this mod (exhaustive repo grep: file is the only frloc hit) and no French loc ships, so every state list here is inert dead code;
common/scripted_triggers/00_scripted_triggers_FR_loc.txt	3688	530	dead_path	frloc_capital_sur_de_audessusde: vanilla 530 'Shikoku' -> hits mod 530 'Buchen', which has nothing to do with the intended 'Shikoku'. also at line 3986; file-global: no frloc_* scripted trigger is called anywhere in this mod (exhaustive repo grep: file is the only frloc hit) and no French loc ships, so every state list here is inert dead code;
common/scripted_triggers/00_scripted_triggers_FR_loc.txt	3689	623	dead_path	frloc_capital_sur_de_audessusde: vanilla 623 'Luzon' -> hits mod 623 'Zaporozhye', which has nothing to do with the intended 'Luzon'. also at line 4381; file-global: no frloc_* scripted trigger is called anywhere in this mod (exhaustive repo grep: file is the only frloc hit) and no French loc ships, so every state list here is inert dead code;
common/scripted_triggers/00_scripted_triggers_FR_loc.txt	3690	625	dead_path	frloc_capital_sur_de_audessusde: vanilla 625 'Eastern Visayas' -> hits mod 625 'Bischofshofen', which has nothing to do with the intended 'Eastern Visayas'. also at line 4382; file-global: no frloc_* scripted trigger is called anywhere in this mod (exhaustive repo grep: file is the only frloc hit) and no French loc ships, so every state list here is inert dead code;
common/scripted_triggers/00_scripted_triggers_FR_loc.txt	3691	626	dead_path	frloc_capital_sur_de_audessusde: vanilla 626 'Palawan' -> hits mod 626 'Cote-d'Or', which has nothing to do with the intended 'Palawan'. also at line 4383; file-global: no frloc_* scripted trigger is called anywhere in this mod (exhaustive repo grep: file is the only frloc hit) and no French loc ships, so every state list here is inert dead code;
common/scripted_triggers/00_scripted_triggers_FR_loc.txt	3692	627	dead_path	frloc_capital_sur_de_audessusde: vanilla 627 'Davao' -> hits mod 627 'Haute-Saone', which has nothing to do with the intended 'Davao'. also at line 4384; file-global: no frloc_* scripted trigger is called anywhere in this mod (exhaustive repo grep: file is the only frloc hit) and no French loc ships, so every state list here is inert dead code;
common/scripted_triggers/00_scripted_triggers_FR_loc.txt	3693	628	dead_path	frloc_capital_sur_de_audessusde: vanilla 628 'Western Visayas' -> hits mod 628 'Maramures', which has nothing to do with the intended 'Western Visayas'. also at line 4385; file-global: no frloc_* scripted trigger is called anywhere in this mod (exhaustive repo grep: file is the only frloc hit) and no French loc ships, so every state list here is inert dead code;
common/scripted_triggers/00_scripted_triggers_FR_loc.txt	3694	646	dead_path	frloc_capital_sur_de_audessusde: vanilla 646 'Saipan' -> hits mod 646 'Jasz-Nagykun-Szolnok', which has nothing to do with the intended 'Saipan'. also at line 4391; file-global: no frloc_* scripted trigger is called anywhere in this mod (exhaustive repo grep: file is the only frloc hit) and no French loc ships, so every state list here is inert dead code;
common/scripted_triggers/00_scripted_triggers_FR_loc.txt	3695	648	dead_path	frloc_capital_sur_de_audessusde: vanilla 648 'Marcus Island' -> hits mod 648 'Fejer', which has nothing to do with the intended 'Marcus Island'. also at line 4392; file-global: no frloc_* scripted trigger is called anywhere in this mod (exhaustive repo grep: file is the only frloc hit) and no French loc ships, so every state list here is inert dead code;
common/scripted_triggers/00_scripted_triggers_FR_loc.txt	3696	697	dead_path	frloc_capital_sur_de_audessusde: vanilla 697 'Madeira' -> hits mod 697 'Tolna', which has nothing to do with the intended 'Madeira'. if list is ever revived: exact-name successor(s) 1823 Madeira; also at line 4402; file-global: no frloc_* scripted trigger is called anywhere in this mod (exhaustive repo grep: file is the only frloc hit) and no French loc ships, so every state list here is inert dead code;
common/scripted_triggers/00_scripted_triggers_FR_loc.txt	3697	704	dead_path	frloc_capital_sur_de_audessusde: vanilla 704 'Saint Helena' -> hits mod 704 'Belluno', which has nothing to do with the intended 'Saint Helena'. also at line 4403; file-global: no frloc_* scripted trigger is called anywhere in this mod (exhaustive repo grep: file is the only frloc hit) and no French loc ships, so every state list here is inert dead code;
common/scripted_triggers/00_scripted_triggers_FR_loc.txt	3698	705	dead_path	frloc_capital_sur_de_audessusde: vanilla 705 'Sao Tome' -> hits mod 705 'Arad', which has nothing to do with the intended 'Sao Tome'. also at line 3990; file-global: no frloc_* scripted trigger is called anywhere in this mod (exhaustive repo grep: file is the only frloc hit) and no French loc ships, so every state list here is inert dead code;
common/scripted_triggers/00_scripted_triggers_FR_loc.txt	3699	710	dead_path	frloc_capital_sur_de_audessusde: vanilla 710 'Diego Garcia' -> hits mod 710 'Wallis', which has nothing to do with the intended 'Diego Garcia'. also at line 3992; file-global: no frloc_* scripted trigger is called anywhere in this mod (exhaustive repo grep: file is the only frloc hit) and no French loc ships, so every state list here is inert dead code;
common/scripted_triggers/00_scripted_triggers_FR_loc.txt	3700	737	dead_path	frloc_capital_sur_de_audessusde: vanilla 737 'Bismarck' -> hits mod 737 'Brasov', which has nothing to do with the intended 'Bismarck'. also at line 3995; file-global: no frloc_* scripted trigger is called anywhere in this mod (exhaustive repo grep: file is the only frloc hit) and no French loc ships, so every state list here is inert dead code;
common/scripted_triggers/00_scripted_triggers_FR_loc.txt	3708	145	dead_path	frloc_capital_sur_d_audessusd: vanilla 145 'Åland' -> hits mod 145 'Laane', which has nothing to do with the intended 'Åland'. if list is ever revived: exact-name successor(s) 98 Aland; also at line 4046; file-global: no frloc_* scripted trigger is called anywhere in this mod (exhaustive repo grep: file is the only frloc hit) and no French loc ships, so every state list here is inert dead code;
common/scripted_triggers/00_scripted_triggers_FR_loc.txt	3709	536	dead_path	frloc_capital_sur_d_audessusd: vanilla 536 'Hokkaido' -> hits mod 536 'Brno', which has nothing to do with the intended 'Hokkaido'. also at line 4049; file-global: no frloc_* scripted trigger is called anywhere in this mod (exhaustive repo grep: file is the only frloc hit) and no French loc ships, so every state list here is inert dead code;
common/scripted_triggers/00_scripted_triggers_FR_loc.txt	3710	650	dead_path	frloc_capital_sur_d_audessusd: vanilla 650 'Attu Island' -> hits mod 650 'Bourges', which has nothing to do with the intended 'Attu Island'. also at line 4050; file-global: no frloc_* scripted trigger is called anywhere in this mod (exhaustive repo grep: file is the only frloc hit) and no French loc ships, so every state list here is inert dead code;
common/scripted_triggers/00_scripted_triggers_FR_loc.txt	3718	284	dead_path	frloc_capital_surl_del_audessusdel: vanilla 284 'Wellington' -> hits mod 284 'Suwalki', which has nothing to do with the intended 'Wellington'. also at line 4447; file-global: no frloc_* scripted trigger is called anywhere in this mod (exhaustive repo grep: file is the only frloc hit) and no French loc ships, so every state list here is inert dead code;
common/scripted_triggers/00_scripted_triggers_FR_loc.txt	3719	587	dead_path	frloc_capital_surl_del_audessusdel: vanilla 587 'Ust Urt' -> hits mod 587 'Ille-et-Vilaine', which has nothing to do with the intended 'Ust Urt'. also at line 4036; file-global: no frloc_* scripted trigger is called anywhere in this mod (exhaustive repo grep: file is the only frloc hit) and no French loc ships, so every state list here is inert dead code;
common/scripted_triggers/00_scripted_triggers_FR_loc.txt	3720	630	dead_path	frloc_capital_surl_del_audessusdel: vanilla 630 'Johnston Atoll' -> hits mod 630 'Kalmykia', which has nothing to do with the intended 'Johnston Atoll'. also at line 4038; file-global: no frloc_* scripted trigger is called anywhere in this mod (exhaustive repo grep: file is the only frloc hit) and no French loc ships, so every state list here is inert dead code;
common/scripted_triggers/00_scripted_triggers_FR_loc.txt	3721	703	dead_path	frloc_capital_surl_del_audessusdel: vanilla 703 'Ascension' -> hits mod 703 'Drava', which has nothing to do with the intended 'Ascension'. also at line 4448; file-global: no frloc_* scripted trigger is called anywhere in this mod (exhaustive repo grep: file is the only frloc hit) and no French loc ships, so every state list here is inert dead code;
common/scripted_triggers/00_scripted_triggers_FR_loc.txt	3722	711	dead_path	frloc_capital_surl_del_audessusdel: vanilla 711 'Christmas Island' -> hits mod 711 'Csanad, Arad es Torontal', which has nothing to do with the intended 'Christmas Island'. also at line 4449; file-global: no frloc_* scripted trigger is called anywhere in this mod (exhaustive repo grep: file is the only frloc hit) and no French loc ships, so every state list here is inert dead code;
common/scripted_triggers/00_scripted_triggers_FR_loc.txt	3723	723	dead_path	frloc_capital_surl_del_audessusdel: vanilla 723 'Canterbury' -> hits mod 723 'Haute-Vienne', which has nothing to do with the intended 'Canterbury'. also at line 4450; file-global: no frloc_* scripted trigger is called anywhere in this mod (exhaustive repo grep: file is the only frloc hit) and no French loc ships, so every state list here is inert dead code;
common/scripted_triggers/00_scripted_triggers_FR_loc.txt	3724	740	dead_path	frloc_capital_surl_del_audessusdel: vanilla 740 'Vancouver Island' -> hits mod 740 'Montmorillon', which has nothing to do with the intended 'Vancouver Island'. also at line 4451; file-global: no frloc_* scripted trigger is called anywhere in this mod (exhaustive repo grep: file is the only frloc hit) and no French loc ships, so every state list here is inert dead code;
common/scripted_triggers/00_scripted_triggers_FR_loc.txt	4185	771	dead_path	frloc_state_sg_fem_cons_art_la_dela_e_06: vanilla 771 'Zambia' -> hits mod 771 'Modane', which has nothing to do with the intended 'Zambia'. file-global: no frloc_* scripted trigger is called anywhere in this mod (exhaustive repo grep: file is the only frloc hit) and no French loc ships, so every state list here is inert dead code;
