file	line	old_id	verdict	detail
common/decisions/GER.txt	519	6	fix_to=454	GER_operational_planning ai_will_do: `divisions_in_state state=6` = vanilla Belgium(Flanders+Brussels); mod 6=New Brunswick. Fix to mod Belgian states {444,456,470,2969,455,454} (OR any is fine, needs >=1 correct state)
common/decisions/GER.txt	524	977	fix_to=444	same OR: vanilla 977 Antwerp -> mod Antwerpen 444 (+Vlaams-Limburg 456)
common/decisions/GER.txt	529	34	fix_to=482	same OR: vanilla 34 Wallonie -> mod Walloon states {480,487,422,482,466,2370,1342}; principal Hainaut 482
common/decisions/GER.txt	534	980	fix_to=2368	same OR: vanilla 980 Ardennes(BE) -> mod Belgian Ardennes {2368 Arlon,500 Luxembourg Belge,2369 Rochefort}; principal 2368
common/decisions/GER.txt	566	980	fix_to=2368	GER_operational_planning ai_will_do: `980 = {}` scope vanilla Ardennes -> mod Belgian Ardennes {2368,500,2369}; principal 2368
common/decisions/GER.txt	567	28	fix_to=566	same: `28 = {}` vanilla Alcase -> mod {566,606}
common/decisions/GER.txt	1848	195	fix_to=119	GER_construct_the_ostwall ai_will_do `195 = {...} #Leningrad`: vanilla 195=Leningrad -> mod Leningrad 119; mod 195=Moscow Oblast
common/decisions/GER.txt	1849	219	fix_to=229	same `219 = {...} #Moskow` -> mod Moscow 229; mod 219=Lanmark
common/decisions/GER.txt	1850	217	fix_to=457	same `217 = {...} #Stalingrad` -> mod Volgograd 457; mod 217=East Lothian
common/decisions/GER.txt	3146	260	already_ok	GER_construct_the_central_atlantikwall available(also L3194,3241,3281): mod 260=Eiderstadt, Danish/German North-Sea coast as intended (vanilla name coincidence only)
common/decisions/GER.txt	3148	246	already_ok	GER_construct_the_central_atlantikwall available(also L3196,3243,3283): mod 246=Tonder, Danish/German North-Sea coast as intended (vanilla name coincidence only)
common/decisions/GER.txt	3149	228	already_ok	GER_construct_the_central_atlantikwall available(also L3197,3244,3284): mod 228=Ribe, Danish/German North-Sea coast as intended (vanilla name coincidence only)
common/decisions/GER.txt	3150	197	already_ok	GER_construct_the_central_atlantikwall available(also L3198,3245,3285): mod 197=Ringkobing, Danish/German North-Sea coast as intended (vanilla name coincidence only)
common/decisions/GER.txt	3151	181	already_ok	GER_construct_the_central_atlantikwall available(also L3199,3246,3286): mod 181=Viborg, Danish/German North-Sea coast as intended (vanilla name coincidence only)
common/decisions/GER.txt	3152	144	already_ok	GER_construct_the_central_atlantikwall available(also L3200,3247,3287): mod 144=Thisted, Danish/German North-Sea coast as intended (vanilla name coincidence only)
common/decisions/GER.txt	3153	140	already_ok	GER_construct_the_central_atlantikwall available(also L3201,3248,3288): mod 140=Hjorring, Danish/German North-Sea coast as intended (vanilla name coincidence only)
common/decisions/GER.txt	3154	322	already_ok	GER_construct_the_central_atlantikwall available(also L3202,3249,3289): mod 322=Oldenburg, Danish/German North-Sea coast as intended (vanilla name coincidence only)
common/decisions/GER.txt	3155	314	already_ok	GER_construct_the_central_atlantikwall available(also L3203,3250,3290): mod 314=Wilhelmshaven, Danish/German North-Sea coast as intended (vanilla name coincidence only)
common/decisions/GER.txt	3257	383	already_ok	GER_construct_the_central_atlantikwall remove_effect(also L3297): NOT-exclusion of inland Dutch state mod 383=Gelderland - correct
common/decisions/GER.txt	3258	364	already_ok	same remove_effect(also L3298): NOT-exclusion mod 364=Overijssel - correct
common/decisions/GER.txt	3361	871	already_ok	GER_construct_the_west_atlantikwall available(also L3401,3439,3467): NOT-exclusion mod 871=Pyrenees-Orientales (non-atlantic French state) - correct
common/decisions/GER.txt	3528	893	already_ok	GER_construct_the_south_atlantikwall visible(also L3561,3610,3657,3694): NOT-exclusion mod 893=Ceuta (non-Iberian SPR exclave) - correct
common/decisions/GER.txt	3532	1057	already_ok	same visible(also L3565,3614,3661,3698): NOT-exclusion mod 1057=Murcia - correct
common/decisions/GER.txt	3729	718	already_ok	GER_construct_the_alpenwall ai_will_do: mod 718=Torino matches comment #Piemonte - migrated, correct
common/decisions/GER.txt	3730	709	already_ok	same: mod 709=Milano matches #Lombardia - correct
common/decisions/GER.txt	3731	683	already_ok	same: mod 683=Trento matches #Alto Adige - correct
common/decisions/GER.txt	3732	744	fix_to=742	same: comment says #Veneto but mod 744=Trieste; Veneto=Venezia 742 (+1370-1373,704,2953) - partial migration error
common/decisions/GER.txt	3733	1370	fix_to=779	same: comment says #Emilia Romagna but mod 1370=Verona (Veneto); Emilia Romagna=Bologna 779 (+1374-1380,2605) - partial migration error
common/decisions/GER.txt	4329	458	ambiguous	GER_case_anton count_triggers N.Africa `scope 458` (vanilla Tunisia): un-migrated; candidate mod states TUN-owned set {1101,1108,1109,1113,1116,1127,1140,1142,1152,1165,1166,1180,1187,1203,1208,1215,1217,1224,1231,1869-1873,2537}; exact partition of vanilla mega-states uncertain
common/decisions/GER.txt	4330	459	ambiguous	GER_case_anton count_triggers N.Africa `scope 459` (vanilla Western Algeria): un-migrated; candidate mod states FRA W-Algerian states {1144,1147,1161,1172,1175,1183,1186,1188,1194,1207,1210,1133?}; exact partition of vanilla mega-states uncertain
common/decisions/GER.txt	4331	460	ambiguous	GER_case_anton count_triggers N.Africa `scope 460` (vanilla Eastern Algeria): un-migrated; candidate mod states FRA E-Algerian states {1111,1112,1118,1120,1121,1122,1126,1130,1136,1139,1145,1156,1199,1859-1868}; exact partition of vanilla mega-states uncertain
common/decisions/GER.txt	4332	461	ambiguous	GER_case_anton count_triggers N.Africa `scope 461` (vanilla Northern Morocco): un-migrated; candidate mod states MOR north {1200,1201,1214,1216,1222,1227,1244,1248,1268,1825-1855}; exact partition of vanilla mega-states uncertain
common/decisions/GER.txt	4333	462	ambiguous	GER_case_anton count_triggers N.Africa `scope 462` (vanilla Southern Morocco): un-migrated; candidate mod states MOR south {1196,1297,1856,1832-1836?}; exact partition of vanilla mega-states uncertain
common/decisions/GER.txt	4334	513	ambiguous	GER_case_anton count_triggers N.Africa `scope 513` (vanilla Southern Algeria): un-migrated; candidate mod states FRA sahara {1205,1211,1221,1237,1256,1276,1295,1305,1306,1883}; exact partition of vanilla mega-states uncertain
common/decisions/GER.txt	4335	665	fix_to=1215	GER_case_anton count_triggers N.Africa scope 665 (vanilla Gabes): un-migrated; mod Gabes=1215
common/decisions/GER.txt	4339	31	fix_to=828	GER_case_anton available `divisions_in_state state=31 size<1` (Vichy homeland empty-check, ×1): vanilla id not migrated; use mod dept Haute-Garonne 828 (full dept set: 828,753,814,809,787,838,850,783,786,807)
common/decisions/GER.txt	4340	25	fix_to=723	GER_case_anton available `divisions_in_state state=25 size<1` (Vichy homeland empty-check, ×1): vanilla id not migrated; use mod dept Haute-Vienne 723 (+Creuse 717, Correze 751)
common/decisions/GER.txt	4341	22	fix_to=871	GER_case_anton available `divisions_in_state state=22 size<1` (Vichy homeland empty-check, ×2): vanilla id not migrated; use mod dept Pyrenees-Orientales 871 (also L4345 dup)
common/decisions/GER.txt	4342	21	fix_to=824	GER_case_anton available `divisions_in_state state=21 size<1` (Vichy homeland empty-check, ×1): vanilla id not migrated; use mod dept Bouches-du-Rhone 824
common/decisions/GER.txt	4343	851	fix_to=829	GER_case_anton available `divisions_in_state state=851 size<1` (Vichy homeland empty-check, ×1): vanilla id not migrated; use mod dept Var 829
common/decisions/GER.txt	4344	32	fix_to=747	GER_case_anton available `divisions_in_state state=32 size<1` (Vichy homeland empty-check, ×1): vanilla id not migrated; use mod dept Rhone-Alpes: Lyon 747 (+Rhone 728, Ain 715, Isere 749, Loire 729, Ardeche 772, Drome 773, Haute-Loire 770)
common/decisions/GER.txt	4346	26	fix_to=626	GER_case_anton available `divisions_in_state state=26 size<1` (Vichy homeland empty-check, ×1): vanilla id not migrated; use mod dept Cote-d'Or 626
common/decisions/GER.txt	4347	33	fix_to=650	GER_case_anton available `divisions_in_state state=33 size<1` (Vichy homeland empty-check, ×1): vanilla id not migrated; use mod dept Bourges 650 (+Cher/Indre 670, Nievre 653)
common/decisions/GER.txt	4348	20	fix_to=658	GER_case_anton available `divisions_in_state state=20 size<1` (Vichy homeland empty-check, ×1): vanilla id not migrated; use mod dept Doubs 658 (+Haute-Saone 627, Jura 660)
common/decisions/GER.txt	4350	735	fix_to=2851	GER_case_anton available `divisions_in_state state=735 size<1` (Vichy homeland empty-check, ×2): vanilla id not migrated; use mod dept Haute-Savoie 2851 (+Annecy 719, Chambery 746, Albertville 2852, Mont-Blanc 750)
common/decisions/GER.txt	4351	735	fix_to=2851	GER_case_anton second `divisions_in_state state=735` check (Savoy) - same fix as L4350
common/decisions/GER.txt	4457	13	already_ok	GER_reichskommissariat_norwegen highlight_state_targets: mod 13=Troms is a Norwegian state - intended geography, numeric coincidence w/ vanilla id only
common/decisions/GER.txt	4465	78	already_ok	GER_reichskommissariat_norwegen highlight_state_targets: mod 78=Hedmark is a Norwegian state - intended geography, numeric coincidence w/ vanilla id only
common/decisions/GER.txt	4467	83	already_ok	GER_reichskommissariat_norwegen highlight_state_targets: mod 83=Oppland is a Norwegian state - intended geography, numeric coincidence w/ vanilla id only
common/decisions/GER.txt	4469	128	already_ok	GER_reichskommissariat_norwegen highlight_state_targets: mod 128=Rogaland is a Norwegian state - intended geography, numeric coincidence w/ vanilla id only
common/decisions/GER.txt	4470	106	already_ok	GER_reichskommissariat_norwegen highlight_state_targets: mod 106=Buskerud is a Norwegian state - intended geography, numeric coincidence w/ vanilla id only
common/decisions/GER.txt	4471	123	already_ok	GER_reichskommissariat_norwegen highlight_state_targets: mod 123=Telemark is a Norwegian state - intended geography, numeric coincidence w/ vanilla id only
common/decisions/GER.txt	4472	132	already_ok	GER_reichskommissariat_norwegen highlight_state_targets: mod 132=Aust-Agder is a Norwegian state - intended geography, numeric coincidence w/ vanilla id only
common/decisions/GER.txt	4474	131	already_ok	GER_reichskommissariat_norwegen highlight_state_targets: mod 131=Vestfold is a Norwegian state - intended geography, numeric coincidence w/ vanilla id only
common/decisions/GER.txt	4475	118	already_ok	GER_reichskommissariat_norwegen highlight_state_targets: mod 118=Akershus is a Norwegian state - intended geography, numeric coincidence w/ vanilla id only
common/decisions/GER.txt	4477	129	already_ok	GER_reichskommissariat_norwegen highlight_state_targets: mod 129=Ostfold is a Norwegian state - intended geography, numeric coincidence w/ vanilla id only
common/decisions/GER.txt	4612	451	already_ok	GER_reichskommissariat_niederlande highlight_state_targets: mod 451=Zeeland is a Dutch state - intended geography, numeric coincidence w/ vanilla id only
common/decisions/GER.txt	4615	432	already_ok	GER_reichskommissariat_niederlande highlight_state_targets: mod 432=Limburg Voormaas is a Dutch state - intended geography, numeric coincidence w/ vanilla id only
common/decisions/GER.txt	4616	479	already_ok	GER_reichskommissariat_niederlande highlight_state_targets: mod 479=Oost Noord-Brabant is a Dutch state - intended geography, numeric coincidence w/ vanilla id only
common/decisions/GER.txt	4623	331	already_ok	GER_reichskommissariat_niederlande highlight_state_targets: mod 331=Groningen is a Dutch state - intended geography, numeric coincidence w/ vanilla id only
common/decisions/GER.txt	4624	346	already_ok	GER_reichskommissariat_niederlande highlight_state_targets: mod 346=Drenthe is a Dutch state - intended geography, numeric coincidence w/ vanilla id only
common/decisions/GER.txt	4625	336	already_ok	GER_reichskommissariat_niederlande highlight_state_targets: mod 336=Friesland is a Dutch state - intended geography, numeric coincidence w/ vanilla id only
common/decisions/GER.txt	4629	402	already_ok	GER_reichskommissariat_niederlande highlight_state_targets: mod 402=Zuid-Holland is a Dutch state - intended geography, numeric coincidence w/ vanilla id only
common/decisions/GER.txt	4630	358	already_ok	GER_reichskommissariat_niederlande highlight_state_targets: mod 358=Noord-Holland is a Dutch state - intended geography, numeric coincidence w/ vanilla id only
common/decisions/GER.txt	4797	500	already_ok	GER_reichskommissariat_belgien_nordfrankreich highlight_state_targets: mod 500=Luxembourg Belge is a Belgian/N-French state - intended geography, numeric coincidence w/ vanilla id only
common/decisions/GER.txt	4800	480	already_ok	GER_reichskommissariat_belgien_nordfrankreich highlight_state_targets: mod 480=Liege is a Belgian/N-French state - intended geography, numeric coincidence w/ vanilla id only
common/decisions/GER.txt	4801	456	already_ok	GER_reichskommissariat_belgien_nordfrankreich highlight_state_targets: mod 456=Vlaams-Limburg is a Belgian/N-French state - intended geography, numeric coincidence w/ vanilla id only
common/decisions/GER.txt	4802	487	already_ok	GER_reichskommissariat_belgien_nordfrankreich highlight_state_targets: mod 487=Namur is a Belgian/N-French state - intended geography, numeric coincidence w/ vanilla id only
common/decisions/GER.txt	4803	444	already_ok	GER_reichskommissariat_belgien_nordfrankreich highlight_state_targets: mod 444=Antwerpen is a Belgian/N-French state - intended geography, numeric coincidence w/ vanilla id only
common/decisions/GER.txt	4804	470	already_ok	GER_reichskommissariat_belgien_nordfrankreich highlight_state_targets: mod 470=Vlaams-Brabant is a Belgian/N-French state - intended geography, numeric coincidence w/ vanilla id only
common/decisions/GER.txt	4806	422	already_ok	GER_reichskommissariat_belgien_nordfrankreich highlight_state_targets: mod 422=Brabant wallon is a Belgian/N-French state - intended geography, numeric coincidence w/ vanilla id only
common/decisions/GER.txt	4807	482	already_ok	GER_reichskommissariat_belgien_nordfrankreich highlight_state_targets: mod 482=Hainaut is a Belgian/N-French state - intended geography, numeric coincidence w/ vanilla id only
common/decisions/GER.txt	4808	466	already_ok	GER_reichskommissariat_belgien_nordfrankreich highlight_state_targets: mod 466=Hainaut Francais is a Belgian/N-French state - intended geography, numeric coincidence w/ vanilla id only
common/decisions/GER.txt	4809	455	already_ok	GER_reichskommissariat_belgien_nordfrankreich highlight_state_targets: mod 455=Oost-Vlaanderen is a Belgian/N-French state - intended geography, numeric coincidence w/ vanilla id only
common/decisions/GER.txt	4810	454	already_ok	GER_reichskommissariat_belgien_nordfrankreich highlight_state_targets: mod 454=West-Vlaanderen is a Belgian/N-French state - intended geography, numeric coincidence w/ vanilla id only
common/decisions/GER.txt	4815	472	already_ok	GER_reichskommissariat_belgien_nordfrankreich highlight_state_targets: mod 472=Calais is a Belgian/N-French state - intended geography, numeric coincidence w/ vanilla id only
common/decisions/GER.txt	5049	259	already_ok	GER_reichskommissariat_ostland highlight_state_targets: mod 259=Marijampoles is a Baltic/Belarusian state - intended geography, numeric coincidence w/ vanilla id only
common/decisions/GER.txt	5051	274	already_ok	GER_reichskommissariat_ostland highlight_state_targets: mod 274=Alytaus is a Baltic/Belarusian state - intended geography, numeric coincidence w/ vanilla id only
common/decisions/GER.txt	5053	238	already_ok	GER_reichskommissariat_ostland highlight_state_targets: mod 238=Sakiu is a Baltic/Belarusian state - intended geography, numeric coincidence w/ vanilla id only
common/decisions/GER.txt	5054	101	already_ok	GER_reichskommissariat_ostland highlight_state_targets: mod 101=Taurages is a Baltic/Belarusian state - intended geography, numeric coincidence w/ vanilla id only
common/decisions/GER.txt	5057	242	already_ok	GER_reichskommissariat_ostland highlight_state_targets: mod 242=Kauno is a Baltic/Belarusian state - intended geography, numeric coincidence w/ vanilla id only
common/decisions/GER.txt	5058	275	already_ok	GER_reichskommissariat_ostland highlight_state_targets: mod 275=Traku is a Baltic/Belarusian state - intended geography, numeric coincidence w/ vanilla id only
common/decisions/GER.txt	5059	208	already_ok	GER_reichskommissariat_ostland highlight_state_targets: mod 208=Kretingos is a Baltic/Belarusian state - intended geography, numeric coincidence w/ vanilla id only
common/decisions/GER.txt	5060	205	already_ok	GER_reichskommissariat_ostland highlight_state_targets: mod 205=Telsiu is a Baltic/Belarusian state - intended geography, numeric coincidence w/ vanilla id only
common/decisions/GER.txt	5062	206	already_ok	GER_reichskommissariat_ostland highlight_state_targets: mod 206=Siauliu is a Baltic/Belarusian state - intended geography, numeric coincidence w/ vanilla id only
common/decisions/GER.txt	5063	244	already_ok	GER_reichskommissariat_ostland highlight_state_targets: mod 244=Ukmerges is a Baltic/Belarusian state - intended geography, numeric coincidence w/ vanilla id only
common/decisions/GER.txt	5065	174	already_ok	GER_reichskommissariat_ostland highlight_state_targets: mod 174=Liepaja is a Baltic/Belarusian state - intended geography, numeric coincidence w/ vanilla id only
common/decisions/GER.txt	5066	107	already_ok	GER_reichskommissariat_ostland highlight_state_targets: mod 107=Mazeikiu is a Baltic/Belarusian state - intended geography, numeric coincidence w/ vanilla id only
common/decisions/GER.txt	5073	196	already_ok	GER_reichskommissariat_ostland highlight_state_targets: mod 196=Jelgava is a Baltic/Belarusian state - intended geography, numeric coincidence w/ vanilla id only
common/decisions/GER.txt	5078	307	already_ok	GER_reichskommissariat_ostland highlight_state_targets: mod 307=Slonim is a Baltic/Belarusian state - intended geography, numeric coincidence w/ vanilla id only
common/decisions/GER.txt	5079	231	already_ok	GER_reichskommissariat_ostland highlight_state_targets: mod 231=Lida is a Baltic/Belarusian state - intended geography, numeric coincidence w/ vanilla id only
common/decisions/GER.txt	5084	292	already_ok	GER_reichskommissariat_ostland highlight_state_targets: mod 292=Baranowicze is a Baltic/Belarusian state - intended geography, numeric coincidence w/ vanilla id only
common/decisions/GER.txt	5092	1000	already_ok	GER_reichskommissariat_ostland highlight_state_targets: mod 1000=Oszmiana is a Baltic/Belarusian state - intended geography, numeric coincidence w/ vanilla id only
common/decisions/GER.txt	5095	232	already_ok	GER_reichskommissariat_ostland highlight_state_targets: mod 232=Dzisna is a Baltic/Belarusian state - intended geography, numeric coincidence w/ vanilla id only
common/decisions/GER.txt	5097	225	already_ok	GER_reichskommissariat_ostland highlight_state_targets: mod 225=Utenos is a Baltic/Belarusian state - intended geography, numeric coincidence w/ vanilla id only
common/decisions/GER.txt	5098	236	already_ok	GER_reichskommissariat_ostland highlight_state_targets: mod 236=Swieciany is a Baltic/Belarusian state - intended geography, numeric coincidence w/ vanilla id only
common/decisions/GER.txt	5102	94	already_ok	GER_reichskommissariat_ostland highlight_state_targets: mod 94=Ilukste is a Baltic/Belarusian state - intended geography, numeric coincidence w/ vanilla id only
common/decisions/GER.txt	5110	172	already_ok	GER_reichskommissariat_ostland highlight_state_targets: mod 172=Riga is a Baltic/Belarusian state - intended geography, numeric coincidence w/ vanilla id only
common/decisions/GER.txt	5113	185	already_ok	GER_reichskommissariat_ostland highlight_state_targets: mod 185=Rezekne is a Baltic/Belarusian state - intended geography, numeric coincidence w/ vanilla id only
common/decisions/GER.txt	5114	170	already_ok	GER_reichskommissariat_ostland highlight_state_targets: mod 170=Madona is a Baltic/Belarusian state - intended geography, numeric coincidence w/ vanilla id only
common/decisions/GER.txt	5117	112	already_ok	GER_reichskommissariat_ostland highlight_state_targets: mod 112=Cesis is a Baltic/Belarusian state - intended geography, numeric coincidence w/ vanilla id only
common/decisions/GER.txt	5118	95	already_ok	GER_reichskommissariat_ostland highlight_state_targets: mod 95=Valmiera is a Baltic/Belarusian state - intended geography, numeric coincidence w/ vanilla id only
common/decisions/GER.txt	5122	165	already_ok	GER_reichskommissariat_ostland highlight_state_targets: mod 165=Petseri is a Baltic/Belarusian state - intended geography, numeric coincidence w/ vanilla id only
common/decisions/GER.txt	5123	173	already_ok	GER_reichskommissariat_ostland highlight_state_targets: mod 173=Voru is a Baltic/Belarusian state - intended geography, numeric coincidence w/ vanilla id only
common/decisions/GER.txt	5124	166	already_ok	GER_reichskommissariat_ostland highlight_state_targets: mod 166=Valga is a Baltic/Belarusian state - intended geography, numeric coincidence w/ vanilla id only
common/decisions/GER.txt	5125	155	already_ok	GER_reichskommissariat_ostland highlight_state_targets: mod 155=Parnu is a Baltic/Belarusian state - intended geography, numeric coincidence w/ vanilla id only
common/decisions/GER.txt	5131	133	already_ok	GER_reichskommissariat_ostland highlight_state_targets: mod 133=Harju is a Baltic/Belarusian state - intended geography, numeric coincidence w/ vanilla id only
common/decisions/GER.txt	5132	143	already_ok	GER_reichskommissariat_ostland highlight_state_targets: mod 143=Jarva is a Baltic/Belarusian state - intended geography, numeric coincidence w/ vanilla id only
common/decisions/GER.txt	5133	134	already_ok	GER_reichskommissariat_ostland highlight_state_targets: mod 134=Narva is a Baltic/Belarusian state - intended geography, numeric coincidence w/ vanilla id only
common/decisions/GER.txt	5134	137	already_ok	GER_reichskommissariat_ostland highlight_state_targets: mod 137=Jaanilinn is a Baltic/Belarusian state - intended geography, numeric coincidence w/ vanilla id only
common/decisions/GER.txt	5376	565	already_ok	GER_expand_ukraine_adminsitrative_area highlight_state_targets: mod 565=Tomashpol is a Ukrainian state - intended geography, numeric coincidence w/ vanilla id only
common/decisions/GER.txt	5383	617	already_ok	GER_expand_ukraine_adminsitrative_area highlight_state_targets: mod 617=Transnistria is a Ukrainian state - intended geography, numeric coincidence w/ vanilla id only
common/decisions/GER.txt	5386	618	already_ok	GER_expand_ukraine_adminsitrative_area highlight_state_targets: mod 618=Ochakov is a Ukrainian state - intended geography, numeric coincidence w/ vanilla id only
common/decisions/GER.txt	5387	613	already_ok	GER_expand_ukraine_adminsitrative_area highlight_state_targets: mod 613=Berezovka is a Ukrainian state - intended geography, numeric coincidence w/ vanilla id only
common/decisions/GER.txt	5603	968	already_ok	GER_reichskommissariat_kaukasien highlight_state_targets: mod 968=Abseron-Xizi is a Caucasus state - intended geography, numeric coincidence w/ vanilla id only
common/decisions/GER.txt	5604	966	already_ok	GER_reichskommissariat_kaukasien highlight_state_targets: mod 966=Dagliq Sirvan is a Caucasus state - intended geography, numeric coincidence w/ vanilla id only
common/decisions/GER.txt	5609	1020	already_ok	GER_reichskommissariat_kaukasien highlight_state_targets: mod 1020=Jabrayil is a Caucasus state - intended geography, numeric coincidence w/ vanilla id only
common/decisions/GER.txt	5611	993	already_ok	GER_reichskommissariat_kaukasien highlight_state_targets: mod 993=Aghdam is a Caucasus state - intended geography, numeric coincidence w/ vanilla id only
common/decisions/GER.txt	5612	997	already_ok	GER_reichskommissariat_kaukasien highlight_state_targets: mod 997=Nagorno-Karabakh is a Caucasus state - intended geography, numeric coincidence w/ vanilla id only
common/decisions/GER.txt	5615	1019	already_ok	GER_reichskommissariat_kaukasien highlight_state_targets: mod 1019=Syunik is a Caucasus state - intended geography, numeric coincidence w/ vanilla id only
common/decisions/GER.txt	5616	998	already_ok	GER_reichskommissariat_kaukasien highlight_state_targets: mod 998=Kalbajar is a Caucasus state - intended geography, numeric coincidence w/ vanilla id only
common/decisions/GER.txt	5617	1023	already_ok	GER_reichskommissariat_kaukasien highlight_state_targets: mod 1023=Nakhchivan is a Caucasus state - intended geography, numeric coincidence w/ vanilla id only
common/decisions/GER.txt	5618	1014	already_ok	GER_reichskommissariat_kaukasien highlight_state_targets: mod 1014=Vayots Dzor is a Caucasus state - intended geography, numeric coincidence w/ vanilla id only
common/decisions/GER.txt	5621	1005	already_ok	GER_reichskommissariat_kaukasien highlight_state_targets: mod 1005=Ararat is a Caucasus state - intended geography, numeric coincidence w/ vanilla id only
common/decisions/GER.txt	5629	961	already_ok	GER_reichskommissariat_kaukasien highlight_state_targets: mod 961=Tavush is a Caucasus state - intended geography, numeric coincidence w/ vanilla id only
common/decisions/GER.txt	5630	946	already_ok	GER_reichskommissariat_kaukasien highlight_state_targets: mod 946=Lori is a Caucasus state - intended geography, numeric coincidence w/ vanilla id only
common/decisions/GER.txt	5633	936	already_ok	GER_reichskommissariat_kaukasien highlight_state_targets: mod 936=Qazax is a Caucasus state - intended geography, numeric coincidence w/ vanilla id only
common/decisions/GER.txt	5637	889	already_ok	GER_reichskommissariat_kaukasien highlight_state_targets: mod 889=Zaqatala is a Caucasus state - intended geography, numeric coincidence w/ vanilla id only
common/decisions/GER.txt	5652	890	already_ok	GER_reichskommissariat_kaukasien highlight_state_targets: mod 890=Imereti is a Caucasus state - intended geography, numeric coincidence w/ vanilla id only
common/decisions/GER.txt	5653	856	already_ok	GER_reichskommissariat_kaukasien highlight_state_targets: mod 856=Samegrelo is a Caucasus state - intended geography, numeric coincidence w/ vanilla id only
common/decisions/GER.txt	5654	869	already_ok	GER_reichskommissariat_kaukasien highlight_state_targets: mod 869=Racha-Lechkhumi is a Caucasus state - intended geography, numeric coincidence w/ vanilla id only
common/decisions/GER.txt	5657	886	already_ok	GER_reichskommissariat_kaukasien highlight_state_targets: mod 886=Mtskheta-Mtianeti is a Caucasus state - intended geography, numeric coincidence w/ vanilla id only
common/decisions/GER.txt	5658	784	already_ok	GER_reichskommissariat_kaukasien highlight_state_targets: mod 784=Avar is a Caucasus state - intended geography, numeric coincidence w/ vanilla id only
common/decisions/GER.txt	5661	1028	already_ok	GER_reichskommissariat_kaukasien highlight_state_targets: mod 1028=Dagestan is a Caucasus state - intended geography, numeric coincidence w/ vanilla id only
common/decisions/GER.txt	5664	843	already_ok	GER_reichskommissariat_kaukasien highlight_state_targets: mod 843=Ingushetia is a Caucasus state - intended geography, numeric coincidence w/ vanilla id only
common/decisions/GER.txt	5665	832	already_ok	GER_reichskommissariat_kaukasien highlight_state_targets: mod 832=North Ossetia is a Caucasus state - intended geography, numeric coincidence w/ vanilla id only
common/decisions/GER.txt	5667	821	already_ok	GER_reichskommissariat_kaukasien highlight_state_targets: mod 821=Chechen is a Caucasus state - intended geography, numeric coincidence w/ vanilla id only
common/decisions/GER.txt	5672	841	already_ok	GER_reichskommissariat_kaukasien highlight_state_targets: mod 841=Abkhazia is a Caucasus state - intended geography, numeric coincidence w/ vanilla id only
common/decisions/GER.txt	5687	826	already_ok	GER_reichskommissariat_kaukasien highlight_state_targets: mod 826=Kabardino-Balkar is a Caucasus state - intended geography, numeric coincidence w/ vanilla id only
common/decisions/GER.txt	5691	732	already_ok	GER_reichskommissariat_kaukasien highlight_state_targets: mod 732=Stavropol is a Caucasus state - intended geography, numeric coincidence w/ vanilla id only
common/decisions/GER.txt	5693	806	already_ok	GER_reichskommissariat_kaukasien highlight_state_targets: mod 806=Karachay-Cherkess is a Caucasus state - intended geography, numeric coincidence w/ vanilla id only
common/decisions/GER.txt	5703	778	already_ok	GER_reichskommissariat_kaukasien highlight_state_targets: mod 778=Adygea is a Caucasus state - intended geography, numeric coincidence w/ vanilla id only
common/decisions/GER.txt	5851	1006	already_ok	GER_reichskommissariat_turkestan highlight_state_targets: mod 1006=Ahal (Ashgabat, #Hauptstadt) is a Central-Asian state - intended geography, numeric coincidence w/ vanilla id only
common/decisions/GER.txt	5852	895	already_ok	GER_reichskommissariat_turkestan highlight_state_targets: mod 895=Balkan is a Central-Asian state - intended geography, numeric coincidence w/ vanilla id only
common/decisions/GER.txt	5856	891	already_ok	GER_reichskommissariat_turkestan highlight_state_targets: mod 891=Dasoguz is a Central-Asian state - intended geography, numeric coincidence w/ vanilla id only
common/decisions/GER.txt	5858	761	already_ok	GER_reichskommissariat_turkestan highlight_state_targets: mod 761=Karakalpakstan is a Central-Asian state - intended geography, numeric coincidence w/ vanilla id only
common/decisions/GER.txt	5859	716	already_ok	GER_reichskommissariat_turkestan highlight_state_targets: mod 716=Mangystau is a Central-Asian state - intended geography, numeric coincidence w/ vanilla id only
common/decisions/GER.txt	5864	464	already_ok	GER_reichskommissariat_turkestan highlight_state_targets: mod 464=Aqtobe is a Central-Asian state - intended geography, numeric coincidence w/ vanilla id only
common/decisions/GER.txt	5867	561	already_ok	GER_reichskommissariat_turkestan highlight_state_targets: mod 561=Atyrau is a Central-Asian state - intended geography, numeric coincidence w/ vanilla id only
common/decisions/GER.txt	6246	722	fix_to=17	GER_the_fate_of_greater_finland visible owns_state=722 (vanilla Petsamo) -> mod Petsamo=17; mod 722=Baranya
common/decisions/GER.txt	6247	147	fix_to=33	same visible owns_state=147 (vanilla Salla) -> mod Vanha Salla=33; mod 147=Vest-Agder
common/decisions/GER.txt	6248	146	fix_to=100	same visible owns_state=146 (vanilla Karelia/Finnish Karelia) -> mod Sortavala 100 (+Kayraly 2786); mod 146=Saaremaa. If 'FIN owns any former-Karelian state' intended, OR 100/93/77 is safer than Saaremaa
common/decisions/GER.txt	6249	929	fix_to=42	same visible owns_state=929 (vanilla Oulu) -> mod Pohjois-Pohjanmaa 42 (+Kainuu 50, Keski-Pohjanmaa 63); mod 929=Drama
common/decisions/GER.txt	6268	216	fix_to=57	GER_the_fate_of_greater_finland available scope - same un-migrated vanilla id
common/decisions/GER.txt	6271	215	fix_to=2458	GER_the_fate_of_greater_finland available scope - same un-migrated vanilla id
common/decisions/GER.txt	6274	213	fix_to=19	GER_the_fate_of_greater_finland available scope - same un-migrated vanilla id
common/decisions/GER.txt	6282	216	fix_to=57	GER_the_fate_of_greater_finland available+highlight `state = 216 #Olonets` (vanilla 216 'Below Zero' was Olonets-region) -> mod Olonets 57; mod 216=Frederiksborg. Also same id in available block ~L6271
common/decisions/GER.txt	6283	215	fix_to=2458	same `state = 215 #Onega` -> mod Onega 2458; mod 215=Gorodok. Also ~L6268
common/decisions/GER.txt	6284	213	fix_to=19	same `state = 213 #Murmansk` -> mod Murmansk 19; mod 213=Dunbarton. Also ~L6274
common/decisions/GER.txt	6379	407	already_ok	GER_generalgouvernement highlight_state_targets: mod 407=Sochaczew is a Polish state - intended geography, numeric coincidence w/ vanilla id only
common/decisions/GER.txt	6383	421	already_ok	GER_generalgouvernement highlight_state_targets: mod 421=Radomsko is a Polish state - intended geography, numeric coincidence w/ vanilla id only
common/decisions/GER.txt	6384	370	already_ok	GER_generalgouvernement highlight_state_targets: mod 370=Grojec is a Polish state - intended geography, numeric coincidence w/ vanilla id only
common/decisions/GER.txt	6385	508	already_ok	GER_generalgouvernement highlight_state_targets: mod 508=Warszawa is a Polish state - intended geography, numeric coincidence w/ vanilla id only
common/decisions/GER.txt	6388	982	already_ok	GER_generalgouvernement highlight_state_targets: mod 982=Sokolka is a Polish state - intended geography, numeric coincidence w/ vanilla id only
common/decisions/GER.txt	6392	1080	already_ok	GER_generalgouvernement highlight_state_targets: mod 1080=Miechow is a Polish state - intended geography, numeric coincidence w/ vanilla id only
common/decisions/GER.txt	6393	429	already_ok	GER_generalgouvernement highlight_state_targets: mod 429=Jedrzejow is a Polish state - intended geography, numeric coincidence w/ vanilla id only
common/decisions/GER.txt	6394	867	already_ok	GER_generalgouvernement highlight_state_targets: mod 867=Kielce is a Polish state - intended geography, numeric coincidence w/ vanilla id only
common/decisions/GER.txt	6395	827	already_ok	GER_generalgouvernement highlight_state_targets: mod 827=Radom is a Polish state - intended geography, numeric coincidence w/ vanilla id only
common/decisions/GER.txt	6396	1070	already_ok	GER_generalgouvernement highlight_state_targets: mod 1070=Garwolin is a Polish state - intended geography, numeric coincidence w/ vanilla id only
common/decisions/GER.txt	6398	377	already_ok	GER_generalgouvernement highlight_state_targets: mod 377=Lublin is a Polish state - intended geography, numeric coincidence w/ vanilla id only
common/decisions/GER.txt	6399	1002	already_ok	GER_generalgouvernement highlight_state_targets: mod 1002=Chelm is a Polish state - intended geography, numeric coincidence w/ vanilla id only
common/decisions/GER.txt	6400	902	already_ok	GER_generalgouvernement highlight_state_targets: mod 902=Opatow is a Polish state - intended geography, numeric coincidence w/ vanilla id only
common/decisions/GER.txt	6403	496	already_ok	GER_generalgouvernement highlight_state_targets: mod 496=Tarnow is a Polish state - intended geography, numeric coincidence w/ vanilla id only
common/decisions/GER.txt	6404	484	already_ok	GER_generalgouvernement highlight_state_targets: mod 484=Nisko is a Polish state - intended geography, numeric coincidence w/ vanilla id only
common/decisions/GER.txt	6405	46	already_ok	GER_generalgouvernement highlight_state_targets: mod 46=Krasnystaw is a Polish state - intended geography, numeric coincidence w/ vanilla id only
common/decisions/GER.txt	6406	836	already_ok	GER_generalgouvernement highlight_state_targets: mod 836=Rzeszow is a Polish state - intended geography, numeric coincidence w/ vanilla id only
common/decisions/GER.txt	6408	491	already_ok	GER_generalgouvernement highlight_state_targets: mod 491=Zamosc is a Polish state - intended geography, numeric coincidence w/ vanilla id only
common/decisions/GER.txt	6410	923	already_ok	GER_generalgouvernement highlight_state_targets: mod 923=Sanok is a Polish state - intended geography, numeric coincidence w/ vanilla id only
common/decisions/GER.txt	6412	351	already_ok	GER_generalgouvernement highlight_state_targets: mod 351=Ostrow Mazowiecka is a Polish state - intended geography, numeric coincidence w/ vanilla id only
common/decisions/GER.txt	6534	490	already_ok	GER_expand_generalgouvernement_adminsitrative_area highlight_state_targets: mod 490=Drohobycz is a Polish(East-Galician) state - intended geography, numeric coincidence w/ vanilla id only
common/decisions/GER.txt	6543	502	already_ok	GER_expand_generalgouvernement_adminsitrative_area highlight_state_targets: mod 502=Czortkow is a Polish(East-Galician) state - intended geography, numeric coincidence w/ vanilla id only
common/decisions/GER.txt	6545	542	already_ok	GER_expand_generalgouvernement_adminsitrative_area highlight_state_targets: mod 542=Nadworna is a Polish(East-Galician) state - intended geography, numeric coincidence w/ vanilla id only
common/decisions/GER.txt	6550	501	already_ok	GER_expand_generalgouvernement_adminsitrative_area highlight_state_targets: mod 501=Lubaczow is a Polish(East-Galician) state - intended geography, numeric coincidence w/ vanilla id only
common/decisions/GER.txt	6713	892	already_ok	GER_reichskommissariat_iberien highlight_state_targets: mod 892=Girona is a Iberian state - intended geography, numeric coincidence w/ vanilla id only
common/decisions/GER.txt	6714	896	already_ok	GER_reichskommissariat_iberien highlight_state_targets: mod 896=Barcelona is a Iberian state - intended geography, numeric coincidence w/ vanilla id only
common/decisions/GER.txt	6715	875	already_ok	GER_reichskommissariat_iberien highlight_state_targets: mod 875=Lleida is a Iberian state - intended geography, numeric coincidence w/ vanilla id only
common/decisions/GER.txt	6718	870	already_ok	GER_reichskommissariat_iberien highlight_state_targets: mod 870=Huesca is a Iberian state - intended geography, numeric coincidence w/ vanilla id only
common/decisions/GER.txt	6719	854	already_ok	GER_reichskommissariat_iberien highlight_state_targets: mod 854=Navarra is a Iberian state - intended geography, numeric coincidence w/ vanilla id only
common/decisions/GER.txt	6722	860	already_ok	GER_reichskommissariat_iberien highlight_state_targets: mod 860=Alava is a Iberian state - intended geography, numeric coincidence w/ vanilla id only
common/decisions/GER.txt	6725	974	already_ok	GER_reichskommissariat_iberien highlight_state_targets: mod 974=Castellon is a Iberian state - intended geography, numeric coincidence w/ vanilla id only
common/decisions/GER.txt	6726	939	already_ok	GER_reichskommissariat_iberien highlight_state_targets: mod 939=Teruel is a Iberian state - intended geography, numeric coincidence w/ vanilla id only
common/decisions/GER.txt	6728	859	already_ok	GER_reichskommissariat_iberien highlight_state_targets: mod 859=Burgos is a Iberian state - intended geography, numeric coincidence w/ vanilla id only
common/decisions/GER.txt	6729	883	already_ok	GER_reichskommissariat_iberien highlight_state_targets: mod 883=La Rioja is a Iberian state - intended geography, numeric coincidence w/ vanilla id only
common/decisions/GER.txt	6730	901	already_ok	GER_reichskommissariat_iberien highlight_state_targets: mod 901=Soria is a Iberian state - intended geography, numeric coincidence w/ vanilla id only
common/decisions/GER.txt	6731	940	already_ok	GER_reichskommissariat_iberien highlight_state_targets: mod 940=Guadalajara is a Iberian state - intended geography, numeric coincidence w/ vanilla id only
common/decisions/GER.txt	6732	864	already_ok	GER_reichskommissariat_iberien highlight_state_targets: mod 864=Palencia is a Iberian state - intended geography, numeric coincidence w/ vanilla id only
common/decisions/GER.txt	6733	897	already_ok	GER_reichskommissariat_iberien highlight_state_targets: mod 897=Valladolid is a Iberian state - intended geography, numeric coincidence w/ vanilla id only
common/decisions/GER.txt	6735	857	already_ok	GER_reichskommissariat_iberien highlight_state_targets: mod 857=Leon is a Iberian state - intended geography, numeric coincidence w/ vanilla id only
common/decisions/GER.txt	6736	837	already_ok	GER_reichskommissariat_iberien highlight_state_targets: mod 837=Asturias is a Iberian state - intended geography, numeric coincidence w/ vanilla id only
common/decisions/GER.txt	6738	830	already_ok	GER_reichskommissariat_iberien highlight_state_targets: mod 830=La Coruna is a Iberian state - intended geography, numeric coincidence w/ vanilla id only
common/decisions/GER.txt	6739	874	already_ok	GER_reichskommissariat_iberien highlight_state_targets: mod 874=Pontevedra is a Iberian state - intended geography, numeric coincidence w/ vanilla id only
common/decisions/GER.txt	6740	887	already_ok	GER_reichskommissariat_iberien highlight_state_targets: mod 887=Orense is a Iberian state - intended geography, numeric coincidence w/ vanilla id only
common/decisions/GER.txt	6741	903	already_ok	GER_reichskommissariat_iberien highlight_state_targets: mod 903=Viana do Castelo is a Iberian state - intended geography, numeric coincidence w/ vanilla id only
common/decisions/GER.txt	6743	1007	already_ok	GER_reichskommissariat_iberien highlight_state_targets: mod 1007=Valencia is a Iberian state - intended geography, numeric coincidence w/ vanilla id only
common/decisions/GER.txt	6745	951	already_ok	GER_reichskommissariat_iberien highlight_state_targets: mod 951=Madrid (#Hauptstadt) is a Iberian state - intended geography, numeric coincidence w/ vanilla id only
common/decisions/GER.txt	6746	922	already_ok	GER_reichskommissariat_iberien highlight_state_targets: mod 922=Braga is a Iberian state - intended geography, numeric coincidence w/ vanilla id only
common/decisions/GER.txt	6747	915	already_ok	GER_reichskommissariat_iberien highlight_state_targets: mod 915=Vila Real is a Iberian state - intended geography, numeric coincidence w/ vanilla id only
common/decisions/GER.txt	6749	935	already_ok	GER_reichskommissariat_iberien highlight_state_targets: mod 935=Porto is a Iberian state - intended geography, numeric coincidence w/ vanilla id only
common/decisions/GER.txt	6750	950	already_ok	GER_reichskommissariat_iberien highlight_state_targets: mod 950=Avila is a Iberian state - intended geography, numeric coincidence w/ vanilla id only
common/decisions/GER.txt	6751	943	already_ok	GER_reichskommissariat_iberien highlight_state_targets: mod 943=Salamanca is a Iberian state - intended geography, numeric coincidence w/ vanilla id only
common/decisions/GER.txt	6752	954	already_ok	GER_reichskommissariat_iberien highlight_state_targets: mod 954=Guarda is a Iberian state - intended geography, numeric coincidence w/ vanilla id only
common/decisions/GER.txt	6753	947	already_ok	GER_reichskommissariat_iberien highlight_state_targets: mod 947=Viseu is a Iberian state - intended geography, numeric coincidence w/ vanilla id only
common/decisions/GER.txt	6754	962	already_ok	GER_reichskommissariat_iberien highlight_state_targets: mod 962=Aveiro is a Iberian state - intended geography, numeric coincidence w/ vanilla id only
common/decisions/GER.txt	6755	1056	already_ok	GER_reichskommissariat_iberien highlight_state_targets: mod 1056=Alicante is a Iberian state - intended geography, numeric coincidence w/ vanilla id only
common/decisions/GER.txt	6756	1037	already_ok	GER_reichskommissariat_iberien highlight_state_targets: mod 1037=Albacete is a Iberian state - intended geography, numeric coincidence w/ vanilla id only
common/decisions/GER.txt	6757	999	already_ok	GER_reichskommissariat_iberien highlight_state_targets: mod 999=Toledo is a Iberian state - intended geography, numeric coincidence w/ vanilla id only
common/decisions/GER.txt	6758	987	already_ok	GER_reichskommissariat_iberien highlight_state_targets: mod 987=Caceres is a Iberian state - intended geography, numeric coincidence w/ vanilla id only
common/decisions/GER.txt	6759	990	already_ok	GER_reichskommissariat_iberien highlight_state_targets: mod 990=Castelo Branco is a Iberian state - intended geography, numeric coincidence w/ vanilla id only
common/decisions/GER.txt	6760	985	already_ok	GER_reichskommissariat_iberien highlight_state_targets: mod 985=Coimbra is a Iberian state - intended geography, numeric coincidence w/ vanilla id only
common/decisions/GER.txt	6761	1010	already_ok	GER_reichskommissariat_iberien highlight_state_targets: mod 1010=Leiria is a Iberian state - intended geography, numeric coincidence w/ vanilla id only
common/decisions/GER.txt	6762	1021	already_ok	GER_reichskommissariat_iberien highlight_state_targets: mod 1021=Santarem is a Iberian state - intended geography, numeric coincidence w/ vanilla id only
common/decisions/GER.txt	6763	1042	already_ok	GER_reichskommissariat_iberien highlight_state_targets: mod 1042=Lisboa is a Iberian state - intended geography, numeric coincidence w/ vanilla id only
common/decisions/GER.txt	6764	1026	already_ok	GER_reichskommissariat_iberien highlight_state_targets: mod 1026=Portalegre is a Iberian state - intended geography, numeric coincidence w/ vanilla id only
common/decisions/GER.txt	6766	1029	already_ok	GER_reichskommissariat_iberien highlight_state_targets: mod 1029=Ciudad Real is a Iberian state - intended geography, numeric coincidence w/ vanilla id only
common/decisions/GER.txt	6767	1035	already_ok	GER_reichskommissariat_iberien highlight_state_targets: mod 1035=Badajoz is a Iberian state - intended geography, numeric coincidence w/ vanilla id only
common/decisions/GER.txt	6769	1053	already_ok	GER_reichskommissariat_iberien highlight_state_targets: mod 1053=Evora is a Iberian state - intended geography, numeric coincidence w/ vanilla id only
common/decisions/GER.txt	6772	1063	already_ok	GER_reichskommissariat_iberien highlight_state_targets: mod 1063=Jaen is a Iberian state - intended geography, numeric coincidence w/ vanilla id only
common/decisions/GER.txt	6773	1072	already_ok	GER_reichskommissariat_iberien highlight_state_targets: mod 1072=Beja is a Iberian state - intended geography, numeric coincidence w/ vanilla id only
common/decisions/GER.txt	6776	1079	already_ok	GER_reichskommissariat_iberien highlight_state_targets: mod 1079=Sevilla is a Iberian state - intended geography, numeric coincidence w/ vanilla id only
common/decisions/GER.txt	6781	882	already_ok	GER_reichskommissariat_iberien highlight_state_targets: mod 882=Gibraltar is a Iberian state - intended geography, numeric coincidence w/ vanilla id only
common/decisions/GER.txt	6984	458	already_ok	GER_reichskommissariat_grossbritannien highlight_state_targets: mod 458=Cornwall is a British state - intended geography, numeric coincidence w/ vanilla id only
common/decisions/GER.txt	6987	445	already_ok	GER_reichskommissariat_grossbritannien highlight_state_targets: mod 445=Somerset is a British state - intended geography, numeric coincidence w/ vanilla id only
common/decisions/GER.txt	6988	468	already_ok	GER_reichskommissariat_grossbritannien highlight_state_targets: mod 468=Dorset is a British state - intended geography, numeric coincidence w/ vanilla id only
common/decisions/GER.txt	6990	453	already_ok	GER_reichskommissariat_grossbritannien highlight_state_targets: mod 453=Hampshire is a British state - intended geography, numeric coincidence w/ vanilla id only
common/decisions/GER.txt	6991	462	already_ok	GER_reichskommissariat_grossbritannien highlight_state_targets: mod 462=Sussex is a British state - intended geography, numeric coincidence w/ vanilla id only
common/decisions/GER.txt	6993	447	already_ok	GER_reichskommissariat_grossbritannien highlight_state_targets: mod 447=Surrey is a British state - intended geography, numeric coincidence w/ vanilla id only
common/decisions/GER.txt	6994	437	already_ok	GER_reichskommissariat_grossbritannien highlight_state_targets: mod 437=Wiltshire is a British state - intended geography, numeric coincidence w/ vanilla id only
common/decisions/GER.txt	6995	410	already_ok	GER_reichskommissariat_grossbritannien highlight_state_targets: mod 410=Gloucestershire is a British state - intended geography, numeric coincidence w/ vanilla id only
common/decisions/GER.txt	6996	428	already_ok	GER_reichskommissariat_grossbritannien highlight_state_targets: mod 428=Berkshire is a British state - intended geography, numeric coincidence w/ vanilla id only
common/decisions/GER.txt	7000	435	already_ok	GER_reichskommissariat_grossbritannien highlight_state_targets: mod 435=Brent is a British state - intended geography, numeric coincidence w/ vanilla id only
common/decisions/GER.txt	7002	408	already_ok	GER_reichskommissariat_grossbritannien highlight_state_targets: mod 408=Oxfordshire is a British state - intended geography, numeric coincidence w/ vanilla id only
common/decisions/GER.txt	7003	405	already_ok	GER_reichskommissariat_grossbritannien highlight_state_targets: mod 405=Buckinghamshire is a British state - intended geography, numeric coincidence w/ vanilla id only
common/decisions/GER.txt	7004	416	already_ok	GER_reichskommissariat_grossbritannien highlight_state_targets: mod 416=Hertfordshire is a British state - intended geography, numeric coincidence w/ vanilla id only
common/decisions/GER.txt	7005	413	already_ok	GER_reichskommissariat_grossbritannien highlight_state_targets: mod 413=Essex is a British state - intended geography, numeric coincidence w/ vanilla id only
common/decisions/GER.txt	7007	386	already_ok	GER_reichskommissariat_grossbritannien highlight_state_targets: mod 386=Suffolk is a British state - intended geography, numeric coincidence w/ vanilla id only
common/decisions/GER.txt	7008	356	already_ok	GER_reichskommissariat_grossbritannien highlight_state_targets: mod 356=Norfolk is a British state - intended geography, numeric coincidence w/ vanilla id only
common/decisions/GER.txt	7009	372	already_ok	GER_reichskommissariat_grossbritannien highlight_state_targets: mod 372=Cambridgeshire is a British state - intended geography, numeric coincidence w/ vanilla id only
common/decisions/GER.txt	7010	379	already_ok	GER_reichskommissariat_grossbritannien highlight_state_targets: mod 379=Huntingdonshire is a British state - intended geography, numeric coincidence w/ vanilla id only
common/decisions/GER.txt	7011	369	already_ok	GER_reichskommissariat_grossbritannien highlight_state_targets: mod 369=Northamptonshire is a British state - intended geography, numeric coincidence w/ vanilla id only
common/decisions/GER.txt	7012	419	already_ok	GER_reichskommissariat_grossbritannien highlight_state_targets: mod 419=Monmouthshire is a British state - intended geography, numeric coincidence w/ vanilla id only
common/decisions/GER.txt	7013	426	already_ok	GER_reichskommissariat_grossbritannien highlight_state_targets: mod 426=Glamorganshire is a British state - intended geography, numeric coincidence w/ vanilla id only
common/decisions/GER.txt	7014	409	already_ok	GER_reichskommissariat_grossbritannien highlight_state_targets: mod 409=Pembrokeshire is a British state - intended geography, numeric coincidence w/ vanilla id only
common/decisions/GER.txt	7015	406	already_ok	GER_reichskommissariat_grossbritannien highlight_state_targets: mod 406=Carmarthenshire is a British state - intended geography, numeric coincidence w/ vanilla id only
common/decisions/GER.txt	7017	396	already_ok	GER_reichskommissariat_grossbritannien highlight_state_targets: mod 396=Herefordshire is a British state - intended geography, numeric coincidence w/ vanilla id only
common/decisions/GER.txt	7018	390	already_ok	GER_reichskommissariat_grossbritannien highlight_state_targets: mod 390=Worcestershire is a British state - intended geography, numeric coincidence w/ vanilla id only
common/decisions/GER.txt	7019	374	already_ok	GER_reichskommissariat_grossbritannien highlight_state_targets: mod 374=Warkwickshire is a British state - intended geography, numeric coincidence w/ vanilla id only
common/decisions/GER.txt	7020	380	already_ok	GER_reichskommissariat_grossbritannien highlight_state_targets: mod 380=Cardiganshire is a British state - intended geography, numeric coincidence w/ vanilla id only
common/decisions/GER.txt	7021	389	already_ok	GER_reichskommissariat_grossbritannien highlight_state_targets: mod 389=Radnorshire is a British state - intended geography, numeric coincidence w/ vanilla id only
common/decisions/GER.txt	7022	357	already_ok	GER_reichskommissariat_grossbritannien highlight_state_targets: mod 357=Leicestershire is a British state - intended geography, numeric coincidence w/ vanilla id only
common/decisions/GER.txt	7023	375	already_ok	GER_reichskommissariat_grossbritannien highlight_state_targets: mod 375=Rutland is a British state - intended geography, numeric coincidence w/ vanilla id only
common/decisions/GER.txt	7024	313	already_ok	GER_reichskommissariat_grossbritannien highlight_state_targets: mod 313=Lincolnshire is a British state - intended geography, numeric coincidence w/ vanilla id only
common/decisions/GER.txt	7025	328	already_ok	GER_reichskommissariat_grossbritannien highlight_state_targets: mod 328=Nottinghamshire is a British state - intended geography, numeric coincidence w/ vanilla id only
common/decisions/GER.txt	7026	344	already_ok	GER_reichskommissariat_grossbritannien highlight_state_targets: mod 344=Staffordshire is a British state - intended geography, numeric coincidence w/ vanilla id only
common/decisions/GER.txt	7027	355	already_ok	GER_reichskommissariat_grossbritannien highlight_state_targets: mod 355=Shropshire is a British state - intended geography, numeric coincidence w/ vanilla id only
common/decisions/GER.txt	7028	362	already_ok	GER_reichskommissariat_grossbritannien highlight_state_targets: mod 362=Montgomeryshire is a British state - intended geography, numeric coincidence w/ vanilla id only
common/decisions/GER.txt	7029	354	already_ok	GER_reichskommissariat_grossbritannien highlight_state_targets: mod 354=Merionethshire is a British state - intended geography, numeric coincidence w/ vanilla id only
common/decisions/GER.txt	7030	334	already_ok	GER_reichskommissariat_grossbritannien highlight_state_targets: mod 334=Caernarvonshire is a British state - intended geography, numeric coincidence w/ vanilla id only
common/decisions/GER.txt	7032	342	already_ok	GER_reichskommissariat_grossbritannien highlight_state_targets: mod 342=Denbighshire is a British state - intended geography, numeric coincidence w/ vanilla id only
common/decisions/GER.txt	7033	338	already_ok	GER_reichskommissariat_grossbritannien highlight_state_targets: mod 338=Flintshire is a British state - intended geography, numeric coincidence w/ vanilla id only
common/decisions/GER.txt	7034	325	already_ok	GER_reichskommissariat_grossbritannien highlight_state_targets: mod 325=Derbyshire is a British state - intended geography, numeric coincidence w/ vanilla id only
common/decisions/GER.txt	7035	324	already_ok	GER_reichskommissariat_grossbritannien highlight_state_targets: mod 324=Cheshire is a British state - intended geography, numeric coincidence w/ vanilla id only
common/decisions/GER.txt	7036	293	already_ok	GER_reichskommissariat_grossbritannien highlight_state_targets: mod 293=Lancashire is a British state - intended geography, numeric coincidence w/ vanilla id only
common/decisions/GER.txt	7037	286	already_ok	GER_reichskommissariat_grossbritannien highlight_state_targets: mod 286=West Riding is a British state - intended geography, numeric coincidence w/ vanilla id only
common/decisions/GER.txt	7038	290	already_ok	GER_reichskommissariat_grossbritannien highlight_state_targets: mod 290=East Riding is a British state - intended geography, numeric coincidence w/ vanilla id only
common/decisions/GER.txt	7039	271	already_ok	GER_reichskommissariat_grossbritannien highlight_state_targets: mod 271=North Riding is a British state - intended geography, numeric coincidence w/ vanilla id only
common/decisions/GER.txt	7040	269	already_ok	GER_reichskommissariat_grossbritannien highlight_state_targets: mod 269=Westmorland is a British state - intended geography, numeric coincidence w/ vanilla id only
common/decisions/GER.txt	7042	258	already_ok	GER_reichskommissariat_grossbritannien highlight_state_targets: mod 258=Durham is a British state - intended geography, numeric coincidence w/ vanilla id only
common/decisions/GER.txt	7043	234	already_ok	GER_reichskommissariat_grossbritannien highlight_state_targets: mod 234=Northumberland is a British state - intended geography, numeric coincidence w/ vanilla id only
common/decisions/GER.txt	7044	237	already_ok	GER_reichskommissariat_grossbritannien highlight_state_targets: mod 237=Roxburgh is a British state - intended geography, numeric coincidence w/ vanilla id only
common/decisions/GER.txt	7045	224	already_ok	GER_reichskommissariat_grossbritannien highlight_state_targets: mod 224=Berwick is a British state - intended geography, numeric coincidence w/ vanilla id only
common/decisions/GER.txt	7047	221	already_ok	GER_reichskommissariat_grossbritannien highlight_state_targets: mod 221=Midlothian is a British state - intended geography, numeric coincidence w/ vanilla id only
common/decisions/GER.txt	7048	245	already_ok	GER_reichskommissariat_grossbritannien highlight_state_targets: mod 245=Dumfries is a British state - intended geography, numeric coincidence w/ vanilla id only
common/decisions/GER.txt	7049	239	already_ok	GER_reichskommissariat_grossbritannien highlight_state_targets: mod 239=Selkirk is a British state - intended geography, numeric coincidence w/ vanilla id only
common/decisions/GER.txt	7050	233	already_ok	GER_reichskommissariat_grossbritannien highlight_state_targets: mod 233=Peebles is a British state - intended geography, numeric coincidence w/ vanilla id only
common/decisions/GER.txt	7052	257	already_ok	GER_reichskommissariat_grossbritannien highlight_state_targets: mod 257=Wigtown is a British state - intended geography, numeric coincidence w/ vanilla id only
common/decisions/GER.txt	7053	230	already_ok	GER_reichskommissariat_grossbritannien highlight_state_targets: mod 230=Ayr is a British state - intended geography, numeric coincidence w/ vanilla id only
common/decisions/GER.txt	7054	219	already_ok	GER_reichskommissariat_grossbritannien highlight_state_targets: mod 219=Lanmark is a British state - intended geography, numeric coincidence w/ vanilla id only
common/decisions/GER.txt	7055	220	already_ok	GER_reichskommissariat_grossbritannien highlight_state_targets: mod 220=West Lothian is a British state - intended geography, numeric coincidence w/ vanilla id only
common/decisions/GER.txt	7056	222	already_ok	GER_reichskommissariat_grossbritannien highlight_state_targets: mod 222=Renfrew is a British state - intended geography, numeric coincidence w/ vanilla id only
common/decisions/GER.txt	7057	126	already_ok	GER_reichskommissariat_grossbritannien highlight_state_targets: mod 126=Glasgow is a British state - intended geography, numeric coincidence w/ vanilla id only
common/decisions/GER.txt	7059	210	already_ok	GER_reichskommissariat_grossbritannien highlight_state_targets: mod 210=Stirling is a British state - intended geography, numeric coincidence w/ vanilla id only
common/decisions/GER.txt	7060	192	already_ok	GER_reichskommissariat_grossbritannien highlight_state_targets: mod 192=Bute is a British state - intended geography, numeric coincidence w/ vanilla id only
common/decisions/GER.txt	7061	199	already_ok	GER_reichskommissariat_grossbritannien highlight_state_targets: mod 199=Arcyll is a British state - intended geography, numeric coincidence w/ vanilla id only
common/decisions/GER.txt	7064	211	already_ok	GER_reichskommissariat_grossbritannien highlight_state_targets: mod 211=Kinross is a British state - intended geography, numeric coincidence w/ vanilla id only
common/decisions/GER.txt	7065	204	already_ok	GER_reichskommissariat_grossbritannien highlight_state_targets: mod 204=Fife is a British state - intended geography, numeric coincidence w/ vanilla id only
common/decisions/GER.txt	7066	194	already_ok	GER_reichskommissariat_grossbritannien highlight_state_targets: mod 194=Perth is a British state - intended geography, numeric coincidence w/ vanilla id only
common/decisions/GER.txt	7067	193	already_ok	GER_reichskommissariat_grossbritannien highlight_state_targets: mod 193=Angus is a British state - intended geography, numeric coincidence w/ vanilla id only
common/decisions/GER.txt	7068	191	already_ok	GER_reichskommissariat_grossbritannien highlight_state_targets: mod 191=Kincardine is a British state - intended geography, numeric coincidence w/ vanilla id only
common/decisions/GER.txt	7069	180	already_ok	GER_reichskommissariat_grossbritannien highlight_state_targets: mod 180=Aberdeen is a British state - intended geography, numeric coincidence w/ vanilla id only
common/decisions/GER.txt	7070	179	already_ok	GER_reichskommissariat_grossbritannien highlight_state_targets: mod 179=Banff is a British state - intended geography, numeric coincidence w/ vanilla id only
common/decisions/GER.txt	7071	176	already_ok	GER_reichskommissariat_grossbritannien highlight_state_targets: mod 176=Moray is a British state - intended geography, numeric coincidence w/ vanilla id only
common/decisions/GER.txt	7075	169	already_ok	GER_reichskommissariat_grossbritannien highlight_state_targets: mod 169=Ross and Cromarty is a British state - intended geography, numeric coincidence w/ vanilla id only
common/decisions/GER.txt	7273	248	already_ok	GER_the_fate_of_the_irish_area highlight_state_targets: mod 248=Donegal is a Irish state - intended geography, numeric coincidence w/ vanilla id only
common/decisions/GER.txt	7274	253	already_ok	GER_the_fate_of_the_irish_area highlight_state_targets: mod 253=Antrim is a Irish state - intended geography, numeric coincidence w/ vanilla id only
common/decisions/GER.txt	7275	254	already_ok	GER_the_fate_of_the_irish_area highlight_state_targets: mod 254=Londonder is a Irish state - intended geography, numeric coincidence w/ vanilla id only
common/decisions/GER.txt	7277	268	already_ok	GER_the_fate_of_the_irish_area highlight_state_targets: mod 268=Down is a Irish state - intended geography, numeric coincidence w/ vanilla id only
common/decisions/GER.txt	7279	276	already_ok	GER_the_fate_of_the_irish_area highlight_state_targets: mod 276=Armagh is a Irish state - intended geography, numeric coincidence w/ vanilla id only
common/decisions/GER.txt	7280	279	already_ok	GER_the_fate_of_the_irish_area highlight_state_targets: mod 279=Sligo is a Irish state - intended geography, numeric coincidence w/ vanilla id only
common/decisions/GER.txt	7281	283	already_ok	GER_the_fate_of_the_irish_area highlight_state_targets: mod 283=Monaghan is a Irish state - intended geography, numeric coincidence w/ vanilla id only
common/decisions/GER.txt	7282	288	already_ok	GER_the_fate_of_the_irish_area highlight_state_targets: mod 288=Mayo is a Irish state - intended geography, numeric coincidence w/ vanilla id only
common/decisions/GER.txt	7283	291	already_ok	GER_the_fate_of_the_irish_area highlight_state_targets: mod 291=Cavan is a Irish state - intended geography, numeric coincidence w/ vanilla id only
common/decisions/GER.txt	7284	296	already_ok	GER_the_fate_of_the_irish_area highlight_state_targets: mod 296=Roscommon is a Irish state - intended geography, numeric coincidence w/ vanilla id only
common/decisions/GER.txt	7285	297	already_ok	GER_the_fate_of_the_irish_area highlight_state_targets: mod 297=Louth is a Irish state - intended geography, numeric coincidence w/ vanilla id only
common/decisions/GER.txt	7286	302	already_ok	GER_the_fate_of_the_irish_area highlight_state_targets: mod 302=Longford is a Irish state - intended geography, numeric coincidence w/ vanilla id only
common/decisions/GER.txt	7287	304	already_ok	GER_the_fate_of_the_irish_area highlight_state_targets: mod 304=Meath is a Irish state - intended geography, numeric coincidence w/ vanilla id only
common/decisions/GER.txt	7288	308	already_ok	GER_the_fate_of_the_irish_area highlight_state_targets: mod 308=Westmeath is a Irish state - intended geography, numeric coincidence w/ vanilla id only
common/decisions/GER.txt	7289	317	already_ok	GER_the_fate_of_the_irish_area highlight_state_targets: mod 317=Galway is a Irish state - intended geography, numeric coincidence w/ vanilla id only
common/decisions/GER.txt	7290	321	already_ok	GER_the_fate_of_the_irish_area highlight_state_targets: mod 321=Leitrim is a Irish state - intended geography, numeric coincidence w/ vanilla id only
common/decisions/GER.txt	7291	320	already_ok	GER_the_fate_of_the_irish_area highlight_state_targets: mod 320=Dublin is a Irish state - intended geography, numeric coincidence w/ vanilla id only
common/decisions/GER.txt	7292	333	already_ok	GER_the_fate_of_the_irish_area highlight_state_targets: mod 333=Offaly is a Irish state - intended geography, numeric coincidence w/ vanilla id only
common/decisions/GER.txt	7294	343	already_ok	GER_the_fate_of_the_irish_area highlight_state_targets: mod 343=Wicklow is a Irish state - intended geography, numeric coincidence w/ vanilla id only
common/decisions/GER.txt	7295	345	already_ok	GER_the_fate_of_the_irish_area highlight_state_targets: mod 345=Laoighis is a Irish state - intended geography, numeric coincidence w/ vanilla id only
common/decisions/GER.txt	7296	348	already_ok	GER_the_fate_of_the_irish_area highlight_state_targets: mod 348=Tipperary is a Irish state - intended geography, numeric coincidence w/ vanilla id only
common/decisions/GER.txt	7297	349	already_ok	GER_the_fate_of_the_irish_area highlight_state_targets: mod 349=Clare is a Irish state - intended geography, numeric coincidence w/ vanilla id only
common/decisions/GER.txt	7298	360	already_ok	GER_the_fate_of_the_irish_area highlight_state_targets: mod 360=Carlow is a Irish state - intended geography, numeric coincidence w/ vanilla id only
common/decisions/GER.txt	7299	361	already_ok	GER_the_fate_of_the_irish_area highlight_state_targets: mod 361=Kilkenny is a Irish state - intended geography, numeric coincidence w/ vanilla id only
common/decisions/GER.txt	7300	368	already_ok	GER_the_fate_of_the_irish_area highlight_state_targets: mod 368=Wexford is a Irish state - intended geography, numeric coincidence w/ vanilla id only
common/decisions/GER.txt	7301	371	already_ok	GER_the_fate_of_the_irish_area highlight_state_targets: mod 371=Limerick is a Irish state - intended geography, numeric coincidence w/ vanilla id only
common/decisions/GER.txt	7302	378	already_ok	GER_the_fate_of_the_irish_area highlight_state_targets: mod 378=Kerry is a Irish state - intended geography, numeric coincidence w/ vanilla id only
common/decisions/GER.txt	7303	394	already_ok	GER_the_fate_of_the_irish_area highlight_state_targets: mod 394=Cork is a Irish state - intended geography, numeric coincidence w/ vanilla id only
common/decisions/GER.txt	7304	395	already_ok	GER_the_fate_of_the_irish_area highlight_state_targets: mod 395=Waterford is a Irish state - intended geography, numeric coincidence w/ vanilla id only
common/decisions/GER.txt	7411	291	fix_to=2210	Arabia `available` state-scope `oid = {is_controlled...}` - same un-migrated vanilla id as the highlight_state_targets row for this id; apply identical fix
common/decisions/GER.txt	7414	676	fix_to=1114	Arabia `available` state-scope `oid = {is_controlled...}` - same un-migrated vanilla id as the highlight_state_targets row for this id; apply identical fix
common/decisions/GER.txt	7417	675	fix_to=1150	Arabia `available` state-scope `oid = {is_controlled...}` - same un-migrated vanilla id as the highlight_state_targets row for this id; apply identical fix
common/decisions/GER.txt	7420	656	fix_to=1302	Arabia `available` state-scope `oid = {is_controlled...}` - same un-migrated vanilla id as the highlight_state_targets row for this id; apply identical fix
common/decisions/GER.txt	7423	455	fix_to=1911	Arabia `available` state-scope `oid = {is_controlled...}` - same un-migrated vanilla id as the highlight_state_targets row for this id; apply identical fix
common/decisions/GER.txt	7426	454	fix_to=1905	Arabia `available` state-scope `oid = {is_controlled...}` - same un-migrated vanilla id as the highlight_state_targets row for this id; apply identical fix
common/decisions/GER.txt	7429	553	fix_to=1919	Arabia `available` state-scope `oid = {is_controlled...}` - same un-migrated vanilla id as the highlight_state_targets row for this id; apply identical fix
common/decisions/GER.txt	7432	554	fix_to=1930	Arabia `available` state-scope `oid = {is_controlled...}` - same un-migrated vanilla id as the highlight_state_targets row for this id; apply identical fix
common/decisions/GER.txt	7435	680	fix_to=1141	Arabia `available` state-scope `oid = {is_controlled...}` - same un-migrated vanilla id as the highlight_state_targets row for this id; apply identical fix
common/decisions/GER.txt	7438	677	fix_to=1124	Arabia `available` state-scope `oid = {is_controlled...}` - same un-migrated vanilla id as the highlight_state_targets row for this id; apply identical fix
common/decisions/GER.txt	7441	799	fix_to=1123	Arabia `available` state-scope `oid = {is_controlled...}` - same un-migrated vanilla id as the highlight_state_targets row for this id; apply identical fix
common/decisions/GER.txt	7444	453	fix_to=1286	Arabia `available` state-scope `oid = {is_controlled...}` - same un-migrated vanilla id as the highlight_state_targets row for this id; apply identical fix
common/decisions/GER.txt	7447	854	fix_to=1273	Arabia `available` state-scope `oid = {is_controlled...}` - same un-migrated vanilla id as the highlight_state_targets row for this id; apply identical fix
common/decisions/GER.txt	7450	855	fix_to=1313	Arabia `available` state-scope `oid = {is_controlled...}` - same un-migrated vanilla id as the highlight_state_targets row for this id; apply identical fix
common/decisions/GER.txt	7453	679	fix_to=1327	Arabia `available` state-scope `oid = {is_controlled...}` - same un-migrated vanilla id as the highlight_state_targets row for this id; apply identical fix
common/decisions/GER.txt	7456	857	fix_to=1315	Arabia `available` state-scope `oid = {is_controlled...}` - same un-migrated vanilla id as the highlight_state_targets row for this id; apply identical fix
common/decisions/GER.txt	7459	859	fix_to=2304	Arabia `available` state-scope `oid = {is_controlled...}` - same un-migrated vanilla id as the highlight_state_targets row for this id; apply identical fix
common/decisions/GER.txt	7462	292	fix_to=1326	Arabia `available` state-scope `oid = {is_controlled...}` - same un-migrated vanilla id as the highlight_state_targets row for this id; apply identical fix
common/decisions/GER.txt	7465	856	fix_to=1327	Arabia `available` state-scope `oid = {is_controlled...}` - same un-migrated vanilla id as the highlight_state_targets row for this id; apply identical fix
common/decisions/GER.txt	7468	858	ambiguous	Arabia `available` state-scope `oid = {is_controlled...}` - same un-migrated vanilla id as the highlight_state_targets row for this id; apply identical fix
common/decisions/GER.txt	7471	678	ambiguous	Arabia `available` state-scope `oid = {is_controlled...}` - same un-migrated vanilla id as the highlight_state_targets row for this id; apply identical fix
common/decisions/GER.txt	7474	765	fix_to=1337	Arabia `available` state-scope `oid = {is_controlled...}` - same un-migrated vanilla id as the highlight_state_targets row for this id; apply identical fix
common/decisions/GER.txt	7477	658	fix_to=1338	Arabia `available` state-scope `oid = {is_controlled...}` - same un-migrated vanilla id as the highlight_state_targets row for this id; apply identical fix
common/decisions/GER.txt	7480	659	fix_to=2300	Arabia `available` state-scope `oid = {is_controlled...}` - same un-migrated vanilla id as the highlight_state_targets row for this id; apply identical fix
common/decisions/GER.txt	7483	293	ambiguous	Arabia `available` state-scope `oid = {is_controlled...}` - same un-migrated vanilla id as the highlight_state_targets row for this id; apply identical fix
common/decisions/GER.txt	7486	294	fix_to=1341	Arabia `available` state-scope `oid = {is_controlled...}` - same un-migrated vanilla id as the highlight_state_targets row for this id; apply identical fix
common/decisions/GER.txt	7489	1010	fix_to=2198	Arabia `available` state-scope `oid = {is_controlled...}` - same un-migrated vanilla id as the highlight_state_targets row for this id; apply identical fix
common/decisions/GER.txt	7492	1011	fix_to=2206	Arabia `available` state-scope `oid = {is_controlled...}` - same un-migrated vanilla id as the highlight_state_targets row for this id; apply identical fix
common/decisions/GER.txt	7495	1013	fix_to=2300	Arabia `available` state-scope `oid = {is_controlled...}` - same un-migrated vanilla id as the highlight_state_targets row for this id; apply identical fix
common/decisions/GER.txt	7498	1014	fix_to=2204	Arabia `available` state-scope `oid = {is_controlled...}` - same un-migrated vanilla id as the highlight_state_targets row for this id; apply identical fix
common/decisions/GER.txt	7501	1015	fix_to=1343	Arabia `available` state-scope `oid = {is_controlled...}` - same un-migrated vanilla id as the highlight_state_targets row for this id; apply identical fix
common/decisions/GER.txt	7504	1016	ambiguous	Arabia `available` state-scope `oid = {is_controlled...}` - same un-migrated vanilla id as the highlight_state_targets row for this id; apply identical fix
common/decisions/GER.txt	7507	992	ambiguous	Arabia `available` state-scope `oid = {is_controlled...}` - same un-migrated vanilla id as the highlight_state_targets row for this id; apply identical fix
common/decisions/GER.txt	7515	291	fix_to=2210	GER_reichskommissariat_arabien highlight/available(mirrored as N={ scopes in available L7411-7507): vanilla 291 un-migrated; Baghdad 2210; full Iraq set {1102,1114,1137,1150,1174,1179,1197,1202,1209,1212,1226,1234,1243,1260,1262,1269,1275,2198,2206-2240,2841}
common/decisions/GER.txt	7516	676	fix_to=1114	GER_reichskommissariat_arabien highlight/available(mirrored as N={ scopes in available L7411-7507): vanilla 676 un-migrated; Mosul 1114 (+Hatra 1150,Umm at Tuz 1174,Kirkuk 1179,Sulaymaniyah 1137,Erbil 1102,Makhmur 2213,Tal Afar 2215)
common/decisions/GER.txt	7517	675	fix_to=1150	GER_reichskommissariat_arabien highlight/available(mirrored as N={ scopes in available L7411-7507): vanilla 675 un-migrated; Al Hajara (unclear vanilla region) -> best guess Hatra 1150; ambiguous
common/decisions/GER.txt	7518	656	fix_to=1302	GER_reichskommissariat_arabien highlight/available(mirrored as N={ scopes in available L7411-7507): vanilla 656 un-migrated; Kuwait City 1302 (+2202,2203,2205,2199,2935)
common/decisions/GER.txt	7519	455	fix_to=1911	GER_reichskommissariat_arabien highlight/available(mirrored as N={ scopes in available L7411-7507): vanilla 455 un-migrated; Jordan: Amman 1911 (+1909,1910,1912-1915,1229,1232,1259,1266,1288,2009,2010,2195-2197)
common/decisions/GER.txt	7520	454	fix_to=1905	GER_reichskommissariat_arabien highlight/available(mirrored as N={ scopes in available L7411-7507): vanilla 454 un-migrated; Israel/Palestine: East Jerusalem 1905 (+1902,1904,1907,1253,1254,1271,1279,1301)
common/decisions/GER.txt	7521	553	fix_to=1919	GER_reichskommissariat_arabien highlight/available(mirrored as N={ scopes in available L7411-7507): vanilla 553 un-migrated; Lebanon: Mont-Liban 1919 (+1204,1916-1918,1920-1923)
common/decisions/GER.txt	7522	554	fix_to=1930	GER_reichskommissariat_arabien highlight/available(mirrored as N={ scopes in available L7411-7507): vanilla 554 un-migrated; Syria: Damascus 1930 (+1218,1228,1230,1924-1929,1148,1167,1158,1190,1124)
common/decisions/GER.txt	7523	680	fix_to=1141	GER_reichskommissariat_arabien highlight/available(mirrored as N={ scopes in available L7411-7507): vanilla 680 un-migrated; Deir-az-Zur 1141 (+1149,1159,1168,1185,2925,2926)
common/decisions/GER.txt	7524	677	fix_to=1124	GER_reichskommissariat_arabien highlight/available(mirrored as N={ scopes in available L7411-7507): vanilla 677 un-migrated; Aleppo 1124 (+1148 Idlib,1167 Salamiyah,1158 Latakia,1190 Tartus)
common/decisions/GER.txt	7525	799	fix_to=1123	GER_reichskommissariat_arabien highlight/available(mirrored as N={ scopes in available L7411-7507): vanilla 799 un-migrated; Hatay 1123
common/decisions/GER.txt	7526	453	fix_to=1286	GER_reichskommissariat_arabien highlight/available(mirrored as N={ scopes in available L7411-7507): vanilla 453 un-migrated; Sinai: Shamal Sina 1286 (+Janub Sina 1303)
common/decisions/GER.txt	7527	854	fix_to=1273	GER_reichskommissariat_arabien highlight/available(mirrored as N={ scopes in available L7411-7507): vanilla 854 un-migrated; Jawf: Al-Jawf 1273
common/decisions/GER.txt	7528	855	fix_to=1313	GER_reichskommissariat_arabien highlight/available(mirrored as N={ scopes in available L7411-7507): vanilla 855 un-migrated; Tabuk 1313 (+Al Mudawwara 2008,2325)
common/decisions/GER.txt	7529	679	fix_to=1327	GER_reichskommissariat_arabien highlight/available(mirrored as N={ scopes in available L7411-7507): vanilla 679 un-migrated; Hejaz: Al-Madinah 1327 (+Tayma 2322,Al Hinakiyah 2326); Mecca/Jeddah absent in mod - partial
common/decisions/GER.txt	7530	857	fix_to=1315	GER_reichskommissariat_arabien highlight/available(mirrored as N={ scopes in available L7411-7507): vanilla 857 un-migrated; Ha'il 1315 (+Al-Qasim 1330)
common/decisions/GER.txt	7531	859	fix_to=2304	GER_reichskommissariat_arabien highlight/available(mirrored as N={ scopes in available L7411-7507): vanilla 859 un-migrated; Dammam: Ad-Dammam 2304 (+Al Jubayl 2305,Ash-Sharqiyah 1312,Ras al Khafji 2200)
common/decisions/GER.txt	7532	292	fix_to=1326	GER_reichskommissariat_arabien highlight/available(mirrored as N={ scopes in available L7411-7507): vanilla 292 un-migrated; Saudi Arabia: Ar-Riyad 1326 + all SAU-owned {1263,1273,1312,1313,1315,1326,1327,1330,2008,2011,2012,2200,2201,2238,2239,2304,2305,2322-2326,2936}
common/decisions/GER.txt	7533	856	fix_to=1327	GER_reichskommissariat_arabien highlight/available(mirrored as N={ scopes in available L7411-7507): vanilla 856 un-migrated; Asir-Makkah: no Asir/Jazan/Mecca states in mod; nearest Madinah-region 1327 - ambiguous
common/decisions/GER.txt	7534	858	ambiguous	GER_reichskommissariat_arabien highlight/available(mirrored as N={ scopes in available L7411-7507): vanilla 858 un-migrated; Najiran: mod has no Najran/Abha state (S.Arabia off-map)
common/decisions/GER.txt	7535	678	ambiguous	GER_reichskommissariat_arabien highlight/available(mirrored as N={ scopes in available L7411-7507): vanilla 678 un-migrated; Rub al Khali: empty-quarter desert, no matching mod state
common/decisions/GER.txt	7536	765	fix_to=1337	GER_reichskommissariat_arabien highlight/available(mirrored as N={ scopes in available L7411-7507): vanilla 765 un-migrated; Qatar: Doha 1337 (+Al Khor 2303,Abu Samra 2302)
common/decisions/GER.txt	7537	658	fix_to=1338	GER_reichskommissariat_arabien highlight/available(mirrored as N={ scopes in available L7411-7507): vanilla 658 un-migrated; 'Arab UK 1' (Trucial States): Abu Dhabi 1338 (+Ras Al-Khaimah 1336,Al Murfa 1343,Dubai 2299,Al Ain 2301) - plausible
common/decisions/GER.txt	7538	659	fix_to=2300	GER_reichskommissariat_arabien highlight/available(mirrored as N={ scopes in available L7411-7507): vanilla 659 un-migrated; 'Arabian UK 2' (ambiguous vanilla label, likely Trucial/Oman coast): Musandam 2300 - ambiguous
common/decisions/GER.txt	7539	293	ambiguous	GER_reichskommissariat_arabien highlight/available(mirrored as N={ scopes in available L7411-7507): vanilla 293 un-migrated; Yemen: no Yemen-area states in mod (south Arabia off-map)
common/decisions/GER.txt	7540	294	fix_to=1341	GER_reichskommissariat_arabien highlight/available(mirrored as N={ scopes in available L7411-7507): vanilla 294 un-migrated; Oman: Sohar 1341 (+Musandam 2300,Madha 2934); Dhofar/south absent
common/decisions/GER.txt	7541	1010	fix_to=2198	GER_reichskommissariat_arabien highlight/available(mirrored as N={ scopes in available L7411-7507): vanilla 1010 un-migrated; Al Anbar 2198 (+Qa'im 2235,Haditha 2232,Al Salman 1275,Al-Tanf 2194)
common/decisions/GER.txt	7542	1011	fix_to=2206	GER_reichskommissariat_arabien highlight/available(mirrored as N={ scopes in available L7411-7507): vanilla 1011 un-migrated; Al Basrah 2206 (+Suq Al-Shuyukh 2230,Amarah 2233,Rumaythah 2231,Safwan 2211,Al Bussayyah 2212,Al Julaydah 2237,Al Judayyadit 2239)
common/decisions/GER.txt	7543	1013	fix_to=2300	GER_reichskommissariat_arabien highlight/available(mirrored as N={ scopes in available L7411-7507): vanilla 1013 un-migrated; Musamdam -> Musandam 2300
common/decisions/GER.txt	7544	1014	fix_to=2204	GER_reichskommissariat_arabien highlight/available(mirrored as N={ scopes in available L7411-7507): vanilla 1014 un-migrated; Bahrain -> Al Awal 2204
common/decisions/GER.txt	7545	1015	fix_to=1343	GER_reichskommissariat_arabien highlight/available(mirrored as N={ scopes in available L7411-7507): vanilla 1015 un-migrated; Interior Oman -> ambiguous; nearest Al Murfa 1343
common/decisions/GER.txt	7546	1016	ambiguous	GER_reichskommissariat_arabien highlight/available(mirrored as N={ scopes in available L7411-7507): vanilla 1016 un-migrated; Dhofar: no south-Oman state in mod
common/decisions/GER.txt	7547	992	ambiguous	GER_reichskommissariat_arabien highlight/available(mirrored as N={ scopes in available L7411-7507): vanilla 992 un-migrated; Province of Aden: no Aden/Yemen state in mod
common/decisions/GER.txt	7579	291	fix_to=2210	GER_reichskommissariat_arabien highlight/available(mirrored as N={ scopes in available L7411-7507): vanilla 291 un-migrated; GER_reichskommissariat_arabien remove_effect capital-scope `291 = {...}` (RK-Arabien capital Iraq) -> Baghdad 2210
common/decisions/GER.txt	7693	344	fix_to=1066	Turkey `available` state-scope - same un-migrated vanilla id; apply identical fix mapping
common/decisions/GER.txt	7696	350	fix_to=1059	Turkey `available` state-scope - same un-migrated vanilla id; apply identical fix mapping
common/decisions/GER.txt	7699	352	fix_to=1092	Turkey `available` state-scope - same un-migrated vanilla id; apply identical fix mapping
common/decisions/GER.txt	7702	348	fix_to=1036	Turkey `available` state-scope - same un-migrated vanilla id; apply identical fix mapping
common/decisions/GER.txt	7705	353	fix_to=973	Turkey `available` state-scope - same un-migrated vanilla id; apply identical fix mapping
common/decisions/GER.txt	7708	800	fix_to=1033	Turkey `available` state-scope - same un-migrated vanilla id; apply identical fix mapping
common/decisions/GER.txt	7711	354	fix_to=958	Turkey `available` state-scope - same un-migrated vanilla id; apply identical fix mapping
common/decisions/GER.txt	7714	349	fix_to=1011	Turkey `available` state-scope - same un-migrated vanilla id; apply identical fix mapping
common/decisions/GER.txt	7717	355	fix_to=924	Turkey `available` state-scope - same un-migrated vanilla id; apply identical fix mapping
common/decisions/GER.txt	7720	798	fix_to=963	Turkey `available` state-scope - same un-migrated vanilla id; apply identical fix mapping
common/decisions/GER.txt	7723	356	fix_to=907	Turkey `available` state-scope - same un-migrated vanilla id; apply identical fix mapping
common/decisions/GER.txt	7726	345	fix_to=1098	Turkey `available` state-scope - same un-migrated vanilla id; apply identical fix mapping
common/decisions/GER.txt	7729	346	fix_to=1046	Turkey `available` state-scope - same un-migrated vanilla id; apply identical fix mapping
common/decisions/GER.txt	7732	49	fix_to=979	Turkey `available` state-scope - same un-migrated vanilla id; apply identical fix mapping
common/decisions/GER.txt	7735	347	fix_to=1939	Turkey `available` state-scope - same un-migrated vanilla id; apply identical fix mapping
common/decisions/GER.txt	7738	343	fix_to=1043	Turkey `available` state-scope - same un-migrated vanilla id; apply identical fix mapping
common/decisions/GER.txt	7741	339	fix_to=1032	Turkey `available` state-scope - same un-migrated vanilla id; apply identical fix mapping
common/decisions/GER.txt	7744	342	fix_to=1097	Turkey `available` state-scope - same un-migrated vanilla id; apply identical fix mapping
common/decisions/GER.txt	7752	344	fix_to=1066	GER_the_fate_of_turkey_area highlight(mirrored as N={ scopes in available L7693-7744): vanilla 344 un-migrated; Adana 1066 (+Osmaniye 1095)
common/decisions/GER.txt	7753	350	fix_to=1059	GER_the_fate_of_turkey_area highlight(mirrored as N={ scopes in available L7693-7744): vanilla 350 un-migrated; Diyarbekir: Diyarbakir 1059 (+Batman 1062,Sanliurfa 1085,Mardin 1091)
common/decisions/GER.txt	7754	352	fix_to=1092	GER_the_fate_of_turkey_area highlight(mirrored as N={ scopes in available L7693-7744): vanilla 352 un-migrated; Hakkari 1092 (+Sirnak 1077)
common/decisions/GER.txt	7755	348	fix_to=1036	GER_the_fate_of_turkey_area highlight(mirrored as N={ scopes in available L7693-7744): vanilla 348 un-migrated; Kayseri 1036 (+Kirsehir 1022,Aksaray 1054,Nigde 1068)
common/decisions/GER.txt	7756	353	fix_to=973	GER_the_fate_of_turkey_area highlight(mirrored as N={ scopes in available L7693-7744): vanilla 353 un-migrated; Erzurum 973 (+Sarikamet 2256,Kelkit 2255)
common/decisions/GER.txt	7757	800	fix_to=1033	GER_the_fate_of_turkey_area highlight(mirrored as N={ scopes in available L7693-7744): vanilla 800 un-migrated; Van: Mus 1033 (+Biltis 1051,Baskale 1071)
common/decisions/GER.txt	7758	354	fix_to=958	GER_the_fate_of_turkey_area highlight(mirrored as N={ scopes in available L7693-7744): vanilla 354 un-migrated; Trabzon 958 (+Giresun 964,Rize 938,Tirebolu 2268)
common/decisions/GER.txt	7759	349	fix_to=1011	GER_the_fate_of_turkey_area highlight(mirrored as N={ scopes in available L7693-7744): vanilla 349 un-migrated; Silvas: Sivas 1011 (+Yozgat 1003,Gurun 2257)
common/decisions/GER.txt	7760	355	fix_to=924	GER_the_fate_of_turkey_area highlight(mirrored as N={ scopes in available L7693-7744): vanilla 355 un-migrated; Samsun 924 (+Ordu 955)
common/decisions/GER.txt	7761	798	fix_to=963	GER_the_fate_of_turkey_area highlight(mirrored as N={ scopes in available L7693-7744): vanilla 798 un-migrated; Amasya 963 (+Tokat 970)
common/decisions/GER.txt	7762	356	fix_to=907	GER_the_fate_of_turkey_area highlight(mirrored as N={ scopes in available L7693-7744): vanilla 356 un-migrated; Sinop 907 (+Kastamonu 909)
common/decisions/GER.txt	7763	345	fix_to=1098	GER_the_fate_of_turkey_area highlight(mirrored as N={ scopes in available L7693-7744): vanilla 345 un-migrated; Mersin 1098
common/decisions/GER.txt	7764	346	fix_to=1046	GER_the_fate_of_turkey_area highlight(mirrored as N={ scopes in available L7693-7744): vanilla 346 un-migrated; Konya 1046 (+Karaman 1093)
common/decisions/GER.txt	7765	49	fix_to=979	GER_the_fate_of_turkey_area highlight(mirrored as N={ scopes in available L7693-7744): vanilla 49 un-migrated; 'Turkey' (NW-Anatolia+Istanbul): Ankara 979 (+Bati Istanbul 932,Dogu Istanbul 945,Kocaeli 1939,Bursa 1932,Bilecik 983,Sakarya 952)
common/decisions/GER.txt	7766	347	fix_to=1939	GER_the_fate_of_turkey_area highlight(mirrored as N={ scopes in available L7693-7744): vanilla 347 un-migrated; Izmit: Kocaeli 1939 (+Sakarya 952,Bolu 967)
common/decisions/GER.txt	7767	343	fix_to=1043	GER_the_fate_of_turkey_area highlight(mirrored as N={ scopes in available L7693-7744): vanilla 343 un-migrated; Afyon: Afyonkarahisar 1043 (+Usak 1055)
common/decisions/GER.txt	7768	339	fix_to=1032	GER_the_fate_of_turkey_area highlight(mirrored as N={ scopes in available L7693-7744): vanilla 339 un-migrated; Izmir 1032 (+Manisa 1050,Aydin 1081,Mugla 1084,Fethiye 1094)
common/decisions/GER.txt	7769	342	fix_to=1097	GER_the_fate_of_turkey_area highlight(mirrored as N={ scopes in available L7693-7744): vanilla 342 un-migrated; Antalya 1097 (+Burdur 1090,Isparta 1064)
common/decisions/GER.txt	7855	419	fix_to=1040	Iran `available` state-scope - same un-migrated vanilla id; apply identical fix mapping
common/decisions/GER.txt	7858	421	fix_to=1138	Iran `available` state-scope - same un-migrated vanilla id; apply identical fix mapping
common/decisions/GER.txt	7861	420	fix_to=1069	Iran `available` state-scope - same un-migrated vanilla id; apply identical fix mapping
common/decisions/GER.txt	7864	417	fix_to=1082	Iran `available` state-scope - same un-migrated vanilla id; apply identical fix mapping
common/decisions/GER.txt	7867	413	fix_to=1238	Iran `available` state-scope - same un-migrated vanilla id; apply identical fix mapping
common/decisions/GER.txt	7870	266	fix_to=1155	Iran `available` state-scope - same un-migrated vanilla id; apply identical fix mapping
common/decisions/GER.txt	7873	411	fix_to=1314	Iran `available` state-scope - same un-migrated vanilla id; apply identical fix mapping
common/decisions/GER.txt	7876	412	fix_to=1274	Iran `available` state-scope - same un-migrated vanilla id; apply identical fix mapping
common/decisions/GER.txt	7879	418	fix_to=1100	Iran `available` state-scope - same un-migrated vanilla id; apply identical fix mapping
common/decisions/GER.txt	7882	416	fix_to=1087	Iran `available` state-scope - same un-migrated vanilla id; apply identical fix mapping
common/decisions/GER.txt	7885	414	fix_to=1267	Iran `available` state-scope - same un-migrated vanilla id; apply identical fix mapping
common/decisions/GER.txt	7888	410	ambiguous	Iran `available` state-scope - same un-migrated vanilla id; apply identical fix mapping
common/decisions/GER.txt	7891	1000	fix_to=1040	Iran `available` state-scope - same un-migrated vanilla id; apply identical fix mapping
common/decisions/GER.txt	7894	1001	fix_to=1138	Iran `available` state-scope - same un-migrated vanilla id; apply identical fix mapping
common/decisions/GER.txt	7897	1004	fix_to=1076	Iran `available` state-scope - same un-migrated vanilla id; apply identical fix mapping
common/decisions/GER.txt	7900	1002	fix_to=1235	Iran `available` state-scope - same un-migrated vanilla id; apply identical fix mapping
common/decisions/GER.txt	7903	1003	fix_to=1193	Iran `available` state-scope - same un-migrated vanilla id; apply identical fix mapping
common/decisions/GER.txt	7911	419	fix_to=1040	GER_the_fate_of_iran_area highlight(mirrored as N={ scopes in available L7855-7903): vanilla 419 un-migrated; 'Azerbaijan' (Iranian): East Azerbaijan 1040 (+West Azerbaijan 1024,Ardabil 1025,Khoy 2546,Salmas 2547,Talesh 2354,Bukan 2355)
common/decisions/GER.txt	7912	421	fix_to=1138	GER_the_fate_of_iran_area highlight(mirrored as N={ scopes in available L7855-7903): vanilla 421 un-migrated; Kurdistan: Iranian Kurdistan 1138 (+Kermanshah 1191)
common/decisions/GER.txt	7913	420	fix_to=1069	GER_the_fate_of_iran_area highlight(mirrored as N={ scopes in available L7855-7903): vanilla 420 un-migrated; Gilan 1069 (+Mazandaran 1117)
common/decisions/GER.txt	7914	417	fix_to=1082	GER_the_fate_of_iran_area highlight(mirrored as N={ scopes in available L7855-7903): vanilla 417 un-migrated; Golestan 1082
common/decisions/GER.txt	7915	413	fix_to=1238	GER_the_fate_of_iran_area highlight(mirrored as N={ scopes in available L7855-7903): vanilla 413 un-migrated; Khuzestan 1238 (+Mehran 2352,Izeh 2351,Masjed Soleiman 2394,Khorramshahr 2548)
common/decisions/GER.txt	7916	266	fix_to=1155	GER_the_fate_of_iran_area highlight(mirrored as N={ scopes in available L7855-7903): vanilla 266 un-migrated; 'Persia' (central): Tehran 1155 (+Alborz 1146,Markazi 1171,Qom 1192,Zanjan 1107,Qazvin 1125,Isfahan 1206,Hamadan 1170,Lorestan 1213)
common/decisions/GER.txt	7917	411	fix_to=1314	GER_the_fate_of_iran_area highlight(mirrored as N={ scopes in available L7855-7903): vanilla 411 un-migrated; Hormozgan 1314 (+Kangan 2349)
common/decisions/GER.txt	7918	412	fix_to=1274	GER_the_fate_of_iran_area highlight(mirrored as N={ scopes in available L7855-7903): vanilla 412 un-migrated; Fars 1274 (+Kohgiluyeh 1283,Chahar Mahaal 1252,Bushehr 1300)
common/decisions/GER.txt	7919	418	fix_to=1100	GER_the_fate_of_iran_area highlight(mirrored as N={ scopes in available L7855-7903): vanilla 418 un-migrated; Semnan 1100
common/decisions/GER.txt	7920	416	fix_to=1087	GER_the_fate_of_iran_area highlight(mirrored as N={ scopes in available L7855-7903): vanilla 416 un-migrated; Razavi Khorasan 1087
common/decisions/GER.txt	7921	414	fix_to=1267	GER_the_fate_of_iran_area highlight(mirrored as N={ scopes in available L7855-7903): vanilla 414 un-migrated; Kerman 1267
common/decisions/GER.txt	7922	410	ambiguous	GER_the_fate_of_iran_area highlight(mirrored as N={ scopes in available L7855-7903): vanilla 410 un-migrated; Sistan: no Sistan/Baluchestan state in mod (SE Iran likely off-map; Kerman 1267/S.Khorasan 1193 nearest)
common/decisions/GER.txt	7923	1000	fix_to=1040	GER_the_fate_of_iran_area highlight(mirrored as N={ scopes in available L7855-7903): vanilla 1000 un-migrated; East Azerbaijan 1040
common/decisions/GER.txt	7924	1001	fix_to=1138	GER_the_fate_of_iran_area highlight(mirrored as N={ scopes in available L7855-7903): vanilla 1001 un-migrated; Kurdistan 1138
common/decisions/GER.txt	7925	1004	fix_to=1076	GER_the_fate_of_iran_area highlight(mirrored as N={ scopes in available L7855-7903): vanilla 1004 un-migrated; North Khorasan 1076
common/decisions/GER.txt	7926	1002	fix_to=1235	GER_the_fate_of_iran_area highlight(mirrored as N={ scopes in available L7855-7903): vanilla 1002 un-migrated; Yazd 1235
common/decisions/GER.txt	7927	1003	fix_to=1193	GER_the_fate_of_iran_area highlight(mirrored as N={ scopes in available L7855-7903): vanilla 1003 un-migrated; South Khorasan 1193
common/decisions/GER.txt	8522	123	fix_to=123	GER_begin_heavy_water_production available `123 = {CONTROLLER...}`: vanilla 123=Telemark (Rjukan heavy water); mod 123=Telemark - already correct coincidence
common/decisions/GER.txt	8557	28	fix_to=566	GER_dismantle_maginot available+visible+remove_effect `controls_state/scope = 28` Alcase (×2, also L8575,L8589) -> mod Bas-Rhin 566 + Haut-Rhin 606
common/decisions/GER.txt	8562	18	fix_to=552	same, vanilla Champagne -> mod Marne 552 (+Aube 584,Charleville-Mezieres 525,Rethel 2575,Bussang? no); also L8580,L8604
common/decisions/GER.txt	8563	29	fix_to=472	same, vanilla Pas de Calais -> mod Calais 472 (+Boulogne-sur-Mer 2874); also L8581,L8615
common/decisions/GER.txt	8575	28	fix_to=566	second occurrence of same controls_state check (visible block); identical un-migrated vanilla id - apply same fix
common/decisions/GER.txt	8580	18	fix_to=552	second occurrence of same controls_state check (visible block); identical un-migrated vanilla id - apply same fix
common/decisions/GER.txt	8581	29	fix_to=472	second occurrence of same controls_state check (visible block); identical un-migrated vanilla id - apply same fix
common/decisions/GER.txt	8589	28	fix_to=566	GER_dismantle_maginot remove_effect scope - same un-migrated vanilla id
common/decisions/GER.txt	8604	18	fix_to=552	GER_dismantle_maginot remove_effect scope - same un-migrated vanilla id
common/decisions/GER.txt	8615	29	fix_to=472	GER_dismantle_maginot remove_effect scope - same un-migrated vanilla id
common/decisions/GER.txt	8651	69	fix_to=473	GER_dismantle_czechoslovakian_forts available+visible `controls_state = 69` Sudetenland (×2, L8651/8666; remove_effect L8677): mod NORTH SUDETENLAND={473,471,498,1434,504,499,1428}+SOUTH={1431,1430,1425?,1426?}+EAST={507,1429,1977}; expand list
common/decisions/GER.txt	8652	972	fix_to=1431	same `controls_state = 972` Southern Sudetenland (×2) -> mod 1431 Krumau (+1430,1432,1433,1425-1427)
common/decisions/GER.txt	8653	74	fix_to=507	same `controls_state = 74` Eastern Sudetenland (×2; remove_effect L8688) -> mod 507 Troppau (+1429 Ostrava,1977 Hlucin,526 Zaolzie)
common/decisions/GER.txt	8654	9	fix_to=513	same `controls_state = 9` Bohemia (×2; remove_effect L8699) -> mod Bohemian states {513,489,522,523,529,486,514,535,1425,1426,1427}; principal Praha 513
common/decisions/GER.txt	8655	75	fix_to=536	same `controls_state = 75` Moravia (×2; remove_effect L8710) -> mod Moravian states {536,532,528}; principal Brno 536
common/decisions/GER.txt	8666	69	fix_to=473	second occurrence of same controls_state check (visible block); identical un-migrated vanilla id - apply same fix
common/decisions/GER.txt	8667	972	fix_to=1431	second occurrence of same controls_state check (visible block); identical un-migrated vanilla id - apply same fix
common/decisions/GER.txt	8668	74	fix_to=507	second occurrence of same controls_state check (visible block); identical un-migrated vanilla id - apply same fix
common/decisions/GER.txt	8669	9	fix_to=513	second occurrence of same controls_state check (visible block); identical un-migrated vanilla id - apply same fix
common/decisions/GER.txt	8670	75	fix_to=536	second occurrence of same controls_state check (visible block); identical un-migrated vanilla id - apply same fix
common/decisions/GER.txt	8677	69	fix_to=473	GER_dismantle_czechoslovakian_forts remove_effect scope - same un-migrated vanilla id (972 absent in remove_effect; consider adding)
common/decisions/GER.txt	8688	74	fix_to=507	GER_dismantle_czechoslovakian_forts remove_effect scope - same un-migrated vanilla id (972 absent in remove_effect; consider adding)
common/decisions/GER.txt	8699	9	fix_to=513	GER_dismantle_czechoslovakian_forts remove_effect scope - same un-migrated vanilla id (972 absent in remove_effect; consider adding)
common/decisions/GER.txt	8710	75	fix_to=536	GER_dismantle_czechoslovakian_forts remove_effect scope - same un-migrated vanilla id (972 absent in remove_effect; consider adding)
common/decisions/GER.txt	11381	333	fix_to=2975	GER_south_east_asian_construction_push_decision target_trigger (dup list in resources_push L11469-11485): vanilla 333 (British Borneo); mod collapses entire East-Indies region to state 2975 Indonesia
common/decisions/GER.txt	11382	334	fix_to=2975	GER_south_east_asian_construction_push_decision target_trigger (dup list in resources_push L11469-11485): vanilla 334 (Kalimantan Barat); mod collapses entire East-Indies region to state 2975 Indonesia
common/decisions/GER.txt	11383	335	fix_to=2975	GER_south_east_asian_construction_push_decision target_trigger (dup list in resources_push L11469-11485): vanilla 335 (West Java); mod collapses entire East-Indies region to state 2975 Indonesia
common/decisions/GER.txt	11384	336	fix_to=2975	GER_south_east_asian_construction_push_decision target_trigger (dup list in resources_push L11469-11485): vanilla 336 (Singapore); mod collapses entire East-Indies region to state 2975 Indonesia
common/decisions/GER.txt	11385	667	fix_to=2975	GER_south_east_asian_construction_push_decision target_trigger (dup list in resources_push L11469-11485): vanilla 667 (West Nusa Tenggara); mod collapses entire East-Indies region to state 2975 Indonesia
common/decisions/GER.txt	11386	668	fix_to=2975	GER_south_east_asian_construction_push_decision target_trigger (dup list in resources_push L11469-11485): vanilla 668 (The Moluccas); mod collapses entire East-Indies region to state 2975 Indonesia
common/decisions/GER.txt	11387	672	fix_to=2975	GER_south_east_asian_construction_push_decision target_trigger (dup list in resources_push L11469-11485): vanilla 672 (South Sumatra); mod collapses entire East-Indies region to state 2975 Indonesia
common/decisions/GER.txt	11388	673	fix_to=2975	GER_south_east_asian_construction_push_decision target_trigger (dup list in resources_push L11469-11485): vanilla 673 (Sulawesi); mod collapses entire East-Indies region to state 2975 Indonesia
common/decisions/GER.txt	11389	721	fix_to=2975	GER_south_east_asian_construction_push_decision target_trigger (dup list in resources_push L11469-11485): vanilla 721 (Portuguese Timor); mod collapses entire East-Indies region to state 2975 Indonesia
common/decisions/GER.txt	11390	738	fix_to=2975	GER_south_east_asian_construction_push_decision target_trigger (dup list in resources_push L11469-11485): vanilla 738 (Aru Islands); mod collapses entire East-Indies region to state 2975 Indonesia
common/decisions/GER.txt	11391	684	fix_to=2975	GER_south_east_asian_construction_push_decision target_trigger (dup list in resources_push L11469-11485): vanilla 684 (Caroline Islands); mod collapses entire East-Indies region to state 2975 Indonesia
common/decisions/GER.txt	11392	647	fix_to=2975	GER_south_east_asian_construction_push_decision target_trigger (dup list in resources_push L11469-11485): vanilla 647 (Palau); mod collapses entire East-Indies region to state 2975 Indonesia
common/decisions/GER.txt	11393	646	fix_to=2975	GER_south_east_asian_construction_push_decision target_trigger (dup list in resources_push L11469-11485): vanilla 646 (Saipan); mod collapses entire East-Indies region to state 2975 Indonesia
common/decisions/GER.txt	11394	633	fix_to=2975	GER_south_east_asian_construction_push_decision target_trigger (dup list in resources_push L11469-11485): vanilla 633 (Marshall Islands); mod collapses entire East-Indies region to state 2975 Indonesia
common/decisions/GER.txt	11395	743	ambiguous	GER_south_east_asian_construction_push_decision target_trigger (dup list in resources_push L11469-11485): vanilla 743 (Qingdao) no China states in mod (off-map)
common/decisions/GER.txt	11396	979	fix_to=2975	GER_south_east_asian_construction_push_decision target_trigger (dup list in resources_push L11469-11485): vanilla 979 (Kaiser Wilhelms Land); mod collapses entire East-Indies region to state 2975 Indonesia
common/decisions/GER.txt	11397	737	fix_to=2975	GER_south_east_asian_construction_push_decision target_trigger (dup list in resources_push L11469-11485): vanilla 737 (New Britain); mod collapses entire East-Indies region to state 2975 Indonesia
common/decisions/GER.txt	11469	333	fix_to=2975	GER_south_east_asian_resources_push_decision target_trigger - vanilla 333 (British Borneo); same fix as construction_push list
common/decisions/GER.txt	11470	334	fix_to=2975	GER_south_east_asian_resources_push_decision target_trigger - vanilla 334 (Kalimantan Barat); same fix as construction_push list
common/decisions/GER.txt	11471	335	fix_to=2975	GER_south_east_asian_resources_push_decision target_trigger - vanilla 335 (West Java); same fix as construction_push list
common/decisions/GER.txt	11472	336	fix_to=2975	GER_south_east_asian_resources_push_decision target_trigger - vanilla 336 (Singapore); same fix as construction_push list
common/decisions/GER.txt	11473	667	fix_to=2975	GER_south_east_asian_resources_push_decision target_trigger - vanilla 667 (West Nusa Tenggara); same fix as construction_push list
common/decisions/GER.txt	11474	668	fix_to=2975	GER_south_east_asian_resources_push_decision target_trigger - vanilla 668 (The Moluccas); same fix as construction_push list
common/decisions/GER.txt	11475	672	fix_to=2975	GER_south_east_asian_resources_push_decision target_trigger - vanilla 672 (South Sumatra); same fix as construction_push list
common/decisions/GER.txt	11476	673	fix_to=2975	GER_south_east_asian_resources_push_decision target_trigger - vanilla 673 (Sulawesi); same fix as construction_push list
common/decisions/GER.txt	11477	721	fix_to=2975	GER_south_east_asian_resources_push_decision target_trigger - vanilla 721 (Portuguese Timor); same fix as construction_push list
common/decisions/GER.txt	11478	738	fix_to=2975	GER_south_east_asian_resources_push_decision target_trigger - vanilla 738 (Aru Islands); same fix as construction_push list
common/decisions/GER.txt	11479	684	fix_to=2975	GER_south_east_asian_resources_push_decision target_trigger - vanilla 684 (Caroline Islands); same fix as construction_push list
common/decisions/GER.txt	11480	647	fix_to=2975	GER_south_east_asian_resources_push_decision target_trigger - vanilla 647 (Palau); same fix as construction_push list
common/decisions/GER.txt	11481	646	fix_to=2975	GER_south_east_asian_resources_push_decision target_trigger - vanilla 646 (Saipan); same fix as construction_push list
common/decisions/GER.txt	11482	633	fix_to=2975	GER_south_east_asian_resources_push_decision target_trigger - vanilla 633 (Marshall Islands); same fix as construction_push list
common/decisions/GER.txt	11483	743	ambiguous	GER_south_east_asian_resources_push_decision target_trigger - same un-migrated vanilla id
common/decisions/GER.txt	11484	979	fix_to=2975	GER_south_east_asian_resources_push_decision target_trigger - same un-migrated vanilla id
common/decisions/GER.txt	11485	737	fix_to=2975	GER_south_east_asian_resources_push_decision target_trigger - same un-migrated vanilla id
common/decisions/GER.txt	15106	546	fix_to=2292	GER_industrial_relocation_oil_decision target_trigger `state = 546 #Azerbaijan`: mod 546=Tuchola; Azerbaijan oil region = Baku 2292 (SOV-controlled, is_fully_controlled_by=SOV intent)
