common\ai_strategy\CZE.txt	397	69	Sudatenland	nice	controls_state = 69 #Sudetenland
common\ai_strategy\CZE.txt	398	972	- South Sudetenland	Agcab@di	controls_state = 972 #Southern Sudetenland
common\ai_strategy\ENG.txt	1122	539	Gabon	Budejovice	controls_state = 539
common\ai_strategy\ENG.txt	1123	14	Brittany	Lappi	controls_state = 14
common\ai_strategy\ENG.txt	1124	785	Picardy	Kraljevo	controls_state = 785
common\ai_strategy\ENG.txt	1125	29	Pas de Calais	Suursaari	controls_state = 29
common\ai_strategy\ENG.txt	1126	6	Belgium	New Brunswick	controls_state = 6
common\ai_strategy\ENG.txt	1127	35	Gelderland	Komi	controls_state = 35
common\ai_strategy\ENG.txt	1128	7	Holland	Maine	controls_state = 7
common\ai_strategy\ENG.txt	1129	36	Friesland	Lavansaari	controls_state = 36
common\ai_strategy\ENG.txt	1130	56	Weser-Ems	Sudurland	controls_state = 56
common\ai_strategy\ENG.txt	1131	59	Ost - Hannover	Suoyarvi	controls_state = 59
common\ai_strategy\ENG.txt	1132	58	Schleswig - Holstein	Hauts-de-Seine	controls_state = 58
common\ai_strategy\ENG.txt	1133	909	South Schleswig	Kastamonu	controls_state = 909
common\ai_strategy\ENG.txt	1134	912	Sonderjylland	Bari	controls_state = 912
common\ai_strategy\ENG.txt	1135	99	Jutland	Gniezno	controls_state = 99
common\ai_strategy\ENG.txt	1136	142	Vestlandet	Staraya Russa	controls_state = 142
common\ai_strategy\ENG.txt	1137	337	Faroe Islands	Kildare	controls_state = 337
common\ai_strategy\ENG.txt	1138	100	Iceland	Sortavala	controls_state = 100
common\ai_strategy\ENG.txt	1139	922	Agder	Braga	controls_state = 922
common\ai_strategy\ENG.txt	1140	30	Loire	Medvezhyegorsk	controls_state = 30
common\ai_strategy\ENG.txt	1141	23	Poitou	Norrbotten	controls_state = 23
common\ai_strategy\ENG.txt	1142	19	Aquitaine	Murmansk	controls_state = 19
common\ai_strategy\ENG.txt	1143	806	French Basque Country	Karachay-Cherkess	controls_state = 806
common\ai_strategy\ENG.txt	1959	448	Tripoli	Abbeville	controls_state = 448 # Tripoli
common\ai_strategy\ENG.txt	1960	451	Derna	Zeeland	controls_state = 451 # Tobruk
common\ai_strategy\ENG.txt	1991	448	Tripoli	Abbeville	controls_state = 448 # Tripoli
common\ai_strategy\ENG.txt	1992	451	Derna	Zeeland	controls_state = 451 # Tobruk
common\ai_strategy\ENG.txt	2787	451	Derna	Zeeland	state = 451 #derna
common\ai_strategy\ENG.txt	2797	452	Marsa Matruh	Val-de-Marne	state = 452 #matrouh
common\ai_strategy\ENG_operation_strats.txt	31	16	Ile de France	Rybachy Peninsula	state = 16 # Paris
common\ai_strategy\ENG_operation_strats.txt	32	6	Belgium	New Brunswick	state = 6
common\ai_strategy\ENG_operation_strats.txt	33	14	Brittany	Lappi	state = 14
common\ai_strategy\ENG_operation_strats.txt	40	55	Nassau	Rhode Island	state = 55 # Hessen
common\ai_strategy\ENG_operation_strats.txt	86	110	Norway	Varmland	controls_state = 110
common\ai_strategy\ENG_operation_strats.txt	106	110	Norway	Varmland	state = 110
common\ai_strategy\FIN.txt	89	146	Karelia	Saaremaa	SOV = { owns_state = 146 } #Karjala
common\ai_strategy\FIN.txt	96	146	Karelia	Saaremaa	owns_state = 146 #Karjala
common\ai_strategy\GER.txt	3596	225	Glukhov	Utenos	controls_state = 225
common\ai_strategy\GER.txt	3597	227	Stalino	Klaipedos	controls_state = 227
common\ai_strategy\GER.txt	3603	259	Liski	Marijampoles	controls_state = 259
common\ai_strategy\GER.txt	3622	91	Tarnopol	Ventspils	controls_state = 91
common\ai_strategy\GER.txt	3623	94	Polesie	Ilukste	controls_state = 94
common\ai_strategy\GER.txt	3624	95	Nowogrodek	Valmiera	controls_state = 95
common\ai_strategy\GER.txt	3630	188	Memel	Tukums	controls_state = 188
common\ai_strategy\GER.txt	3631	196	Kherson	Jelgava	controls_state = 196
common\ai_strategy\GER.txt	3652	137	Crimea	Jaanilinn	controls_state = 137
common\ai_strategy\GER.txt	3656	152	Upper Austria	Tarto	controls_state = 152
common\ai_strategy\GER.txt	4946	69	Sudatenland	nice	state = 69
common\ai_strategy\GER.txt	4958	69	Sudatenland	nice	state = 69
common\ai_strategy\GER.txt	5044	9	Czechoslovakia	Ontario	controls_state = 9
common\ai_strategy\GER.txt	5101	4	Austria	Finnmark	controls_state = 4
common\ai_strategy\GER.txt	5102	152	Upper Austria	Tarto	controls_state = 152
common\ai_strategy\GER.txt	5123	972	- South Sudetenland	Agcab@di	state = 972
common\ai_strategy\GER.txt	5124	70	Slovakia	Soro	state = 70
common\ai_strategy\GER.txt	5136	972	- South Sudetenland	Agcab@di	state = 972 #South Sudetenland
common\ai_strategy\GER.txt	5137	75	Moravia	More og Romsdal	state = 75 # Moravia
common\ai_strategy\ITA.txt	300	158	Piedmont	Caithness	state = 158
common\ai_strategy\ITA.txt	301	735	Savoy	Subotica	state = 735
common\ai_strategy\ITA.txt	1097	452	Marsa Matruh	Val-de-Marne	state = 452 # Matrouh
common\ai_strategy\ITA.txt	1107	447	Alexandria	Surrey	state = 447 # Alexandria
common\ai_strategy\ITA.txt	1341	841	Begemder	Abkhazia	state = 841 # assault Begemder
common\ai_strategy\ITA.txt	1366	837	Sidamo	Asturias	state = 837 # assault Sidamo
common\ai_strategy\ITA.txt	1391	271	ethiopia	North Riding	state = 271 # assault Addis
common\ai_strategy\ITA.txt	1416	835	Haraghe	Trebinje	state = 835 # assault Hararghe
common\ai_strategy\SOV.txt	488	146	Karelia	Saaremaa	NOT = { controls_state = 146 } #Karelija
common\ai_strategy\SOV.txt	499	146	Karelia	Saaremaa	controls_state = 146 #Karelija
common\ai_strategy\SOV.txt	1459	220	Kursk Area	West Lothian	controls_state = 220
common\ai_strategy\SOV.txt	1460	224	Bryansk	Berwick	controls_state = 224
common\ai_strategy\SOV.txt	1461	243	Roslavl	Srem	controls_state = 243
common\ai_strategy\SOV.txt	1462	207	Viciebsk	Panevezio	controls_state = 207
common\ai_strategy\SOV.txt	1463	210	Bryansk	Stirling	controls_state = 210
common\ai_strategy\SOV.txt	1513	218	Rostov Area	Vyazma	controls_state = 218
common\ai_strategy\SOV.txt	1514	228	Taganrog	Ribe	controls_state = 228
common\ai_strategy\SOV.txt	1515	260	Borisoglbsk	Eiderstadt	controls_state = 260
common\ai_strategy\SOV.txt	1516	239	Saratov	Selkirk	controls_state = 239
common\ai_strategy\SOV.txt	2294	78	Bessarabia	Hedmark	NOT = { owns_state = 78 } #Bessarabia
common\ai_strategy\SOV.txt	2300	80	Bocovina	Ostrow Wiel	NOT = { owns_state = 80 } #Bucovina
common\ai_strategy\SOV.txt	2306	766	Southern Bessarabia	Cantal	NOT = { owns_state = 766 } #Southern Bessarabia
common\ai_strategy\SOV.txt	2320	78	Bessarabia	Hedmark	owns_state = 78 #Bessarabia
common\ai_strategy\SOV.txt	2326	80	Bocovina	Ostrow Wiel	owns_state = 80 #Bucovina
common\ai_strategy\SOV.txt	2332	766	Southern Bessarabia	Cantal	owns_state = 766 #Southern Bessarabia
common\ai_strategy\SOV.txt	2373	146	Karelia	Saaremaa	NOT = { owns_state = 146 } #Karjala
common\ai_strategy\SOV.txt	2386	146	Karelia	Saaremaa	owns_state = 146 #Karjala
common\ai_strategy\SOV.txt	2485	195	Leningrad Area	Moscow Oblast	state = 195
common\ai_strategy\SOV.txt	2486	146	Karelia	Saaremaa	state = 146
common\ai_strategy\SOV.txt	2487	928	Kyme	Edirne	state = 928
common\ai_strategy\SOV.txt	2488	111	Uusima	Hordaland	state = 111
common\ai_strategy\SOV.txt	2489	927	Hame	Tarragona	state = 927
common\ai_strategy\SOV.txt	2490	926	Turku	Segovia	state = 926
common\ai_strategy\SOV.txt	2683	96	Wilejka	Vologda	owns_state = 96
common\ai_strategy\SOV.txt	2684	95	Nowogrodek	Valmiera	owns_state = 95
common\ai_strategy\SOV.txt	2685	94	Polesie	Ilukste	owns_state = 94
common\ai_strategy\SOV.txt	2686	93	Volhynian	Etela-Karjala	owns_state = 93
common\ai_strategy\SOV.txt	2687	92	Lublin	Sogn og Fjordane	owns_state = 92
common\ai_strategy\USA.txt	1558	16	Ile de France	Rybachy Peninsula	controls_state = 16
common\ai_strategy\USA.txt	2369	645	Iwo Jima	Tours	controls_state = 645 #Iwo Jima
common\collections\collections.txt	339	208	Pskov	Kretingos	state = 208
common\collections\collections.txt	421	208	Pskov	Kretingos	state = 208
common\decisions\AUS.txt	2089	764	West Banat	Prahova	controls_state = 764
common\decisions\AUS.txt	2091	764	West Banat	Prahova	controls_state = 764
common\decisions\AUS.txt	2095	104	Bosnia	Haderslev	controls_state = 104
common\decisions\AUS.txt	2097	104	Bosnia	Haderslev	controls_state = 104
common\decisions\AUS.txt	2101	103	Croatia	Kanta-Hame	controls_state = 103
common\decisions\AUS.txt	2103	103	Croatia	Kanta-Hame	controls_state = 103
common\decisions\AUS.txt	2107	804	Herzegovina	Teleorman	controls_state = 804
common\decisions\AUS.txt	2109	804	Herzegovina	Teleorman	controls_state = 804
common\decisions\AUS.txt	2113	45	Yugoslavia	Vasterbotten	controls_state = 45
common\decisions\AUS.txt	2115	45	Yugoslavia	Vasterbotten	controls_state = 45
common\decisions\AUS.txt	2132	102	North-Eastern Slovenia	Volkhov	controls_state = 102
common\decisions\AUS.txt	2133	109	Eastern Croatia	Varsinais-Suomi	controls_state = 109
common\decisions\AUS.txt	2134	853	Ljubljana	Sinjajevina	controls_state = 853
common\decisions\AUS.txt	2163	764	West Banat	Prahova	controls_state = 764
common\decisions\AUS.txt	2164	104	Bosnia	Haderslev	controls_state = 104
common\decisions\AUS.txt	2165	103	Croatia	Kanta-Hame	controls_state = 103
common\decisions\AUS.txt	2166	804	Herzegovina	Teleorman	controls_state = 804
common\decisions\AUS.txt	2167	45	Yugoslavia	Vasterbotten	controls_state = 45
common\decisions\BEL.txt	1139	29	Pas de Calais	Suursaari	state = 29
common\decisions\BEL.txt	1140	785	Picardy	Kraljevo	state = 785
common\decisions\BEL.txt	1141	18	Champagne	Connecticut	state = 18
common\decisions\BEL.txt	1142	28	Alcase	Virginia	state = 28
common\decisions\BEL.txt	1143	17	Alcase Lorraine	Petsamo	state = 17
common\decisions\BEL.txt	1144	27	Champagne2	Nenets	state = 27
common\decisions\BUL.txt	7963	212	Plovdiv	Malmohus	state = 212
common\decisions\BUL.txt	7973	212	Plovdiv	Malmohus	owns_state = 212
common\decisions\BUL.txt	7974	212	Plovdiv	Malmohus	controls_state = 212
common\decisions\BUL.txt	8072	48	Bulgaria	Austurland	controls_state = 48
common\decisions\BUL.txt	9164	341	Edirne	Anglesey	controls_state = 341
common\decisions\BUL.txt	9165	797	Istanbul	Dolj	controls_state = 797
common\decisions\COG.txt	22	889	Elisabethville	Zaqatala	controls_state = 889
common\decisions\COG.txt	23	890	Costermansville	Imereti	controls_state = 890
common\decisions\COG.txt	24	718	Stanleyville	Torino	controls_state = 718
common\decisions\COG.txt	25	538	Cameroun	Verdun	controls_state = 538
common\decisions\COG.txt	26	888	Lusambo	Kacanik	controls_state = 888
common\decisions\COG.txt	27	295	Congo	Naugard	controls_state = 295
common\decisions\COG.txt	563	772	Middle Congo	Ardeche	state = 772
common\decisions\COG.txt	633	769	Burundi	Kerch	state = 769
common\decisions\COG.txt	703	768	Rwanda	Dambovita	state = 768
common\decisions\COG.txt	1014	888	Lusambo	Kacanik	state = 888
common\decisions\COG.txt	1594	768	Rwanda	Dambovita	owns_state = 768
common\decisions\COG.txt	1595	769	Burundi	Kerch	owns_state = 769
common\decisions\COG.txt	1602	768	Rwanda	Dambovita	owns_state = 768
common\decisions\COG.txt	1603	769	Burundi	Kerch	owns_state = 769
common\decisions\COG.txt	1674	768	Rwanda	Dambovita	owns_state = 768
common\decisions\COG.txt	1675	769	Burundi	Kerch	owns_state = 769
common\decisions\COG.txt	1682	768	Rwanda	Dambovita	owns_state = 768
common\decisions\COG.txt	1683	769	Burundi	Kerch	owns_state = 769
common\decisions\COG.txt	1790	768	Rwanda	Dambovita	owns_state = 768
common\decisions\COG.txt	1795	768	Rwanda	Dambovita	owns_state = 768
common\decisions\COG.txt	1862	769	Burundi	Kerch	owns_state = 769
common\decisions\COG.txt	1867	769	Burundi	Kerch	owns_state = 769
common\decisions\COG.txt	1935	768	Rwanda	Dambovita	owns_state = 768
common\decisions\COG.txt	1936	769	Burundi	Kerch	owns_state = 769
common\decisions\COG.txt	1944	768	Rwanda	Dambovita	owns_state = 768
common\decisions\COG.txt	1945	769	Burundi	Kerch	owns_state = 769
common\decisions\COG.txt	2040	889	Elisabethville	Zaqatala	owns_state = 889
common\decisions\COG.txt	2041	888	Lusambo	Kacanik	owns_state = 888
common\decisions\COG.txt	2042	890	Costermansville	Imereti	owns_state = 890
common\decisions\COG.txt	2188	768	Rwanda	Dambovita	owns_state = 768
common\decisions\COG.txt	2189	769	Burundi	Kerch	owns_state = 769
common\decisions\COG.txt	2283	718	Stanleyville	Torino	owns_state = 718
common\decisions\COG.txt	2361	889	Elisabethville	Zaqatala	owns_state = 889
common\decisions\COG.txt	2452	718	Stanleyville	Torino	owns_state = 718
common\decisions\COG.txt	3117	538	Cameroun	Verdun	state = 538
common\decisions\COG.txt	3118	718	Stanleyville	Torino	state = 718
common\decisions\COG.txt	3119	890	Costermansville	Imereti	state = 890
common\decisions\COG.txt	3120	888	Lusambo	Kacanik	state = 888
common\decisions\COG.txt	3121	889	Elisabethville	Zaqatala	state = 889
common\decisions\COG.txt	3122	295	Congo	Naugard	state = 295
common\decisions\COG.txt	3123	772	Middle Congo	Ardeche	state = 772
common\decisions\COG.txt	3124	796	North Angola	Nis	state = 796
common\decisions\COG.txt	3125	540	Angola	Charente-Vienne	state = 540
common\decisions\CZE.txt	91	69	Sudatenland	nice	ROOT = { controls_state = 69 }
common\decisions\CZE.txt	95	69	Sudatenland	nice	transfer_state = 69
common\decisions\CZE.txt	100	972	- South Sudetenland	Agcab@di	ROOT = { controls_state = 972 }
common\decisions\CZE.txt	104	972	- South Sudetenland	Agcab@di	transfer_state = 972
common\decisions\CZE.txt	109	74	East Sudatenland	Porajarvi	ROOT = { controls_state = 74 }
common\decisions\CZE.txt	113	74	East Sudatenland	Porajarvi	transfer_state = 74
common\decisions\CZE.txt	118	72	Zaolzie	Keski-Suomi	ROOT = { controls_state = 72 }
common\decisions\CZE.txt	122	72	Zaolzie	Keski-Suomi	transfer_state = 72
common\decisions\CZE.txt	127	664	Southern Slovakia	Oradea	ROOT = { controls_state = 664 }
common\decisions\CZE.txt	131	664	Southern Slovakia	Oradea	transfer_state = 664
common\decisions\CZE.txt	221	69	Sudatenland	nice	ROOT = { controls_state = 69 }
common\decisions\CZE.txt	225	69	Sudatenland	nice	transfer_state = 69
common\decisions\CZE.txt	230	972	- South Sudetenland	Agcab@di	ROOT = { controls_state = 972 }
common\decisions\CZE.txt	234	972	- South Sudetenland	Agcab@di	transfer_state = 972
common\decisions\CZE.txt	239	74	East Sudatenland	Porajarvi	ROOT = { controls_state = 74 }
common\decisions\CZE.txt	243	74	East Sudatenland	Porajarvi	transfer_state = 74
common\decisions\CZE.txt	248	72	Zaolzie	Keski-Suomi	ROOT = { controls_state = 72 }
common\decisions\CZE.txt	252	72	Zaolzie	Keski-Suomi	transfer_state = 72
common\decisions\CZE.txt	257	664	Southern Slovakia	Oradea	ROOT = { controls_state = 664 }
common\decisions\CZE.txt	261	664	Southern Slovakia	Oradea	transfer_state = 664
common\decisions\CZE.txt	366	69	Sudatenland	nice	ROOT = { controls_state = 69 }
common\decisions\CZE.txt	370	69	Sudatenland	nice	transfer_state = 69
common\decisions\CZE.txt	375	972	- South Sudetenland	Agcab@di	ROOT = { controls_state = 972 }
common\decisions\CZE.txt	379	972	- South Sudetenland	Agcab@di	transfer_state = 972
common\decisions\CZE.txt	384	74	East Sudatenland	Porajarvi	ROOT = { controls_state = 74 }
common\decisions\CZE.txt	388	74	East Sudatenland	Porajarvi	transfer_state = 74
common\decisions\CZE.txt	408	69	Sudatenland	nice	controls_state = 69
common\decisions\CZE.txt	409	972	- South Sudetenland	Agcab@di	controls_state = 972
common\decisions\CZE.txt	410	74	East Sudatenland	Porajarvi	controls_state = 74
common\decisions\CZE.txt	441	69	Sudatenland	nice	ROOT = { controls_state = 69 }
common\decisions\CZE.txt	449	972	- South Sudetenland	Agcab@di	ROOT = { controls_state = 972 }
common\decisions\CZE.txt	457	74	East Sudatenland	Porajarvi	ROOT = { controls_state = 74 }
common\decisions\CZE.txt	486	72	Zaolzie	Keski-Suomi	ROOT = { controls_state = 72 }
common\decisions\CZE.txt	490	72	Zaolzie	Keski-Suomi	transfer_state = 72
common\decisions\CZE.txt	517	664	Southern Slovakia	Oradea	ROOT = { controls_state = 664 }
common\decisions\CZE.txt	521	664	Southern Slovakia	Oradea	transfer_state = 664
common\decisions\CZE.txt	569	69	Sudatenland	nice	ROOT = { controls_state = 69 }
common\decisions\CZE.txt	579	972	- South Sudetenland	Agcab@di	ROOT = { controls_state = 972 }
common\decisions\CZE.txt	587	74	East Sudatenland	Porajarvi	ROOT = { controls_state = 74 }
common\decisions\CZE.txt	619	69	Sudatenland	nice	state = 69 #North Sudetenland
common\decisions\CZE.txt	671	9	Czechoslovakia	Ontario	state = 9 #Bohemia
common\decisions\CZE.txt	723	73	Carpathian Ruthenia	Etela-Pohjanmaa	state = 73 #Podkarpatska Rus
common\decisions\CZE.txt	1068	69	Sudatenland	nice	controls_state = 69 #North Sudetenland
common\decisions\CZE.txt	1069	972	- South Sudetenland	Agcab@di	controls_state = 972 #South Sudetenland
common\decisions\CZE.txt	1070	74	East Sudatenland	Porajarvi	controls_state = 74 #Czeske Slezsko
common\decisions\CZE.txt	1075	69	Sudatenland	nice	controls_state = 69 #North Sudetenland
common\decisions\CZE.txt	1076	972	- South Sudetenland	Agcab@di	controls_state = 972 #South Sudetenland
common\decisions\CZE.txt	1077	74	East Sudatenland	Porajarvi	controls_state = 74 #Czeske Slezsko
common\decisions\CZE.txt	7069	155	Western Hungary	Parnu	state = 155
common\decisions\CZE.txt	7090	106	Macedonia	Buskerud	state = 106
common\decisions\DEN.txt	5092	101	Greenland	Taurages	state = 101
common\decisions\DEN.txt	7824	37	Denmark	Fontainebleau	controls_state = 37
common\decisions\DEN.txt	7825	99	Jutland	Gniezno	controls_state = 99
common\decisions\DEN.txt	7857	101	Greenland	Taurages	transfer_state = 101
common\decisions\FIN.txt	768	195	Leningrad Area	Moscow Oblast	controls_state = 195
common\decisions\formable_nation_decisions.txt	1629	404	Saykhin	Diekirch	controls_state = 404
common\decisions\formable_nation_decisions.txt	1631	427	Hyderabad	Grevenmacher	controls_state = 427
common\decisions\formable_nation_decisions.txt	1649	454	Israel	West-Vlaanderen	controls_state = 454
common\decisions\formable_nation_decisions.txt	1650	455	Jordan	Oost-Vlaanderen	controls_state = 455
common\decisions\formable_nation_decisions.txt	1651	444	Baluchistan States	Antwerpen	controls_state = 444
common\decisions\formable_nation_decisions.txt	1653	456	Luxor	Vlaams-Limburg	controls_state = 456
common\decisions\formable_nation_decisions.txt	1860	679	Hejaz	Lienz	controls_state = 679
common\decisions\formable_nation_decisions.txt	1861	855	Tabuk	Saint-Girons	controls_state = 855
common\decisions\formable_nation_decisions.txt	1862	856	Asir-Makkah	Samegrelo	controls_state = 856
common\decisions\formable_nation_decisions.txt	1863	293	Yemen	Lancashire	controls_state = 293
common\decisions\formable_nation_decisions.txt	1864	454	Israel	West-Vlaanderen	controls_state = 454
common\decisions\formable_nation_decisions.txt	1865	455	Jordan	Oost-Vlaanderen	controls_state = 455
common\decisions\formable_nation_decisions.txt	1866	656	Kuwait	Sieradz	controls_state = 656
common\decisions\formable_nation_decisions.txt	1889	677	Aleppo	Bekes	controls_state = 677
common\decisions\formable_nation_decisions.txt	1890	680	Deir-az-Zur	Mures	controls_state = 680
common\decisions\formable_nation_decisions.txt	1891	553	Lebanon	Heilbronn	controls_state = 553
common\decisions\formable_nation_decisions.txt	1892	554	Syria	Passau	controls_state = 554
common\decisions\formable_nation_decisions.txt	2688	679	Hejaz	Lienz	controls_state = 679
common\decisions\formable_nation_decisions.txt	2689	293	Yemen	Lancashire	controls_state = 293
common\decisions\formable_nation_decisions.txt	2690	659	Arabian UK 2	Veszprem	controls_state = 659
common\decisions\formable_nation_decisions.txt	2691	855	Tabuk	Saint-Girons	controls_state = 855
common\decisions\formable_nation_decisions.txt	2692	856	Asir-Makkah	Samegrelo	controls_state = 856
common\decisions\formable_nation_decisions.txt	3391	882	Pavlodar	Gibraltar	state = 882
common\decisions\formable_nation_decisions.txt	3854	437	Central Indian Provinces	Wiltshire	state = 437
common\decisions\formable_nation_decisions.txt	3855	57	Westfalen	Olonets	state = 57
common\decisions\formable_nation_decisions.txt	3856	24	Centre	Petrozavodsk	state = 24
common\decisions\formable_nation_decisions.txt	3857	74	East Sudatenland	Porajarvi	state = 74
common\decisions\formable_nation_decisions.txt	3858	59	Ost - Hannover	Suoyarvi	state = 59
common\decisions\formable_nation_decisions.txt	3859	30	Loire	Medvezhyegorsk	state = 30
common\decisions\formable_nation_decisions.txt	3860	39	South Tyrol	Belomorsk	state = 39
common\decisions\formable_nation_decisions.txt	3861	52	Wuttemberg	Segezha	state = 52
common\decisions\formable_nation_decisions.txt	3863	62	Pommern	Repola	state = 62
common\decisions\formable_nation_decisions.txt	3865	19	Aquitaine	Murmansk	state = 19
common\decisions\formable_nation_decisions.txt	3915	437	Central Indian Provinces	Wiltshire	state = 437
common\decisions\formable_nation_decisions.txt	3916	57	Westfalen	Olonets	state = 57
common\decisions\formable_nation_decisions.txt	3917	24	Centre	Petrozavodsk	state = 24
common\decisions\formable_nation_decisions.txt	3918	74	East Sudatenland	Porajarvi	state = 74
common\decisions\formable_nation_decisions.txt	3919	59	Ost - Hannover	Suoyarvi	state = 59
common\decisions\formable_nation_decisions.txt	3920	30	Loire	Medvezhyegorsk	state = 30
common\decisions\formable_nation_decisions.txt	3921	39	South Tyrol	Belomorsk	state = 39
common\decisions\formable_nation_decisions.txt	3922	52	Wuttemberg	Segezha	state = 52
common\decisions\formable_nation_decisions.txt	3924	62	Pommern	Repola	state = 62
common\decisions\formable_nation_decisions.txt	3926	19	Aquitaine	Murmansk	state = 19
common\decisions\formable_nation_decisions.txt	3945	437	Central Indian Provinces	Wiltshire	state = 437
common\decisions\formable_nation_decisions.txt	3946	57	Westfalen	Olonets	state = 57
common\decisions\formable_nation_decisions.txt	3947	24	Centre	Petrozavodsk	state = 24
common\decisions\formable_nation_decisions.txt	3948	74	East Sudatenland	Porajarvi	state = 74
common\decisions\formable_nation_decisions.txt	3949	59	Ost - Hannover	Suoyarvi	state = 59
common\decisions\formable_nation_decisions.txt	3950	30	Loire	Medvezhyegorsk	state = 30
common\decisions\formable_nation_decisions.txt	3951	39	South Tyrol	Belomorsk	state = 39
common\decisions\formable_nation_decisions.txt	3952	52	Wuttemberg	Segezha	state = 52
common\decisions\formable_nation_decisions.txt	3954	62	Pommern	Repola	state = 62
common\decisions\formable_nation_decisions.txt	3956	19	Aquitaine	Murmansk	state = 19
common\decisions\formable_nation_decisions.txt	4478	437	Central Indian Provinces	Wiltshire	state = 437
common\decisions\formable_nation_decisions.txt	4479	57	Westfalen	Olonets	state = 57
common\decisions\formable_nation_decisions.txt	4480	24	Centre	Petrozavodsk	state = 24
common\decisions\formable_nation_decisions.txt	4481	74	East Sudatenland	Porajarvi	state = 74
common\decisions\formable_nation_decisions.txt	4482	59	Ost - Hannover	Suoyarvi	state = 59
common\decisions\formable_nation_decisions.txt	4483	30	Loire	Medvezhyegorsk	state = 30
common\decisions\formable_nation_decisions.txt	4484	39	South Tyrol	Belomorsk	state = 39
common\decisions\formable_nation_decisions.txt	4485	52	Wuttemberg	Segezha	state = 52
common\decisions\formable_nation_decisions.txt	4487	62	Pommern	Repola	state = 62
common\decisions\formable_nation_decisions.txt	4489	19	Aquitaine	Murmansk	state = 19
common\decisions\formable_nation_decisions.txt	4542	437	Central Indian Provinces	Wiltshire	state = 437
common\decisions\formable_nation_decisions.txt	4543	57	Westfalen	Olonets	state = 57
common\decisions\formable_nation_decisions.txt	4544	24	Centre	Petrozavodsk	state = 24
common\decisions\formable_nation_decisions.txt	4545	74	East Sudatenland	Porajarvi	state = 74
common\decisions\formable_nation_decisions.txt	4546	59	Ost - Hannover	Suoyarvi	state = 59
common\decisions\formable_nation_decisions.txt	4547	30	Loire	Medvezhyegorsk	state = 30
common\decisions\formable_nation_decisions.txt	4548	39	South Tyrol	Belomorsk	state = 39
common\decisions\formable_nation_decisions.txt	4549	52	Wuttemberg	Segezha	state = 52
common\decisions\formable_nation_decisions.txt	4551	62	Pommern	Repola	state = 62
common\decisions\formable_nation_decisions.txt	4553	19	Aquitaine	Murmansk	state = 19
common\decisions\formable_nation_decisions.txt	4581	437	Central Indian Provinces	Wiltshire	state = 437
common\decisions\formable_nation_decisions.txt	4582	57	Westfalen	Olonets	state = 57
common\decisions\formable_nation_decisions.txt	4583	24	Centre	Petrozavodsk	state = 24
common\decisions\formable_nation_decisions.txt	4584	74	East Sudatenland	Porajarvi	state = 74
common\decisions\formable_nation_decisions.txt	4585	59	Ost - Hannover	Suoyarvi	state = 59
common\decisions\formable_nation_decisions.txt	4586	30	Loire	Medvezhyegorsk	state = 30
common\decisions\formable_nation_decisions.txt	4587	39	South Tyrol	Belomorsk	state = 39
common\decisions\formable_nation_decisions.txt	4588	52	Wuttemberg	Segezha	state = 52
common\decisions\formable_nation_decisions.txt	4590	62	Pommern	Repola	state = 62
common\decisions\formable_nation_decisions.txt	4592	19	Aquitaine	Murmansk	state = 19
common\decisions\formable_nation_decisions.txt	4658	754	Golog	Lika-Gacka	state = 754
common\decisions\formable_nation_decisions.txt	4699	991	Gwalior	Canakkale	state = 991
common\decisions\formable_nation_decisions.txt	4704	948	- Easter Island	Kandira	state = 948
common\decisions\formable_nation_decisions.txt	4708	988	Baluchistan	Biga	state = 988
common\decisions\formable_nation_decisions.txt	4721	1066	- Mekong Delta	Adana	state = 1066
common\decisions\formable_nation_decisions.txt	4770	822	- Chukotka	Herault	controls_state = 822
common\decisions\formable_nation_decisions.txt	4771	850	Trentino	Aude	controls_state = 850
common\decisions\formable_nation_decisions.txt	4772	871	Esperence-Goldfields	Pyrenees-Orientales	controls_state = 871
common\decisions\formable_nation_decisions.txt	4773	855	Tabuk	Saint-Girons	controls_state = 855
common\decisions\formable_nation_decisions.txt	4795	882	Pavlodar	Gibraltar	state = 882
common\decisions\formable_nation_decisions.txt	4872	754	Golog	Lika-Gacka	state = 754
common\decisions\formable_nation_decisions.txt	4896	882	Pavlodar	Gibraltar	state = 882
common\decisions\formable_nation_decisions.txt	4908	991	Gwalior	Canakkale	state = 991
common\decisions\formable_nation_decisions.txt	4913	948	- Easter Island	Kandira	state = 948
common\decisions\formable_nation_decisions.txt	4917	988	Baluchistan	Biga	state = 988
common\decisions\formable_nation_decisions.txt	4930	1066	- Mekong Delta	Adana	state = 1066
common\decisions\formable_nation_decisions.txt	5132	800	Van	Romanati	state = 800
common\decisions\formable_nation_decisions.txt	5133	759	Kunlun	Valcea	state = 759
common\decisions\formable_nation_decisions.txt	5134	774	Chad	Gorj	state = 774
common\decisions\formable_nation_decisions.txt	5136	797	Istanbul	Dolj	state = 797
common\decisions\formable_nation_decisions.txt	5137	797	Istanbul	Dolj	state = 797
common\decisions\formable_nation_decisions.txt	5161	800	Van	Romanati	state = 800
common\decisions\formable_nation_decisions.txt	5162	759	Kunlun	Valcea	state = 759
common\decisions\formable_nation_decisions.txt	5163	774	Chad	Gorj	state = 774
common\decisions\formable_nation_decisions.txt	5165	797	Istanbul	Dolj	state = 797
common\decisions\formable_nation_decisions.txt	5166	797	Istanbul	Dolj	state = 797
common\decisions\formable_nation_decisions.txt	5412	1001	Kurdistan	Igdir	state = 1001
common\decisions\formable_nation_decisions.txt	5449	1001	Kurdistan	Igdir	state = 1001
common\decisions\formable_nation_decisions.txt	5526	1023	- Brunei	Nakhchivan	state = 1023
common\decisions\formable_nation_decisions.txt	5922	432	Assam	Limburg Voormaas	state = 432
common\decisions\formable_nation_decisions.txt	5927	451	Derna	Zeeland	state = 451
common\decisions\formable_nation_decisions.txt	5955	432	Assam	Limburg Voormaas	state = 432
common\decisions\formable_nation_decisions.txt	5960	451	Derna	Zeeland	state = 451
common\decisions\formable_nation_decisions.txt	7696	1072	- American Samoa	Beja	state = 1072
common\decisions\formable_nation_decisions.txt	7698	1053	East Nusa Tenggara	Evora	state = 1053
common\decisions\formable_nation_decisions.txt	7699	1026	- North Mindanao	Portalegre	state = 1026
common\decisions\formable_nation_decisions.txt	7735	1072	- American Samoa	Beja	state = 1072
common\decisions\formable_nation_decisions.txt	7737	1053	East Nusa Tenggara	Evora	state = 1053
common\decisions\formable_nation_decisions.txt	7738	1026	- North Mindanao	Portalegre	state = 1026
common\decisions\formable_nation_decisions.txt	7921	676	Mosul	Zala	controls_state = 676
common\decisions\formable_nation_decisions.txt	7922	675	Al Hajara	Poitiers	controls_state = 675
common\decisions\formable_nation_decisions.txt	7923	291	Iraq	Cavan	controls_state = 291
common\decisions\formable_nation_decisions.txt	7928	292	Saudi Arabia	Baranowicze	controls_state = 292
common\decisions\formable_nation_decisions.txt	7929	679	Hejaz	Lienz	controls_state = 679
common\decisions\formable_nation_decisions.txt	7930	678	Rub al Khali	Chalon-sur-Saone	controls_state = 678
common\decisions\formable_nation_decisions.txt	7931	857	Ha'il	Leon	controls_state = 857
common\decisions\formable_nation_decisions.txt	7932	858	Najiran	Pristina	controls_state = 858
common\decisions\formable_nation_decisions.txt	7933	854	Jawf	Navarra	controls_state = 854
common\decisions\formable_nation_decisions.txt	7934	855	Tabuk	Saint-Girons	controls_state = 855
common\decisions\formable_nation_decisions.txt	7935	856	Asir-Makkah	Samegrelo	controls_state = 856
common\decisions\formable_nation_decisions.txt	7936	859	Dammam	Burgos	controls_state = 859
common\decisions\formable_nation_decisions.txt	7942	677	Aleppo	Bekes	controls_state = 677
common\decisions\formable_nation_decisions.txt	7943	680	Deir-az-Zur	Mures	controls_state = 680
common\decisions\formable_nation_decisions.txt	7944	553	Lebanon	Heilbronn	controls_state = 553
common\decisions\formable_nation_decisions.txt	7945	554	Syria	Passau	controls_state = 554
common\decisions\formable_nation_decisions.txt	7949	552	Western Egypt	Marne	controls_state = 552
common\decisions\formable_nation_decisions.txt	7950	453	Sinai	Hampshire	controls_state = 453
common\decisions\formable_nation_decisions.txt	7951	456	Luxor	Vlaams-Limburg	controls_state = 456
common\decisions\formable_nation_decisions.txt	7952	446	Cairo	Kent	controls_state = 446
common\decisions\formable_nation_decisions.txt	7953	457	Aswan	Volgograd	controls_state = 457
common\decisions\formable_nation_decisions.txt	7954	452	Marsa Matruh	Val-de-Marne	controls_state = 452
common\decisions\formable_nation_decisions.txt	7955	447	Alexandria	Surrey	controls_state = 447
common\decisions\formable_nation_decisions.txt	7957	679	Hejaz	Lienz	controls_state = 679
common\decisions\formable_nation_decisions.txt	7958	293	Yemen	Lancashire	controls_state = 293
common\decisions\formable_nation_decisions.txt	7959	294	Oman	Druskieniki	controls_state = 294
common\decisions\formable_nation_decisions.txt	7960	454	Israel	West-Vlaanderen	controls_state = 454
common\decisions\formable_nation_decisions.txt	7961	455	Jordan	Oost-Vlaanderen	controls_state = 455
common\decisions\formable_nation_decisions.txt	7962	656	Kuwait	Sieradz	controls_state = 656
common\decisions\formable_nation_decisions.txt	7963	658	Arab UK 1	Doubs	controls_state = 658
common\decisions\formable_nation_decisions.txt	8037	419	Azerbaijan	Monmouthshire	controls_state = 419
common\decisions\formable_nation_decisions.txt	8038	421	Kurdistan	Radomsko	controls_state = 421
common\decisions\formable_nation_decisions.txt	8039	420	Gilan	Sarny	controls_state = 420
common\decisions\formable_nation_decisions.txt	8040	417	Golestan	Hameln	controls_state = 417
common\decisions\formable_nation_decisions.txt	8041	413	Khuzestan	Essex	controls_state = 413
common\decisions\formable_nation_decisions.txt	8042	266	Persia	Krupki	controls_state = 266
common\decisions\formable_nation_decisions.txt	8043	418	Semnan	Halle	controls_state = 418
common\decisions\formable_nation_decisions.txt	8044	411	Hormozgan	Delitzsch	controls_state = 411
common\decisions\formable_nation_decisions.txt	8045	412	Fars	Voronezh	controls_state = 412
common\decisions\formable_nation_decisions.txt	8046	416	Razavi Khorasan	Hertfordshire	controls_state = 416
common\decisions\formable_nation_decisions.txt	8047	414	Kerman	Warendorf	controls_state = 414
common\decisions\formable_nation_decisions.txt	8048	410	Sistan	Gloucestershire	controls_state = 410
common\decisions\formable_nation_decisions.txt	8053	415	South Khorasan	Bunzlau	controls_state = 415
common\decisions\formable_nation_decisions.txt	8054	267	Afghanistan	Gdynia	controls_state = 267
common\decisions\formable_nation_decisions.txt	8059	787	North Kashmir	Aveyron	controls_state = 787
common\decisions\formable_nation_decisions.txt	8060	445	Quetta	Somerset	controls_state = 445
common\decisions\formable_nation_decisions.txt	8061	442	Peshawar	Laon	controls_state = 442
common\decisions\formable_nation_decisions.txt	8062	444	Baluchistan States	Antwerpen	controls_state = 444
common\decisions\formable_nation_decisions.txt	8063	440	West Punjab	Erfurt	controls_state = 440
common\decisions\formable_nation_decisions.txt	8064	443	Sind	Borispol	controls_state = 443
common\decisions\formable_nation_decisions.txt	8133	229	baku	Moscow	controls_state = 229
common\decisions\formable_nation_decisions.txt	8135	230	Armenia	Ayr	controls_state = 230
common\decisions\formable_nation_decisions.txt	8137	231	Georgia	Lida	controls_state = 231
common\decisions\formable_nation_decisions.txt	8139	232	Grozny	Dzisna	controls_state = 232
common\decisions\formable_nation_decisions.txt	8140	233	Caucasus Mountains	Peebles	controls_state = 233
common\decisions\formable_nation_decisions.txt	8142	350	Diyarbekir	Meppen	controls_state = 350
common\decisions\formable_nation_decisions.txt	8143	352	Hakkari	Hannover	controls_state = 352
common\decisions\formable_nation_decisions.txt	8144	353	Erzurum	Dessau	controls_state = 353
common\decisions\formable_nation_decisions.txt	8145	354	Trabzon	Merionethshire	controls_state = 354
common\decisions\formable_nation_decisions.txt	8226	1055	Eastern Kalimantan	Usak	state = 1055
common\decisions\formable_nation_decisions.txt	8302	1055	Eastern Kalimantan	Usak	state = 1055
common\decisions\formable_nation_decisions.txt	8423	342	Antalya	Denbighshire	controls_state = 342
common\decisions\formable_nation_decisions.txt	8427	164	Dodecanese	Bornholm	controls_state = 164
common\decisions\formable_nation_decisions.txt	8512	932	Isle of Man	Bati Istanbul	controls_state = 932
common\decisions\formable_nation_decisions.txt	9250	826	- Abkhazia	Kabardino-Balkar	controls_state = 826 # Abkhazia
common\decisions\formable_nation_decisions.txt	9251	231	Georgia	Lida	controls_state = 231 # Georgia
common\decisions\formable_nation_decisions.txt	9252	230	Armenia	Ayr	controls_state = 230 # Armenia
common\decisions\formable_nation_decisions.txt	9253	229	baku	Moscow	controls_state = 229 # Azerbaijan
common\decisions\formable_nation_decisions.txt	9315	419	Azerbaijan	Monmouthshire	controls_state = 419 # Tabriz
common\decisions\formable_nation_decisions.txt	9316	420	Gilan	Sarny	controls_state = 420 # Gilan
common\decisions\formable_nation_decisions.txt	9369	232	Grozny	Dzisna	controls_state = 232 # Dagestan
common\decisions\formable_nation_decisions.txt	9370	821	- Chenchnya-Ingushetia	Chechen	controls_state = 821 # Chechnya-Ingushetia
common\decisions\formable_nation_decisions.txt	9371	828	- North Ossetia	Haute-Garonne	controls_state = 828 # North Ossetia
common\decisions\formable_nation_decisions.txt	9372	827	- Kabardino-Balkaria	Radom	controls_state = 827 # Kabardino-Balkaria
common\decisions\formable_nation_decisions.txt	9373	233	Caucasus Mountains	Peebles	controls_state = 233 # Sochi
common\decisions\formable_nation_decisions.txt	9436	354	Trabzon	Merionethshire	controls_state = 354 # Trabzon
common\decisions\formable_nation_decisions.txt	9437	800	Van	Romanati	controls_state = 800 # Van
common\decisions\formable_nation_decisions.txt	9491	237	Elista	Roxburgh	controls_state = 237 # Kalmykia
common\decisions\formable_nation_decisions.txt	9492	236	Astrakhan	Swieciany	controls_state = 236 # Astrakhan
common\decisions\formable_nation_decisions.txt	9521	237	Elista	Roxburgh	transfer_state = 237
common\decisions\formable_nation_decisions.txt	9522	236	Astrakhan	Swieciany	transfer_state = 236
common\decisions\formable_nation_decisions.txt	9525	217	Stalingrad Area	East Lothian	ROOT = { controls_state = 217 } #Stalingrad
common\decisions\formable_nation_decisions.txt	9528	217	Stalingrad Area	East Lothian	transfer_state = 217
common\decisions\formable_nation_decisions.txt	9532	407	Uralsk	Sochaczew	ROOT = { controls_state = 407 } #Uralsk
common\decisions\formable_nation_decisions.txt	9535	407	Uralsk	Sochaczew	transfer_state = 407
common\decisions\formable_nation_decisions.txt	9539	406	Krasnyy Yar	Carmarthenshire	ROOT = { controls_state = 406 } #Guryev
common\decisions\formable_nation_decisions.txt	9542	406	Krasnyy Yar	Carmarthenshire	transfer_state = 406
common\decisions\formable_nation_decisions.txt	9546	401	Engels	Brecknockshire	ROOT = { controls_state = 401 } #Balakovo
common\decisions\formable_nation_decisions.txt	9549	401	Engels	Brecknockshire	transfer_state = 401
common\decisions\formable_nation_decisions.txt	9553	829	- Volga Germany	Var	ROOT = { controls_state = 829 } #Engels-Marxstadt
common\decisions\formable_nation_decisions.txt	9556	829	- Volga Germany	Var	transfer_state = 829
common\decisions\formable_nation_decisions.txt	9560	238	volgodonsk	Sakiu	ROOT = { controls_state = 238 } #Volgodonsk
common\decisions\formable_nation_decisions.txt	9563	238	volgodonsk	Sakiu	transfer_state = 238
common\decisions\formable_nation_decisions.txt	9612	137	Crimea	Jaanilinn	controls_state = 137 # Crimea
common\decisions\formable_nation_decisions.txt	9613	196	Kherson	Jelgava	controls_state = 196 # Kherson
common\decisions\formable_nation_decisions.txt	9640	137	Crimea	Jaanilinn	transfer_state = 137 # Crimea
common\decisions\formable_nation_decisions.txt	9641	196	Kherson	Jelgava	transfer_state = 196 # Kherson
common\decisions\formable_nation_decisions.txt	9644	200	Rivne	Tatarstan	ROOT = { controls_state = 200 } #Zaporozhe
common\decisions\formable_nation_decisions.txt	9647	200	Rivne	Tatarstan	transfer_state = 200
common\decisions\formable_nation_decisions.txt	9651	227	Stalino	Klaipedos	ROOT = { controls_state = 227 } #Stalino
common\decisions\formable_nation_decisions.txt	9654	227	Stalino	Klaipedos	transfer_state = 227
common\decisions\formable_nation_decisions.txt	9658	218	Rostov Area	Vyazma	ROOT = { controls_state = 218 } #Rostov
common\decisions\formable_nation_decisions.txt	9661	218	Rostov Area	Vyazma	transfer_state = 218
common\decisions\formable_nation_decisions.txt	9665	228	Taganrog	Ribe	ROOT = { controls_state = 228 } #Voroshilovgrad
common\decisions\formable_nation_decisions.txt	9668	228	Taganrog	Ribe	transfer_state = 228
common\decisions\formable_nation_decisions.txt	9672	234	Krasodar	Northumberland	ROOT = { controls_state = 234 } #Krasnodar
common\decisions\formable_nation_decisions.txt	9675	234	Krasodar	Northumberland	transfer_state = 234
common\decisions\formable_nation_decisions.txt	9679	245	Donetsk	Dumfries	ROOT = { controls_state = 245 } #Millerovo
common\decisions\formable_nation_decisions.txt	9682	245	Donetsk	Dumfries	transfer_state = 245
common\decisions\formable_nation_decisions.txt	9686	226	Nikopol	Gotland	ROOT = { controls_state = 226 } #Dnipropetrovsk
common\decisions\formable_nation_decisions.txt	9689	226	Nikopol	Gotland	transfer_state = 226
common\decisions\formable_nation_decisions.txt	9750	352	Hakkari	Hannover	controls_state = 352 # Hakkari
common\decisions\formable_nation_decisions.txt	9751	353	Erzurum	Dessau	controls_state = 353 # Tunceli
common\decisions\formable_nation_decisions.txt	9752	350	Diyarbekir	Meppen	controls_state = 350 # Diyarbakir
common\decisions\formable_nation_decisions.txt	9777	350	Diyarbekir	Meppen	transfer_state = 350 # Diyarbakir
common\decisions\formable_nation_decisions.txt	9778	352	Hakkari	Hannover	transfer_state = 352 # Hakkari
common\decisions\formable_nation_decisions.txt	9779	353	Erzurum	Dessau	transfer_state = 353 # Tunceli
common\decisions\formable_nation_decisions.txt	9782	344	Adana	Staffordshire	ROOT = { controls_state = 344 } #Malatya
common\decisions\formable_nation_decisions.txt	9785	344	Adana	Staffordshire	transfer_state = 344
common\decisions\formable_nation_decisions.txt	9858	754	Golog	Lika-Gacka	state = 754
common\decisions\formable_nation_decisions.txt	9920	754	Golog	Lika-Gacka	state = 754
common\decisions\formable_nation_decisions.txt	9955	8	Luxemburg	Nova Scotia	state = 8
common\decisions\formable_nation_decisions.txt	9956	7	Holland	Maine	state = 7
common\decisions\formable_nation_decisions.txt	9957	35	Gelderland	Komi	state = 35
common\decisions\formable_nation_decisions.txt	9958	36	Friesland	Lavansaari	state = 36
common\decisions\formable_nation_decisions.txt	9959	6	Belgium	New Brunswick	state = 6
common\decisions\formable_nation_decisions.txt	9960	34	Wallonie	Skanderborg	state = 34
common\decisions\formable_nation_decisions.txt	9961	977	- Antwerp	Gegharkunik	state = 977
common\decisions\formable_nation_decisions.txt	9962	980	- Ardennes	Cuenca	state = 980
common\decisions\formable_nation_decisions.txt	9963	29	Pas de Calais	Suursaari	state = 29
common\decisions\formable_nation_decisions.txt	9964	18	Champagne	Connecticut	state = 18
common\decisions\formable_nation_decisions.txt	9965	17	Alcase Lorraine	Petsamo	state = 17
common\decisions\formable_nation_decisions.txt	9966	28	Alcase	Virginia	state = 28
common\decisions\formable_nation_decisions.txt	9967	15	Normandy	Arhus	state = 15
common\decisions\formable_nation_decisions.txt	9968	16	Ile de France	Rybachy Peninsula	state = 16
common\decisions\formable_nation_decisions.txt	9969	27	Champagne2	Nenets	state = 27
common\decisions\formable_nation_decisions.txt	9970	14	Brittany	Lappi	state = 14
common\decisions\formable_nation_decisions.txt	9971	30	Loire	Medvezhyegorsk	state = 30
common\decisions\formable_nation_decisions.txt	9972	24	Centre	Petrozavodsk	state = 24
common\decisions\formable_nation_decisions.txt	9973	23	Poitou	Norrbotten	state = 23
common\decisions\formable_nation_decisions.txt	9974	33	Centre sud	Vanha Salla	state = 33
common\decisions\formable_nation_decisions.txt	9975	26	Bourgogne	Maryland	state = 26
common\decisions\formable_nation_decisions.txt	9976	20	Franche-comte	Maribo	state = 20
common\decisions\formable_nation_decisions.txt	9977	32	Rhone Alpes	West Virginia	state = 32
common\decisions\formable_nation_decisions.txt	9978	735	Savoy	Subotica	state = 735
common\decisions\formable_nation_decisions.txt	9979	25	Limousin	Nordland	state = 25
common\decisions\formable_nation_decisions.txt	9980	22	Roussillion	Kalastajasaarento	state = 22
common\decisions\formable_nation_decisions.txt	9981	21	Bouches-du-Rhone	Pennsylvania	state = 21
common\decisions\formable_nation_decisions.txt	9982	851	Var	Guipuzcoa	state = 851
common\decisions\formable_nation_decisions.txt	9983	19	Aquitaine	Murmansk	state = 19
common\decisions\formable_nation_decisions.txt	9984	1	France	Quebec	state = 1
common\decisions\formable_nation_decisions.txt	9985	785	Picardy	Kraljevo	state = 785
common\decisions\formable_nation_decisions.txt	9986	31	Midi Pyrenees	North Carolina	state = 31
common\decisions\formable_nation_decisions.txt	9987	806	French Basque Country	Karachay-Cherkess	state = 806
common\decisions\formable_nation_decisions.txt	10004	51	Moselland	Vesturland	state = 51
common\decisions\formable_nation_decisions.txt	10005	42	Rhineland	Pohjois-Pohjanmaa	state = 42
common\decisions\formable_nation_decisions.txt	10006	56	Weser-Ems	Sudurland	state = 56
common\decisions\formable_nation_decisions.txt	10007	57	Westfalen	Olonets	state = 57
common\decisions\formable_nation_decisions.txt	10008	55	Nassau	Rhode Island	state = 55
common\decisions\formable_nation_decisions.txt	10009	50	Baden	Kainuu	state = 50
common\decisions\formable_nation_decisions.txt	10010	978	- Actual Baden	Kotayk	state = 978
common\decisions\formable_nation_decisions.txt	10011	59	Ost - Hannover	Suoyarvi	state = 59
common\decisions\formable_nation_decisions.txt	10012	58	Schleswig - Holstein	Hauts-de-Seine	state = 58
common\decisions\formable_nation_decisions.txt	10013	909	South Schleswig	Kastamonu	state = 909
common\decisions\formable_nation_decisions.txt	10014	60	Sud-Hannover	Prince Edward Island	state = 60
common\decisions\formable_nation_decisions.txt	10015	54	Bayreuth	Jamtland	state = 54
common\decisions\formable_nation_decisions.txt	10016	52	Wuttemberg	Segezha	state = 52
common\decisions\formable_nation_decisions.txt	10017	53	Oberbayern	Nord-Trondelag	state = 53
common\decisions\formable_nation_decisions.txt	10018	61	Mecklenburg	Pudozh	state = 61
common\decisions\formable_nation_decisions.txt	10019	64	Brandenburg	Newfoundland	state = 64
common\decisions\formable_nation_decisions.txt	10020	65	Sachsen	Pohjois-Savo	state = 65
common\decisions\formable_nation_decisions.txt	10021	62	Pommern	Repola	state = 62
common\decisions\formable_nation_decisions.txt	10022	68	Wartheland	Pohjois-Karjala	state = 68
common\decisions\formable_nation_decisions.txt	10023	66	Niederschlesien	Vasternorrland	state = 66
common\decisions\formable_nation_decisions.txt	10024	67	Oberschlesien	Kuldiga	state = 67
common\decisions\formable_nation_decisions.txt	10025	63	WestPrussen	Keski-Pohjanmaa	state = 63
common\decisions\formable_nation_decisions.txt	10026	5	Germany	Pultusk	state = 5
common\decisions\formable_nation_decisions.txt	10027	763	Konigsberg	Nogay	state = 763
common\decisions\formable_nation_decisions.txt	10028	127	South-east England	Leningrad Oblast	state = 127 # Sussex
common\decisions\formable_nation_decisions.txt	10029	123	Cornwall	Telemark	state = 123 # South-West England
common\decisions\formable_nation_decisions.txt	10030	338	Gloucestershire	Flintshire	state = 338 # Gloustershire
common\decisions\formable_nation_decisions.txt	10031	126	Greater London Area	Glasgow	state = 126 # Greater London Area
common\decisions\formable_nation_decisions.txt	10032	125	East Anglia	Orebro	state = 125 # East Anglia
common\decisions\formable_nation_decisions.txt	10033	129	East Midlands	Ostfold	state = 129 # East Midlands
common\decisions\formable_nation_decisions.txt	10034	128	West Midlands	Rogaland	state = 128 # West Midlands
common\decisions\formable_nation_decisions.txt	10035	122	Wales	Poznan	state = 122 # Wales
common\decisions\formable_nation_decisions.txt	10036	132	North-west England	Aust-Agder	state = 132 # Lancashire
common\decisions\formable_nation_decisions.txt	10037	130	Yorkshire	Isle of Mann	state = 130 # Yorkshire
common\decisions\formable_nation_decisions.txt	10038	931	Cumbria	Karabuk	state = 931 # Cumbria
common\decisions\formable_nation_decisions.txt	10039	131	Northern England	Vestfold	state = 131 # Northumberland
common\decisions\formable_nation_decisions.txt	10040	133	Strathclyde	Harju	state = 133 # Lanark
common\decisions\formable_nation_decisions.txt	10041	121	Scottish Lowlands	Vastmanland	state = 121 # Lothian
common\decisions\formable_nation_decisions.txt	10042	136	Aberdeenshire	Sodermanland	state = 136 # Aberdeenshire
common\decisions\formable_nation_decisions.txt	10043	120	Scottish Highlands	Alborg	state = 120 # Scottish Highlands
common\decisions\formable_nation_decisions.txt	10061	8	Luxemburg	Nova Scotia	controls_state = 8
common\decisions\formable_nation_decisions.txt	10066	7	Holland	Maine	controls_state = 7
common\decisions\formable_nation_decisions.txt	10067	35	Gelderland	Komi	controls_state = 35
common\decisions\formable_nation_decisions.txt	10068	36	Friesland	Lavansaari	controls_state = 36
common\decisions\formable_nation_decisions.txt	10074	6	Belgium	New Brunswick	controls_state = 6
common\decisions\formable_nation_decisions.txt	10075	34	Wallonie	Skanderborg	controls_state = 34
common\decisions\formable_nation_decisions.txt	10076	977	- Antwerp	Gegharkunik	controls_state = 977
common\decisions\formable_nation_decisions.txt	10077	980	- Ardennes	Cuenca	controls_state = 980
common\decisions\formable_nation_decisions.txt	10083	29	Pas de Calais	Suursaari	controls_state = 29
common\decisions\formable_nation_decisions.txt	10084	18	Champagne	Connecticut	controls_state = 18
common\decisions\formable_nation_decisions.txt	10085	17	Alcase Lorraine	Petsamo	controls_state = 17
common\decisions\formable_nation_decisions.txt	10086	28	Alcase	Virginia	controls_state = 28
common\decisions\formable_nation_decisions.txt	10087	15	Normandy	Arhus	controls_state = 15
common\decisions\formable_nation_decisions.txt	10088	16	Ile de France	Rybachy Peninsula	controls_state = 16
common\decisions\formable_nation_decisions.txt	10089	27	Champagne2	Nenets	controls_state = 27
common\decisions\formable_nation_decisions.txt	10090	14	Brittany	Lappi	controls_state = 14
common\decisions\formable_nation_decisions.txt	10091	30	Loire	Medvezhyegorsk	controls_state = 30
common\decisions\formable_nation_decisions.txt	10092	24	Centre	Petrozavodsk	controls_state = 24
common\decisions\formable_nation_decisions.txt	10093	23	Poitou	Norrbotten	controls_state = 23
common\decisions\formable_nation_decisions.txt	10094	33	Centre sud	Vanha Salla	controls_state = 33
common\decisions\formable_nation_decisions.txt	10095	26	Bourgogne	Maryland	controls_state = 26
common\decisions\formable_nation_decisions.txt	10096	20	Franche-comte	Maribo	controls_state = 20
common\decisions\formable_nation_decisions.txt	10097	32	Rhone Alpes	West Virginia	controls_state = 32
common\decisions\formable_nation_decisions.txt	10098	735	Savoy	Subotica	controls_state = 735
common\decisions\formable_nation_decisions.txt	10099	25	Limousin	Nordland	controls_state = 25
common\decisions\formable_nation_decisions.txt	10100	22	Roussillion	Kalastajasaarento	controls_state = 22
common\decisions\formable_nation_decisions.txt	10101	21	Bouches-du-Rhone	Pennsylvania	controls_state = 21
common\decisions\formable_nation_decisions.txt	10102	851	Var	Guipuzcoa	controls_state = 851
common\decisions\formable_nation_decisions.txt	10103	19	Aquitaine	Murmansk	controls_state = 19
common\decisions\formable_nation_decisions.txt	10104	1	France	Quebec	controls_state = 1
common\decisions\formable_nation_decisions.txt	10105	785	Picardy	Kraljevo	controls_state = 785
common\decisions\formable_nation_decisions.txt	10106	31	Midi Pyrenees	North Carolina	controls_state = 31
common\decisions\formable_nation_decisions.txt	10107	806	French Basque Country	Karachay-Cherkess	controls_state = 806
common\decisions\formable_nation_decisions.txt	10134	51	Moselland	Vesturland	controls_state = 51
common\decisions\formable_nation_decisions.txt	10135	42	Rhineland	Pohjois-Pohjanmaa	controls_state = 42
common\decisions\formable_nation_decisions.txt	10136	56	Weser-Ems	Sudurland	controls_state = 56
common\decisions\formable_nation_decisions.txt	10137	57	Westfalen	Olonets	controls_state = 57
common\decisions\formable_nation_decisions.txt	10138	55	Nassau	Rhode Island	controls_state = 55
common\decisions\formable_nation_decisions.txt	10139	50	Baden	Kainuu	controls_state = 50
common\decisions\formable_nation_decisions.txt	10140	978	- Actual Baden	Kotayk	controls_state = 978 #BADEN
common\decisions\formable_nation_decisions.txt	10141	59	Ost - Hannover	Suoyarvi	controls_state = 59
common\decisions\formable_nation_decisions.txt	10142	58	Schleswig - Holstein	Hauts-de-Seine	controls_state = 58
common\decisions\formable_nation_decisions.txt	10143	909	South Schleswig	Kastamonu	controls_state = 909 #New state of SCHLESWIG
common\decisions\formable_nation_decisions.txt	10144	60	Sud-Hannover	Prince Edward Island	controls_state = 60
common\decisions\formable_nation_decisions.txt	10145	54	Bayreuth	Jamtland	controls_state = 54
common\decisions\formable_nation_decisions.txt	10146	52	Wuttemberg	Segezha	controls_state = 52
common\decisions\formable_nation_decisions.txt	10147	53	Oberbayern	Nord-Trondelag	controls_state = 53
common\decisions\formable_nation_decisions.txt	10148	61	Mecklenburg	Pudozh	controls_state = 61
common\decisions\formable_nation_decisions.txt	10149	64	Brandenburg	Newfoundland	controls_state = 64
common\decisions\formable_nation_decisions.txt	10150	65	Sachsen	Pohjois-Savo	controls_state = 65
common\decisions\formable_nation_decisions.txt	10151	62	Pommern	Repola	controls_state = 62
common\decisions\formable_nation_decisions.txt	10152	68	Wartheland	Pohjois-Karjala	controls_state = 68
common\decisions\formable_nation_decisions.txt	10153	66	Niederschlesien	Vasternorrland	controls_state = 66
common\decisions\formable_nation_decisions.txt	10154	67	Oberschlesien	Kuldiga	controls_state = 67
common\decisions\formable_nation_decisions.txt	10155	63	WestPrussen	Keski-Pohjanmaa	controls_state = 63
common\decisions\formable_nation_decisions.txt	10156	5	Germany	Pultusk	controls_state = 5
common\decisions\formable_nation_decisions.txt	10157	763	Konigsberg	Nogay	controls_state = 763
common\decisions\formable_nation_decisions.txt	10162	127	South-east England	Leningrad Oblast	controls_state = 127 # Sussex
common\decisions\formable_nation_decisions.txt	10163	123	Cornwall	Telemark	controls_state = 123 # South-West England
common\decisions\formable_nation_decisions.txt	10164	338	Gloucestershire	Flintshire	controls_state = 338 # Gloustershire
common\decisions\formable_nation_decisions.txt	10165	126	Greater London Area	Glasgow	controls_state = 126 # Greater London Area
common\decisions\formable_nation_decisions.txt	10166	125	East Anglia	Orebro	controls_state = 125 # East Anglia
common\decisions\formable_nation_decisions.txt	10167	129	East Midlands	Ostfold	controls_state = 129 # East Midlands
common\decisions\formable_nation_decisions.txt	10168	128	West Midlands	Rogaland	controls_state = 128 # West Midlands
common\decisions\formable_nation_decisions.txt	10169	122	Wales	Poznan	controls_state = 122 # Wales
common\decisions\formable_nation_decisions.txt	10170	132	North-west England	Aust-Agder	controls_state = 132 # Lancashire
common\decisions\formable_nation_decisions.txt	10171	130	Yorkshire	Isle of Mann	controls_state = 130 # Yorkshire
common\decisions\formable_nation_decisions.txt	10172	931	Cumbria	Karabuk	controls_state = 931 # Cumbria
common\decisions\formable_nation_decisions.txt	10173	131	Northern England	Vestfold	controls_state = 131 # Northumberland
common\decisions\formable_nation_decisions.txt	10174	133	Strathclyde	Harju	controls_state = 133 # Lanark
common\decisions\formable_nation_decisions.txt	10175	121	Scottish Lowlands	Vastmanland	controls_state = 121 # Lothian
common\decisions\formable_nation_decisions.txt	10176	136	Aberdeenshire	Sodermanland	controls_state = 136 # Aberdeenshire
common\decisions\formable_nation_decisions.txt	10177	120	Scottish Highlands	Alborg	controls_state = 120 # Scottish Highlands
common\decisions\formable_nation_decisions.txt	10354	546	Tanganyika	Tuchola	controls_state = 546 # Tanganyika
common\decisions\formable_nation_decisions.txt	10355	547	East Africa	Moselle	controls_state = 547 # Nairobi
common\decisions\formable_nation_decisions.txt	10356	905	Mombasa	Blagoevgrad	controls_state = 905 # Mombasa
common\decisions\formable_nation_decisions.txt	10357	904	Nyanza-Rift Valley	Tetovo	controls_state = 904 # Nyanza-Rift Velley
common\decisions\formable_nation_decisions.txt	10358	548	Uganda	Eure	controls_state = 548 # Uganda
common\decisions\formable_nation_decisions.txt	10429	768	Rwanda	Dambovita	controls_state = 768 # Rwanda
common\decisions\formable_nation_decisions.txt	10430	769	Burundi	Kerch	controls_state = 769 # Burundi
common\decisions\formable_nation_decisions.txt	10471	770	Malawi	Haute-Loire	controls_state = 770 # Malawi
common\decisions\formable_nation_decisions.txt	10472	897	Zambezia-Mocambique	Valladolid	controls_state = 897 # Zambezia-Mocambique
common\decisions\formable_nation_decisions.txt	10515	837	Sidamo	Asturias	controls_state = 837 # Sidamo
common\decisions\formable_nation_decisions.txt	10555	844	jubaland	Sjenica	controls_state = 844 # Jubaland
common\decisions\formable_nation_decisions.txt	10556	559	Somaliland	Oleksandriia	controls_state = 559 # Somaliland
common\decisions\formable_nation_decisions.txt	10557	269	British Somaliland	Westmorland	controls_state = 269 # British Somaliland
common\decisions\formable_nation_decisions.txt	10558	836	Bale	Rzeszow	controls_state = 836 # Bale
common\decisions\formable_nation_decisions.txt	10559	835	Haraghe	Trebinje	controls_state = 835 # Hararghe
common\decisions\formable_nation_decisions.txt	10560	268	French Somaliland	Down	controls_state = 268 # Djibouti
common\decisions\formable_nation_decisions.txt	10561	903	Garissa	Viana do Castelo	controls_state = 903 # Garissa
common\decisions\formable_nation_decisions.txt	10622	708	Comoro Islands	Ticino	controls_state = 708 # Comoro Islands
common\decisions\FRA.txt	341	735	Savoy	Subotica	state = 735
common\decisions\FRA.txt	342	21	Bouches-du-Rhone	Pennsylvania	state = 21
common\decisions\FRA.txt	343	851	Var	Guipuzcoa	state = 851
common\decisions\FRA.txt	344	32	Rhone Alpes	West Virginia	state = 32
common\decisions\FRA.txt	345	20	Franche-comte	Maribo	state = 20
common\decisions\FRA.txt	346	26	Bourgogne	Maryland	state = 26
common\decisions\FRA.txt	347	22	Roussillion	Kalastajasaarento	state = 22
common\decisions\FRA.txt	348	31	Midi Pyrenees	North Carolina	state = 31
common\decisions\FRA.txt	349	25	Limousin	Nordland	state = 25
common\decisions\FRA.txt	350	33	Centre sud	Vanha Salla	state = 33
common\decisions\FRA.txt	1349	773	Cameroon	Drome	state = 773
common\decisions\FRA.txt	1351	772	Middle Congo	Ardeche	state = 772
common\decisions\FRA.txt	1359	780	Guinea	Gap	state = 780
common\decisions\FRA.txt	1632	16	Ile de France	Rybachy Peninsula	controls_state = 16
common\decisions\FRA.txt	1642	16	Ile de France	Rybachy Peninsula	controls_state = 16
common\decisions\FRA.txt	1649	16	Ile de France	Rybachy Peninsula	controls_state = 16
common\decisions\FRA.txt	1684	461	Northern Morocco	Rosenberg	state = 461
common\decisions\FRA.txt	1685	462	Southern Morocco	Sussex	state = 462
common\decisions\FRA.txt	1686	459	Western Algeria	Krzemieniec	state = 459
common\decisions\FRA.txt	1687	513	Southern Algeria	Praha	state = 513
common\decisions\FRA.txt	1688	460	Eastern Algeria	Aachen	state = 460
common\decisions\FRA.txt	1689	458	Tunisia	Cornwall	state = 458
common\decisions\FRA.txt	1690	665	Gabes	Cluj	state = 665
common\decisions\FRA.txt	1704	461	Northern Morocco	Rosenberg	state = 461
common\decisions\FRA.txt	1705	462	Southern Morocco	Sussex	state = 462
common\decisions\FRA.txt	1706	459	Western Algeria	Krzemieniec	state = 459
common\decisions\FRA.txt	1707	513	Southern Algeria	Praha	state = 513
common\decisions\FRA.txt	1708	460	Eastern Algeria	Aachen	state = 460
common\decisions\FRA.txt	1709	458	Tunisia	Cornwall	state = 458
common\decisions\FRA.txt	1710	665	Gabes	Cluj	state = 665
common\decisions\FRA.txt	1789	677	Aleppo	Bekes	state = 677
common\decisions\FRA.txt	1790	680	Deir-az-Zur	Mures	state = 680
common\decisions\FRA.txt	1791	554	Syria	Passau	state = 554
common\decisions\FRA.txt	1792	553	Lebanon	Heilbronn	state = 553
common\decisions\FRA.txt	1806	677	Aleppo	Bekes	state = 677
common\decisions\FRA.txt	1807	680	Deir-az-Zur	Mures	state = 680
common\decisions\FRA.txt	1808	554	Syria	Passau	state = 554
common\decisions\FRA.txt	1809	553	Lebanon	Heilbronn	state = 553
common\decisions\FRA.txt	1861	680	Deir-az-Zur	Mures	state = 680
common\decisions\FRA.txt	1862	677	Aleppo	Bekes	state = 677
common\decisions\FRA.txt	1863	554	Syria	Passau	state = 554
common\decisions\FRA.txt	1864	553	Lebanon	Heilbronn	state = 553
common\decisions\FRA.txt	1888	680	Deir-az-Zur	Mures	state = 680
common\decisions\FRA.txt	1889	677	Aleppo	Bekes	state = 677
common\decisions\FRA.txt	1890	554	Syria	Passau	state = 554
common\decisions\FRA.txt	1891	553	Lebanon	Heilbronn	state = 553
common\decisions\GER.txt	519	6	Belgium	New Brunswick	state = 6
common\decisions\GER.txt	524	977	- Antwerp	Gegharkunik	state = 977
common\decisions\GER.txt	529	34	Wallonie	Skanderborg	state = 34
common\decisions\GER.txt	534	980	- Ardennes	Cuenca	state = 980
common\decisions\GER.txt	3146	260	Borisoglbsk	Eiderstadt	state = 260
common\decisions\GER.txt	3148	246	Rzhev	Tonder	state = 246
common\decisions\GER.txt	3149	228	Taganrog	Ribe	state = 228
common\decisions\GER.txt	3150	197	Mykolaiv	Ringkobing	state = 197
common\decisions\GER.txt	3151	181	Guarda	Viborg	state = 181
common\decisions\GER.txt	3152	144	Nord-Noreg	Thisted	state = 144
common\decisions\GER.txt	3153	140	Vaster Gotland	Hjorring	state = 140
common\decisions\GER.txt	3154	322	Tibet	Oldenburg	state = 322
common\decisions\GER.txt	3155	314	El Salvador	Wilhelmshaven	state = 314
common\decisions\GER.txt	3194	260	Borisoglbsk	Eiderstadt	state = 260
common\decisions\GER.txt	3196	246	Rzhev	Tonder	state = 246
common\decisions\GER.txt	3197	228	Taganrog	Ribe	state = 228
common\decisions\GER.txt	3198	197	Mykolaiv	Ringkobing	state = 197
common\decisions\GER.txt	3199	181	Guarda	Viborg	state = 181
common\decisions\GER.txt	3200	144	Nord-Noreg	Thisted	state = 144
common\decisions\GER.txt	3201	140	Vaster Gotland	Hjorring	state = 140
common\decisions\GER.txt	3202	322	Tibet	Oldenburg	state = 322
common\decisions\GER.txt	3203	314	El Salvador	Wilhelmshaven	state = 314
common\decisions\GER.txt	3241	260	Borisoglbsk	Eiderstadt	state = 260
common\decisions\GER.txt	3243	246	Rzhev	Tonder	state = 246
common\decisions\GER.txt	3244	228	Taganrog	Ribe	state = 228
common\decisions\GER.txt	3245	197	Mykolaiv	Ringkobing	state = 197
common\decisions\GER.txt	3246	181	Guarda	Viborg	state = 181
common\decisions\GER.txt	3247	144	Nord-Noreg	Thisted	state = 144
common\decisions\GER.txt	3248	140	Vaster Gotland	Hjorring	state = 140
common\decisions\GER.txt	3249	322	Tibet	Oldenburg	state = 322
common\decisions\GER.txt	3250	314	El Salvador	Wilhelmshaven	state = 314
common\decisions\GER.txt	3257	383	Kansas	Gelderland	state = 383
common\decisions\GER.txt	3258	364	South Carolina	Overijssel	state = 364
common\decisions\GER.txt	3281	260	Borisoglbsk	Eiderstadt	state = 260
common\decisions\GER.txt	3283	246	Rzhev	Tonder	state = 246
common\decisions\GER.txt	3284	228	Taganrog	Ribe	state = 228
common\decisions\GER.txt	3285	197	Mykolaiv	Ringkobing	state = 197
common\decisions\GER.txt	3286	181	Guarda	Viborg	state = 181
common\decisions\GER.txt	3287	144	Nord-Noreg	Thisted	state = 144
common\decisions\GER.txt	3288	140	Vaster Gotland	Hjorring	state = 140
common\decisions\GER.txt	3289	322	Tibet	Oldenburg	state = 322
common\decisions\GER.txt	3290	314	El Salvador	Wilhelmshaven	state = 314
common\decisions\GER.txt	3297	383	Kansas	Gelderland	state = 383
common\decisions\GER.txt	3298	364	South Carolina	Overijssel	state = 364
common\decisions\GER.txt	3361	871	Esperence-Goldfields	Pyrenees-Orientales	state = 871
common\decisions\GER.txt	3401	871	Esperence-Goldfields	Pyrenees-Orientales	state = 871
common\decisions\GER.txt	3439	871	Esperence-Goldfields	Pyrenees-Orientales	state = 871
common\decisions\GER.txt	3467	871	Esperence-Goldfields	Pyrenees-Orientales	state = 871
common\decisions\GER.txt	3528	893	Karas	Ceuta	state = 893
common\decisions\GER.txt	3532	1057	Dutch Southern New Guinea	Murcia	state = 1057
common\decisions\GER.txt	3561	893	Karas	Ceuta	state = 893
common\decisions\GER.txt	3565	1057	Dutch Southern New Guinea	Murcia	state = 1057
common\decisions\GER.txt	3610	893	Karas	Ceuta	state = 893
common\decisions\GER.txt	3614	1057	Dutch Southern New Guinea	Murcia	state = 1057
common\decisions\GER.txt	3657	893	Karas	Ceuta	state = 893
common\decisions\GER.txt	3661	1057	Dutch Southern New Guinea	Murcia	state = 1057
common\decisions\GER.txt	3694	893	Karas	Ceuta	state = 893
common\decisions\GER.txt	3698	1057	Dutch Southern New Guinea	Murcia	state = 1057
common\decisions\GER.txt	4339	31	Midi Pyrenees	North Carolina	divisions_in_state = { state = 31 size < 1 }
common\decisions\GER.txt	4340	25	Limousin	Nordland	divisions_in_state = { state = 25 size < 1 }
common\decisions\GER.txt	4341	22	Roussillion	Kalastajasaarento	divisions_in_state = { state = 22 size < 1 }
common\decisions\GER.txt	4342	21	Bouches-du-Rhone	Pennsylvania	divisions_in_state = { state = 21 size < 1 }
common\decisions\GER.txt	4343	851	Var	Guipuzcoa	divisions_in_state = { state = 851 size < 1 }
common\decisions\GER.txt	4344	32	Rhone Alpes	West Virginia	divisions_in_state = { state = 32 size < 1 }
common\decisions\GER.txt	4345	22	Roussillion	Kalastajasaarento	divisions_in_state = { state = 22 size < 1 }
common\decisions\GER.txt	4346	26	Bourgogne	Maryland	divisions_in_state = { state = 26 size < 1 }
common\decisions\GER.txt	4347	33	Centre sud	Vanha Salla	divisions_in_state = { state = 33 size < 1 }
common\decisions\GER.txt	4348	20	Franche-comte	Maribo	divisions_in_state = { state = 20 size < 1 }
common\decisions\GER.txt	4350	735	Savoy	Subotica	ITA = { owns_state = 735 }
common\decisions\GER.txt	4351	735	Savoy	Subotica	divisions_in_state = { state = 735 size < 1 }
common\decisions\GER.txt	4457	13	Estonia	Troms	state = 13
common\decisions\GER.txt	4465	78	Bessarabia	Hedmark	state = 78
common\decisions\GER.txt	4467	83	crisana	Oppland	state = 83
common\decisions\GER.txt	4469	128	West Midlands	Rogaland	state = 128
common\decisions\GER.txt	4470	106	Macedonia	Buskerud	state = 106
common\decisions\GER.txt	4471	123	Cornwall	Telemark	state = 123
common\decisions\GER.txt	4472	132	North-west England	Aust-Agder	state = 132
common\decisions\GER.txt	4474	131	Northern England	Vestfold	state = 131
common\decisions\GER.txt	4475	118	Gibralter	Akershus	state = 118
common\decisions\GER.txt	4477	129	East Midlands	Ostfold	state = 129
common\decisions\GER.txt	4612	451	Derna	Zeeland	state = 451
common\decisions\GER.txt	4615	432	Assam	Limburg Voormaas	state = 432
common\decisions\GER.txt	4616	479	Tamaulipas	Oost Noord-Brabant	state = 479
common\decisions\GER.txt	4623	331	Newfoundland	Groningen	state = 331
common\decisions\GER.txt	4624	346	Konya	Drenthe	state = 346
common\decisions\GER.txt	4625	336	Singapore	Friesland	state = 336
common\decisions\GER.txt	4626	364	South Carolina	Overijssel	state = 364
common\decisions\GER.txt	4627	383	Kansas	Gelderland	state = 383
common\decisions\GER.txt	4629	402	Akhtubinsk	Zuid-Holland	state = 402
common\decisions\GER.txt	4630	358	New York	Noord-Holland	state = 358
common\decisions\GER.txt	4690	358	New York	Noord-Holland	state = 358
common\decisions\GER.txt	4704	358	New York	Noord-Holland	state = 358
common\decisions\GER.txt	4797	500	Rio de Janerio	Luxembourg Belge	state = 500
common\decisions\GER.txt	4800	480	Coahuila	Liege	state = 480
common\decisions\GER.txt	4801	456	Luxor	Vlaams-Limburg	state = 456
common\decisions\GER.txt	4802	487	Amazinas	Namur	state = 487
common\decisions\GER.txt	4803	444	Baluchistan States	Antwerpen	state = 444
common\decisions\GER.txt	4804	470	Alberta	Vlaams-Brabant	state = 470   # Hauptstadt
common\decisions\GER.txt	4806	422	Ceylon	Brabant wallon	state = 422
common\decisions\GER.txt	4807	482	Chihuahua	Hainaut	state = 482
common\decisions\GER.txt	4808	466	Quebec	Hainaut Francais	state = 466
common\decisions\GER.txt	4809	455	Jordan	Oost-Vlaanderen	state = 455
common\decisions\GER.txt	4810	454	Israel	West-Vlaanderen	state = 454
common\decisions\GER.txt	4815	472	Northwest Territories	Calais	state = 472
common\decisions\GER.txt	5049	259	Liski	Marijampoles	state = 259
common\decisions\GER.txt	5051	274	British Africa	Alytaus	state = 274
common\decisions\GER.txt	5053	238	volgodonsk	Sakiu	state = 238
common\decisions\GER.txt	5054	101	Greenland	Taurages	state = 101
common\decisions\GER.txt	5057	242	Smolensk	Kauno	state = 242
common\decisions\GER.txt	5058	275	South Africa	Traku	state = 275
common\decisions\GER.txt	5059	208	Pskov	Kretingos	state = 208
common\decisions\GER.txt	5060	205	Hrodna	Telsiu	state = 205
common\decisions\GER.txt	5062	206	Minsk	Siauliu	state = 206
common\decisions\GER.txt	5063	244	Gatchina	Ukmerges	state = 244
common\decisions\GER.txt	5065	174	Leon	Liepaja	state = 174
common\decisions\GER.txt	5066	107	Kosavo	Mazeikiu	state = 107
common\decisions\GER.txt	5073	196	Kherson	Jelgava	state = 196
common\decisions\GER.txt	5078	307	Venezuela	Slonim	state = 307
common\decisions\GER.txt	5079	231	Georgia	Lida	state = 231
common\decisions\GER.txt	5084	292	Saudi Arabia	Baranowicze	state = 292
common\decisions\GER.txt	5092	1000	East Azerbaijan	Oszmiana	state = 1000
common\decisions\GER.txt	5095	232	Grozny	Dzisna	state = 232
common\decisions\GER.txt	5097	225	Glukhov	Utenos	state = 225
common\decisions\GER.txt	5098	236	Astrakhan	Swieciany	state = 236
common\decisions\GER.txt	5102	94	Polesie	Ilukste	state = 94
common\decisions\GER.txt	5110	172	Navarre	Riga	state = 172   # Hauptstadt
common\decisions\GER.txt	5113	185	Epirus	Rezekne	state = 185
common\decisions\GER.txt	5114	170	Extremadura	Madona	state = 170
common\decisions\GER.txt	5117	112	Lisbon	Cesis	state = 112
common\decisions\GER.txt	5118	95	Nowogrodek	Valmiera	state = 95
common\decisions\GER.txt	5122	165	Catalonia	Petseri	state = 165
common\decisions\GER.txt	5123	173	Granada	Voru	state = 173
common\decisions\GER.txt	5124	166	Western Aragon	Valga	state = 166
common\decisions\GER.txt	5125	155	Western Hungary	Parnu	state = 155
common\decisions\GER.txt	5131	133	Strathclyde	Harju	state = 133
common\decisions\GER.txt	5132	143	Midt-Noreg	Jarva	state = 143
common\decisions\GER.txt	5133	134	Connaught	Narva	state = 134
common\decisions\GER.txt	5134	137	Crimea	Jaanilinn	state = 137
common\decisions\GER.txt	5376	565	TS 7	Tomashpol	state = 565
common\decisions\GER.txt	5383	617	Xinjiang	Transnistria	state = 617
common\decisions\GER.txt	5386	618	China 15	Ochakov	state = 618
common\decisions\GER.txt	5387	613	China 12	Berezovka	state = 613
common\decisions\GER.txt	5603	968	Deep Amazonas	Abseron-Xizi	state = 968
common\decisions\GER.txt	5604	966	Deep Amazonas	Dagliq Sirvan	state = 966
common\decisions\GER.txt	5609	1020	- Sanin	Jabrayil	state = 1020
common\decisions\GER.txt	5611	993	Kentung and Yawnghwe	Aghdam	state = 993
common\decisions\GER.txt	5612	997	Arakan	Nagorno-Karabakh	state = 997
common\decisions\GER.txt	5615	1019	- South Tohoku	Syunik	state = 1019
common\decisions\GER.txt	5616	998	Sagaing	Kalbajar	state = 998
common\decisions\GER.txt	5617	1023	- Brunei	Nakhchivan	state = 1023
common\decisions\GER.txt	5618	1014	- Bahrain	Vayots Dzor	state = 1014
common\decisions\GER.txt	5621	1005	Qataghan	Ararat	state = 1005
common\decisions\GER.txt	5622	977	- Antwerp	Gegharkunik	state = 977
common\decisions\GER.txt	5629	961	Deep Amazonas	Tavush	state = 961
common\decisions\GER.txt	5630	946	- Paysandu	Lori	state = 946
common\decisions\GER.txt	5633	936	- Pernambuco	Qazax	state = 936
common\decisions\GER.txt	5637	889	Elisabethville	Zaqatala	state = 889
common\decisions\GER.txt	5652	890	Costermansville	Imereti	state = 890
common\decisions\GER.txt	5653	856	Asir-Makkah	Samegrelo	state = 856
common\decisions\GER.txt	5654	869	Lanna	Racha-Lechkhumi	state = 869
common\decisions\GER.txt	5657	886	Blue Nile	Mtskheta-Mtianeti	state = 886
common\decisions\GER.txt	5658	784	Ermland-Masuren	Avar	state = 784
common\decisions\GER.txt	5661	1028	- Hamgyong	Dagestan	state = 1028
common\decisions\GER.txt	5664	843	Wello	Ingushetia	state = 843
common\decisions\GER.txt	5665	832	- Dashhowuz	North Ossetia	state = 832
common\decisions\GER.txt	5667	821	- Chenchnya-Ingushetia	Chechen	state = 821
common\decisions\GER.txt	5672	841	Begemder	Abkhazia	state = 841
common\decisions\GER.txt	5687	826	- Abkhazia	Kabardino-Balkar	state = 826
common\decisions\GER.txt	5691	732	Pamir	Stavropol	state = 732
common\decisions\GER.txt	5693	806	French Basque Country	Karachay-Cherkess	state = 806
common\decisions\GER.txt	5703	778	Upper Volta	Adygea	state = 778
common\decisions\GER.txt	5721	997	Arakan	Nagorno-Karabakh	state = 997
common\decisions\GER.txt	5851	1006	Khyber Pass	Ahal	state = 1006   # Hauptstadt
common\decisions\GER.txt	5852	895	Kavango	Balkan	state = 895
common\decisions\GER.txt	5856	891	Zambesi	Dasoguz	state = 891
common\decisions\GER.txt	5858	761	Hulunbuir	Karakalpakstan	state = 761
common\decisions\GER.txt	5859	716	Liaotung	Mangystau	state = 716
common\decisions\GER.txt	5864	464	Nova Scotia	Aqtobe	state = 464
common\decisions\GER.txt	5867	561	TS 3	Atyrau	state = 561
common\decisions\GER.txt	6246	722	Petsamo	Baranya	owns_state = 722
common\decisions\GER.txt	6247	147	Salla	Vest-Agder	owns_state = 147
common\decisions\GER.txt	6248	146	Karelia	Saaremaa	owns_state = 146
common\decisions\GER.txt	6249	929	Oulu	Drama	owns_state = 929
common\decisions\GER.txt	6282	216	Below Zero	Frederiksborg	state = 216 # Olonets
common\decisions\GER.txt	6283	215	Eastern Karelia	Gorodok	state = 215 # Onega
common\decisions\GER.txt	6284	213	Murmansk	Dunbarton	state = 213 # Murmansk
common\decisions\GER.txt	6379	407	Uralsk	Sochaczew	state = 407
common\decisions\GER.txt	6383	421	Kurdistan	Radomsko	state = 421
common\decisions\GER.txt	6384	370	Mississippi	Grojec	state = 370
common\decisions\GER.txt	6385	508	Argentine Northwest	Warszawa	state = 508
common\decisions\GER.txt	6388	982	- Madras States	Sokolka	state = 982
common\decisions\GER.txt	6392	1080	- Marlborough	Miechow	state = 1080
common\decisions\GER.txt	6393	429	Bombay	Jedrzejow	state = 429
common\decisions\GER.txt	6394	867	Northern Manitoba	Kielce	state = 867
common\decisions\GER.txt	6395	827	- Kabardino-Balkaria	Radom	state = 827
common\decisions\GER.txt	6396	1070	- Bougainville	Garwolin	state = 1070
common\decisions\GER.txt	6398	377	Arizona	Lublin	state = 377
common\decisions\GER.txt	6399	1002	Yazd	Chelm	state = 1002
common\decisions\GER.txt	6400	902	Sokoto	Opatow	state = 902
common\decisions\GER.txt	6403	496	Para	Tarnow	state = 496
common\decisions\GER.txt	6404	484	Baja California	Nisko	state = 484
common\decisions\GER.txt	6405	46	Romania	Krasnystaw	state = 46
common\decisions\GER.txt	6406	836	Bale	Rzeszow	state = 836
common\decisions\GER.txt	6408	491	Loreto	Zamosc	state = 491
common\decisions\GER.txt	6410	923	Helgeland	Sanok	state = 923
common\decisions\GER.txt	6412	351	Vologda	Ostrow Mazowiecka	state = 351
common\decisions\GER.txt	6534	490	Pastaza	Drohobycz	state = 490
common\decisions\GER.txt	6543	502	Rio Grande Sul	Czortkow	state = 502
common\decisions\GER.txt	6545	542	Bechuana Land	Nadworna	state = 542
common\decisions\GER.txt	6550	501	Saol Paulo	Lubaczow	state = 501
common\decisions\GER.txt	6713	892	South West Angola	Girona	state = 892
common\decisions\GER.txt	6714	896	Manica e Sofala	Barcelona	state = 896
common\decisions\GER.txt	6715	875	Chukchi Peninsulay	Lleida	state = 875
common\decisions\GER.txt	6718	870	Pilbara-Kimberley	Huesca	state = 870
common\decisions\GER.txt	6719	854	Jawf	Navarra	state = 854
common\decisions\GER.txt	6722	860	Cote-Nord	Alava	state = 860
common\decisions\GER.txt	6725	974	- South Transdanubia	Castellon	state = 974
common\decisions\GER.txt	6726	939	- Amapa	Teruel	state = 939
common\decisions\GER.txt	6728	859	Dammam	Burgos	state = 859
common\decisions\GER.txt	6729	883	Kassala	La Rioja	state = 883
common\decisions\GER.txt	6730	901	Borno	Soria	state = 901
common\decisions\GER.txt	6731	940	- Acre	Guadalajara	state = 940
common\decisions\GER.txt	6732	864	Yukon	Palencia	state = 864
common\decisions\GER.txt	6733	897	Zambezia-Mocambique	Valladolid	state = 897
common\decisions\GER.txt	6735	857	Ha'il	Leon	state = 857
common\decisions\GER.txt	6736	837	Sidamo	Asturias	state = 837
common\decisions\GER.txt	6738	830	- Bukhara	La Coruna	state = 830
common\decisions\GER.txt	6739	874	Magadan	Pontevedra	state = 874
common\decisions\GER.txt	6740	887	South Darfur	Orense	state = 887
common\decisions\GER.txt	6741	903	Garissa	Viana do Castelo	state = 903
common\decisions\GER.txt	6743	1007	Maymanah	Valencia	state = 1007
common\decisions\GER.txt	6744	980	- Ardennes	Cuenca	state = 980
common\decisions\GER.txt	6745	951	- Arica	Madrid	state = 951  # Hauptstadt
common\decisions\GER.txt	6746	922	Agder	Braga	state = 922
common\decisions\GER.txt	6747	915	Bohuslan	Vila Real	state = 915
common\decisions\GER.txt	6749	935	- Ceara	Porto	state = 935
common\decisions\GER.txt	6750	950	- Araucania	Avila	state = 950
common\decisions\GER.txt	6751	943	- Espirito Santo	Salamanca	state = 943
common\decisions\GER.txt	6752	954	- Santa Cruz	Guarda	state = 954
common\decisions\GER.txt	6753	947	- Tacna	Viseu	state = 947
common\decisions\GER.txt	6754	962	Deep Amazonas	Aveiro	state = 962
common\decisions\GER.txt	6755	1056	Manado	Alicante	state = 1056
common\decisions\GER.txt	6756	1037	- Chongqing	Albacete	state = 1037
common\decisions\GER.txt	6757	999	Federated Shan States	Toledo	state = 999
common\decisions\GER.txt	6758	987	- Waziristan	Caceres	state = 987
common\decisions\GER.txt	6759	990	Manipur	Castelo Branco	state = 990
common\decisions\GER.txt	6760	985	- Sikkim	Coimbra	state = 985
common\decisions\GER.txt	6761	1010	Al Anbar	Leiria	state = 1010
common\decisions\GER.txt	6762	1021	- Actual Singapore	Santarem	state = 1021
common\decisions\GER.txt	6763	1042	- Khotan	Lisboa	state = 1042
common\decisions\GER.txt	6764	1026	- North Mindanao	Portalegre	state = 1026
common\decisions\GER.txt	6765	1057	Dutch Southern New Guinea	Murcia	state = 1057
common\decisions\GER.txt	6766	1029	- Gangwon	Ciudad Real	state = 1029
common\decisions\GER.txt	6767	1035	- Nanjing	Badajoz	state = 1035
common\decisions\GER.txt	6769	1053	East Nusa Tenggara	Evora	state = 1053
common\decisions\GER.txt	6772	1063	- Pahang	Jaen	state = 1063
common\decisions\GER.txt	6773	1072	- American Samoa	Beja	state = 1072
common\decisions\GER.txt	6776	1079	Auckland	Sevilla	state = 1079
common\decisions\GER.txt	6781	882	Pavlodar	Gibraltar	state = 882
common\decisions\GER.txt	6984	458	Tunisia	Cornwall	state = 458
common\decisions\GER.txt	6987	445	Quetta	Somerset	state = 445
common\decisions\GER.txt	6988	468	Nunavut	Dorset	state = 468
common\decisions\GER.txt	6990	453	Sinai	Hampshire	state = 453
common\decisions\GER.txt	6991	462	Southern Morocco	Sussex	state = 462
common\decisions\GER.txt	6993	447	Alexandria	Surrey	state = 447
common\decisions\GER.txt	6994	437	Central Indian Provinces	Wiltshire	state = 437
common\decisions\GER.txt	6995	410	Sistan	Gloucestershire	state = 410
common\decisions\GER.txt	6996	428	Western Indian States	Berkshire	state = 428
common\decisions\GER.txt	7000	435	Bihar	Brent	state = 435
common\decisions\GER.txt	7002	408	Vladivostok	Oxfordshire	state = 408
common\decisions\GER.txt	7003	405	Atyrau	Buckinghamshire	state = 405
common\decisions\GER.txt	7004	416	Razavi Khorasan	Hertfordshire	state = 416
common\decisions\GER.txt	7005	413	Khuzestan	Essex	state = 413
common\decisions\GER.txt	7007	386	Washington	Suffolk	state = 386
common\decisions\GER.txt	7008	356	Sinop	Norfolk	state = 356
common\decisions\GER.txt	7009	372	Arkansas	Cambridgeshire	state = 372
common\decisions\GER.txt	7010	379	Nevada	Huntingdonshire	state = 379
common\decisions\GER.txt	7011	369	Kentucky	Northamptonshire	state = 369
common\decisions\GER.txt	7012	419	Azerbaijan	Monmouthshire	state = 419
common\decisions\GER.txt	7013	426	Orissa	Glamorganshire	state = 426
common\decisions\GER.txt	7014	409	Khabarovsk	Pembrokeshire	state = 409
common\decisions\GER.txt	7015	406	Krasnyy Yar	Carmarthenshire	state = 406
common\decisions\GER.txt	7017	396	Indiana	Herefordshire	state = 396
common\decisions\GER.txt	7018	390	South Dakota	Worcestershire	state = 390
common\decisions\GER.txt	7019	374	Oklahoma	Warkwickshire	state = 374
common\decisions\GER.txt	7020	380	Utah	Cardiganshire	state = 380
common\decisions\GER.txt	7021	389	North Dakota	Radnorshire	state = 389
common\decisions\GER.txt	7022	357	New England	Leicestershire	state = 357
common\decisions\GER.txt	7023	375	Texas	Rutland	state = 375
common\decisions\GER.txt	7024	313	Guatemala	Lincolnshire	state = 313
common\decisions\GER.txt	7025	328	Manchukuo	Nottinghamshire	state = 328
common\decisions\GER.txt	7026	344	Adana	Staffordshire	state = 344
common\decisions\GER.txt	7027	355	Samsun	Shropshire	state = 355
common\decisions\GER.txt	7028	362	Virginia	Montgomeryshire	state = 362
common\decisions\GER.txt	7029	354	Trabzon	Merionethshire	state = 354
common\decisions\GER.txt	7030	334	Kalimantan Barat	Caernarvonshire	state = 334
common\decisions\GER.txt	7032	342	Antalya	Denbighshire	state = 342
common\decisions\GER.txt	7033	338	Gloucestershire	Flintshire	state = 338
common\decisions\GER.txt	7034	325	Yunnan	Derbyshire	state = 325
common\decisions\GER.txt	7035	324	Bhutan	Cheshire	state = 324
common\decisions\GER.txt	7036	293	Yemen	Lancashire	state = 293
common\decisions\GER.txt	7037	286	Indochina	West Riding	state = 286
common\decisions\GER.txt	7038	290	Spanish Africa	East Riding	state = 290
common\decisions\GER.txt	7039	271	ethiopia	North Riding	state = 271
common\decisions\GER.txt	7040	269	British Somaliland	Westmorland	state = 269
common\decisions\GER.txt	7042	258	lipetsk	Durham	state = 258
common\decisions\GER.txt	7043	234	Krasodar	Northumberland	state = 234
common\decisions\GER.txt	7044	237	Elista	Roxburgh	state = 237
common\decisions\GER.txt	7045	224	Bryansk	Berwick	state = 224
common\decisions\GER.txt	7047	221	Kharkov	Midlothian	state = 221
common\decisions\GER.txt	7048	245	Donetsk	Dumfries	state = 245
common\decisions\GER.txt	7049	239	Saratov	Selkirk	state = 239
common\decisions\GER.txt	7050	233	Caucasus Mountains	Peebles	state = 233
common\decisions\GER.txt	7052	257	Livny	Wigtown	state = 257
common\decisions\GER.txt	7053	230	Armenia	Ayr	state = 230
common\decisions\GER.txt	7054	219	Moscow Area	Lanmark	state = 219
common\decisions\GER.txt	7055	220	Kursk Area	West Lothian	state = 220
common\decisions\GER.txt	7056	222	Orel	Renfrew	state = 222
common\decisions\GER.txt	7057	126	Greater London Area	Glasgow	state = 126
common\decisions\GER.txt	7059	210	Bryansk	Stirling	state = 210
common\decisions\GER.txt	7060	192	Odessa	Bute	state = 192
common\decisions\GER.txt	7061	199	Khmelnytskyi	Arcyll	state = 199
common\decisions\GER.txt	7064	211	Burgas	Kinross	state = 211
common\decisions\GER.txt	7065	204	Brest	Fife	state = 204
common\decisions\GER.txt	7066	194	Pinsk Marches	Perth	state = 194
common\decisions\GER.txt	7067	193	Kiev	Angus	state = 193
common\decisions\GER.txt	7068	191	Tartu	Kincardine	state = 191
common\decisions\GER.txt	7069	180	Porto	Aberdeen	state = 180
common\decisions\GER.txt	7070	179	Beja	Banff	state = 179
common\decisions\GER.txt	7071	176	Burgos	Moray	state = 176
common\decisions\GER.txt	7075	169	Sevilla	Ross and Cromarty	state = 169
common\decisions\GER.txt	7141	126	Greater London Area	Glasgow	state = 126
common\decisions\GER.txt	7273	248	Yaroslavl	Donegal	state = 248
common\decisions\GER.txt	7274	253	Ivanovo	Antrim	state = 253
common\decisions\GER.txt	7275	254	Ryazan	Londonder	state = 254
common\decisions\GER.txt	7277	268	French Somaliland	Down	state = 268
common\decisions\GER.txt	7279	276	Canada	Armagh	state = 276
common\decisions\GER.txt	7280	279	Chile	Sligo	state = 279
common\decisions\GER.txt	7281	283	China	Monaghan	state = 283
common\decisions\GER.txt	7282	288	Magwe	Mayo	state = 288
common\decisions\GER.txt	7283	291	Iraq	Cavan	state = 291
common\decisions\GER.txt	7284	296	Portugal Africa	Roscommon	state = 296
common\decisions\GER.txt	7285	297	Belgian Africa	Louth	state = 297
common\decisions\GER.txt	7286	302	bolivia	Longford	state = 302
common\decisions\GER.txt	7287	304	Panama	Meath	state = 304
common\decisions\GER.txt	7288	308	Britain SA	Westmeath	state = 308
common\decisions\GER.txt	7289	317	Nicaragua	Galway	state = 317
common\decisions\GER.txt	7290	321	Goa	Leitrim	state = 321
common\decisions\GER.txt	7291	320	French India	Dublin	state = 320
common\decisions\GER.txt	7292	333	British Borneo	Offaly	state = 333
common\decisions\GER.txt	7294	343	Afyon	Wicklow	state = 343
common\decisions\GER.txt	7295	345	Mersin	Laoighis	state = 345
common\decisions\GER.txt	7296	348	Kayseri	Tipperary	state = 348
common\decisions\GER.txt	7297	349	Silvas	Clare	state = 349
common\decisions\GER.txt	7298	360	Pennsylvania	Carlow	state = 360
common\decisions\GER.txt	7299	361	Maryland	Kilkenny	state = 361
common\decisions\GER.txt	7300	368	Tennesse	Wexford	state = 368
common\decisions\GER.txt	7301	371	Louisiana	Limerick	state = 371
common\decisions\GER.txt	7302	378	California	Kerry	state = 378
common\decisions\GER.txt	7303	394	Wisconsin	Cork	state = 394
common\decisions\GER.txt	7304	395	Illinois	Waterford	state = 395
common\decisions\GER.txt	7515	291	Iraq	Cavan	state = 291
common\decisions\GER.txt	7516	676	Mosul	Zala	state = 676
common\decisions\GER.txt	7517	675	Al Hajara	Poitiers	state = 675
common\decisions\GER.txt	7518	656	Kuwait	Sieradz	state = 656
common\decisions\GER.txt	7519	455	Jordan	Oost-Vlaanderen	state = 455
common\decisions\GER.txt	7520	454	Israel	West-Vlaanderen	state = 454
common\decisions\GER.txt	7521	553	Lebanon	Heilbronn	state = 553
common\decisions\GER.txt	7522	554	Syria	Passau	state = 554
common\decisions\GER.txt	7523	680	Deir-az-Zur	Mures	state = 680
common\decisions\GER.txt	7524	677	Aleppo	Bekes	state = 677
common\decisions\GER.txt	7525	799	Hatay	Basses-Alpes	state = 799
common\decisions\GER.txt	7526	453	Sinai	Hampshire	state = 453
common\decisions\GER.txt	7527	854	Jawf	Navarra	state = 854
common\decisions\GER.txt	7528	855	Tabuk	Saint-Girons	state = 855
common\decisions\GER.txt	7529	679	Hejaz	Lienz	state = 679
common\decisions\GER.txt	7530	857	Ha'il	Leon	state = 857
common\decisions\GER.txt	7531	859	Dammam	Burgos	state = 859
common\decisions\GER.txt	7532	292	Saudi Arabia	Baranowicze	state = 292
common\decisions\GER.txt	7533	856	Asir-Makkah	Samegrelo	state = 856
common\decisions\GER.txt	7534	858	Najiran	Pristina	state = 858
common\decisions\GER.txt	7535	678	Rub al Khali	Chalon-sur-Saone	state = 678
common\decisions\GER.txt	7536	765	Qatar	Braila	state = 765
common\decisions\GER.txt	7537	658	Arab UK 1	Doubs	state = 658
common\decisions\GER.txt	7538	659	Arabian UK 2	Veszprem	state = 659
common\decisions\GER.txt	7539	293	Yemen	Lancashire	state = 293
common\decisions\GER.txt	7540	294	Oman	Druskieniki	state = 294
common\decisions\GER.txt	7541	1010	Al Anbar	Leiria	state = 1010
common\decisions\GER.txt	7542	1011	Al Basrah	Sivas	state = 1011
common\decisions\GER.txt	7543	1013	-Musamdam	Agri	state = 1013
common\decisions\GER.txt	7544	1014	- Bahrain	Vayots Dzor	state = 1014
common\decisions\GER.txt	7545	1015	- Interior Oman	Larissa	state = 1015
common\decisions\GER.txt	7546	1016	- Dhofar	Islas Baleares	state = 1016
common\decisions\GER.txt	7547	992	Province of Aden	Kowel	state = 992
common\decisions\GER.txt	7752	344	Adana	Staffordshire	state = 344
common\decisions\GER.txt	7753	350	Diyarbekir	Meppen	state = 350
common\decisions\GER.txt	7754	352	Hakkari	Hannover	state = 352
common\decisions\GER.txt	7755	348	Kayseri	Tipperary	state = 348
common\decisions\GER.txt	7756	353	Erzurum	Dessau	state = 353
common\decisions\GER.txt	7757	800	Van	Romanati	state = 800
common\decisions\GER.txt	7758	354	Trabzon	Merionethshire	state = 354
common\decisions\GER.txt	7759	349	Silvas	Clare	state = 349
common\decisions\GER.txt	7760	355	Samsun	Shropshire	state = 355
common\decisions\GER.txt	7761	798	Amasya	Genova	state = 798
common\decisions\GER.txt	7762	356	Sinop	Norfolk	state = 356
common\decisions\GER.txt	7763	345	Mersin	Laoighis	state = 345
common\decisions\GER.txt	7764	346	Konya	Drenthe	state = 346
common\decisions\GER.txt	7765	49	Turkey	Nordurland vestra	state = 49
common\decisions\GER.txt	7766	347	Izmit	Roskilde	state = 347
common\decisions\GER.txt	7767	343	Afyon	Wicklow	state = 343
common\decisions\GER.txt	7768	339	Izmir	Landsberg	state = 339
common\decisions\GER.txt	7769	342	Antalya	Denbighshire	state = 342
common\decisions\GER.txt	7911	419	Azerbaijan	Monmouthshire	state = 419
common\decisions\GER.txt	7912	421	Kurdistan	Radomsko	state = 421
common\decisions\GER.txt	7913	420	Gilan	Sarny	state = 420
common\decisions\GER.txt	7914	417	Golestan	Hameln	state = 417
common\decisions\GER.txt	7915	413	Khuzestan	Essex	state = 413
common\decisions\GER.txt	7916	266	Persia	Krupki	state = 266
common\decisions\GER.txt	7917	411	Hormozgan	Delitzsch	state = 411
common\decisions\GER.txt	7918	412	Fars	Voronezh	state = 412
common\decisions\GER.txt	7919	418	Semnan	Halle	state = 418
common\decisions\GER.txt	7920	416	Razavi Khorasan	Hertfordshire	state = 416
common\decisions\GER.txt	7921	414	Kerman	Warendorf	state = 414
common\decisions\GER.txt	7922	410	Sistan	Gloucestershire	state = 410
common\decisions\GER.txt	7923	1000	East Azerbaijan	Oszmiana	state = 1000
common\decisions\GER.txt	7924	1001	Kurdistan	Igdir	state = 1001
common\decisions\GER.txt	7925	1004	North Khorasan	Dogubayazit	state = 1004
common\decisions\GER.txt	7926	1002	Yazd	Chelm	state = 1002
common\decisions\GER.txt	7927	1003	South Khorasan	Yozgat	state = 1003
common\decisions\GER.txt	8557	28	Alcase	Virginia	controls_state = 28
common\decisions\GER.txt	8562	18	Champagne	Connecticut	controls_state = 18
common\decisions\GER.txt	8563	29	Pas de Calais	Suursaari	controls_state = 29
common\decisions\GER.txt	8575	28	Alcase	Virginia	controls_state = 28
common\decisions\GER.txt	8580	18	Champagne	Connecticut	controls_state = 18
common\decisions\GER.txt	8581	29	Pas de Calais	Suursaari	controls_state = 29
common\decisions\GER.txt	8651	69	Sudatenland	nice	controls_state = 69 # Sudetenland
common\decisions\GER.txt	8652	972	- South Sudetenland	Agcab@di	controls_state = 972 # Southern Sudetenland
common\decisions\GER.txt	8653	74	East Sudatenland	Porajarvi	controls_state = 74 # Eastern Sudetenland
common\decisions\GER.txt	8654	9	Czechoslovakia	Ontario	controls_state = 9 # Bohemia
common\decisions\GER.txt	8655	75	Moravia	More og Romsdal	controls_state = 75 # Moravia
common\decisions\GER.txt	8666	69	Sudatenland	nice	controls_state = 69 # Sudetenland
common\decisions\GER.txt	8667	972	- South Sudetenland	Agcab@di	controls_state = 972 # Southern Sudetenland
common\decisions\GER.txt	8668	74	East Sudatenland	Porajarvi	controls_state = 74 # Eastern Sudetenland
common\decisions\GER.txt	8669	9	Czechoslovakia	Ontario	controls_state = 9 # Bohemia
common\decisions\GER.txt	8670	75	Moravia	More og Romsdal	controls_state = 75 # Moravia
common\decisions\GER.txt	11381	333	British Borneo	Offaly	state = 333
common\decisions\GER.txt	11382	334	Kalimantan Barat	Caernarvonshire	state = 334
common\decisions\GER.txt	11383	335	West Java	Koscian	state = 335
common\decisions\GER.txt	11384	336	Singapore	Friesland	state = 336
common\decisions\GER.txt	11385	667	West Nusa Tenggara	Neamt	state = 667
common\decisions\GER.txt	11386	668	The Moluccas	Dole	state = 668
common\decisions\GER.txt	11387	672	South Sumatra	Saint-Amand-Montrond	state = 672
common\decisions\GER.txt	11388	673	Sulawesi	Schwytz	state = 673
common\decisions\GER.txt	11389	721	Portuguese Timor	Osijek	state = 721
common\decisions\GER.txt	11390	738	Aru Islands	Zrenjanin	state = 738
common\decisions\GER.txt	11391	684	Caroline Islands	Vendee	state = 684
common\decisions\GER.txt	11392	647	Palau	Zurich	state = 647
common\decisions\GER.txt	11393	646	Saipan	Jasz-Nagykun-Szolnok	state = 646
common\decisions\GER.txt	11394	633	Marshall Islands	Pest-Pilis	state = 633
common\decisions\GER.txt	11395	743	Qingdao	Ljubljana	state = 743
common\decisions\GER.txt	11396	979	- Kaiser Wilhelms Land	Ankara	state = 979
common\decisions\GER.txt	11397	737	New Britain	Brasov	state = 737
common\decisions\GER.txt	11469	333	British Borneo	Offaly	state = 333
common\decisions\GER.txt	11470	334	Kalimantan Barat	Caernarvonshire	state = 334
common\decisions\GER.txt	11471	335	West Java	Koscian	state = 335
common\decisions\GER.txt	11472	336	Singapore	Friesland	state = 336
common\decisions\GER.txt	11473	667	West Nusa Tenggara	Neamt	state = 667
common\decisions\GER.txt	11474	668	The Moluccas	Dole	state = 668
common\decisions\GER.txt	11475	672	South Sumatra	Saint-Amand-Montrond	state = 672
common\decisions\GER.txt	11476	673	Sulawesi	Schwytz	state = 673
common\decisions\GER.txt	11477	721	Portuguese Timor	Osijek	state = 721
common\decisions\GER.txt	11478	738	Aru Islands	Zrenjanin	state = 738
common\decisions\GER.txt	11479	684	Caroline Islands	Vendee	state = 684
common\decisions\GER.txt	11480	647	Palau	Zurich	state = 647
common\decisions\GER.txt	11481	646	Saipan	Jasz-Nagykun-Szolnok	state = 646
common\decisions\GER.txt	11482	633	Marshall Islands	Pest-Pilis	state = 633
common\decisions\GER.txt	11483	743	Qingdao	Ljubljana	state = 743
common\decisions\GER.txt	11484	979	- Kaiser Wilhelms Land	Ankara	state = 979
common\decisions\GER.txt	11485	737	New Britain	Brasov	state = 737
common\decisions\GER.txt	15106	546	Tanganyika	Tuchola	state = 546 #Azerbaijan
common\decisions\GRE.txt	208	184	Thrace	Halland	state = 184
common\decisions\GRE.txt	253	187	Aegean Islands	Orkney	state = 187
common\decisions\GRE.txt	298	731	Central Macedonia	Puy-de-Dome	state = 731
common\decisions\GRE.txt	343	186	Peloponnese	Mari El	state = 186
common\decisions\HOL.txt	515	7	Holland	Maine	highlight_state_targets = { state = 7 }
common\decisions\HUN.txt	1392	70	Slovakia	Soro	state = 70
common\decisions\HUN.txt	1419	70	Slovakia	Soro	controls_state = 70
common\decisions\HUN.txt	1479	71	East Slovakia	Sor-Trondelag	state = 71
common\decisions\HUN.txt	1506	71	East Slovakia	Sor-Trondelag	controls_state = 71
common\decisions\HUN.txt	1724	664	Southern Slovakia	Oradea	state = 664
common\decisions\HUN.txt	1783	664	Southern Slovakia	Oradea	controls_state = 664
common\decisions\HUN.txt	2354	83	crisana	Oppland	state = 83
common\decisions\HUN.txt	2381	83	crisana	Oppland	controls_state = 83
common\decisions\HUN.txt	2873	975	- Burgenland	Gumushane	state = 975
common\decisions\HUN.txt	2894	975	- Burgenland	Gumushane	controls_state = 975
common\decisions\HUN.txt	3060	109	Eastern Croatia	Varsinais-Suomi	state = 109
common\decisions\HUN.txt	3087	109	Eastern Croatia	Varsinais-Suomi	controls_state = 109
common\decisions\HUN.txt	3147	103	Croatia	Kanta-Hame	state = 103
common\decisions\HUN.txt	3174	103	Croatia	Kanta-Hame	controls_state = 103
common\decisions\HUN.txt	3564	664	Southern Slovakia	Oradea	controls_state = 664
common\decisions\HUN.txt	3585	664	Southern Slovakia	Oradea	controls_state = 664
common\decisions\HUN.txt	3612	664	Southern Slovakia	Oradea	state = 664
common\decisions\HUN.txt	3968	10	Poland	New Hampshire	controls_state = 10
common\decisions\HUN.txt	3996	762	Katowice	Istria	state = 762
common\decisions\HUN.txt	3997	88	Kielce	Kopparberg	state = 88
common\decisions\HUN.txt	3998	91	Tarnopol	Ventspils	state = 91
common\decisions\HUN.txt	3999	89	Krakow	Paijat-Hame	state = 89
common\decisions\HUN.txt	4000	80	Bocovina	Ostrow Wiel	state = 80
common\decisions\HUN.txt	4001	72	Zaolzie	Keski-Suomi	state = 72
common\decisions\HUN.txt	4063	41	Madrid	Arkhangelsk	controls_state = 41
common\decisions\HUN.txt	4266	277	Mexico	Praesto	controls_state = 277
common\decisions\HUN.txt	4687	61	Mecklenburg	Pudozh	state = 61
common\decisions\HUN.txt	4715	61	Mecklenburg	Pudozh	controls_state = 61
common\decisions\POL.txt	3042	218	Rostov Area	Vyazma	controls_state = 218
common\decisions\POL.txt	3043	245	Donetsk	Dumfries	controls_state = 245
common\decisions\POL.txt	3044	238	volgodonsk	Sakiu	controls_state = 238
common\decisions\POL.txt	3045	217	Stalingrad Area	East Lothian	controls_state = 217
common\decisions\POL.txt	3046	265	Mikhaylovka	Tula	controls_state = 265
common\decisions\POL.txt	3089	234	Krasodar	Northumberland	controls_state = 234
common\decisions\POL.txt	3090	235	Stravropol	Safonovo	controls_state = 235
common\decisions\POL.txt	3091	233	Caucasus Mountains	Peebles	controls_state = 233
common\decisions\POL.txt	3092	232	Grozny	Dzisna	controls_state = 232
common\decisions\resource_prospecting.txt	374	336	Singapore	Friesland	state = 336
common\decisions\resource_prospecting.txt	381	336	Singapore	Friesland	owns_state = 336
common\decisions\resource_prospecting.txt	382	336	Singapore	Friesland	controls_state = 336
common\decisions\resource_prospecting.txt	386	336	Singapore	Friesland	owns_state = 336
common\decisions\resource_prospecting.txt	387	336	Singapore	Friesland	controls_state = 336
common\decisions\resource_prospecting.txt	1271	457	Aswan	Volgograd	state = 457
common\decisions\resource_prospecting.txt	1283	457	Aswan	Volgograd	controls_state = 457
common\decisions\resource_prospecting.txt	1287	457	Aswan	Volgograd	controls_state = 457
common\decisions\resource_prospecting.txt	1527	388	Montana	Kursk	state = 388
common\decisions\resource_prospecting.txt	1534	388	Montana	Kursk	owns_state = 388
common\decisions\resource_prospecting.txt	1535	388	Montana	Kursk	controls_state = 388
common\decisions\resource_prospecting.txt	1539	388	Montana	Kursk	owns_state = 388
common\decisions\resource_prospecting.txt	1540	388	Montana	Kursk	controls_state = 388
common\decisions\resource_prospecting.txt	1641	388	Montana	Kursk	state = 388
common\decisions\resource_prospecting.txt	1648	388	Montana	Kursk	owns_state = 388
common\decisions\resource_prospecting.txt	1649	388	Montana	Kursk	controls_state = 388
common\decisions\resource_prospecting.txt	1653	388	Montana	Kursk	owns_state = 388
common\decisions\resource_prospecting.txt	1654	388	Montana	Kursk	controls_state = 388
common\decisions\resource_prospecting.txt	1759	388	Montana	Kursk	state = 388
common\decisions\resource_prospecting.txt	1766	388	Montana	Kursk	owns_state = 388
common\decisions\resource_prospecting.txt	1767	388	Montana	Kursk	controls_state = 388
common\decisions\resource_prospecting.txt	1771	388	Montana	Kursk	owns_state = 388
common\decisions\resource_prospecting.txt	1772	388	Montana	Kursk	controls_state = 388
common\decisions\resource_prospecting.txt	1877	450	Benghasi	Belgorod	state = 450
common\decisions\resource_prospecting.txt	1884	450	Benghasi	Belgorod	owns_state = 450
common\decisions\resource_prospecting.txt	1885	450	Benghasi	Belgorod	controls_state = 450
common\decisions\resource_prospecting.txt	1889	450	Benghasi	Belgorod	owns_state = 450
common\decisions\resource_prospecting.txt	1890	450	Benghasi	Belgorod	controls_state = 450
common\decisions\resource_prospecting.txt	1991	450	Benghasi	Belgorod	state = 450
common\decisions\resource_prospecting.txt	1998	450	Benghasi	Belgorod	owns_state = 450
common\decisions\resource_prospecting.txt	1999	450	Benghasi	Belgorod	controls_state = 450
common\decisions\resource_prospecting.txt	2003	450	Benghasi	Belgorod	owns_state = 450
common\decisions\resource_prospecting.txt	2004	450	Benghasi	Belgorod	controls_state = 450
common\decisions\resource_prospecting.txt	2109	450	Benghasi	Belgorod	state = 450
common\decisions\resource_prospecting.txt	2116	450	Benghasi	Belgorod	owns_state = 450
common\decisions\resource_prospecting.txt	2117	450	Benghasi	Belgorod	controls_state = 450
common\decisions\resource_prospecting.txt	2121	450	Benghasi	Belgorod	owns_state = 450
common\decisions\resource_prospecting.txt	2122	450	Benghasi	Belgorod	controls_state = 450
common\decisions\resource_prospecting.txt	4258	155	Western Hungary	Parnu	state = 155
common\decisions\resource_prospecting.txt	4264	155	Western Hungary	Parnu	owns_state = 155
common\decisions\resource_prospecting.txt	4265	155	Western Hungary	Parnu	controls_state = 155
common\decisions\resource_prospecting.txt	4278	155	Western Hungary	Parnu	owns_state = 155
common\decisions\resource_prospecting.txt	4279	155	Western Hungary	Parnu	controls_state = 155
common\decisions\ROM.txt	906	45	Yugoslavia	Vasterbotten	highlight_states_trigger = { state = 45 }
common\decisions\ROM.txt	1127	764	West Banat	Prahova	highlight_states_trigger = { state = 764 }
common\decisions\ROM.txt	1348	107	Kosavo	Mazeikiu	highlight_states_trigger = { state = 107 }
common\decisions\ROM.txt	1569	108	Eastern Serbia	Kirov	highlight_states_trigger = { state = 108 }
common\decisions\ROM.txt	1790	802	Kosovo	Avallon	highlight_states_trigger = { state = 802 }
common\decisions\ROM.txt	2011	803	Southern Serbia	Landes	highlight_states_trigger = { state = 803 }
common\decisions\ROM.txt	2232	106	Macedonia	Buskerud	highlight_states_trigger = { state = 106 }
common\decisions\ROM.txt	2453	105	Montenegro	Hankoniemi	highlight_states_trigger = { state = 105 }
common\decisions\ROM.txt	2674	104	Bosnia	Haderslev	highlight_states_trigger = { state = 104 }
common\decisions\ROM.txt	2895	103	Croatia	Kanta-Hame	highlight_states_trigger = { state = 103 }
common\decisions\ROM.txt	3116	109	Eastern Croatia	Varsinais-Suomi	highlight_states_trigger = { state = 109 }
common\decisions\ROM.txt	3337	102	North-Eastern Slovenia	Volkhov	highlight_states_trigger = { state = 102 }
common\decisions\ROM.txt	3558	853	Ljubljana	Sinjajevina	highlight_states_trigger = { state = 853 }
common\decisions\ROM.txt	3781	804	Herzegovina	Teleorman	highlight_states_trigger = { state = 804 }
common\decisions\SLO.txt	80	73	Carpathian Ruthenia	Etela-Pohjanmaa	controls_state = 73
common\decisions\SLO.txt	81	664	Southern Slovakia	Oradea	controls_state = 664
common\decisions\SLO.txt	108	71	East Slovakia	Sor-Trondelag	controls_state = 71
common\decisions\SLO.txt	116	73	Carpathian Ruthenia	Etela-Pohjanmaa	controls_state = 73
common\decisions\SLO.txt	200	73	Carpathian Ruthenia	Etela-Pohjanmaa	state = 73
common\decisions\SLO.txt	219	71	East Slovakia	Sor-Trondelag	state = 71
common\decisions\SLO.txt	306	71	East Slovakia	Sor-Trondelag	controls_state = 71
common\decisions\SLO.txt	313	73	Carpathian Ruthenia	Etela-Pohjanmaa	controls_state = 73
common\decisions\SOV.txt	1995	219	Moscow Area	Lanmark	controls_state = 219 #Moscow
common\decisions\SOV.txt	6353	419	Azerbaijan	Monmouthshire	transfer_state = 419 #Tibriz (AZB)
common\decisions\SOV.txt	6354	420	Gilan	Sarny	transfer_state = 420 #Gilan (AZB)
common\decisions\SOV.txt	6355	416	Razavi Khorasan	Hertfordshire	transfer_state = 416 #Khorasan
common\decisions\SOV.txt	6357	411	Hormozgan	Delitzsch	give_resource_rights = { receiver = SOV state = 411 }
common\decisions\SOV.txt	6358	412	Fars	Voronezh	give_resource_rights = { receiver = SOV state = 412 }
common\decisions\SOV.txt	6369	419	Azerbaijan	Monmouthshire	transfer_state = 419 #Tibriz (AZB)
common\decisions\SOV.txt	6370	420	Gilan	Sarny	transfer_state = 420 #Gilan (AZB)
common\decisions\SOV.txt	6371	416	Razavi Khorasan	Hertfordshire	transfer_state = 416 #Khorasan
common\decisions\SOV.txt	6374	411	Hormozgan	Delitzsch	give_resource_rights = { receiver = SOV state = 411 }
common\decisions\SOV.txt	6375	412	Fars	Voronezh	give_resource_rights = { receiver = SOV state = 412 }
common\decisions\SOV.txt	6376	413	Khuzestan	Essex	give_resource_rights = { receiver = ENG state = 413 }
common\decisions\SOV.txt	7259	229	baku	Moscow	state = 229
common\decisions\SOV.txt	8701	229	baku	Moscow	state = 229 #MOSCOW
common\decisions\SOV.txt	8915	195	Leningrad Area	Moscow Oblast	state = 195
common\decisions\SOV.txt	8931	195	Leningrad Area	Moscow Oblast	controls_state = 195
common\decisions\SOV.txt	8932	569	TS 11	Levoca	controls_state = 569
common\decisions\SOV.txt	8952	208	Pskov	Kretingos	owns_state = 208
common\decisions\SOV.txt	8953	208	Pskov	Kretingos	NOT = { controls_state = 208 }
common\decisions\SOV.txt	8956	209	Smolensk	Chuvash	owns_state = 209
common\decisions\SOV.txt	8957	209	Smolensk	Chuvash	NOT = { controls_state = 209 }
common\decisions\SOV.txt	8960	244	Gatchina	Ukmerges	owns_state = 244
common\decisions\SOV.txt	8961	244	Gatchina	Ukmerges	NOT = { controls_state = 244 }
common\decisions\SOV.txt	8964	263	Veliky Novogrod	Stolp	owns_state = 263
common\decisions\SOV.txt	8965	263	Veliky Novogrod	Stolp	NOT = { controls_state = 263 }
common\decisions\SOV.txt	8968	191	Tartu	Kincardine	owns_state = 191
common\decisions\SOV.txt	8969	191	Tartu	Kincardine	NOT = { controls_state = 191 }
common\decisions\SOV.txt	8972	146	Karelia	Saaremaa	owns_state = 146
common\decisions\SOV.txt	8973	146	Karelia	Saaremaa	NOT = { controls_state = 146 }
common\decisions\SOV.txt	9010	569	TS 11	Levoca	controls_state = 569
common\decisions\SOV.txt	9419	229	baku	Moscow	state = 229 #MOSCOW
common\decisions\SOV.txt	9536	229	baku	Moscow	state = 229 #MOSCOW
common\decisions\SOV.txt	10439	208	Pskov	Kretingos	state = 208 #LUGA
common\decisions\SOV.txt	10440	244	Gatchina	Ukmerges	state = 244 #VOLKHOV
common\decisions\SOV.txt	10454	263	Veliky Novogrod	Stolp	controls_state = 263 #NOVGOROD
common\decisions\SOV.txt	10455	264	Tikhvin	Koscierzyna	controls_state = 264 #TIKHVIN
common\decisions\SOV.txt	10530	763	Konigsberg	Nogay	NOT = { state = 763 }
common\decisions\SOV.txt	10531	5	Germany	Pultusk	NOT = { state = 5 }
common\decisions\SOV.txt	10532	85	Danzig	Pirkanmaa	NOT = { state = 85 }
common\decisions\SOV.txt	10590	217	Stalingrad Area	East Lothian	NOT = { controls_state = 217 }
common\decisions\SOV.txt	10641	195	Leningrad Area	Moscow Oblast	NOT = { controls_state = 195 }
common\decisions\SOV.txt	10695	219	Moscow Area	Lanmark	NOT = { controls_state = 219 }
common\decisions\SOV.txt	10807	188	Memel	Tukums	controls_state = 188
common\decisions\SOV.txt	10808	814	Suduva	Tarn	controls_state = 814
common\decisions\SOV.txt	10809	189	Kaunas	Toropets	controls_state = 189
common\decisions\SOV.txt	10810	11	Kaunas	New York	controls_state = 11
common\decisions\SOV.txt	10811	815	Aukstaitija	Cetina	controls_state = 815
common\decisions\SOV.txt	10813	190	Kurzeme	Kronoberg	controls_state = 190
common\decisions\SOV.txt	10814	12	Latvia	Vermont	controls_state = 12
common\decisions\SOV.txt	10815	809	Latgale	Tarn-et-Garonne	controls_state = 809
common\decisions\SOV.txt	10816	810	Zemgale	Nice	controls_state = 810
common\decisions\SOV.txt	10817	808	Riga	Vaucluse	controls_state = 808
common\decisions\SOV.txt	10819	191	Tartu	Kincardine	controls_state = 191
common\decisions\SOV.txt	10820	13	Estonia	Troms	controls_state = 13
common\decisions\SOV.txt	10821	811	Saaremaa	Sibenik	controls_state = 811
common\decisions\SOV.txt	10822	812	Tallinn	Armagnac	controls_state = 812
common\decisions\SOV.txt	10823	813	Rakvere	Mostar	controls_state = 813
common\decisions\SOV.txt	10837	188	Memel	Tukums	state = 188
common\decisions\SOV.txt	10838	814	Suduva	Tarn	state = 814
common\decisions\SOV.txt	10839	189	Kaunas	Toropets	state = 189
common\decisions\SOV.txt	10840	11	Kaunas	New York	state = 11
common\decisions\SOV.txt	10841	815	Aukstaitija	Cetina	state = 815
common\decisions\SOV.txt	10843	190	Kurzeme	Kronoberg	state = 190
common\decisions\SOV.txt	10844	12	Latvia	Vermont	state = 12
common\decisions\SOV.txt	10845	809	Latgale	Tarn-et-Garonne	state = 809
common\decisions\SOV.txt	10846	810	Zemgale	Nice	state = 810
common\decisions\SOV.txt	10847	808	Riga	Vaucluse	state = 808
common\decisions\SOV.txt	10849	191	Tartu	Kincardine	state = 191
common\decisions\SOV.txt	10850	13	Estonia	Troms	state = 13
common\decisions\SOV.txt	10851	811	Saaremaa	Sibenik	state = 811
common\decisions\SOV.txt	10852	812	Tallinn	Armagnac	state = 812
common\decisions\SOV.txt	10853	813	Rakvere	Mostar	state = 813
common\decisions\SOV.txt	10989	229	baku	Moscow	controls_state = 229
common\decisions\SOV.txt	10990	230	Armenia	Ayr	controls_state = 230
common\decisions\SOV.txt	10991	231	Georgia	Lida	controls_state = 231
common\decisions\SOV.txt	10992	232	Grozny	Dzisna	controls_state = 232
common\decisions\SOV.txt	10993	233	Caucasus Mountains	Peebles	controls_state = 233
common\decisions\SOV.txt	10994	234	Krasodar	Northumberland	controls_state = 234
common\decisions\SOV.txt	10995	235	Stravropol	Safonovo	controls_state = 235
common\decisions\SOV.txt	10996	821	- Chenchnya-Ingushetia	Chechen	controls_state = 821
common\decisions\SOV.txt	10997	826	- Abkhazia	Kabardino-Balkar	controls_state = 826
common\decisions\SOV.txt	10998	827	- Kabardino-Balkaria	Radom	controls_state = 827
common\decisions\SOV.txt	10999	828	- North Ossetia	Haute-Garonne	controls_state = 828
common\decisions\SOV.txt	11012	229	baku	Moscow	state = 229
common\decisions\SOV.txt	11013	230	Armenia	Ayr	state = 230
common\decisions\SOV.txt	11014	231	Georgia	Lida	state = 231
common\decisions\SOV.txt	11015	232	Grozny	Dzisna	state = 232
common\decisions\SOV.txt	11016	233	Caucasus Mountains	Peebles	state = 233
common\decisions\SOV.txt	11017	234	Krasodar	Northumberland	state = 234
common\decisions\SOV.txt	11018	235	Stravropol	Safonovo	state = 235
common\decisions\SOV.txt	11019	821	- Chenchnya-Ingushetia	Chechen	state = 821
common\decisions\SOV.txt	11020	826	- Abkhazia	Kabardino-Balkar	state = 826
common\decisions\SOV.txt	11021	827	- Kabardino-Balkaria	Radom	state = 827
common\decisions\SOV.txt	11022	828	- North Ossetia	Haute-Garonne	state = 828
common\decisions\SOV.txt	11060	245	Donetsk	Dumfries	controls_state = 245
common\decisions\SOV.txt	11061	217	Stalingrad Area	East Lothian	controls_state = 217
common\decisions\SOV.txt	11062	218	Rostov Area	Vyazma	controls_state = 218
common\decisions\SOV.txt	11063	238	volgodonsk	Sakiu	controls_state = 238
common\decisions\SOV.txt	11064	237	Elista	Roxburgh	controls_state = 237
common\decisions\SOV.txt	11065	236	Astrakhan	Swieciany	controls_state = 236
common\decisions\SOV.txt	11066	265	Mikhaylovka	Tula	controls_state = 265
common\decisions\SOV.txt	11067	829	- Volga Germany	Var	controls_state = 829
common\decisions\SOV.txt	11079	245	Donetsk	Dumfries	state = 245
common\decisions\SOV.txt	11080	217	Stalingrad Area	East Lothian	state = 217
common\decisions\SOV.txt	11081	218	Rostov Area	Vyazma	state = 218
common\decisions\SOV.txt	11082	238	volgodonsk	Sakiu	state = 238
common\decisions\SOV.txt	11083	237	Elista	Roxburgh	state = 237
common\decisions\SOV.txt	11084	236	Astrakhan	Swieciany	state = 236
common\decisions\SOV.txt	11085	265	Mikhaylovka	Tula	state = 265
common\decisions\SOV.txt	11086	829	- Volga Germany	Var	state = 829
common\decisions\SOV.txt	11124	220	Kursk Area	West Lothian	controls_state = 220
common\decisions\SOV.txt	11125	222	Orel	Renfrew	controls_state = 222
common\decisions\SOV.txt	11126	224	Bryansk	Berwick	controls_state = 224
common\decisions\SOV.txt	11127	243	Roslavl	Srem	controls_state = 243
common\decisions\SOV.txt	11128	205	Hrodna	Telsiu	controls_state = 205
common\decisions\SOV.txt	11129	242	Smolensk	Kauno	controls_state = 242
common\decisions\SOV.txt	11130	246	Rzhev	Tonder	controls_state = 246
common\decisions\SOV.txt	11131	219	Moscow Area	Lanmark	controls_state = 219
common\decisions\SOV.txt	11143	220	Kursk Area	West Lothian	state = 220
common\decisions\SOV.txt	11144	222	Orel	Renfrew	state = 222
common\decisions\SOV.txt	11145	224	Bryansk	Berwick	state = 224
common\decisions\SOV.txt	11146	243	Roslavl	Srem	state = 243
common\decisions\SOV.txt	11147	205	Hrodna	Telsiu	state = 205
common\decisions\SOV.txt	11148	242	Smolensk	Kauno	state = 242
common\decisions\SOV.txt	11149	246	Rzhev	Tonder	state = 246
common\decisions\SOV.txt	11150	219	Moscow Area	Lanmark	state = 219
common\decisions\SOV.txt	12842	214	Arkhangelsk	Clackmannan	state = 214 # Archangelsk
common\decisions\SOV.txt	12846	214	Arkhangelsk	Clackmannan	FROM = { state = 214 }# Archangelsk
common\decisions\SOV.txt	12888	192	Odessa	Bute	state = 192 # Odessa
common\decisions\SOV.txt	12891	192	Odessa	Bute	FROM = { state = 192 }
common\decisions\SOV.txt	12961	571	TS 13	Paris	state = 571  # Omsk
common\decisions\SOV.txt	12964	571	TS 13	Paris	FROM = { state = 571 }
common\decisions\SOV.txt	14416	215	Eastern Karelia	Gorodok	state = 215
common\decisions\SOV.txt	14417	216	Below Zero	Frederiksborg	state = 216
common\decisions\SWE.txt	3146	141	Sodermanland	Stockholm	state = 141 #Stockholm
common\decisions\SWI.txt	537	28	Alcase	Virginia	state = 28
common\decisions\USA.txt	1246	362	Virginia	Montgomeryshire	set_capital = { state = 362 }
common\decisions\YUG.txt	838	109	Eastern Croatia	Varsinais-Suomi	owns_state = 109
common\decisions\YUG.txt	840	109	Eastern Croatia	Varsinais-Suomi	set_capital = { state = 109 }
common\decisions\_generic_decisions.txt	158	28	Alcase	Virginia	controls_state = 28
common\decisions\_generic_decisions.txt	163	18	Champagne	Connecticut	controls_state = 18
common\decisions\_generic_decisions.txt	164	29	Pas de Calais	Suursaari	controls_state = 29
common\decisions\_generic_decisions.txt	1215	446	Cairo	Kent	controls_state = 446
common\decisions\_generic_decisions.txt	1216	453	Sinai	Hampshire	controls_state = 453
common\decisions\_generic_decisions.txt	1219	446	Cairo	Kent	owns_state = 446
common\decisions\_generic_decisions.txt	1220	453	Sinai	Hampshire	owns_state = 453
common\decisions\_generic_decisions.txt	1224	452	Marsa Matruh	Val-de-Marne	controls_state = 452
common\decisions\_generic_decisions.txt	1225	447	Alexandria	Surrey	controls_state = 447
common\decisions\_generic_decisions.txt	1226	456	Luxor	Vlaams-Limburg	controls_state = 456
common\decisions\_generic_decisions.txt	1227	457	Aswan	Volgograd	controls_state = 457
common\decisions\_generic_decisions.txt	1228	454	Israel	West-Vlaanderen	controls_state = 454
common\decisions\_generic_decisions.txt	1229	455	Jordan	Oost-Vlaanderen	controls_state = 455
common\decisions\_generic_decisions.txt	1261	446	Cairo	Kent	owns_state = 446
common\decisions\_generic_decisions.txt	1262	453	Sinai	Hampshire	owns_state = 453
common\decisions\_generic_decisions.txt	1267	446	Cairo	Kent	owns_state = 446
common\decisions\_generic_decisions.txt	1268	453	Sinai	Hampshire	owns_state = 453
common\decisions\_generic_decisions.txt	1292	446	Cairo	Kent	owns_state = 446
common\decisions\_generic_decisions.txt	1293	453	Sinai	Hampshire	owns_state = 453
common\decisions\_generic_decisions.txt	1381	685	Panama Canal	Graubunden	owns_state = 685
common\decisions\_generic_decisions.txt	1386	685	Panama Canal	Graubunden	owns_state = 685
common\decisions\_generic_decisions.txt	1409	685	Panama Canal	Graubunden	USA = { owns_state = 685 }
common\decisions\_generic_decisions.txt	1530	304	Panama	Meath	controls_state = 304
common\decisions\_generic_decisions.txt	1556	304	Panama	Meath	controls_state = 304
common\decisions\categories\BALTIC_decision_categories.txt	106	812	Tallinn	Armagnac	state = 812
common\decisions\categories\BALTIC_decision_categories.txt	137	149	Vaasa	Skaraborg	state = 149
common\decisions\categories\BALTIC_decision_categories.txt	241	808	Riga	Vaucluse	state = 808
common\decisions\categories\COG_decision_categories.txt	30	768	Rwanda	Dambovita	owns_state = 768
common\decisions\categories\COG_decision_categories.txt	31	760	Dabancheng	Gironde	owns_state = 760
common\decisions\categories\FIN_decision_categories.txt	40	929	Oulu	Drama	state = 929
common\decisions\categories\FIN_decision_categories.txt	67	930	Mikkeli	Zonguldak	state = 930
common\decisions\categories\FIN_decision_categories.txt	96	930	Mikkeli	Zonguldak	state = 930
common\decisions\categories\FRA_decision_categories.txt	41	16	Ile de France	Rybachy Peninsula	controls_state = 16
common\decisions\categories\POL_decision_categories.txt	345	7	Holland	Maine	state = 7
common\decisions\categories\POL_decision_categories.txt	351	280	Brazil	Danzig	state = 280
common\decisions\categories\POL_decision_categories.txt	357	317	Nicaragua	Galway	state = 317
common\decisions\categories\POL_decision_categories.txt	363	318	Haiti	Oryol	state = 318
common\decisions\categories\SPR_decision_categories.txt	51	41	Madrid	Arkhangelsk	state = 41
common\decisions\categories\SWE_decision_categories.txt	67	666	Norrnorrland	omg its the devil number	controls_state = 666
common\decisions\categories\SWE_decision_categories.txt	68	918	Vasterbotten	Quba-Xacmaz	controls_state = 918
common\dynamic_modifiers\TAOG_dynamic_modifiers.txt	55	1047	Bangka-Belitung	Elazig	controls_state = 1047 #Bangka-Belitung
common\factions\goals\faction_goals_short_term.txt	1166	46	Romania	Krasnystaw	controls_state = 46
common\factions\goals\faction_goals_short_term.txt	2193	797	Istanbul	Dolj	divisions_in_state = { state = 797 size > 1 }
common\factions\goals\faction_goals_short_term.txt	2195	797	Istanbul	Dolj	divisions_in_state = { state = 797 size > 1 }
common\factions\rules\joining_rules.txt	503	102	North-Eastern Slovenia	Volkhov	state = 102
common\factions\rules\joining_rules.txt	504	853	Ljubljana	Sinjajevina	state = 853
common\factions\rules\joining_rules.txt	505	103	Croatia	Kanta-Hame	state = 103
common\factions\rules\joining_rules.txt	506	109	Eastern Croatia	Varsinais-Suomi	state = 109
common\factions\rules\joining_rules.txt	507	104	Bosnia	Haderslev	state = 104
common\factions\rules\joining_rules.txt	508	804	Herzegovina	Teleorman	state = 804
common\factions\rules\joining_rules.txt	509	45	Yugoslavia	Vasterbotten	state = 45
common\factions\rules\joining_rules.txt	510	764	West Banat	Prahova	state = 764
common\factions\rules\joining_rules.txt	511	107	Kosavo	Mazeikiu	state = 107
common\factions\rules\joining_rules.txt	512	108	Eastern Serbia	Kirov	state = 108
common\factions\rules\joining_rules.txt	513	803	Southern Serbia	Landes	state = 803
common\factions\rules\joining_rules.txt	514	105	Montenegro	Hankoniemi	state = 105
common\factions\rules\joining_rules.txt	515	802	Kosovo	Avallon	state = 802
common\factions\rules\joining_rules.txt	516	106	Macedonia	Buskerud	state = 106
common\factions\rules\joining_rules.txt	517	970	- Western Macedonia	Tokat	state = 970
common\factions\rules\joining_rules.txt	518	934	Shkoder	Napoli	state = 934
common\factions\rules\joining_rules.txt	519	44	Albania	Vestfirdir	state = 44
common\factions\rules\joining_rules.txt	520	805	Northern Epirus	Firenze	state = 805
common\factions\rules\joining_rules.txt	521	163	Dalmatia	Alvsborg	state = 163
common\factions\rules\joining_rules.txt	522	852	Istria	Soule	state = 852
common\factions\rules\joining_rules.txt	523	736	Litorale	Timis-Torontal	state = 736
common\factions\rules\joining_rules.txt	524	48	Bulgaria	Austurland	state = 48
common\factions\rules\joining_rules.txt	525	212	Plovdiv	Malmohus	state = 212
common\factions\rules\joining_rules.txt	526	801	Moesia	Ilfov	state = 801
common\factions\rules\joining_rules.txt	527	211	Burgas	Kinross	state = 211
common\factions\rules\joining_rules.txt	528	77	Dobrogea	Viipuri	state = 77
common\factions\rules\joining_rules.txt	529	971	- Northern Dobruja	Oltu	state = 971
common\factions\rules\joining_rules.txt	530	184	Thrace	Halland	state = 184
common\factions\rules\joining_rules.txt	531	731	Central Macedonia	Puy-de-Dome	state = 731
common\factions\rules\joining_rules.txt	532	185	Epirus	Rezekne	state = 185
common\factions\rules\joining_rules.txt	533	47	Greece	New Jersey	state = 47
common\factions\rules\joining_rules.txt	534	186	Peloponnese	Mari El	state = 186
common\factions\rules\joining_rules.txt	535	46	Romania	Krasnystaw	state = 46
common\factions\rules\joining_rules.txt	536	81	Oltenia	Etela-Savo	state = 81
common\factions\rules\joining_rules.txt	537	82	Banat	Chodziez	state = 82
common\factions\rules\joining_rules.txt	538	83	crisana	Oppland	state = 83
common\factions\rules\joining_rules.txt	539	84	Transylvania	Gavleborg	state = 84
common\factions\rules\joining_rules.txt	540	76	Northern Transylvania	Randers	state = 76
common\factions\rules\joining_rules.txt	541	79	moldovia	Nowy Tomysl	state = 79
common\factions\rules\joining_rules.txt	542	766	Southern Bessarabia	Cantal	state = 766
common\factions\rules\joining_rules.txt	543	78	Bessarabia	Hedmark	state = 78
common\factions\rules\joining_rules.txt	544	80	Bocovina	Ostrow Wiel	state = 80
common\factions\rules\joining_rules.txt	545	341	Edirne	Anglesey	state = 341
common\factions\rules\joining_rules.txt	546	797	Istanbul	Dolj	state = 797
common\factions\rules\joining_rules.txt	568	102	North-Eastern Slovenia	Volkhov	state = 102
common\factions\rules\joining_rules.txt	569	853	Ljubljana	Sinjajevina	state = 853
common\factions\rules\joining_rules.txt	570	103	Croatia	Kanta-Hame	state = 103
common\factions\rules\joining_rules.txt	571	109	Eastern Croatia	Varsinais-Suomi	state = 109
common\factions\rules\joining_rules.txt	572	104	Bosnia	Haderslev	state = 104
common\factions\rules\joining_rules.txt	573	804	Herzegovina	Teleorman	state = 804
common\factions\rules\joining_rules.txt	574	45	Yugoslavia	Vasterbotten	state = 45
common\factions\rules\joining_rules.txt	575	764	West Banat	Prahova	state = 764
common\factions\rules\joining_rules.txt	576	107	Kosavo	Mazeikiu	state = 107
common\factions\rules\joining_rules.txt	577	108	Eastern Serbia	Kirov	state = 108
common\factions\rules\joining_rules.txt	578	803	Southern Serbia	Landes	state = 803
common\factions\rules\joining_rules.txt	579	105	Montenegro	Hankoniemi	state = 105
common\factions\rules\joining_rules.txt	580	802	Kosovo	Avallon	state = 802
common\factions\rules\joining_rules.txt	581	106	Macedonia	Buskerud	state = 106
common\factions\rules\joining_rules.txt	582	970	- Western Macedonia	Tokat	state = 970
common\factions\rules\joining_rules.txt	583	934	Shkoder	Napoli	state = 934
common\factions\rules\joining_rules.txt	584	44	Albania	Vestfirdir	state = 44
common\factions\rules\joining_rules.txt	585	805	Northern Epirus	Firenze	state = 805
common\factions\rules\joining_rules.txt	586	163	Dalmatia	Alvsborg	state = 163
common\factions\rules\joining_rules.txt	587	852	Istria	Soule	state = 852
common\factions\rules\joining_rules.txt	588	736	Litorale	Timis-Torontal	state = 736
common\factions\rules\joining_rules.txt	589	48	Bulgaria	Austurland	state = 48
common\factions\rules\joining_rules.txt	590	212	Plovdiv	Malmohus	state = 212
common\factions\rules\joining_rules.txt	591	801	Moesia	Ilfov	state = 801
common\factions\rules\joining_rules.txt	592	211	Burgas	Kinross	state = 211
common\factions\rules\joining_rules.txt	593	77	Dobrogea	Viipuri	state = 77
common\factions\rules\joining_rules.txt	594	971	- Northern Dobruja	Oltu	state = 971
common\factions\rules\joining_rules.txt	595	184	Thrace	Halland	state = 184
common\factions\rules\joining_rules.txt	596	731	Central Macedonia	Puy-de-Dome	state = 731
common\factions\rules\joining_rules.txt	597	185	Epirus	Rezekne	state = 185
common\factions\rules\joining_rules.txt	598	47	Greece	New Jersey	state = 47
common\factions\rules\joining_rules.txt	599	186	Peloponnese	Mari El	state = 186
common\factions\rules\joining_rules.txt	600	46	Romania	Krasnystaw	state = 46
common\factions\rules\joining_rules.txt	601	81	Oltenia	Etela-Savo	state = 81
common\factions\rules\joining_rules.txt	602	82	Banat	Chodziez	state = 82
common\factions\rules\joining_rules.txt	603	83	crisana	Oppland	state = 83
common\factions\rules\joining_rules.txt	604	84	Transylvania	Gavleborg	state = 84
common\factions\rules\joining_rules.txt	605	76	Northern Transylvania	Randers	state = 76
common\factions\rules\joining_rules.txt	606	79	moldovia	Nowy Tomysl	state = 79
common\factions\rules\joining_rules.txt	607	766	Southern Bessarabia	Cantal	state = 766
common\factions\rules\joining_rules.txt	608	78	Bessarabia	Hedmark	state = 78
common\factions\rules\joining_rules.txt	609	80	Bocovina	Ostrow Wiel	state = 80
common\factions\rules\joining_rules.txt	610	341	Edirne	Anglesey	state = 341
common\factions\rules\joining_rules.txt	611	797	Istanbul	Dolj	state = 797
common\factions\rules\joining_rules.txt	624	763	Konigsberg	Nogay	state = 763
common\factions\rules\joining_rules.txt	625	784	Ermland-Masuren	Avar	state = 784
common\factions\rules\joining_rules.txt	626	208	Pskov	Kretingos	state = 208
common\factions\rules\joining_rules.txt	627	209	Smolensk	Chuvash	state = 209
common\factions\rules\joining_rules.txt	648	763	Konigsberg	Nogay	state = 763
common\factions\rules\joining_rules.txt	649	784	Ermland-Masuren	Avar	state = 784
common\factions\rules\joining_rules.txt	650	208	Pskov	Kretingos	state = 208
common\factions\rules\joining_rules.txt	651	209	Smolensk	Chuvash	state = 209
common\ideas\australia.txt	295	1021	- Actual Singapore	Santarem	NOT = { controls_state = 1021 } #Singapore
common\ideas\australia.txt	301	1021	- Actual Singapore	Santarem	controls_state = 1021
common\ideas\brazil.txt	1101	500	Rio de Janerio	Luxembourg Belge	controls_state = 500 #Rio de Janeiro
common\ideas\china.txt	2028	617	Xinjiang	Transnistria	controls_state = 617
common\ideas\china.txt	2029	759	Kunlun	Valcea	controls_state = 759
common\ideas\china.txt	2030	755	Haixi	Fiume	controls_state = 755
common\ideas\china.txt	2031	754	Golog	Lika-Gacka	controls_state = 754
common\ideas\china.txt	2032	283	China	Monaghan	controls_state = 283
common\ideas\china.txt	2064	617	Xinjiang	Transnistria	controls_state = 617
common\ideas\china.txt	2065	759	Kunlun	Valcea	controls_state = 759
common\ideas\china.txt	2066	755	Haixi	Fiume	controls_state = 755
common\ideas\china.txt	2067	754	Golog	Lika-Gacka	controls_state = 754
common\ideas\china.txt	2068	283	China	Monaghan	controls_state = 283
common\ideas\china.txt	2099	325	Yunnan	Derbyshire	controls_state = 325
common\ideas\china.txt	2100	671	Annam	Rowne	controls_state = 671
common\ideas\china.txt	2127	995	Pegu	Ioannina	controls_state = 995
common\ideas\china.txt	2128	640	Mandalay	Montaigne et Gurson	controls_state = 640
common\ideas\china.txt	2129	998	Sagaing	Kalbajar	controls_state = 998
common\ideas\china.txt	2130	434	Arunachal Pradesh	Wlodzimierz Wolynski	controls_state = 434
common\ideas\china.txt	2131	990	Manipur	Castelo Branco	controls_state = 990
common\ideas\china.txt	2132	432	Assam	Limburg Voormaas	controls_state = 432
common\ideas\china.txt	2159	601	China 1	Abauj	controls_state = 601
common\ideas\china.txt	2160	434	Arunachal Pradesh	Wlodzimierz Wolynski	controls_state = 434
common\ideas\china.txt	2161	325	Yunnan	Derbyshire	controls_state = 325
common\ideas\comchina.txt	1919	608	Beijing	Mateszalka	controls_state = 608
common\ideas\comchina.txt	2114	615	Shanxi	Morbihan	controls_state = 615
common\ideas\comchina.txt	2196	621	China 18	Eisenstadt	controls_state = 621
common\ideas\comchina.txt	2291	716	Liaotung	Mangystau	controls_state = 716
common\ideas\comchina.txt	2393	716	Liaotung	Mangystau	controls_state = 716
common\ideas\czechoslovakia.txt	4351	9	Czechoslovakia	Ontario	controls_state = 9
common\ideas\czechoslovakia.txt	5037	9	Czechoslovakia	Ontario	controls_state = 9
common\ideas\czechoslovakia.txt	5039	9	Czechoslovakia	Ontario	controls_state = 9
common\ideas\czechoslovakia.txt	5175	9	Czechoslovakia	Ontario	controls_state = 9
common\ideas\czechoslovakia.txt	5177	9	Czechoslovakia	Ontario	controls_state = 9
common\ideas\czechoslovakia.txt	5653	75	Moravia	More og Romsdal	controls_state = 75
common\ideas\czechoslovakia.txt	5889	72	Zaolzie	Keski-Suomi	controls_state = 72
common\ideas\italy.txt	3445	158	Piedmont	Caithness	controls_state = 158 #PIEMONT (Torino)
common\ideas\italy.txt	3471	158	Piedmont	Caithness	controls_state = 158 #PIEMONT (Torino)
common\ideas\italy.txt	3511	736	Litorale	Timis-Torontal	controls_state = 736 #LITORALE (Trieste)
common\ideas\italy.txt	3537	736	Litorale	Timis-Torontal	controls_state = 736 #LITORALE (Trieste)
common\ideas\italy.txt	4250	159	Lombardy	Hofudborgarsvaedid	controls_state = 159 #LOMBARDIA
common\ideas\italy.txt	4276	159	Lombardy	Hofudborgarsvaedid	controls_state = 159 #LOMBARDIA
common\ideas\italy.txt	4309	159	Lombardy	Hofudborgarsvaedid	controls_state = 159 #LOMBARDIA
common\ideas\italy.txt	4335	159	Lombardy	Hofudborgarsvaedid	controls_state = 159 #LOMBARDIA
common\ideas\italy.txt	4372	159	Lombardy	Hofudborgarsvaedid	controls_state = 159 #LOMBARDIA
common\ideas\italy.txt	4398	159	Lombardy	Hofudborgarsvaedid	controls_state = 159 #LOMBARDIA
common\ideas\italy.txt	4433	159	Lombardy	Hofudborgarsvaedid	controls_state = 159 #LOMBARDY (Brescia)
common\ideas\italy.txt	4459	159	Lombardy	Hofudborgarsvaedid	controls_state = 159 #LOMBARDY (Brescia)
common\ideas\italy.txt	4648	160	Veneto	Sudurnes	controls_state = 160 #VENETO
common\ideas\italy.txt	4674	160	Veneto	Sudurnes	controls_state = 160 #VENETO
common\ideas\italy.txt	4708	162	Tuscany	Udmurt	controls_state = 162 #TUSCANY (actually Terni)
common\ideas\italy.txt	4734	162	Tuscany	Udmurt	controls_state = 162 #TUSCANY (actually Terni)
common\ideas\italy.txt	4764	158	Piedmont	Caithness	controls_state = 158 #PIEDMONT
common\ideas\italy.txt	4786	158	Piedmont	Caithness	controls_state = 158 #PIEDMONT
common\ideas\italy.txt	4815	2	Italy	Massachusetts	controls_state = 2 #LATIUM
common\ideas\italy.txt	4837	2	Italy	Massachusetts	controls_state = 2 #LATIUM
common\ideas\italy.txt	4872	161	Emilia Romagna	Sutherland	controls_state = 161 #EMILIA ROMAGNA
common\ideas\italy.txt	4898	161	Emilia Romagna	Sutherland	controls_state = 161 #EMILIA ROMAGNA
common\ideas\manchukou.txt	1123	714	Heilungkiang	Gorenjska	controls_state = 714
common\ideas\mengkukuo.txt	46	1043	- Pailingmiao	Afyonkarahisar	owns_state = 1043 # Pailingmiao
common\ideas\mengkukuo.txt	50	1043	- Pailingmiao	Afyonkarahisar	state = 1043 # Pailingmiao
common\ideas\paraguay_uruguay_shared_ideas.txt	115	957	- Formosa	Duzce	controls_state = 957
common\ideas\paraguay_uruguay_shared_ideas.txt	116	504	Iguacu	Zwittau	controls_state = 504
common\ideas\spain_republic.txt	1848	792	Basque Country	Zenica	controls_state = 792
common\ideas\spain_republic.txt	1919	167	Valencia	Jonkoping	controls_state = 167
common\ideas\spain_republic.txt	1960	169	Sevilla	Ross and Cromarty	controls_state = 169
common\ideas\spain_republic.txt	2004	792	Basque Country	Zenica	controls_state = 792
common\ideas\spain_republic.txt	2033	792	Basque Country	Zenica	controls_state = 792
common\ideas\spain_republic.txt	2062	792	Basque Country	Zenica	controls_state = 792
common\ideas\spain_republic.txt	2096	165	Catalonia	Petseri	controls_state = 165
common\ideas\spain_republic.txt	2139	41	Madrid	Arkhangelsk	controls_state = 41
common\ideas\spain_republic.txt	2168	165	Catalonia	Petseri	controls_state = 165
common\ideas\spain_republic.txt	2196	792	Basque Country	Zenica	controls_state = 792
common\ideas\spain_republic.txt	2225	41	Madrid	Arkhangelsk	controls_state = 41
common\ideas\_economic.txt	1058	85	Danzig	Pirkanmaa	owns_state = 85
common\ideas\_economic.txt	1059	807	Gdynia	Gard	owns_state = 807
common\ideas\_economic.txt	1063	85	Danzig	Pirkanmaa	state = 85
common\ideas\_economic.txt	1064	807	Gdynia	Gard	state = 807
common\military_industrial_organization\organizations\BRA_organization.txt	68	500	Rio de Janerio	Luxembourg Belge	controls_state = 500 #Rio de Janeiro
common\military_industrial_organization\organizations\CZE_organization.txt	327	9	Czechoslovakia	Ontario	controls_state = 9
common\military_industrial_organization\organizations\CZE_organization.txt	345	9	Czechoslovakia	Ontario	controls_state = 9
common\military_industrial_organization\organizations\CZE_organization.txt	347	9	Czechoslovakia	Ontario	controls_state = 9
common\military_industrial_organization\organizations\CZE_organization.txt	394	9	Czechoslovakia	Ontario	controls_state = 9
common\military_industrial_organization\organizations\CZE_organization.txt	396	9	Czechoslovakia	Ontario	controls_state = 9
common\military_industrial_organization\organizations\CZE_organization.txt	1200	9	Czechoslovakia	Ontario	controls_state = 9
common\military_industrial_organization\organizations\CZE_organization.txt	1202	9	Czechoslovakia	Ontario	controls_state = 9
common\military_industrial_organization\organizations\CZE_organization.txt	1506	75	Moravia	More og Romsdal	controls_state = 75
common\military_industrial_organization\organizations\CZE_organization.txt	1508	75	Moravia	More og Romsdal	controls_state = 75
common\military_industrial_organization\organizations\FRA_organization.txt	500	28	Alcase	Virginia	controls_state = 28
common\military_industrial_organization\organizations\GER_organization.txt	3606	4	Austria	Finnmark	controls_state = 4
common\military_industrial_organization\organizations\GER_organization.txt	3608	4	Austria	Finnmark	controls_state = 4
common\military_industrial_organization\organizations\ITA_organization.txt	55	158	Piedmont	Caithness	controls_state = 158 #PIEMONT (Torino)
common\military_industrial_organization\organizations\ITA_organization.txt	162	736	Litorale	Timis-Torontal	FROM = { controls_state = 736 } #LITORALE (Trieste)
common\military_industrial_organization\organizations\ITA_organization.txt	188	736	Litorale	Timis-Torontal	FROM = { controls_state = 736 } #LITORALE (Trieste)
common\military_industrial_organization\organizations\ITA_organization.txt	233	158	Piedmont	Caithness	controls_state = 158 #PIEDMONT (Genova)
common\military_industrial_organization\organizations\ITA_organization.txt	273	117	Napoli	Uppsala	controls_state = 117 # CAMPAGNA (Napoli)
common\military_industrial_organization\organizations\ITA_organization.txt	313	157	Abruzzo	Hiiumaa	controls_state = 157 # ABRUZZO (Ancona)
common\military_industrial_organization\organizations\ITA_organization.txt	353	849	Puglia	Vizcaya	controls_state = 849 # PUGLIA (Taranto)
common\military_industrial_organization\organizations\ITA_organization.txt	428	159	Lombardy	Hofudborgarsvaedid	controls_state = 159 #LOMBARDIA
common\military_industrial_organization\organizations\ITA_organization.txt	469	159	Lombardy	Hofudborgarsvaedid	controls_state = 159 #LOMBARDIA
common\military_industrial_organization\organizations\ITA_organization.txt	588	159	Lombardy	Hofudborgarsvaedid	controls_state = 159 #LOMBARDIA
common\military_industrial_organization\organizations\ITA_organization.txt	629	158	Piedmont	Caithness	controls_state = 158 #PIEMONTE
common\military_industrial_organization\organizations\ITA_organization.txt	690	117	Napoli	Uppsala	controls_state = 117 #CAMPANIA (Napoli)
common\military_industrial_organization\organizations\ITA_organization.txt	731	736	Litorale	Timis-Torontal	controls_state = 736 #LITORALE (Trieste)
common\military_industrial_organization\organizations\MAN_organization.txt	44	714	Heilungkiang	Gorenjska	owner = { controls_state = 714 }
common\military_industrial_organization\organizations\NOR_organization.txt	208	143	Midt-Noreg	Jarva	controls_state = 143
common\military_industrial_organization\organizations\NOR_organization.txt	239	143	Midt-Noreg	Jarva	controls_state = 143
common\military_industrial_organization\organizations\SOV_organization.txt	1869	219	Moscow Area	Lanmark	state = 219
common\military_industrial_organization\organizations\SOV_organization.txt	2042	219	Moscow Area	Lanmark	state = 219
common\military_industrial_organization\organizations\SOV_organization.txt	2194	219	Moscow Area	Lanmark	state = 219
common\military_industrial_organization\organizations\SOV_organization.txt	2399	219	Moscow Area	Lanmark	state = 219
common\military_industrial_organization\organizations\SPR_organization.txt	83	167	Valencia	Jonkoping	FROM = { controls_state = 167 }
common\military_industrial_organization\organizations\SPR_organization.txt	123	169	Sevilla	Ross and Cromarty	FROM = { controls_state = 169 }
common\military_industrial_organization\organizations\SPR_organization.txt	158	792	Basque Country	Zenica	FROM = { controls_state = 792 }
common\military_industrial_organization\organizations\SPR_organization.txt	177	792	Basque Country	Zenica	FROM = { controls_state = 792 }
common\military_industrial_organization\organizations\SPR_organization.txt	196	792	Basque Country	Zenica	FROM = { controls_state = 792 }
common\military_industrial_organization\organizations\SPR_organization.txt	237	169	Sevilla	Ross and Cromarty	FROM = { controls_state = 169 }
common\national_focus\austria.txt	8326	69	Sudatenland	nice	controls_state = 69
common\national_focus\austria.txt	8339	972	- South Sudetenland	Agcab@di	controls_state = 972
common\national_focus\austria.txt	8365	75	Moravia	More og Romsdal	controls_state = 75
common\national_focus\austria.txt	8378	74	East Sudatenland	Porajarvi	controls_state = 74
common\national_focus\austria.txt	8504	102	North-Eastern Slovenia	Volkhov	controls_state = 102
common\national_focus\austria.txt	8517	103	Croatia	Kanta-Hame	controls_state = 103
common\national_focus\austria.txt	8530	853	Ljubljana	Sinjajevina	controls_state = 853
common\national_focus\austria.txt	8701	934	Shkoder	Napoli	controls_state = 934
common\national_focus\austria.txt	8714	44	Albania	Vestfirdir	controls_state = 44
common\national_focus\austria.txt	8727	805	Northern Epirus	Firenze	controls_state = 805
common\national_focus\austria.txt	8803	88	Kielce	Kopparberg	controls_state = 88
common\national_focus\austria.txt	8816	89	Krakow	Paijat-Hame	controls_state = 89
common\national_focus\austria.txt	8829	91	Tarnopol	Ventspils	controls_state = 91
common\national_focus\austria.txt	8966	76	Northern Transylvania	Randers	controls_state = 76
common\national_focus\austria.txt	8979	83	crisana	Oppland	controls_state = 83
common\national_focus\austria.txt	8992	84	Transylvania	Gavleborg	controls_state = 84
common\national_focus\austria.txt	9005	82	Banat	Chodziez	controls_state = 82
common\national_focus\austria.txt	9018	80	Bocovina	Ostrow Wiel	controls_state = 80
common\national_focus\austria.txt	9505	154	Southern plain	Tver	controls_state = 154 #Alföld
common\national_focus\austria.txt	9507	973	- Bacs	Erzurum	controls_state = 973 #Bacs-Bodrog
common\national_focus\austria.txt	9514	74	East Sudatenland	Porajarvi	controls_state = 74 #EasternSudetenland
common\national_focus\belgium.txt	763	977	- Antwerp	Gegharkunik	state = 977
common\national_focus\belgium.txt	3962	672	South Sumatra	Saint-Amand-Montrond	owns_state = 672 #Sumatra
common\national_focus\belgium.txt	3963	335	West Java	Koscian	owns_state = 335 #Java
common\national_focus\belgium.txt	3964	334	Kalimantan Barat	Caernarvonshire	owns_state = 334 #Kalimantan
common\national_focus\belgium.txt	3965	673	Sulawesi	Schwytz	owns_state = 673 #Sulawesi
common\national_focus\belgium.txt	3966	667	West Nusa Tenggara	Neamt	owns_state = 667 #Lesser Sunda Islands
common\national_focus\belgium.txt	3967	668	The Moluccas	Dole	owns_state = 668 #Moluccas
common\national_focus\belgium.txt	3968	669	Dutch New Guinea	Luzern	owns_state = 669 #West Papua
common\national_focus\belgium.txt	3969	738	Aru Islands	Zrenjanin	owns_state = 738 #Aru Islands
common\national_focus\belgium.txt	3970	309	Dutch SA	Tambov	owns_state = 309 #Suriname
common\national_focus\belgium.txt	3971	695	Curacao	Prekmurje	owns_state = 695 #Curacao
common\national_focus\belgium.txt	3984	672	South Sumatra	Saint-Amand-Montrond	state = 672
common\national_focus\belgium.txt	3985	335	West Java	Koscian	state = 335
common\national_focus\belgium.txt	3986	334	Kalimantan Barat	Caernarvonshire	state = 334
common\national_focus\belgium.txt	3987	673	Sulawesi	Schwytz	state = 673
common\national_focus\belgium.txt	3988	667	West Nusa Tenggara	Neamt	state = 667
common\national_focus\belgium.txt	3989	668	The Moluccas	Dole	state = 668
common\national_focus\belgium.txt	3990	669	Dutch New Guinea	Luzern	state = 669
common\national_focus\belgium.txt	3991	738	Aru Islands	Zrenjanin	state = 738
common\national_focus\belgium.txt	3992	309	Dutch SA	Tambov	state = 309
common\national_focus\belgium.txt	3993	695	Curacao	Prekmurje	state = 695
common\national_focus\belgium.txt	6589	977	- Antwerp	Gegharkunik	state = 977
common\national_focus\belgium.txt	6604	977	- Antwerp	Gegharkunik	controls_state = 977
common\national_focus\canada.txt	4218	473	British Columbia	Reichenberg	NOT = { state = 473 }
common\national_focus\congo.txt	679	890	Costermansville	Imereti	state = 890
common\national_focus\congo.txt	680	888	Lusambo	Kacanik	state = 888
common\national_focus\congo.txt	681	889	Elisabethville	Zaqatala	state = 889
common\national_focus\congo.txt	728	718	Stanleyville	Torino	state = 718
common\national_focus\congo.txt	729	538	Cameroun	Verdun	state = 538
common\national_focus\congo.txt	1970	768	Rwanda	Dambovita	owns_state = 768
common\national_focus\congo.txt	1971	769	Burundi	Kerch	owns_state = 769
common\national_focus\congo.txt	2105	768	Rwanda	Dambovita	owns_state = 768
common\national_focus\congo.txt	2106	769	Burundi	Kerch	owns_state = 769
common\national_focus\congo.txt	3373	295	Congo	Naugard	state = 295
common\national_focus\congo.txt	3490	718	Stanleyville	Torino	state = 718
common\national_focus\congo.txt	4312	538	Cameroun	Verdun	give_resource_rights = { receiver = ENG state = 538 }
common\national_focus\congo.txt	4320	890	Costermansville	Imereti	give_resource_rights = { receiver = ENG state = 890 }
common\national_focus\congo.txt	4537	796	North Angola	Nis	controls_state = 796
common\national_focus\congo.txt	4547	796	North Angola	Nis	owns_state = 796
common\national_focus\congo.txt	4668	538	Cameroun	Verdun	state = 538
common\national_focus\congo.txt	4669	718	Stanleyville	Torino	state = 718
common\national_focus\congo.txt	4670	890	Costermansville	Imereti	state = 890
common\national_focus\congo.txt	4671	888	Lusambo	Kacanik	state = 888
common\national_focus\congo.txt	4672	295	Congo	Naugard	state = 295
common\national_focus\congo.txt	4673	772	Middle Congo	Ardeche	state = 772
common\national_focus\congo.txt	4674	796	North Angola	Nis	state = 796
common\national_focus\congo.txt	4675	540	Angola	Charente-Vienne	state = 540
common\national_focus\congo.txt	4690	538	Cameroun	Verdun	owns_state = 538
common\national_focus\congo.txt	4691	718	Stanleyville	Torino	owns_state = 718
common\national_focus\congo.txt	4692	890	Costermansville	Imereti	owns_state = 890
common\national_focus\congo.txt	4693	888	Lusambo	Kacanik	owns_state = 888
common\national_focus\congo.txt	4694	295	Congo	Naugard	owns_state = 295
common\national_focus\congo.txt	4695	772	Middle Congo	Ardeche	owns_state = 772
common\national_focus\congo.txt	4696	796	North Angola	Nis	owns_state = 796
common\national_focus\congo.txt	4697	540	Angola	Charente-Vienne	owns_state = 540
common\national_focus\congo.txt	6550	540	Angola	Charente-Vienne	owns_state = 540
common\national_focus\congo.txt	6551	796	North Angola	Nis	owns_state = 796
common\national_focus\congo.txt	6552	892	South West Angola	Girona	owns_state = 892
common\national_focus\congo.txt	6553	891	Zambesi	Dasoguz	owns_state = 891
common\national_focus\congo.txt	7374	796	North Angola	Nis	controls_state = 796
common\national_focus\congo.txt	7391	796	North Angola	Nis	owns_state = 796
common\national_focus\congo.txt	7524	538	Cameroun	Verdun	state = 538
common\national_focus\congo.txt	7525	718	Stanleyville	Torino	state = 718
common\national_focus\congo.txt	7526	890	Costermansville	Imereti	state = 890
common\national_focus\congo.txt	7527	888	Lusambo	Kacanik	state = 888
common\national_focus\congo.txt	7528	889	Elisabethville	Zaqatala	state = 889
common\national_focus\congo.txt	7529	295	Congo	Naugard	state = 295
common\national_focus\congo.txt	7530	772	Middle Congo	Ardeche	state = 772
common\national_focus\congo.txt	7531	539	Gabon	Budejovice	state = 539
common\national_focus\congo.txt	7532	773	Cameroon	Drome	state = 773
common\national_focus\congo.txt	7533	297	Belgian Africa	Louth	state = 297
common\national_focus\congo.txt	7820	769	Burundi	Kerch	state = 769
common\national_focus\congo.txt	7821	768	Rwanda	Dambovita	state = 768
common\national_focus\congo.txt	7822	546	Tanganyika	Tuchola	state = 546
common\national_focus\congo.txt	7823	890	Costermansville	Imereti	state = 890
common\national_focus\congo.txt	7824	548	Uganda	Eure	state = 548
common\national_focus\congo.txt	7825	904	Nyanza-Rift Valley	Tetovo	state = 904
common\national_focus\congo.txt	7826	771	Zambia	Modane	state = 771
common\national_focus\congo.txt	7872	769	Burundi	Kerch	state = 769
common\national_focus\congo.txt	7873	768	Rwanda	Dambovita	state = 768
common\national_focus\congo.txt	7874	546	Tanganyika	Tuchola	state = 546
common\national_focus\congo.txt	7875	890	Costermansville	Imereti	state = 890
common\national_focus\congo.txt	7876	548	Uganda	Eure	state = 548
common\national_focus\congo.txt	7877	904	Nyanza-Rift Valley	Tetovo	state = 904
common\national_focus\congo.txt	7878	771	Zambia	Modane	state = 771
common\national_focus\congo.txt	7892	769	Burundi	Kerch	state = 769
common\national_focus\congo.txt	7893	768	Rwanda	Dambovita	state = 768
common\national_focus\congo.txt	7894	546	Tanganyika	Tuchola	state = 546
common\national_focus\congo.txt	7895	890	Costermansville	Imereti	state = 890
common\national_focus\congo.txt	7896	548	Uganda	Eure	state = 548
common\national_focus\congo.txt	7897	904	Nyanza-Rift Valley	Tetovo	state = 904
common\national_focus\congo.txt	7898	771	Zambia	Modane	state = 771
common\national_focus\congo.txt	7950	770	Malawi	Haute-Loire	state = 770
common\national_focus\congo.txt	7951	897	Zambezia-Mocambique	Valladolid	state = 897
common\national_focus\congo.txt	8083	768	Rwanda	Dambovita	state = 768
common\national_focus\congo.txt	8084	769	Burundi	Kerch	state = 769
common\national_focus\congo.txt	8085	548	Uganda	Eure	state = 548
common\national_focus\congo.txt	8086	546	Tanganyika	Tuchola	state = 546
common\national_focus\congo.txt	8087	904	Nyanza-Rift Valley	Tetovo	state = 904
common\national_focus\congo.txt	8088	547	East Africa	Moselle	state = 547
common\national_focus\congo.txt	8089	905	Mombasa	Blagoevgrad	state = 905
common\national_focus\congo.txt	8090	903	Garissa	Viana do Castelo	state = 903
common\national_focus\congo_shared.txt	288	295	Congo	Naugard	state = 295
common\national_focus\congo_shared.txt	289	538	Cameroun	Verdun	state = 538
common\national_focus\congo_shared.txt	290	718	Stanleyville	Torino	state = 718
common\national_focus\congo_shared.txt	291	890	Costermansville	Imereti	state = 890
common\national_focus\congo_shared.txt	292	888	Lusambo	Kacanik	state = 888
common\national_focus\congo_shared.txt	293	889	Elisabethville	Zaqatala	state = 889
common\national_focus\congo_shared.txt	294	768	Rwanda	Dambovita	state = 768
common\national_focus\congo_shared.txt	295	769	Burundi	Kerch	state = 769
common\national_focus\congo_shared.txt	296	796	North Angola	Nis	state = 796
common\national_focus\congo_shared.txt	297	772	Middle Congo	Ardeche	state = 772
common\national_focus\congo_shared.txt	298	540	Angola	Charente-Vienne	state = 540
common\national_focus\congo_shared.txt	318	295	Congo	Naugard	state = 295
common\national_focus\congo_shared.txt	319	538	Cameroun	Verdun	state = 538
common\national_focus\congo_shared.txt	320	718	Stanleyville	Torino	state = 718
common\national_focus\congo_shared.txt	321	890	Costermansville	Imereti	state = 890
common\national_focus\congo_shared.txt	322	888	Lusambo	Kacanik	state = 888
common\national_focus\congo_shared.txt	323	889	Elisabethville	Zaqatala	state = 889
common\national_focus\congo_shared.txt	324	768	Rwanda	Dambovita	state = 768
common\national_focus\congo_shared.txt	325	769	Burundi	Kerch	state = 769
common\national_focus\congo_shared.txt	326	796	North Angola	Nis	state = 796
common\national_focus\congo_shared.txt	327	772	Middle Congo	Ardeche	state = 772
common\national_focus\congo_shared.txt	328	540	Angola	Charente-Vienne	state = 540
common\national_focus\congo_shared.txt	2098	538	Cameroun	Verdun	state = 538
common\national_focus\congo_shared.txt	2099	718	Stanleyville	Torino	state = 718
common\national_focus\congo_shared.txt	2100	890	Costermansville	Imereti	state = 890
common\national_focus\congo_shared.txt	2101	888	Lusambo	Kacanik	state = 888
common\national_focus\congo_shared.txt	2102	889	Elisabethville	Zaqatala	state = 889
common\national_focus\congo_shared.txt	2103	295	Congo	Naugard	state = 295
common\national_focus\congo_shared.txt	2104	772	Middle Congo	Ardeche	state = 772
common\national_focus\congo_shared.txt	2105	539	Gabon	Budejovice	state = 539
common\national_focus\congo_shared.txt	2106	773	Cameroon	Drome	state = 773
common\national_focus\congo_shared.txt	2107	297	Belgian Africa	Louth	state = 297
common\national_focus\congo_shared.txt	2134	538	Cameroun	Verdun	state = 538
common\national_focus\congo_shared.txt	2135	718	Stanleyville	Torino	state = 718
common\national_focus\congo_shared.txt	2136	890	Costermansville	Imereti	state = 890
common\national_focus\congo_shared.txt	2137	888	Lusambo	Kacanik	state = 888
common\national_focus\congo_shared.txt	2138	889	Elisabethville	Zaqatala	state = 889
common\national_focus\congo_shared.txt	2139	295	Congo	Naugard	state = 295
common\national_focus\congo_shared.txt	2140	772	Middle Congo	Ardeche	state = 772
common\national_focus\congo_shared.txt	2141	539	Gabon	Budejovice	state = 539
common\national_focus\congo_shared.txt	2142	773	Cameroon	Drome	state = 773
common\national_focus\congo_shared.txt	2143	297	Belgian Africa	Louth	state = 297
common\national_focus\congo_shared.txt	2212	538	Cameroun	Verdun	state = 538
common\national_focus\congo_shared.txt	2213	718	Stanleyville	Torino	state = 718
common\national_focus\congo_shared.txt	2214	890	Costermansville	Imereti	state = 890
common\national_focus\congo_shared.txt	2215	888	Lusambo	Kacanik	state = 888
common\national_focus\congo_shared.txt	2216	889	Elisabethville	Zaqatala	state = 889
common\national_focus\congo_shared.txt	2217	295	Congo	Naugard	state = 295
common\national_focus\congo_shared.txt	2218	772	Middle Congo	Ardeche	state = 772
common\national_focus\congo_shared.txt	2219	539	Gabon	Budejovice	state = 539
common\national_focus\congo_shared.txt	2220	773	Cameroon	Drome	state = 773
common\national_focus\congo_shared.txt	2221	297	Belgian Africa	Louth	state = 297
common\national_focus\congo_shared.txt	2248	538	Cameroun	Verdun	state = 538
common\national_focus\congo_shared.txt	2249	718	Stanleyville	Torino	state = 718
common\national_focus\congo_shared.txt	2250	890	Costermansville	Imereti	state = 890
common\national_focus\congo_shared.txt	2251	888	Lusambo	Kacanik	state = 888
common\national_focus\congo_shared.txt	2252	889	Elisabethville	Zaqatala	state = 889
common\national_focus\congo_shared.txt	2253	295	Congo	Naugard	state = 295
common\national_focus\congo_shared.txt	2254	772	Middle Congo	Ardeche	state = 772
common\national_focus\congo_shared.txt	2255	539	Gabon	Budejovice	state = 539
common\national_focus\congo_shared.txt	2256	773	Cameroon	Drome	state = 773
common\national_focus\congo_shared.txt	2257	297	Belgian Africa	Louth	state = 297
common\national_focus\congo_shared.txt	3266	538	Cameroun	Verdun	state = 538
common\national_focus\congo_shared.txt	3267	718	Stanleyville	Torino	state = 718
common\national_focus\congo_shared.txt	3268	890	Costermansville	Imereti	state = 890
common\national_focus\congo_shared.txt	3269	888	Lusambo	Kacanik	state = 888
common\national_focus\congo_shared.txt	3270	889	Elisabethville	Zaqatala	state = 889
common\national_focus\congo_shared.txt	3271	295	Congo	Naugard	state = 295
common\national_focus\congo_shared.txt	3272	772	Middle Congo	Ardeche	state = 772
common\national_focus\congo_shared.txt	3273	539	Gabon	Budejovice	state = 539
common\national_focus\congo_shared.txt	3274	773	Cameroon	Drome	state = 773
common\national_focus\congo_shared.txt	3275	297	Belgian Africa	Louth	state = 297
common\national_focus\congo_shared.txt	3302	538	Cameroun	Verdun	state = 538
common\national_focus\congo_shared.txt	3303	718	Stanleyville	Torino	state = 718
common\national_focus\congo_shared.txt	3304	890	Costermansville	Imereti	state = 890
common\national_focus\congo_shared.txt	3305	888	Lusambo	Kacanik	state = 888
common\national_focus\congo_shared.txt	3306	889	Elisabethville	Zaqatala	state = 889
common\national_focus\congo_shared.txt	3307	295	Congo	Naugard	state = 295
common\national_focus\congo_shared.txt	3308	772	Middle Congo	Ardeche	state = 772
common\national_focus\congo_shared.txt	3309	539	Gabon	Budejovice	state = 539
common\national_focus\congo_shared.txt	3310	773	Cameroon	Drome	state = 773
common\national_focus\congo_shared.txt	3311	297	Belgian Africa	Louth	state = 297
common\national_focus\congo_shared.txt	3363	538	Cameroun	Verdun	state = 538
common\national_focus\congo_shared.txt	3364	718	Stanleyville	Torino	state = 718
common\national_focus\congo_shared.txt	3365	890	Costermansville	Imereti	state = 890
common\national_focus\congo_shared.txt	3366	888	Lusambo	Kacanik	state = 888
common\national_focus\congo_shared.txt	3367	889	Elisabethville	Zaqatala	state = 889
common\national_focus\congo_shared.txt	3368	295	Congo	Naugard	state = 295
common\national_focus\congo_shared.txt	3369	772	Middle Congo	Ardeche	state = 772
common\national_focus\congo_shared.txt	3370	539	Gabon	Budejovice	state = 539
common\national_focus\congo_shared.txt	3371	773	Cameroon	Drome	state = 773
common\national_focus\congo_shared.txt	3372	297	Belgian Africa	Louth	state = 297
common\national_focus\congo_shared.txt	3399	538	Cameroun	Verdun	state = 538
common\national_focus\congo_shared.txt	3400	718	Stanleyville	Torino	state = 718
common\national_focus\congo_shared.txt	3401	890	Costermansville	Imereti	state = 890
common\national_focus\congo_shared.txt	3402	888	Lusambo	Kacanik	state = 888
common\national_focus\congo_shared.txt	3403	889	Elisabethville	Zaqatala	state = 889
common\national_focus\congo_shared.txt	3404	295	Congo	Naugard	state = 295
common\national_focus\congo_shared.txt	3405	772	Middle Congo	Ardeche	state = 772
common\national_focus\congo_shared.txt	3406	539	Gabon	Budejovice	state = 539
common\national_focus\congo_shared.txt	3407	773	Cameroon	Drome	state = 773
common\national_focus\congo_shared.txt	3408	297	Belgian Africa	Louth	state = 297
common\national_focus\congo_shared.txt	4547	671	Annam	Rowne	controls_state = 671
common\national_focus\congo_shared.txt	4553	671	Annam	Rowne	controls_state = 671
common\national_focus\congo_shared.txt	4557	286	Indochina	West Riding	controls_state = 286
common\national_focus\congo_shared.txt	4563	286	Indochina	West Riding	controls_state = 286
common\national_focus\congo_shared.txt	4567	670	Laos	Indre	controls_state = 670
common\national_focus\congo_shared.txt	4573	670	Laos	Indre	controls_state = 670
common\national_focus\congo_shared.txt	4577	741	Cambodia	Charente	controls_state = 741
common\national_focus\congo_shared.txt	4583	741	Cambodia	Charente	controls_state = 741
common\national_focus\congo_shared.txt	4643	538	Cameroun	Verdun	state = 538
common\national_focus\congo_shared.txt	4644	718	Stanleyville	Torino	state = 718
common\national_focus\congo_shared.txt	4645	890	Costermansville	Imereti	state = 890
common\national_focus\congo_shared.txt	4646	888	Lusambo	Kacanik	state = 888
common\national_focus\congo_shared.txt	4647	889	Elisabethville	Zaqatala	state = 889
common\national_focus\congo_shared.txt	4648	295	Congo	Naugard	state = 295
common\national_focus\congo_shared.txt	4649	772	Middle Congo	Ardeche	state = 772
common\national_focus\congo_shared.txt	4650	539	Gabon	Budejovice	state = 539
common\national_focus\congo_shared.txt	4651	773	Cameroon	Drome	state = 773
common\national_focus\congo_shared.txt	4652	297	Belgian Africa	Louth	state = 297
common\national_focus\congo_shared.txt	4679	538	Cameroun	Verdun	state = 538
common\national_focus\congo_shared.txt	4680	718	Stanleyville	Torino	state = 718
common\national_focus\congo_shared.txt	4681	890	Costermansville	Imereti	state = 890
common\national_focus\congo_shared.txt	4682	888	Lusambo	Kacanik	state = 888
common\national_focus\congo_shared.txt	4683	889	Elisabethville	Zaqatala	state = 889
common\national_focus\congo_shared.txt	4684	295	Congo	Naugard	state = 295
common\national_focus\congo_shared.txt	4685	772	Middle Congo	Ardeche	state = 772
common\national_focus\congo_shared.txt	4686	539	Gabon	Budejovice	state = 539
common\national_focus\congo_shared.txt	4687	773	Cameroon	Drome	state = 773
common\national_focus\congo_shared.txt	4688	297	Belgian Africa	Louth	state = 297
common\national_focus\congo_shared.txt	4715	538	Cameroun	Verdun	state = 538
common\national_focus\congo_shared.txt	4716	718	Stanleyville	Torino	state = 718
common\national_focus\congo_shared.txt	4717	890	Costermansville	Imereti	state = 890
common\national_focus\congo_shared.txt	4718	888	Lusambo	Kacanik	state = 888
common\national_focus\congo_shared.txt	4719	889	Elisabethville	Zaqatala	state = 889
common\national_focus\congo_shared.txt	4720	295	Congo	Naugard	state = 295
common\national_focus\congo_shared.txt	4721	772	Middle Congo	Ardeche	state = 772
common\national_focus\congo_shared.txt	4722	539	Gabon	Budejovice	state = 539
common\national_focus\congo_shared.txt	4723	773	Cameroon	Drome	state = 773
common\national_focus\congo_shared.txt	4724	297	Belgian Africa	Louth	state = 297
common\national_focus\congo_shared.txt	4777	538	Cameroun	Verdun	state = 538
common\national_focus\congo_shared.txt	4778	718	Stanleyville	Torino	state = 718
common\national_focus\congo_shared.txt	4779	890	Costermansville	Imereti	state = 890
common\national_focus\congo_shared.txt	4780	888	Lusambo	Kacanik	state = 888
common\national_focus\congo_shared.txt	4781	889	Elisabethville	Zaqatala	state = 889
common\national_focus\congo_shared.txt	4782	295	Congo	Naugard	state = 295
common\national_focus\congo_shared.txt	4783	772	Middle Congo	Ardeche	state = 772
common\national_focus\congo_shared.txt	4784	539	Gabon	Budejovice	state = 539
common\national_focus\congo_shared.txt	4785	773	Cameroon	Drome	state = 773
common\national_focus\congo_shared.txt	4786	297	Belgian Africa	Louth	state = 297
common\national_focus\congo_shared.txt	4813	538	Cameroun	Verdun	state = 538
common\national_focus\congo_shared.txt	4814	718	Stanleyville	Torino	state = 718
common\national_focus\congo_shared.txt	4815	890	Costermansville	Imereti	state = 890
common\national_focus\congo_shared.txt	4816	888	Lusambo	Kacanik	state = 888
common\national_focus\congo_shared.txt	4817	889	Elisabethville	Zaqatala	state = 889
common\national_focus\congo_shared.txt	4818	295	Congo	Naugard	state = 295
common\national_focus\congo_shared.txt	4819	772	Middle Congo	Ardeche	state = 772
common\national_focus\congo_shared.txt	4820	539	Gabon	Budejovice	state = 539
common\national_focus\congo_shared.txt	4821	773	Cameroon	Drome	state = 773
common\national_focus\congo_shared.txt	4822	297	Belgian Africa	Louth	state = 297
common\national_focus\congo_shared.txt	4849	538	Cameroun	Verdun	state = 538
common\national_focus\congo_shared.txt	4850	718	Stanleyville	Torino	state = 718
common\national_focus\congo_shared.txt	4851	890	Costermansville	Imereti	state = 890
common\national_focus\congo_shared.txt	4852	888	Lusambo	Kacanik	state = 888
common\national_focus\congo_shared.txt	4853	889	Elisabethville	Zaqatala	state = 889
common\national_focus\congo_shared.txt	4854	295	Congo	Naugard	state = 295
common\national_focus\congo_shared.txt	4855	772	Middle Congo	Ardeche	state = 772
common\national_focus\congo_shared.txt	4856	539	Gabon	Budejovice	state = 539
common\national_focus\congo_shared.txt	4857	773	Cameroon	Drome	state = 773
common\national_focus\congo_shared.txt	4858	297	Belgian Africa	Louth	state = 297
common\national_focus\congo_shared.txt	5315	980	- Ardennes	Cuenca	state = 980
common\national_focus\congo_shared.txt	5345	980	- Ardennes	Cuenca	state = 980
common\national_focus\congo_shared.txt	7676	889	Elisabethville	Zaqatala	owns_state = 889
common\national_focus\congo_shared.txt	7677	889	Elisabethville	Zaqatala	controls_state = 889
common\national_focus\congo_shared.txt	7713	889	Elisabethville	Zaqatala	owns_state = 889
common\national_focus\congo_shared.txt	7714	889	Elisabethville	Zaqatala	controls_state = 889
common\national_focus\congo_shared.txt	8088	295	Congo	Naugard	owns_state = 295
common\national_focus\congo_shared.txt	8107	295	Congo	Naugard	owns_state = 295
common\national_focus\congo_shared.txt	8134	295	Congo	Naugard	owns_state = 295
common\national_focus\congo_shared.txt	8153	295	Congo	Naugard	owns_state = 295
common\national_focus\congo_shared.txt	9212	705	Sao Tome	Arad	state = 705
common\national_focus\congo_shared.txt	9231	891	Zambesi	Dasoguz	owns_state = 891
common\national_focus\congo_shared.txt	9232	892	South West Angola	Girona	owns_state = 892
common\national_focus\congo_shared.txt	9233	540	Angola	Charente-Vienne	owns_state = 540
common\national_focus\congo_shared.txt	9234	796	North Angola	Nis	owns_state = 796
common\national_focus\congo_shared.txt	9235	295	Congo	Naugard	owns_state = 295
common\national_focus\congo_shared.txt	9236	888	Lusambo	Kacanik	owns_state = 888
common\national_focus\congo_shared.txt	9237	889	Elisabethville	Zaqatala	owns_state = 889
common\national_focus\congo_shared.txt	9238	890	Costermansville	Imereti	owns_state = 890
common\national_focus\congo_shared.txt	9239	538	Cameroun	Verdun	owns_state = 538
common\national_focus\congo_shared.txt	9240	718	Stanleyville	Torino	owns_state = 718
common\national_focus\congo_shared.txt	9241	769	Burundi	Kerch	owns_state = 769
common\national_focus\congo_shared.txt	9242	768	Rwanda	Dambovita	owns_state = 768
common\national_focus\congo_shared.txt	9243	772	Middle Congo	Ardeche	owns_state = 772
common\national_focus\congo_shared.txt	9244	539	Gabon	Budejovice	owns_state = 539
common\national_focus\congo_shared.txt	9245	297	Belgian Africa	Louth	owns_state = 297
common\national_focus\congo_shared.txt	9246	705	Sao Tome	Arad	owns_state = 705
common\national_focus\congo_shared.txt	9247	773	Cameroon	Drome	owns_state = 773
common\national_focus\congo_shared.txt	9248	660	Equatorial Africa	Jura	owns_state = 660
common\national_focus\congo_shared.txt	9249	774	Chad	Gorj	owns_state = 774
common\national_focus\congo_shared.txt	9283	705	Sao Tome	Arad	state = 705
common\national_focus\congo_shared.txt	9302	891	Zambesi	Dasoguz	owns_state = 891
common\national_focus\congo_shared.txt	9303	892	South West Angola	Girona	owns_state = 892
common\national_focus\congo_shared.txt	9304	540	Angola	Charente-Vienne	owns_state = 540
common\national_focus\congo_shared.txt	9305	796	North Angola	Nis	owns_state = 796
common\national_focus\congo_shared.txt	9306	295	Congo	Naugard	owns_state = 295
common\national_focus\congo_shared.txt	9307	888	Lusambo	Kacanik	owns_state = 888
common\national_focus\congo_shared.txt	9308	889	Elisabethville	Zaqatala	owns_state = 889
common\national_focus\congo_shared.txt	9309	890	Costermansville	Imereti	owns_state = 890
common\national_focus\congo_shared.txt	9310	538	Cameroun	Verdun	owns_state = 538
common\national_focus\congo_shared.txt	9311	718	Stanleyville	Torino	owns_state = 718
common\national_focus\congo_shared.txt	9312	769	Burundi	Kerch	owns_state = 769
common\national_focus\congo_shared.txt	9313	768	Rwanda	Dambovita	owns_state = 768
common\national_focus\congo_shared.txt	9314	772	Middle Congo	Ardeche	owns_state = 772
common\national_focus\congo_shared.txt	9315	539	Gabon	Budejovice	owns_state = 539
common\national_focus\congo_shared.txt	9316	297	Belgian Africa	Louth	owns_state = 297
common\national_focus\congo_shared.txt	9317	705	Sao Tome	Arad	owns_state = 705
common\national_focus\congo_shared.txt	9318	773	Cameroon	Drome	owns_state = 773
common\national_focus\congo_shared.txt	9319	660	Equatorial Africa	Jura	owns_state = 660
common\national_focus\congo_shared.txt	9320	774	Chad	Gorj	owns_state = 774
common\national_focus\czechoslovakia_mu.txt	1828	65	Sachsen	Pohjois-Savo	controls_state = 65
common\national_focus\czechoslovakia_mu.txt	3404	39	South Tyrol	Belomorsk	state = 39
common\national_focus\czechoslovakia_mu.txt	3405	975	- Burgenland	Gumushane	state = 975		#Hungary being annoying otherwise becomes a big issue
common\national_focus\czechoslovakia_mu.txt	3492	153	Tyrol	Yaroslavl	controls_state = 153
common\national_focus\czechoslovakia_mu.txt	10665	834	- Balta	Ivanjica	owns_state = 834
common\national_focus\czechoslovakia_mu.txt	12387	975	- Burgenland	Gumushane	owns_state = 975
common\national_focus\czechoslovakia_mu.txt	12802	89	Krakow	Paijat-Hame	owns_state = 89
common\national_focus\czechoslovakia_mu.txt	12803	91	Tarnopol	Ventspils	owns_state = 91
common\national_focus\czechoslovakia_mu.txt	12845	89	Krakow	Paijat-Hame	transfer_state = 89
common\national_focus\czechoslovakia_mu.txt	12846	91	Tarnopol	Ventspils	transfer_state = 91
common\national_focus\czechoslovakia_mu.txt	22678	975	- Burgenland	Gumushane	state = 975
common\national_focus\czechoslovakia_mu.txt	22717	975	- Burgenland	Gumushane	state = 975
common\national_focus\estonia.txt	2429	13	Estonia	Troms	NOT = { owns_state = 13 }
common\national_focus\estonia.txt	2459	811	Saaremaa	Sibenik	owns_state = 811
common\national_focus\estonia.txt	2463	811	Saaremaa	Sibenik	NOT = { owns_state = 811 }
common\national_focus\finland.txt	3191	13	Estonia	Troms	state = 13
common\national_focus\finland.txt	4268	13	Estonia	Troms	state = 13
common\national_focus\finland.txt	6939	13	Estonia	Troms	state = 13
common\national_focus\france.txt	6242	295	Congo	Naugard	transfer_state = 295
common\national_focus\france.txt	6243	538	Cameroun	Verdun	transfer_state = 538
common\national_focus\france.txt	6244	718	Stanleyville	Torino	transfer_state = 718
common\national_focus\france.txt	6245	769	Burundi	Kerch	transfer_state = 769
common\national_focus\france.txt	6246	768	Rwanda	Dambovita	transfer_state = 768
common\national_focus\france.txt	6276	455	Jordan	Oost-Vlaanderen	owns_state = 455 # was vanilla 6
common\national_focus\france.txt	6327	455	Jordan	Oost-Vlaanderen	owns_state = 455
common\national_focus\france.txt	6328	454	Israel	West-Vlaanderen	owns_state = 454
common\national_focus\france.txt	6329	453	Sinai	Hampshire	owns_state = 453
common\national_focus\germany.txt	6150	925	Finnmark	Ardahan	state = 925
common\national_focus\germany.txt	6151	924	Troms	Samsun	state = 924
common\national_focus\germany.txt	6152	144	Nord-Noreg	Thisted	state = 144
common\national_focus\germany.txt	6153	923	Helgeland	Sanok	state = 923
common\national_focus\germany.txt	6154	143	Midt-Noreg	Jarva	state = 143
common\national_focus\germany.txt	6155	142	Vestlandet	Staraya Russa	state = 142
common\national_focus\germany.txt	6156	922	Agder	Braga	state = 922
common\national_focus\germany.txt	6157	921	Telemark	Bartin	state = 921
common\national_focus\germany.txt	6158	110	Norway	Varmland	state = 110
common\national_focus\germany.txt	6159	915	Bohuslan	Vila Real	state = 915
common\national_focus\germany.txt	6160	140	Vaster Gotland	Hjorring	state = 140
common\national_focus\germany.txt	6161	99	Jutland	Gniezno	state = 99
common\national_focus\germany.txt	6162	912	Sonderjylland	Bari	state = 912
common\national_focus\germany.txt	6163	909	South Schleswig	Kastamonu	state = 909
common\national_focus\germany.txt	6164	58	Schleswig - Holstein	Hauts-de-Seine	state = 58
common\national_focus\germany.txt	6165	59	Ost - Hannover	Suoyarvi	state = 59
common\national_focus\germany.txt	6166	56	Weser-Ems	Sudurland	state = 56
common\national_focus\germany.txt	6167	36	Friesland	Lavansaari	state = 36
common\national_focus\germany.txt	6168	7	Holland	Maine	state = 7
common\national_focus\germany.txt	6169	35	Gelderland	Komi	state = 35
common\national_focus\germany.txt	6170	6	Belgium	New Brunswick	state = 6
common\national_focus\germany.txt	6171	977	- Antwerp	Gegharkunik	state = 977
common\national_focus\germany.txt	6172	29	Pas de Calais	Suursaari	state = 29
common\national_focus\germany.txt	6173	785	Picardy	Kraljevo	state = 785
common\national_focus\germany.txt	6174	15	Normandy	Arhus	state = 15
common\national_focus\germany.txt	6175	14	Brittany	Lappi	state = 14
common\national_focus\germany.txt	7535	14	Brittany	Lappi	state = 14
common\national_focus\germany.txt	7536	30	Loire	Medvezhyegorsk	state = 30
common\national_focus\germany.txt	7537	23	Poitou	Norrbotten	state = 23
common\national_focus\germany.txt	7538	19	Aquitaine	Murmansk	state = 19
common\national_focus\germany.txt	7539	806	French Basque Country	Karachay-Cherkess	state = 806
common\national_focus\germany.txt	7540	792	Basque Country	Zenica	state = 792
common\national_focus\germany.txt	7541	790	Asturias	Beograd	state = 790
common\national_focus\germany.txt	7542	171	Galicia	Nizhny Novgorod	state = 171
common\national_focus\germany.txt	7543	180	Porto	Aberdeen	state = 180
common\national_focus\germany.txt	7544	112	Lisbon	Cesis	state = 112
common\national_focus\germany.txt	7545	179	Beja	Banff	state = 179
common\national_focus\germany.txt	7546	169	Sevilla	Ross and Cromarty	state = 169
common\national_focus\germany.txt	7565	14	Brittany	Lappi	state = 14
common\national_focus\germany.txt	7566	30	Loire	Medvezhyegorsk	state = 30
common\national_focus\germany.txt	7567	23	Poitou	Norrbotten	state = 23
common\national_focus\germany.txt	7568	19	Aquitaine	Murmansk	state = 19
common\national_focus\germany.txt	7569	806	French Basque Country	Karachay-Cherkess	state = 806
common\national_focus\germany.txt	7570	792	Basque Country	Zenica	state = 792
common\national_focus\germany.txt	7571	790	Asturias	Beograd	state = 790
common\national_focus\germany.txt	7572	171	Galicia	Nizhny Novgorod	state = 171
common\national_focus\germany.txt	7573	180	Porto	Aberdeen	state = 180
common\national_focus\germany.txt	7574	112	Lisbon	Cesis	state = 112
common\national_focus\germany.txt	7575	179	Beja	Banff	state = 179
common\national_focus\germany.txt	7576	169	Sevilla	Ross and Cromarty	state = 169
common\national_focus\germany.txt	7663	914	JanMayen	Samtskhe	state = 914
common\national_focus\germany.txt	7664	101	Greenland	Taurages	state = 101
common\national_focus\germany.txt	7665	100	Iceland	Sortavala	state = 100
common\national_focus\germany.txt	7666	337	Faroe Islands	Kildare	state = 337
common\national_focus\germany.txt	7667	933	Shetland	Artvin	state = 933
common\national_focus\germany.txt	7668	134	Connaught	Narva	state = 134
common\national_focus\germany.txt	7669	119	Northern Ireland	Leningrad	state = 119
common\national_focus\germany.txt	7670	178	Canary islands	Holbaek	state = 178
common\national_focus\germany.txt	7671	698	Azores	Bacau	state = 698
common\national_focus\germany.txt	7672	696	Bermuda	Krasnodar	state = 696
common\national_focus\germany.txt	7673	697	Madeira	Tolna	state = 697
common\national_focus\germany.txt	7674	702	Cape Verde	Chevagnes	state = 702
common\national_focus\germany.txt	7693	101	Greenland	Taurages	state = 101
common\national_focus\germany.txt	7695	100	Iceland	Sortavala	state = 100
common\national_focus\germany.txt	7696	337	Faroe Islands	Kildare	state = 337
common\national_focus\germany.txt	7697	933	Shetland	Artvin	state = 933
common\national_focus\germany.txt	7698	134	Connaught	Narva	state = 134
common\national_focus\germany.txt	7699	119	Northern Ireland	Leningrad	state = 119
common\national_focus\germany.txt	7700	178	Canary islands	Holbaek	state = 178
common\national_focus\germany.txt	7701	698	Azores	Bacau	state = 698
common\national_focus\germany.txt	7702	696	Bermuda	Krasnodar	state = 696
common\national_focus\germany.txt	7703	697	Madeira	Tolna	state = 697
common\national_focus\germany.txt	7704	702	Cape Verde	Chevagnes	state = 702
common\national_focus\germany.txt	7705	703	Ascension	Drava	state = 703
common\national_focus\germany.txt	7706	704	Saint Helena	Belluno	state = 704
common\national_focus\germany.txt	7707	297	Belgian Africa	Louth	state = 297
common\national_focus\germany.txt	7708	705	Sao Tome	Arad	state = 705
common\national_focus\germany.txt	7709	697	Madeira	Tolna	state = 697
common\national_focus\germany.txt	7710	720	South Georgia	Canale	state = 720
common\national_focus\germany.txt	7711	299	Falkand Islands	Penza	state = 299
common\national_focus\germany.txt	8878	16	Ile de France	Rybachy Peninsula	controls_state = 16 #PARIS
common\national_focus\germany.txt	10331	69	Sudatenland	nice	controls_state = 69
common\national_focus\germany.txt	10332	972	- South Sudetenland	Agcab@di	controls_state = 972
common\national_focus\germany.txt	10333	74	East Sudatenland	Porajarvi	controls_state = 74
common\national_focus\germany.txt	11966	85	Danzig	Pirkanmaa	owns_state = 85
common\national_focus\germany.txt	12921	547	East Africa	Moselle	owns_state = 547
common\national_focus\germany.txt	14211	731	Central Macedonia	Puy-de-Dome	NOT = { owns_state = 731 }
common\national_focus\germany.txt	14212	184	Thrace	Halland	NOT = { owns_state = 184 }
common\national_focus\germany.txt	14213	185	Epirus	Rezekne	NOT = { owns_state = 185 }
common\national_focus\germany.txt	14460	185	Epirus	Rezekne	GER = { transfer_state = 185 }
common\national_focus\germany.txt	14469	731	Central Macedonia	Puy-de-Dome	GER = { transfer_state = 731 }
common\national_focus\germany.txt	14478	184	Thrace	Halland	GER = { transfer_state = 184 }
common\national_focus\germany.txt	16766	59	Ost - Hannover	Suoyarvi	state = 59
common\national_focus\germany.txt	18924	64	Brandenburg	Newfoundland	state = 64 #BRANDENBURG
common\national_focus\germany.txt	21746	69	Sudatenland	nice	controls_state = 69
common\national_focus\germany.txt	21747	972	- South Sudetenland	Agcab@di	controls_state = 972
common\national_focus\germany.txt	21748	9	Czechoslovakia	Ontario	controls_state = 9
common\national_focus\germany.txt	21749	75	Moravia	More og Romsdal	controls_state = 75
common\national_focus\germany.txt	21750	74	East Sudatenland	Porajarvi	controls_state = 74
common\national_focus\germany.txt	21780	69	Sudatenland	nice	NOT = { controls_state = 69 }
common\national_focus\germany.txt	21781	972	- South Sudetenland	Agcab@di	NOT = { controls_state = 972 }
common\national_focus\germany.txt	21782	9	Czechoslovakia	Ontario	NOT = { controls_state = 9 }
common\national_focus\germany.txt	21783	75	Moravia	More og Romsdal	NOT = { controls_state = 75 }
common\national_focus\germany.txt	21784	74	East Sudatenland	Porajarvi	NOT = { controls_state = 74 }
common\national_focus\germany.txt	21835	69	Sudatenland	nice	controls_state = 69
common\national_focus\germany.txt	21836	972	- South Sudetenland	Agcab@di	controls_state = 972
common\national_focus\germany.txt	21837	9	Czechoslovakia	Ontario	controls_state = 9
common\national_focus\germany.txt	21838	75	Moravia	More og Romsdal	controls_state = 75
common\national_focus\germany.txt	21839	74	East Sudatenland	Porajarvi	controls_state = 74
common\national_focus\germany.txt	21909	807	Gdynia	Gard	controls_state = 807
common\national_focus\germany.txt	21910	85	Danzig	Pirkanmaa	controls_state = 85
common\national_focus\germany.txt	21911	86	Poznan	Satakunta	controls_state = 86
common\national_focus\germany.txt	21912	87	Lodz	Jekabpils	controls_state = 87
common\national_focus\germany.txt	21913	88	Kielce	Kopparberg	controls_state = 88
common\national_focus\germany.txt	21914	90	Lwow	Faero	controls_state = 90
common\national_focus\germany.txt	21915	92	Lublin	Sogn og Fjordane	controls_state = 92
common\national_focus\germany.txt	21916	98	Mazurskie	Aland	controls_state = 98
common\national_focus\germany.txt	21917	10	Poland	New Hampshire	controls_state = 10
common\national_focus\germany.txt	21918	762	Katowice	Istria	controls_state = 762
common\national_focus\germany.txt	21947	807	Gdynia	Gard	NOT = { controls_state = 807 }
common\national_focus\germany.txt	21948	85	Danzig	Pirkanmaa	NOT = { controls_state = 85 }
common\national_focus\germany.txt	21949	86	Poznan	Satakunta	NOT = { controls_state = 86 }
common\national_focus\germany.txt	21950	87	Lodz	Jekabpils	NOT = { controls_state = 87 }
common\national_focus\germany.txt	21951	88	Kielce	Kopparberg	NOT = { controls_state = 88 }
common\national_focus\germany.txt	21952	90	Lwow	Faero	NOT = { controls_state = 90 }
common\national_focus\germany.txt	21953	92	Lublin	Sogn og Fjordane	NOT = { controls_state = 92 }
common\national_focus\germany.txt	21954	98	Mazurskie	Aland	NOT = { controls_state = 98 }
common\national_focus\germany.txt	21955	10	Poland	New Hampshire	NOT = { controls_state = 10 }
common\national_focus\germany.txt	21956	762	Katowice	Istria	NOT = { controls_state = 762 }
common\national_focus\germany.txt	22010	807	Gdynia	Gard	controls_state = 807
common\national_focus\germany.txt	22011	85	Danzig	Pirkanmaa	controls_state = 85
common\national_focus\germany.txt	22012	86	Poznan	Satakunta	controls_state = 86
common\national_focus\germany.txt	22013	87	Lodz	Jekabpils	controls_state = 87
common\national_focus\germany.txt	22014	88	Kielce	Kopparberg	controls_state = 88
common\national_focus\germany.txt	22015	90	Lwow	Faero	controls_state = 90
common\national_focus\germany.txt	22016	92	Lublin	Sogn og Fjordane	controls_state = 92
common\national_focus\germany.txt	22017	98	Mazurskie	Aland	controls_state = 98
common\national_focus\germany.txt	22018	10	Poland	New Hampshire	controls_state = 10
common\national_focus\germany.txt	22019	762	Katowice	Istria	controls_state = 762
common\national_focus\germany.txt	22087	155	Western Hungary	Parnu	controls_state = 155
common\national_focus\germany.txt	22088	174	Leon	Liepaja	controls_state = 174
common\national_focus\germany.txt	22089	973	- Bacs	Erzurum	controls_state = 973
common\national_focus\germany.txt	22090	43	Hungary	Delaware	controls_state = 43
common\national_focus\germany.txt	22091	154	Southern plain	Tver	controls_state = 154
common\national_focus\germany.txt	22120	155	Western Hungary	Parnu	NOT = { controls_state = 155 }
common\national_focus\germany.txt	22122	973	- Bacs	Erzurum	NOT = { controls_state = 973 }
common\national_focus\germany.txt	22123	43	Hungary	Delaware	NOT = { controls_state = 43 }
common\national_focus\germany.txt	22124	154	Southern plain	Tver	NOT = { controls_state = 154 }
common\national_focus\germany.txt	22175	155	Western Hungary	Parnu	controls_state = 155
common\national_focus\germany.txt	22176	174	Leon	Liepaja	controls_state = 174
common\national_focus\germany.txt	22177	973	- Bacs	Erzurum	controls_state = 973
common\national_focus\germany.txt	22178	43	Hungary	Delaware	controls_state = 43
common\national_focus\germany.txt	22179	154	Southern plain	Tver	controls_state = 154
common\national_focus\germany.txt	24023	36	Friesland	Lavansaari	NOT = { controls_state = 36 }
common\national_focus\germany.txt	25098	664	Southern Slovakia	Oradea	state = 664
common\national_focus\germany.txt	25113	680	Deir-az-Zur	Mures	state = 680
common\national_focus\germany.txt	25119	705	Sao Tome	Arad	state = 705
common\national_focus\germany.txt	25134	737	New Britain	Brasov	state = 737
common\national_focus\germany.txt	25198	664	Southern Slovakia	Oradea	state = 664
common\national_focus\germany.txt	25213	680	Deir-az-Zur	Mures	state = 680
common\national_focus\germany.txt	25219	705	Sao Tome	Arad	state = 705
common\national_focus\germany.txt	25234	737	New Britain	Brasov	state = 737
common\national_focus\germany.txt	25814	523	New Guinea	Plzen	state = 523
common\national_focus\germany.txt	25816	539	Gabon	Budejovice	state = 539
common\national_focus\germany.txt	25872	523	New Guinea	Plzen	state = 523
common\national_focus\germany.txt	25874	539	Gabon	Budejovice	state = 539
common\national_focus\germany.txt	25919	523	New Guinea	Plzen	state = 523
common\national_focus\germany.txt	25921	539	Gabon	Budejovice	state = 539
common\national_focus\germany.txt	25976	523	New Guinea	Plzen	state = 523
common\national_focus\germany.txt	25978	539	Gabon	Budejovice	state = 539
common\national_focus\germany.txt	26023	523	New Guinea	Plzen	state = 523
common\national_focus\germany.txt	26025	539	Gabon	Budejovice	state = 539
common\national_focus\germany.txt	26076	523	New Guinea	Plzen	state = 523
common\national_focus\germany.txt	26078	539	Gabon	Budejovice	state = 539
common\national_focus\germany.txt	26451	923	Helgeland	Sanok	state = 923
common\national_focus\germany.txt	26508	923	Helgeland	Sanok	state = 923
common\national_focus\germany.txt	26629	923	Helgeland	Sanok	state = 923
common\national_focus\germany.txt	26678	923	Helgeland	Sanok	state = 923
common\national_focus\germany.txt	26789	923	Helgeland	Sanok	state = 923
common\national_focus\germany.txt	26836	923	Helgeland	Sanok	state = 923
common\national_focus\germany.txt	27117	680	Deir-az-Zur	Mures	state = 680
common\national_focus\germany.txt	27131	737	New Britain	Brasov	state = 737
common\national_focus\germany.txt	27145	664	Southern Slovakia	Oradea	state = 664
common\national_focus\germany.txt	27149	705	Sao Tome	Arad	state = 705
common\national_focus\germany.txt	27203	680	Deir-az-Zur	Mures	state = 680
common\national_focus\germany.txt	27217	737	New Britain	Brasov	state = 737
common\national_focus\germany.txt	27231	664	Southern Slovakia	Oradea	state = 664
common\national_focus\germany.txt	27235	705	Sao Tome	Arad	state = 705
common\national_focus\germany.txt	27373	680	Deir-az-Zur	Mures	state = 680
common\national_focus\germany.txt	27387	737	New Britain	Brasov	state = 737
common\national_focus\germany.txt	27401	664	Southern Slovakia	Oradea	state = 664
common\national_focus\germany.txt	27405	705	Sao Tome	Arad	state = 705
common\national_focus\germany.txt	27454	680	Deir-az-Zur	Mures	state = 680
common\national_focus\germany.txt	27468	737	New Britain	Brasov	state = 737
common\national_focus\germany.txt	27482	664	Southern Slovakia	Oradea	state = 664
common\national_focus\germany.txt	27486	705	Sao Tome	Arad	state = 705
common\national_focus\germany.txt	30054	297	Belgian Africa	Louth	state = 297
common\national_focus\germany.txt	30057	546	Tanganyika	Tuchola	state = 546
common\national_focus\germany.txt	30070	99	Jutland	Gniezno	state = 99
common\national_focus\germany.txt	30071	82	Banat	Chodziez	state = 82
common\national_focus\germany.txt	30102	297	Belgian Africa	Louth	state = 297
common\national_focus\germany.txt	30105	546	Tanganyika	Tuchola	state = 546
common\national_focus\germany.txt	30118	99	Jutland	Gniezno	state = 99
common\national_focus\germany.txt	30119	82	Banat	Chodziez	state = 82
common\national_focus\germany.txt	30398	1070	- Bougainville	Garwolin	controls_state = 1070
common\national_focus\germany.txt	30412	902	Sokoto	Opatow	controls_state = 902
common\national_focus\germany.txt	30432	1070	- Bougainville	Garwolin	controls_state = 1070
common\national_focus\germany.txt	30446	902	Sokoto	Opatow	controls_state = 902
common\national_focus\germany.txt	31766	547	East Africa	Moselle	owns_state = 547
common\national_focus\germany.txt	31778	547	East Africa	Moselle	owns_state = 547
common\national_focus\germany.txt	33329	85	Danzig	Pirkanmaa	owns_state = 85
common\national_focus\germany.txt	33330	86	Poznan	Satakunta	owns_state = 86
common\national_focus\germany.txt	33331	762	Katowice	Istria	owns_state = 762
common\national_focus\germany.txt	33332	807	Gdynia	Gard	owns_state = 807
common\national_focus\greece.txt	1151	187	Aegean Islands	Orkney	NOT = { state = 187 }
common\national_focus\greece.txt	1152	182	Crete	Nairn	NOT = { state = 182 }
common\national_focus\hungary.txt	252	4	Austria	Finnmark	owns_state = 4
common\national_focus\hungary.txt	253	848	Voralberg	Cantabria	owns_state = 848
common\national_focus\hungary.txt	254	153	Tyrol	Yaroslavl	owns_state = 153
common\national_focus\hungary.txt	255	152	Upper Austria	Tarto	owns_state = 152
common\national_focus\hungary.txt	312	4	Austria	Finnmark	owns_state = 4
common\national_focus\hungary.txt	345	152	Upper Austria	Tarto	controls_state = 152
common\national_focus\hungary.txt	346	153	Tyrol	Yaroslavl	controls_state = 153
common\national_focus\hungary.txt	347	848	Voralberg	Cantabria	controls_state = 848
common\national_focus\hungary.txt	348	4	Austria	Finnmark	controls_state = 4
common\national_focus\hungary.txt	453	76	Northern Transylvania	Randers	controls_state = 76
common\national_focus\hungary.txt	454	83	crisana	Oppland	controls_state = 83
common\national_focus\hungary.txt	455	84	Transylvania	Gavleborg	controls_state = 84
common\national_focus\hungary.txt	456	82	Banat	Chodziez	controls_state = 82
common\national_focus\hungary.txt	477	76	Northern Transylvania	Randers	owns_state = 76
common\national_focus\hungary.txt	478	83	crisana	Oppland	owns_state = 83
common\national_focus\hungary.txt	479	84	Transylvania	Gavleborg	owns_state = 84
common\national_focus\hungary.txt	480	82	Banat	Chodziez	owns_state = 82
common\national_focus\hungary.txt	517	102	North-Eastern Slovenia	Volkhov	controls_state = 102
common\national_focus\hungary.txt	518	853	Ljubljana	Sinjajevina	controls_state = 853
common\national_focus\hungary.txt	519	103	Croatia	Kanta-Hame	controls_state = 103
common\national_focus\hungary.txt	520	109	Eastern Croatia	Varsinais-Suomi	controls_state = 109
common\national_focus\hungary.txt	521	104	Bosnia	Haderslev	controls_state = 104
common\national_focus\hungary.txt	522	45	Yugoslavia	Vasterbotten	controls_state = 45
common\national_focus\hungary.txt	523	163	Dalmatia	Alvsborg	controls_state = 163
common\national_focus\hungary.txt	524	764	West Banat	Prahova	controls_state = 764
common\national_focus\hungary.txt	525	804	Herzegovina	Teleorman	controls_state = 804
common\national_focus\hungary.txt	581	736	Litorale	Timis-Torontal	controls_state = 736
common\national_focus\hungary.txt	582	852	Istria	Soule	controls_state = 852
common\national_focus\hungary.txt	583	160	Veneto	Sudurnes	controls_state = 160
common\national_focus\hungary.txt	584	39	South Tyrol	Belomorsk	controls_state = 39
common\national_focus\hungary.txt	585	850	Trentino	Aude	controls_state = 850
common\national_focus\hungary.txt	634	88	Kielce	Kopparberg	controls_state = 88
common\national_focus\hungary.txt	635	89	Krakow	Paijat-Hame	controls_state = 89
common\national_focus\hungary.txt	636	91	Tarnopol	Ventspils	controls_state = 91
common\national_focus\hungary.txt	690	80	Bocovina	Ostrow Wiel	controls_state = 80
common\national_focus\hungary.txt	720	455	Jordan	Oost-Vlaanderen	controls_state = 455
common\national_focus\hungary.txt	721	454	Israel	West-Vlaanderen	controls_state = 454
common\national_focus\hungary.txt	722	66	Niederschlesien	Vasternorrland	controls_state = 66
common\national_focus\hungary.txt	723	67	Oberschlesien	Kuldiga	controls_state = 67
common\national_focus\hungary.txt	724	162	Tuscany	Udmurt	controls_state = 162
common\national_focus\hungary.txt	725	17	Alcase Lorraine	Petsamo	controls_state = 17
common\national_focus\hungary.txt	726	159	Lombardy	Hofudborgarsvaedid	controls_state = 159
common\national_focus\hungary.txt	727	161	Emilia Romagna	Sutherland	controls_state = 161
common\national_focus\hungary.txt	728	762	Katowice	Istria	controls_state = 762
common\national_focus\hungary.txt	1911	76	Northern Transylvania	Randers	controls_state = 76
common\national_focus\hungary.txt	1912	83	crisana	Oppland	controls_state = 83
common\national_focus\hungary.txt	1913	84	Transylvania	Gavleborg	controls_state = 84
common\national_focus\hungary.txt	1936	76	Northern Transylvania	Randers	controls_state = 76
common\national_focus\hungary.txt	1937	83	crisana	Oppland	controls_state = 83
common\national_focus\hungary.txt	1938	84	Transylvania	Gavleborg	controls_state = 84
common\national_focus\hungary.txt	1997	664	Southern Slovakia	Oradea	owns_state = 664
common\national_focus\hungary.txt	2004	664	Southern Slovakia	Oradea	NOT = { CZE = { owns_state = 664 } }
common\national_focus\hungary.txt	2005	664	Southern Slovakia	Oradea	NOT = { SLO = { owns_state = 664 } }
common\national_focus\hungary.txt	2023	664	Southern Slovakia	Oradea	owns_state = 664
common\national_focus\hungary.txt	2026	664	Southern Slovakia	Oradea	owns_state = 664
common\national_focus\hungary.txt	2050	664	Southern Slovakia	Oradea	owns_state = 664
common\national_focus\hungary.txt	2095	45	Yugoslavia	Vasterbotten	owns_state = 45
common\national_focus\hungary.txt	2135	45	Yugoslavia	Vasterbotten	owns_state = 45
common\national_focus\hungary.txt	2185	70	Slovakia	Soro	owns_state = 70
common\national_focus\hungary.txt	2186	71	East Slovakia	Sor-Trondelag	owns_state = 71
common\national_focus\hungary.txt	2187	72	Zaolzie	Keski-Suomi	owns_state = 72
common\national_focus\hungary.txt	2188	73	Carpathian Ruthenia	Etela-Pohjanmaa	owns_state = 73
common\national_focus\hungary.txt	2208	70	Slovakia	Soro	owns_state = 70
common\national_focus\hungary.txt	2209	71	East Slovakia	Sor-Trondelag	owns_state = 71
common\national_focus\hungary.txt	2210	72	Zaolzie	Keski-Suomi	owns_state = 72
common\national_focus\hungary.txt	2211	73	Carpathian Ruthenia	Etela-Pohjanmaa	owns_state = 73
common\national_focus\hungary.txt	2236	70	Slovakia	Soro	owns_state = 70
common\national_focus\hungary.txt	2237	71	East Slovakia	Sor-Trondelag	owns_state = 71
common\national_focus\hungary.txt	2238	72	Zaolzie	Keski-Suomi	owns_state = 72
common\national_focus\hungary.txt	2239	73	Carpathian Ruthenia	Etela-Pohjanmaa	owns_state = 73
common\national_focus\hungary.txt	2295	664	Southern Slovakia	Oradea	owns_state = 664
common\national_focus\hungary.txt	2296	73	Carpathian Ruthenia	Etela-Pohjanmaa	owns_state = 73
common\national_focus\hungary.txt	2297	76	Northern Transylvania	Randers	owns_state = 76
common\national_focus\hungary.txt	2298	84	Transylvania	Gavleborg	owns_state = 84
common\national_focus\hungary.txt	2299	83	crisana	Oppland	owns_state = 83
common\national_focus\hungary.txt	2300	82	Banat	Chodziez	owns_state = 82
common\national_focus\hungary.txt	2301	45	Yugoslavia	Vasterbotten	owns_state = 45
common\national_focus\hungary.txt	2638	76	Northern Transylvania	Randers	owns_state = 76
common\national_focus\hungary.txt	2639	78	Bessarabia	Hedmark	owns_state = 78
common\national_focus\hungary_wuw.txt	1355	736	Litorale	Timis-Torontal	state = 736
common\national_focus\hungary_wuw.txt	1383	664	Southern Slovakia	Oradea	state = 664
common\national_focus\hungary_wuw.txt	2007	41	Madrid	Arkhangelsk	controls_state = 41
common\national_focus\hungary_wuw.txt	2149	10	Poland	New Hampshire	controls_state = 10
common\national_focus\hungary_wuw.txt	2226	762	Katowice	Istria	state = 762
common\national_focus\hungary_wuw.txt	2227	88	Kielce	Kopparberg	state = 88
common\national_focus\hungary_wuw.txt	2228	91	Tarnopol	Ventspils	state = 91
common\national_focus\hungary_wuw.txt	2229	89	Krakow	Paijat-Hame	state = 89
common\national_focus\hungary_wuw.txt	2230	80	Bocovina	Ostrow Wiel	state = 80
common\national_focus\hungary_wuw.txt	2232	93	Volhynian	Etela-Karjala	state = 93
common\national_focus\hungary_wuw.txt	2308	277	Mexico	Praesto	controls_state = 277
common\national_focus\hungary_wuw.txt	2547	93	Volhynian	Etela-Karjala	controls_state = 93
common\national_focus\hungary_wuw.txt	2556	199	Khmelnytskyi	Arcyll	controls_state = 199
common\national_focus\hungary_wuw.txt	2565	201	Zhytomyr	Bashkortostan	controls_state = 201
common\national_focus\hungary_wuw.txt	2574	202	Western Kiev	Kristianstad	controls_state = 202
common\national_focus\hungary_wuw.txt	2583	198	Vinnytsia	Vladimir	controls_state = 198
common\national_focus\hungary_wuw.txt	2592	834	- Balta	Ivanjica	controls_state = 834
common\national_focus\hungary_wuw.txt	2601	192	Odessa	Bute	controls_state = 192
common\national_focus\hungary_wuw.txt	2610	203	Cherkasy	Blekinge	controls_state = 203
common\national_focus\hungary_wuw.txt	2619	197	Mykolaiv	Ringkobing	controls_state = 197
common\national_focus\hungary_wuw.txt	2628	193	Kiev	Angus	controls_state = 193
common\national_focus\hungary_wuw.txt	2637	225	Glukhov	Utenos	controls_state = 225
common\national_focus\hungary_wuw.txt	2646	259	Liski	Marijampoles	controls_state = 259
common\national_focus\hungary_wuw.txt	2655	226	Nikopol	Gotland	controls_state = 226
common\national_focus\hungary_wuw.txt	2664	196	Kherson	Jelgava	controls_state = 196
common\national_focus\hungary_wuw.txt	2673	200	Rivne	Tatarstan	controls_state = 200
common\national_focus\hungary_wuw.txt	2682	227	Stalino	Klaipedos	controls_state = 227
common\national_focus\hungary_wuw.txt	2691	221	Kharkov	Midlothian	controls_state = 221
common\national_focus\hungary_wuw.txt	2700	228	Taganrog	Ribe	controls_state = 228
common\national_focus\hungary_wuw.txt	2709	137	Crimea	Jaanilinn	controls_state = 137
common\national_focus\hungary_wuw.txt	2718	218	Rostov Area	Vyazma	controls_state = 218
common\national_focus\hungary_wuw.txt	2727	234	Krasodar	Northumberland	controls_state = 234
common\national_focus\hungary_wuw.txt	2769	93	Volhynian	Etela-Karjala	state = 93
common\national_focus\hungary_wuw.txt	2770	199	Khmelnytskyi	Arcyll	state = 199
common\national_focus\hungary_wuw.txt	2771	201	Zhytomyr	Bashkortostan	state = 201
common\national_focus\hungary_wuw.txt	2772	198	Vinnytsia	Vladimir	state = 198
common\national_focus\hungary_wuw.txt	2773	834	- Balta	Ivanjica	state = 834
common\national_focus\hungary_wuw.txt	2774	192	Odessa	Bute	state = 192
common\national_focus\hungary_wuw.txt	2775	766	Southern Bessarabia	Cantal	state = 766
common\national_focus\hungary_wuw.txt	2776	202	Western Kiev	Kristianstad	state = 202
common\national_focus\hungary_wuw.txt	2777	193	Kiev	Angus	state = 193
common\national_focus\hungary_wuw.txt	2778	225	Glukhov	Utenos	state = 225
common\national_focus\hungary_wuw.txt	2779	259	Liski	Marijampoles	state = 259
common\national_focus\hungary_wuw.txt	2780	203	Cherkasy	Blekinge	state = 203
common\national_focus\hungary_wuw.txt	2781	197	Mykolaiv	Ringkobing	state = 197
common\national_focus\hungary_wuw.txt	2782	226	Nikopol	Gotland	state = 226
common\national_focus\hungary_wuw.txt	2783	196	Kherson	Jelgava	state = 196
common\national_focus\hungary_wuw.txt	2784	200	Rivne	Tatarstan	state = 200
common\national_focus\hungary_wuw.txt	2785	221	Kharkov	Midlothian	state = 221
common\national_focus\hungary_wuw.txt	2786	227	Stalino	Klaipedos	state = 227
common\national_focus\hungary_wuw.txt	2787	228	Taganrog	Ribe	state = 228
common\national_focus\hungary_wuw.txt	2788	137	Crimea	Jaanilinn	state = 137
common\national_focus\hungary_wuw.txt	2789	218	Rostov Area	Vyazma	state = 218
common\national_focus\hungary_wuw.txt	2790	234	Krasodar	Northumberland	state = 234
common\national_focus\hungary_wuw.txt	2802	93	Volhynian	Etela-Karjala	state = 93
common\national_focus\hungary_wuw.txt	2803	199	Khmelnytskyi	Arcyll	state = 199
common\national_focus\hungary_wuw.txt	2804	201	Zhytomyr	Bashkortostan	state = 201
common\national_focus\hungary_wuw.txt	2805	198	Vinnytsia	Vladimir	state = 198
common\national_focus\hungary_wuw.txt	2806	834	- Balta	Ivanjica	state = 834
common\national_focus\hungary_wuw.txt	2807	192	Odessa	Bute	state = 192
common\national_focus\hungary_wuw.txt	2808	766	Southern Bessarabia	Cantal	state = 766
common\national_focus\hungary_wuw.txt	2809	202	Western Kiev	Kristianstad	state = 202
common\national_focus\hungary_wuw.txt	2810	193	Kiev	Angus	state = 193
common\national_focus\hungary_wuw.txt	2811	225	Glukhov	Utenos	state = 225
common\national_focus\hungary_wuw.txt	2812	259	Liski	Marijampoles	state = 259
common\national_focus\hungary_wuw.txt	2813	203	Cherkasy	Blekinge	state = 203
common\national_focus\hungary_wuw.txt	2814	197	Mykolaiv	Ringkobing	state = 197
common\national_focus\hungary_wuw.txt	2815	226	Nikopol	Gotland	state = 226
common\national_focus\hungary_wuw.txt	2816	196	Kherson	Jelgava	state = 196
common\national_focus\hungary_wuw.txt	2817	200	Rivne	Tatarstan	state = 200
common\national_focus\hungary_wuw.txt	2818	221	Kharkov	Midlothian	state = 221
common\national_focus\hungary_wuw.txt	2819	227	Stalino	Klaipedos	state = 227
common\national_focus\hungary_wuw.txt	2820	228	Taganrog	Ribe	state = 228
common\national_focus\hungary_wuw.txt	2821	137	Crimea	Jaanilinn	state = 137
common\national_focus\hungary_wuw.txt	2822	218	Rostov Area	Vyazma	state = 218
common\national_focus\hungary_wuw.txt	2823	234	Krasodar	Northumberland	state = 234
common\national_focus\hungary_wuw.txt	2877	231	Georgia	Lida	controls_state = 231
common\national_focus\hungary_wuw.txt	2886	826	- Abkhazia	Kabardino-Balkar	controls_state = 826
common\national_focus\hungary_wuw.txt	2919	231	Georgia	Lida	state = 231
common\national_focus\hungary_wuw.txt	2920	826	- Abkhazia	Kabardino-Balkar	state = 826
common\national_focus\hungary_wuw.txt	3065	664	Southern Slovakia	Oradea	owns_state = 664
common\national_focus\hungary_wuw.txt	3516	762	Katowice	Istria	owns_state = 762
common\national_focus\hungary_wuw.txt	3517	762	Katowice	Istria	controls_state = 762
common\national_focus\hungary_wuw.txt	4642	762	Katowice	Istria	state = 762
common\national_focus\hungary_wuw.txt	6607	454	Israel	West-Vlaanderen	transfer_state = 454 #PALESTINE
common\national_focus\hungary_wuw.txt	7514	975	- Burgenland	Gumushane	transfer_state = 975
common\national_focus\hungary_wuw.txt	9222	664	Southern Slovakia	Oradea	owns_state = 664
common\national_focus\hungary_wuw.txt	11964	736	Litorale	Timis-Torontal	state = 736
common\national_focus\hungary_wuw.txt	14065	154	Southern plain	Tver	state = 154
common\national_focus\hungary_wuw.txt	14180	154	Southern plain	Tver	state = 154
common\national_focus\hungary_wuw.txt	14443	973	- Bacs	Erzurum	state = 973
common\national_focus\hungary_wuw.txt	15262	664	Southern Slovakia	Oradea	owns_state = 664
common\national_focus\hungary_wuw.txt	15291	664	Southern Slovakia	Oradea	controls_state = 664
common\national_focus\hungary_wuw.txt	15341	664	Southern Slovakia	Oradea	owns_state = 664
common\national_focus\hungary_wuw.txt	15576	664	Southern Slovakia	Oradea	state = 664
common\national_focus\hungary_wuw.txt	15599	736	Litorale	Timis-Torontal	state = 736
common\national_focus\hungary_wuw.txt	15654	664	Southern Slovakia	Oradea	owns_state = 664
common\national_focus\hungary_wuw.txt	15794	664	Southern Slovakia	Oradea	state = 664
common\national_focus\hungary_wuw.txt	15817	736	Litorale	Timis-Torontal	state = 736
common\national_focus\hungary_wuw.txt	16493	664	Southern Slovakia	Oradea	state = 664
common\national_focus\hungary_wuw.txt	16516	736	Litorale	Timis-Torontal	state = 736
common\national_focus\hungary_wuw.txt	16630	664	Southern Slovakia	Oradea	owns_state = 664
common\national_focus\italy.txt	12785	454	Israel	West-Vlaanderen	owns_state = 454
common\national_focus\italy.txt	14543	339	Izmir	Landsberg	TUR = { owns_state = 339 }
common\national_focus\latvia.txt	2469	784	Ermland-Masuren	Avar	set_state_controller =  784
common\national_focus\latvia.txt	2470	96	Wilejka	Vologda	set_state_controller = 96
common\national_focus\latvia.txt	2471	95	Nowogrodek	Valmiera	set_state_controller = 95
common\national_focus\latvia.txt	2472	94	Polesie	Ilukste	set_state_controller = 94
common\national_focus\lithuania.txt	439	784	Ermland-Masuren	Avar	owns_state = 784 #Vilnius
common\national_focus\lithuania.txt	2966	784	Ermland-Masuren	Avar	state = 784
common\national_focus\netherlands.txt	639	335	West Java	Koscian	owns_state = 335
common\national_focus\netherlands.txt	778	335	West Java	Koscian	controls_state = 335
common\national_focus\netherlands.txt	779	672	South Sumatra	Saint-Amand-Montrond	controls_state = 672
common\national_focus\netherlands.txt	780	334	Kalimantan Barat	Caernarvonshire	controls_state = 334
common\national_focus\netherlands.txt	781	673	Sulawesi	Schwytz	controls_state = 673
common\national_focus\netherlands.txt	782	667	West Nusa Tenggara	Neamt	controls_state = 667
common\national_focus\netherlands.txt	783	309	Dutch SA	Tambov	controls_state = 309
common\national_focus\netherlands.txt	3917	335	West Java	Koscian	controls_state = 335
common\national_focus\netherlands.txt	3918	672	South Sumatra	Saint-Amand-Montrond	controls_state = 672
common\national_focus\netherlands.txt	3919	334	Kalimantan Barat	Caernarvonshire	controls_state = 334
common\national_focus\netherlands.txt	3920	673	Sulawesi	Schwytz	controls_state = 673
common\national_focus\netherlands.txt	3921	667	West Nusa Tenggara	Neamt	controls_state = 667
common\national_focus\netherlands.txt	3925	335	West Java	Koscian	controls_state = 335
common\national_focus\netherlands.txt	3926	672	South Sumatra	Saint-Amand-Montrond	controls_state = 672
common\national_focus\netherlands.txt	3927	334	Kalimantan Barat	Caernarvonshire	controls_state = 334
common\national_focus\netherlands.txt	3928	673	Sulawesi	Schwytz	controls_state = 673
common\national_focus\netherlands.txt	3929	667	West Nusa Tenggara	Neamt	controls_state = 667
common\national_focus\netherlands.txt	3938	335	West Java	Koscian	controls_state = 335
common\national_focus\netherlands.txt	3939	672	South Sumatra	Saint-Amand-Montrond	controls_state = 672
common\national_focus\netherlands.txt	3940	334	Kalimantan Barat	Caernarvonshire	controls_state = 334
common\national_focus\netherlands.txt	3941	673	Sulawesi	Schwytz	controls_state = 673
common\national_focus\netherlands.txt	3942	667	West Nusa Tenggara	Neamt	controls_state = 667
common\national_focus\netherlands.txt	3943	309	Dutch SA	Tambov	controls_state = 309
common\national_focus\netherlands.txt	3947	335	West Java	Koscian	controls_state = 335
common\national_focus\netherlands.txt	3948	672	South Sumatra	Saint-Amand-Montrond	controls_state = 672
common\national_focus\netherlands.txt	3949	334	Kalimantan Barat	Caernarvonshire	controls_state = 334
common\national_focus\netherlands.txt	3950	673	Sulawesi	Schwytz	controls_state = 673
common\national_focus\netherlands.txt	3951	667	West Nusa Tenggara	Neamt	controls_state = 667
common\national_focus\netherlands.txt	3952	309	Dutch SA	Tambov	controls_state = 309
common\national_focus\nordic_shared.txt	2956	914	JanMayen	Samtskhe	NOT = { state = 914 } # Not even here, Jan Mayen
common\national_focus\nordic_shared.txt	2976	914	JanMayen	Samtskhe	NOT = { state = 914 } # Not even here, Jan Mayen
common\national_focus\nordic_shared.txt	3063	914	JanMayen	Samtskhe	NOT = { state = 914 } # Not Jan Mayen
common\national_focus\nordic_shared.txt	3079	914	JanMayen	Samtskhe	NOT = { state = 914 } # Not Jan Mayen - This joke better be worth it.
common\national_focus\norway.txt	6680	144	Nord-Noreg	Thisted	state = 144
common\national_focus\poland.txt	4987	241	Pochep	Wilno	controls_state = 241 # was vanilla 784
common\national_focus\poland.txt	9803	408	Vladivostok	Oxfordshire	controls_state = 408
common\national_focus\poland.txt	9847	5	Germany	Pultusk	state = 5
common\national_focus\poland.txt	9848	763	Konigsberg	Nogay	state = 763
common\national_focus\portugal.txt	3369	592	Guangzhou	Hotin	limit = { controls_state = 592 }
common\national_focus\portugal.txt	3414	592	Guangzhou	Hotin	limit = { controls_state = 592 }
common\national_focus\romania.txt	1571	48	Bulgaria	Austurland	controls_state = 48
common\national_focus\romania.txt	1572	212	Plovdiv	Malmohus	controls_state = 212
common\national_focus\romania.txt	1573	211	Burgas	Kinross	controls_state = 211
common\national_focus\soviet.txt	7825	405	Atyrau	Buckinghamshire	NOT = { state = 405 }
common\national_focus\soviet.txt	7989	108	Eastern Serbia	Kirov	state = 108 # was vanilla 400
common\national_focus\soviet.txt	8006	108	Eastern Serbia	Kirov	state = 108 # was vanilla 400
common\national_focus\soviet.txt	8823	405	Atyrau	Buckinghamshire	state = 405 # tashkent
common\national_focus\soviet.txt	8824	408	Vladivostok	Oxfordshire	state = 408 # Vladivostok
common\national_focus\soviet.txt	8826	586	Kyrgyzstan	Nitra	state = 586 # Alma Ata
common\national_focus\soviet.txt	8828	732	Pamir	Stavropol	state = 732 # Pamir
common\national_focus\soviet.txt	8829	743	Qingdao	Ljubljana	state = 743 # Dushanbe
common\national_focus\soviet.txt	9101	405	Atyrau	Buckinghamshire	NOT = { state = 405 }
common\national_focus\soviet.txt	12439	650	Attu Island	Bourges	controls_state = 650
common\national_focus\soviet.txt	12457	650	Attu Island	Bourges	ROOT = { transfer_state = 650 } #ATTU ISLAND
common\national_focus\soviet.txt	12503	650	Attu Island	Bourges	ROOT = { transfer_state = 650 } #ATTU ISLAND
common\national_focus\soviet.txt	13649	419	Azerbaijan	Monmouthshire	NOT = { owns_state = 419 }
common\national_focus\soviet.txt	13650	420	Gilan	Sarny	NOT = { owns_state = 420 }
common\national_focus\soviet.txt	13651	266	Persia	Krupki	NOT = { owns_state = 266 }
common\national_focus\soviet.txt	13652	416	Razavi Khorasan	Hertfordshire	NOT = { owns_state = 416 }
common\national_focus\soviet.txt	13655	676	Mosul	Zala	NOT = { owns_state = 676 }
common\national_focus\soviet.txt	13656	291	Iraq	Cavan	NOT = { owns_state = 291 }
common\national_focus\soviet.txt	13681	419	Azerbaijan	Monmouthshire	owns_state = 419
common\national_focus\soviet.txt	13682	420	Gilan	Sarny	owns_state = 420
common\national_focus\soviet.txt	13683	266	Persia	Krupki	owns_state = 266
common\national_focus\soviet.txt	13684	416	Razavi Khorasan	Hertfordshire	owns_state = 416
common\national_focus\soviet.txt	13699	676	Mosul	Zala	owns_state = 676
common\national_focus\soviet.txt	13700	291	Iraq	Cavan	owns_state = 291
common\national_focus\switzerland.txt	8882	848	Voralberg	Cantabria	controls_state = 848 #Vorarlberg
common\national_focus\switzerland.txt	8883	848	Voralberg	Cantabria	owns_state = 848
common\national_focus\turkey.txt	753	799	Hatay	Basses-Alpes	TUR = { owns_state = 799 }
common\national_focus\turkey.txt	761	799	Hatay	Basses-Alpes	FRA = { owns_state = 799 }
common\national_focus\turkey.txt	768	799	Hatay	Basses-Alpes	owns_state = 799
common\national_focus\turkey.txt	3936	797	Istanbul	Dolj	controls_state = 797
common\national_focus\turkey.txt	4012	797	Istanbul	Dolj	controls_state = 797
common\national_focus\turkey.txt	5278	455	Jordan	Oost-Vlaanderen	controls_state = 455
common\national_focus\turkey.txt	5279	454	Israel	West-Vlaanderen	controls_state = 454
common\national_focus\turkey.txt	5280	453	Sinai	Hampshire	controls_state = 453
common\national_focus\turkey.txt	8166	164	Dodecanese	Bornholm	NOT = { controls_state = 164 }
common\national_focus\turkey.txt	8244	184	Thrace	Halland	controls_state = 184
common\national_focus\turkey.txt	8245	230	Armenia	Ayr	controls_state = 230
common\national_focus\turkey.txt	8246	187	Aegean Islands	Orkney	controls_state = 187
common\national_focus\turkey.txt	8247	731	Central Macedonia	Puy-de-Dome	controls_state = 731
common\national_focus\turkey.txt	8265	184	Thrace	Halland	controls_state = 184
common\national_focus\turkey.txt	8266	230	Armenia	Ayr	controls_state = 230
common\national_focus\turkey.txt	8267	187	Aegean Islands	Orkney	controls_state = 187
common\national_focus\turkey.txt	8268	731	Central Macedonia	Puy-de-Dome	controls_state = 731
common\national_focus\turkey.txt	8287	184	Thrace	Halland	controls_state = 184
common\national_focus\turkey.txt	8288	230	Armenia	Ayr	controls_state = 230
common\national_focus\turkey.txt	8289	187	Aegean Islands	Orkney	controls_state = 187
common\national_focus\turkey.txt	8290	731	Central Macedonia	Puy-de-Dome	controls_state = 731
common\national_focus\turkey.txt	8311	184	Thrace	Halland	controls_state = 184
common\national_focus\turkey.txt	8312	230	Armenia	Ayr	controls_state = 230
common\national_focus\turkey.txt	8313	187	Aegean Islands	Orkney	controls_state = 187
common\national_focus\turkey.txt	8314	731	Central Macedonia	Puy-de-Dome	controls_state = 731
common\national_focus\turkey.txt	8799	419	Azerbaijan	Monmouthshire	controls_state = 419
common\national_focus\turkey.txt	8800	680	Deir-az-Zur	Mures	controls_state = 680
common\national_focus\turkey.txt	8801	676	Mosul	Zala	controls_state = 676
common\national_focus\turkey.txt	8802	421	Kurdistan	Radomsko	controls_state = 421
common\national_focus\turkey.txt	8821	419	Azerbaijan	Monmouthshire	controls_state = 419
common\national_focus\turkey.txt	8822	680	Deir-az-Zur	Mures	controls_state = 680
common\national_focus\turkey.txt	8823	676	Mosul	Zala	controls_state = 676
common\national_focus\turkey.txt	8824	421	Kurdistan	Radomsko	controls_state = 421
common\national_focus\turkey.txt	8845	419	Azerbaijan	Monmouthshire	controls_state = 419
common\national_focus\turkey.txt	8846	680	Deir-az-Zur	Mures	controls_state = 680
common\national_focus\turkey.txt	8847	676	Mosul	Zala	controls_state = 676
common\national_focus\turkey.txt	8848	421	Kurdistan	Radomsko	controls_state = 421
common\national_focus\uk.txt	3751	320	French India	Dublin	NOT = { state = 320 }
common\national_focus\uk.txt	3752	321	Goa	Leitrim	NOT = { state = 321 }
common\national_focus\uk.txt	7941	113	Ireland	Terijoki	owns_state = 113
common\national_focus\uk.txt	7942	134	Connaught	Narva	owns_state = 134
common\national_focus\uk.txt	7943	135	Munster	Kostroma	owns_state = 135
common\on_actions\00_on_actions.txt	85	141	Sodermanland	Stockholm	state = 141
common\on_actions\00_on_actions.txt	97	141	Sodermanland	Stockholm	state = 141
common\on_actions\00_on_actions.txt	111	681	Soviet Lakes	Klagenfurt	state = 681
common\on_actions\00_on_actions.txt	237	378	California	Kerry	FROM = { state = 378 }
common\on_actions\00_on_actions.txt	294	953	- Tierra del Fuego	Kars	state = 953
common\on_actions\00_on_actions.txt	761	219	Moscow Area	Lanmark	controls_state = 219
common\on_actions\00_on_actions.txt	4605	16	Ile de France	Rybachy Peninsula	FROM.FROM = { state = 16 }
common\on_actions\00_on_actions.txt	4732	85	Danzig	Pirkanmaa	state = 85
common\on_actions\00_testing_on_actions.txt	8	202	Western Kiev	Kristianstad	state = 202
common\on_actions\04_mtg_on_actions.txt	521	290	Spanish Africa	East Riding	delete_unit = { state = 290 }
common\on_actions\04_mtg_on_actions.txt	609	116	Malta	Zetland	delete_unit = { state = 116 }
common\on_actions\04_mtg_on_actions.txt	2551	16	Ile de France	Rybachy Peninsula	state = 16
common\on_actions\05_lar_on_actions.txt	314	41	Madrid	Arkhangelsk	state = 41
common\on_actions\05_lar_on_actions.txt	315	165	Catalonia	Petseri	state = 165
common\on_actions\05_lar_on_actions.txt	316	167	Valencia	Jonkoping	state = 167
common\on_actions\05_lar_on_actions.txt	317	168	Murcia	Kalmar	state = 168
common\on_actions\05_lar_on_actions.txt	318	173	Granada	Voru	state = 173
common\on_actions\05_lar_on_actions.txt	319	175	Ciudad Real	Sverdlovsk	state = 175
common\on_actions\05_lar_on_actions.txt	320	790	Asturias	Beograd	state = 790
common\on_actions\05_lar_on_actions.txt	321	792	Basque Country	Zenica	state = 792
common\on_actions\05_lar_on_actions.txt	322	793	Guadalajara	Constanta	state = 793
common\on_actions\05_lar_on_actions.txt	323	794	Eastern Aragon	Ismail	state = 794
common\on_actions\06_bftb_on_actions.txt	92	341	Edirne	Anglesey	FROM.FROM = { state = 341 }
common\on_actions\07_nsb_on_actions.txt	42	742	Stalinabad	Venezia	state = 742
common\on_actions\08_bba_on_actions.txt	27	44	Albania	Vestfirdir	state = 44
common\on_actions\09_aat_on_actions.txt	150	110	Norway	Varmland	set_capital = { state = 110}
common\on_actions\09_aat_on_actions.txt	1847	914	JanMayen	Samtskhe	FROM.FROM = { state = 914 }
common\on_actions\09_aat_on_actions.txt	3044	146	Karelia	Saaremaa	controls_state = 146 #KARJALA
common\on_actions\09_aat_on_actions.txt	3281	146	Karelia	Saaremaa	NOT = { controls_state = 146 } #KARJALA
common\on_actions\09_aat_on_actions.txt	3282	213	Murmansk	Dunbarton	NOT = { controls_state = 213 } #KOLA
common\on_actions\09_aat_on_actions.txt	3283	215	Eastern Karelia	Gorodok	NOT = { controls_state = 215 } #ONEGA
common\on_actions\09_aat_on_actions.txt	3284	216	Below Zero	Frederiksborg	NOT = { controls_state = 216 } #OLONETS
common\on_actions\12_wuw_on_actions.txt	2127	768	Rwanda	Dambovita	owns_state = 768
common\on_actions\12_wuw_on_actions.txt	2156	769	Burundi	Kerch	owns_state = 769
common\on_actions\12_wuw_on_actions.txt	2536	229	baku	Moscow	state = 229 #Azerbaijan
common\on_actions\12_wuw_on_actions.txt	2537	234	Krasodar	Northumberland	state = 234 #Krasnodar
common\on_actions\12_wuw_on_actions.txt	2559	564	TS 6	Northern Maramures	state = 564 #Buryatia
common\on_actions\12_wuw_on_actions.txt	2560	401	Engels	Brecknockshire	state = 401 #Balakovo
common\on_actions\12_wuw_on_actions.txt	2580	402	Akhtubinsk	Zuid-Holland	state = 402 #Akhtubinsk
common\on_actions\12_wuw_on_actions.txt	2581	573	Ts 15	Eure-et-Loir	state = 573 #Zlatoust
common\on_actions\12_wuw_on_actions.txt	2622	16	Ile de France	Rybachy Peninsula	state = 16 #paris
common\on_actions\12_wuw_on_actions.txt	2666	977	- Antwerp	Gegharkunik	state = 977 #Antwerpen - Antwerp
common\on_actions\12_wuw_on_actions.txt	2667	6	Belgium	New Brunswick	state = 6 #Vlaanderen - Brussels
common\on_actions\12_wuw_on_actions.txt	2668	34	Wallonie	Skanderborg	state = 34 #Wallonie - Liege
common\on_actions\13_goe_on_actions.txt	107	731	Central Macedonia	Puy-de-Dome	state = 731 #Central Macedonia
common\on_actions\13_goe_on_actions.txt	108	184	Thrace	Halland	state = 184 #Thrace
common\on_actions\13_goe_on_actions.txt	109	341	Edirne	Anglesey	state = 341 #Edirne
common\on_actions\13_goe_on_actions.txt	110	164	Dodecanese	Bornholm	state = 164 #Dodecaneso/Rhodes
common\on_actions\13_goe_on_actions.txt	111	183	Cyprus	Inverness	state = 183 #Cyprus
common\on_actions\13_goe_on_actions.txt	112	231	Georgia	Lida	state = 231 #Georgia
common\on_actions\13_goe_on_actions.txt	113	229	baku	Moscow	state = 229 #Azerbaijan
common\on_actions\13_goe_on_actions.txt	114	230	Armenia	Ayr	state = 230 #Armenia
common\on_actions\13_goe_on_actions.txt	115	451	Derna	Zeeland	state = 451 #Derna
common\on_actions\13_goe_on_actions.txt	116	450	Benghasi	Belgorod	state = 450 #Benghasi
common\on_actions\13_goe_on_actions.txt	117	663	Cyrenaica	Vas	state = 663 #Cyrenaica
common\on_actions\13_goe_on_actions.txt	118	584	Turkmenistan	Aube	state = 584 #Ashkhabad
common\on_actions\13_goe_on_actions.txt	119	832	- Dashhowuz	North Ossetia	state = 832 #Tashauz
common\on_actions\13_goe_on_actions.txt	120	831	- Khiva	Veliko Tarnovo	state = 831 #Khiva
common\on_actions\13_goe_on_actions.txt	121	585	Uzbekistan	Reolais et Bastide	state = 585 # Navoi
common\on_actions\13_goe_on_actions.txt	122	442	Peshawar	Laon	state = 442 #Peshawar
common\on_actions\13_goe_on_actions.txt	151	787	North Kashmir	Aveyron	state = 787 #Northern Kashmir
common\on_actions\13_goe_on_actions.txt	152	441	Kashmir	Gorlitz	state = 441 #Kashmir
common\on_actions\13_goe_on_actions.txt	153	986	- East Punjab	Susehri	state = 986 #East Punkab
common\on_actions\13_goe_on_actions.txt	154	438	United Provinces	Dobeln	state = 438 #United Provinces
common\on_actions\13_goe_on_actions.txt	155	323	Nepal	Dankov	state = 323 #Nepal
common\on_actions\13_goe_on_actions.txt	156	985	- Sikkim	Coimbra	state = 985 #Sikkim
common\on_actions\13_goe_on_actions.txt	157	431	Calcutta	Duesseldorf	state = 431 #West Bengal
common\on_actions\13_goe_on_actions.txt	158	324	Bhutan	Cheshire	state = 324 #Bhutan
common\on_actions\13_goe_on_actions.txt	159	432	Assam	Limburg Voormaas	state = 432 #Assam
common\on_actions\13_goe_on_actions.txt	160	434	Arunachal Pradesh	Wlodzimierz Wolynski	state = 434 #Arunachal Pradesh
common\on_actions\13_goe_on_actions.txt	161	990	Manipur	Castelo Branco	state = 990 #Manipur
common\on_actions\13_goe_on_actions.txt	496	435	Bihar	Brent	controls_state = 435
common\on_actions\13_goe_on_actions.txt	510	426	Orissa	Glamorganshire	controls_state = 426
common\on_actions\13_goe_on_actions.txt	524	432	Assam	Limburg Voormaas	controls_state = 432
common\on_actions\13_goe_on_actions.txt	1496	733	Andaman	Putna	FROM.FROM = { state = 733 }
common\on_actions\13_goe_on_actions.txt	1515	733	Andaman	Putna	transfer_state = 733
common\on_actions\15_mun_on_actions.txt	6	73	Carpathian Ruthenia	Etela-Pohjanmaa	FROM.FROM = { state = 73 }
common\on_actions\15_mun_on_actions.txt	27	73	Carpathian Ruthenia	Etela-Pohjanmaa	FROM.FROM = { state = 73 }
common\on_actions\15_mun_on_actions.txt	50	9	Czechoslovakia	Ontario	state = 9
common\on_actions\15_mun_on_actions.txt	51	74	East Sudatenland	Porajarvi	state = 74
common\on_actions\15_mun_on_actions.txt	76	73	Carpathian Ruthenia	Etela-Pohjanmaa	state = 73
common\on_actions\15_mun_on_actions.txt	77	71	East Slovakia	Sor-Trondelag	state = 71
common\on_actions\15_mun_on_actions.txt	388	73	Carpathian Ruthenia	Etela-Pohjanmaa	controls_state = 73
common\on_actions\15_mun_on_actions.txt	389	71	East Slovakia	Sor-Trondelag	controls_state = 71
common\on_actions\15_mun_on_actions.txt	412	155	Western Hungary	Parnu	state = 155
common\on_actions\15_mun_on_actions.txt	425	106	Macedonia	Buskerud	state = 106
common\on_actions\15_mun_on_actions.txt	438	202	Western Kiev	Kristianstad	state = 202
common\operations\LaR_FRA_operations.txt	546	461	Northern Morocco	Rosenberg	controls_state = 461
common\operations\LaR_FRA_operations.txt	547	462	Southern Morocco	Sussex	controls_state = 462
common\operations\LaR_FRA_operations.txt	548	459	Western Algeria	Krzemieniec	controls_state = 459
common\operations\LaR_FRA_operations.txt	549	513	Southern Algeria	Praha	controls_state = 513
common\operations\LaR_FRA_operations.txt	550	460	Eastern Algeria	Aachen	controls_state = 460
common\operations\LaR_FRA_operations.txt	551	458	Tunisia	Cornwall	controls_state = 458
common\operations\LaR_FRA_operations.txt	552	665	Gabes	Cluj	controls_state = 665
common\operations\LaR_FRA_operations.txt	565	461	Northern Morocco	Rosenberg	state = 461
common\operations\LaR_FRA_operations.txt	566	462	Southern Morocco	Sussex	state = 462
common\operations\LaR_FRA_operations.txt	567	459	Western Algeria	Krzemieniec	state = 459
common\operations\LaR_FRA_operations.txt	568	513	Southern Algeria	Praha	state = 513
common\operations\LaR_FRA_operations.txt	569	460	Eastern Algeria	Aachen	state = 460
common\operations\LaR_FRA_operations.txt	570	458	Tunisia	Cornwall	state = 458
common\operations\LaR_FRA_operations.txt	571	665	Gabes	Cluj	state = 665
common\operations\LaR_FRA_operations.txt	596	461	Northern Morocco	Rosenberg	state = 461
common\operations\LaR_FRA_operations.txt	597	462	Southern Morocco	Sussex	state = 462
common\operations\LaR_FRA_operations.txt	598	459	Western Algeria	Krzemieniec	state = 459
common\operations\LaR_FRA_operations.txt	599	513	Southern Algeria	Praha	state = 513
common\operations\LaR_FRA_operations.txt	600	460	Eastern Algeria	Aachen	state = 460
common\operations\LaR_FRA_operations.txt	601	458	Tunisia	Cornwall	state = 458
common\operations\LaR_FRA_operations.txt	602	665	Gabes	Cluj	state = 665
common\operations\LaR_FRA_operations.txt	620	461	Northern Morocco	Rosenberg	state = 461
common\operations\LaR_FRA_operations.txt	621	462	Southern Morocco	Sussex	state = 462
common\operations\LaR_FRA_operations.txt	622	459	Western Algeria	Krzemieniec	state = 459
common\operations\LaR_FRA_operations.txt	623	513	Southern Algeria	Praha	state = 513
common\operations\LaR_FRA_operations.txt	624	460	Eastern Algeria	Aachen	state = 460
common\operations\LaR_FRA_operations.txt	625	458	Tunisia	Cornwall	state = 458
common\operations\LaR_FRA_operations.txt	626	665	Gabes	Cluj	state = 665
common\operations\LaR_FRA_operations.txt	676	677	Aleppo	Bekes	state = 677
common\operations\LaR_FRA_operations.txt	677	680	Deir-az-Zur	Mures	state = 680
common\operations\LaR_FRA_operations.txt	678	554	Syria	Passau	state = 554
common\operations\LaR_FRA_operations.txt	679	553	Lebanon	Heilbronn	state = 553
common\operations\LaR_FRA_operations.txt	690	677	Aleppo	Bekes	controls_state = 677
common\operations\LaR_FRA_operations.txt	691	680	Deir-az-Zur	Mures	controls_state = 680
common\operations\LaR_FRA_operations.txt	692	554	Syria	Passau	controls_state = 554
common\operations\LaR_FRA_operations.txt	693	553	Lebanon	Heilbronn	controls_state = 553
common\operations\LaR_FRA_operations.txt	714	677	Aleppo	Bekes	state = 677
common\operations\LaR_FRA_operations.txt	715	680	Deir-az-Zur	Mures	state = 680
common\operations\LaR_FRA_operations.txt	716	554	Syria	Passau	state = 554
common\operations\LaR_FRA_operations.txt	717	553	Lebanon	Heilbronn	state = 553
common\operations\LaR_FRA_operations.txt	735	677	Aleppo	Bekes	state = 677
common\operations\LaR_FRA_operations.txt	736	680	Deir-az-Zur	Mures	state = 680
common\operations\LaR_FRA_operations.txt	737	554	Syria	Passau	state = 554
common\operations\LaR_FRA_operations.txt	738	553	Lebanon	Heilbronn	state = 553
common\operations\LaR_FRA_operations.txt	788	671	Annam	Rowne	state = 671
common\operations\LaR_FRA_operations.txt	789	670	Laos	Indre	state = 670
common\operations\LaR_FRA_operations.txt	790	286	Indochina	West Riding	state = 286
common\operations\LaR_FRA_operations.txt	791	741	Cambodia	Charente	state = 741
common\operations\LaR_FRA_operations.txt	797	671	Annam	Rowne	controls_state = 671
common\operations\LaR_FRA_operations.txt	798	670	Laos	Indre	controls_state = 670
common\operations\LaR_FRA_operations.txt	799	286	Indochina	West Riding	controls_state = 286
common\operations\LaR_FRA_operations.txt	800	741	Cambodia	Charente	controls_state = 741
common\operations\LaR_FRA_operations.txt	828	671	Annam	Rowne	state = 671
common\operations\LaR_FRA_operations.txt	829	670	Laos	Indre	state = 670
common\operations\LaR_FRA_operations.txt	830	286	Indochina	West Riding	state = 286
common\operations\LaR_FRA_operations.txt	831	741	Cambodia	Charente	state = 741
common\operations\LaR_FRA_operations.txt	849	671	Annam	Rowne	state = 671
common\operations\LaR_FRA_operations.txt	850	670	Laos	Indre	state = 670
common\operations\LaR_FRA_operations.txt	851	286	Indochina	West Riding	state = 286
common\operations\LaR_FRA_operations.txt	852	741	Cambodia	Charente	state = 741
common\operations\LaR_FRA_operations.txt	902	772	Middle Congo	Ardeche	state = 772
common\operations\LaR_FRA_operations.txt	903	539	Gabon	Budejovice	state = 539
common\operations\LaR_FRA_operations.txt	904	773	Cameroon	Drome	state = 773
common\operations\LaR_FRA_operations.txt	905	660	Equatorial Africa	Jura	state = 660
common\operations\LaR_FRA_operations.txt	906	774	Chad	Gorj	state = 774
common\operations\LaR_FRA_operations.txt	912	772	Middle Congo	Ardeche	controls_state = 772
common\operations\LaR_FRA_operations.txt	913	539	Gabon	Budejovice	controls_state = 539
common\operations\LaR_FRA_operations.txt	914	773	Cameroon	Drome	controls_state = 773
common\operations\LaR_FRA_operations.txt	915	660	Equatorial Africa	Jura	controls_state = 660
common\operations\LaR_FRA_operations.txt	916	774	Chad	Gorj	controls_state = 774
common\operations\LaR_FRA_operations.txt	943	772	Middle Congo	Ardeche	state = 772
common\operations\LaR_FRA_operations.txt	944	539	Gabon	Budejovice	state = 539
common\operations\LaR_FRA_operations.txt	945	773	Cameroon	Drome	state = 773
common\operations\LaR_FRA_operations.txt	946	660	Equatorial Africa	Jura	state = 660
common\operations\LaR_FRA_operations.txt	947	774	Chad	Gorj	state = 774
common\operations\LaR_FRA_operations.txt	965	772	Middle Congo	Ardeche	state = 772
common\operations\LaR_FRA_operations.txt	966	539	Gabon	Budejovice	state = 539
common\operations\LaR_FRA_operations.txt	967	773	Cameroon	Drome	state = 773
common\operations\LaR_FRA_operations.txt	968	660	Equatorial Africa	Jura	state = 660
common\operations\LaR_FRA_operations.txt	969	774	Chad	Gorj	state = 774
common\operations\LaR_FRA_operations.txt	1019	557	Mauritania	Stalino	state = 557
common\operations\LaR_FRA_operations.txt	1020	272	French Africa	Fermanagh	state = 272
common\operations\LaR_FRA_operations.txt	1021	556	Mali	Karlsruhe	state = 556
common\operations\LaR_FRA_operations.txt	1022	898	Gao	Zamora	state = 898
common\operations\LaR_FRA_operations.txt	1023	899	Kayes-Koulikoro	Shida Kartli	state = 899
common\operations\LaR_FRA_operations.txt	1024	780	Guinea	Gap	state = 780
common\operations\LaR_FRA_operations.txt	1025	779	Ivory Coast	Bologna	state = 779
common\operations\LaR_FRA_operations.txt	1026	778	Upper Volta	Adygea	state = 778
common\operations\LaR_FRA_operations.txt	1027	781	Niger	Mehedinti	state = 781
common\operations\LaR_FRA_operations.txt	1028	776	Dahomey	Usora	state = 776
common\operations\LaR_FRA_operations.txt	1036	557	Mauritania	Stalino	controls_state = 557
common\operations\LaR_FRA_operations.txt	1037	272	French Africa	Fermanagh	controls_state = 272
common\operations\LaR_FRA_operations.txt	1038	556	Mali	Karlsruhe	controls_state = 556
common\operations\LaR_FRA_operations.txt	1039	898	Gao	Zamora	controls_state = 898
common\operations\LaR_FRA_operations.txt	1040	899	Kayes-Koulikoro	Shida Kartli	controls_state = 899
common\operations\LaR_FRA_operations.txt	1041	780	Guinea	Gap	controls_state = 780
common\operations\LaR_FRA_operations.txt	1042	779	Ivory Coast	Bologna	controls_state = 779
common\operations\LaR_FRA_operations.txt	1043	778	Upper Volta	Adygea	controls_state = 778
common\operations\LaR_FRA_operations.txt	1044	781	Niger	Mehedinti	controls_state = 781
common\operations\LaR_FRA_operations.txt	1045	776	Dahomey	Usora	controls_state = 776
common\operations\LaR_FRA_operations.txt	1065	557	Mauritania	Stalino	state = 557
common\operations\LaR_FRA_operations.txt	1066	272	French Africa	Fermanagh	state = 272
common\operations\LaR_FRA_operations.txt	1067	556	Mali	Karlsruhe	state = 556
common\operations\LaR_FRA_operations.txt	1068	898	Gao	Zamora	state = 898
common\operations\LaR_FRA_operations.txt	1069	899	Kayes-Koulikoro	Shida Kartli	state = 899
common\operations\LaR_FRA_operations.txt	1070	780	Guinea	Gap	state = 780
common\operations\LaR_FRA_operations.txt	1071	779	Ivory Coast	Bologna	state = 779
common\operations\LaR_FRA_operations.txt	1072	778	Upper Volta	Adygea	state = 778
common\operations\LaR_FRA_operations.txt	1073	781	Niger	Mehedinti	state = 781
common\operations\LaR_FRA_operations.txt	1074	776	Dahomey	Usora	state = 776
common\operations\LaR_FRA_operations.txt	1096	557	Mauritania	Stalino	state = 557
common\operations\LaR_FRA_operations.txt	1097	272	French Africa	Fermanagh	state = 272
common\operations\LaR_FRA_operations.txt	1098	556	Mali	Karlsruhe	state = 556
common\operations\LaR_FRA_operations.txt	1099	898	Gao	Zamora	state = 898
common\operations\LaR_FRA_operations.txt	1100	899	Kayes-Koulikoro	Shida Kartli	state = 899
common\operations\LaR_FRA_operations.txt	1101	780	Guinea	Gap	state = 780
common\operations\LaR_FRA_operations.txt	1102	779	Ivory Coast	Bologna	state = 779
common\operations\LaR_FRA_operations.txt	1103	778	Upper Volta	Adygea	state = 778
common\operations\LaR_FRA_operations.txt	1104	781	Niger	Mehedinti	state = 781
common\operations\LaR_FRA_operations.txt	1105	776	Dahomey	Usora	state = 776
common\operations\LaR_FRA_operations.txt	1154	543	Madagascar	Bar-le-Duc	state = 543
common\operations\LaR_FRA_operations.txt	1161	543	Madagascar	Bar-le-Duc	FROM = { controls_state = 543 }
common\operations\LaR_FRA_operations.txt	1178	543	Madagascar	Bar-le-Duc	ROOT = { transfer_state = 543 }
common\operations\LaR_FRA_operations.txt	1189	543	Madagascar	Bar-le-Duc	ROOT = { transfer_state = 543 }
common\operations\NSB_historical_operations.txt	16	277	Mexico	Praesto	state = 277
common\operations\NSB_historical_operations.txt	29	277	Mexico	Praesto	controls_state = 277
common\operations\NSB_historical_operations.txt	132	277	Mexico	Praesto	controls_state = 277 #MEXICO CITY
common\operations\NSB_historical_operations.txt	141	110	Norway	Varmland	controls_state = 110 #OSTLANDET (Oslo) -> Trotsky not accepted in Mexico (or Sov
common\operations\POL_historical_operations.txt	103	10	Poland	New Hampshire	state = 10
common\operations\POL_historical_operations.txt	104	72	Zaolzie	Keski-Suomi	state = 72
common\operations\POL_historical_operations.txt	105	162	Tuscany	Udmurt	state = 162
common\operations\POL_historical_operations.txt	106	784	Ermland-Masuren	Avar	state = 784
common\operations\POL_historical_operations.txt	107	807	Gdynia	Gard	state = 807
common\operations\POL_historical_operations.txt	108	85	Danzig	Pirkanmaa	state = 85
common\operations\POL_historical_operations.txt	109	86	Poznan	Satakunta	state = 86
common\operations\POL_historical_operations.txt	110	87	Lodz	Jekabpils	state = 87
common\operations\POL_historical_operations.txt	111	88	Kielce	Kopparberg	state = 88
common\operations\POL_historical_operations.txt	112	89	Krakow	Paijat-Hame	state = 89
common\operations\POL_historical_operations.txt	113	90	Lwow	Faero	state = 90
common\operations\POL_historical_operations.txt	114	91	Tarnopol	Ventspils	state = 91
common\operations\POL_historical_operations.txt	115	92	Lublin	Sogn og Fjordane	state = 92
common\operations\POL_historical_operations.txt	116	93	Volhynian	Etela-Karjala	state = 93
common\operations\POL_historical_operations.txt	117	94	Polesie	Ilukste	state = 94
common\operations\POL_historical_operations.txt	118	95	Nowogrodek	Valmiera	state = 95
common\operations\POL_historical_operations.txt	119	96	Wilejka	Vologda	state = 96
common\operations\POL_historical_operations.txt	120	97	Bialystok	Perm	state = 97
common\operations\POL_historical_operations.txt	121	98	Mazurskie	Aland	state = 98
common\peace_conference\ai_peace\00_misc.txt	38	738	Aru Islands	Zrenjanin	state = 738 #California
common\peace_conference\ai_peace\00_misc.txt	39	860	Cote-Nord	Alava	state = 860 #Cote Nord
common\peace_conference\ai_peace\00_misc.txt	40	458	Tunisia	Cornwall	state = 458 #Tunis
common\peace_conference\ai_peace\00_misc.txt	41	446	Cairo	Kent	state = 446 #Suez
common\peace_conference\ai_peace\00_misc.txt	42	126	Greater London Area	Glasgow	state = 126 #London
common\peace_conference\ai_peace\00_misc.txt	43	286	Indochina	West Riding	state = 286 #Indochina
common\peace_conference\ai_peace\00_misc.txt	47	137	Crimea	Jaanilinn	state = 137 #Crimea
common\peace_conference\ai_peace\00_misc.txt	48	797	Istanbul	Dolj	state = 797 #Istanbul
common\peace_conference\ai_peace\00_misc.txt	49	118	Gibralter	Akershus	state = 118 #Gibraltar
common\peace_conference\ai_peace\00_misc.txt	85	738	Aru Islands	Zrenjanin	state = 738 #California
common\peace_conference\ai_peace\00_misc.txt	86	860	Cote-Nord	Alava	state = 860 #Cote Nord
common\peace_conference\ai_peace\00_misc.txt	87	458	Tunisia	Cornwall	state = 458 #Tunis
common\peace_conference\ai_peace\00_misc.txt	88	446	Cairo	Kent	state = 446 #Suez
common\peace_conference\ai_peace\00_misc.txt	89	126	Greater London Area	Glasgow	state = 126 #London
common\peace_conference\ai_peace\00_misc.txt	90	286	Indochina	West Riding	state = 286 #Indochina
common\peace_conference\ai_peace\00_misc.txt	94	137	Crimea	Jaanilinn	state = 137 #Crimea
common\peace_conference\ai_peace\00_misc.txt	95	797	Istanbul	Dolj	state = 797 #Istanbul
common\peace_conference\ai_peace\00_misc.txt	96	118	Gibralter	Akershus	state = 118 #Gibraltar
common\peace_conference\ai_peace\GRE.txt	16	799	Hatay	Basses-Alpes	state = 799 # Hatay
common\peace_conference\ai_peace\GRE.txt	33	799	Hatay	Basses-Alpes	state = 799 # Hatay
common\peace_conference\ai_peace\ITA.txt	40	852	Istria	Soule	owns_state = 852 # if they own Istria
common\peace_conference\ai_peace\ITA.txt	41	163	Dalmatia	Alvsborg	owns_state = 163 # and Zara
common\peace_conference\ai_peace\ITA.txt	45	103	Croatia	Kanta-Hame	FROM.FROM.FROM = { state = 103 }  # Dalmatia
common\peace_conference\ai_peace\JAP.txt	44	621	China 18	Eisenstadt	state = 621 # Suiyuan
common\peace_conference\ai_peace\SOV.txt	12	763	Konigsberg	Nogay	FROM.FROM.FROM = { state = 763 }  # Königsberg
common\peace_conference\ai_peace\SOV.txt	62	73	Carpathian Ruthenia	Etela-Pohjanmaa	state = 73
common\peace_conference\ai_peace\SOV.txt	63	763	Konigsberg	Nogay	state = 763
common\peace_conference\ai_peace\SOV.txt	64	5	Germany	Pultusk	state = 5
common\peace_conference\ai_peace\SOV.txt	89	527	North Korea	Vinnytsia	state = 527
common\peace_conference\ai_peace\SOV.txt	109	525	South Korea	Charleville-Mezieres	state = 525
common\peace_conference\ai_peace\USA.txt	11	526	Okinawa	Zaolzie	state = 526 # Okinawa
common\peace_conference\ai_peace\USA.txt	26	526	Okinawa	Zaolzie	state = 526 # Okinawa
common\peace_conference\ai_peace\USA.txt	41	525	South Korea	Charleville-Mezieres	state = 525
common\peace_conference\ai_peace\USA.txt	66	525	South Korea	Charleville-Mezieres	state = 525
common\peace_conference\ai_peace\USA.txt	93	527	North Korea	Vinnytsia	state = 527
common\peace_conference\ai_peace\USA.txt	120	526	Okinawa	Zaolzie	NOT = { state = 526 } # Keep Okinawa
common\peace_conference\ai_peace\USA.txt	146	526	Okinawa	Zaolzie	state = 526 #Okinawa
common\peace_conference\ai_peace\yalta.txt	52	55	Nassau	Rhode Island	state = 55
common\peace_conference\ai_peace\yalta.txt	53	54	Bayreuth	Jamtland	state = 54
common\peace_conference\ai_peace\yalta.txt	54	52	Wuttemberg	Segezha	state = 52
common\peace_conference\ai_peace\yalta.txt	55	53	Oberbayern	Nord-Trondelag	state = 53
common\peace_conference\ai_peace\yalta.txt	56	50	Baden	Kainuu	state = 50
common\peace_conference\ai_peace\yalta.txt	57	978	- Actual Baden	Kotayk	state = 978 #BADEN
common\peace_conference\ai_peace\yalta.txt	81	55	Nassau	Rhode Island	state = 55
common\peace_conference\ai_peace\yalta.txt	82	54	Bayreuth	Jamtland	state = 54
common\peace_conference\ai_peace\yalta.txt	83	52	Wuttemberg	Segezha	state = 52
common\peace_conference\ai_peace\yalta.txt	84	53	Oberbayern	Nord-Trondelag	state = 53
common\peace_conference\ai_peace\yalta.txt	85	50	Baden	Kainuu	state = 50
common\peace_conference\ai_peace\yalta.txt	86	978	- Actual Baden	Kotayk	state = 978 #BADEN
common\peace_conference\ai_peace\yalta.txt	107	51	Moselland	Vesturland	state = 51
common\peace_conference\ai_peace\yalta.txt	108	56	Weser-Ems	Sudurland	state = 56
common\peace_conference\ai_peace\yalta.txt	109	57	Westfalen	Olonets	state = 57
common\peace_conference\ai_peace\yalta.txt	110	58	Schleswig - Holstein	Hauts-de-Seine	state = 58
common\peace_conference\ai_peace\yalta.txt	111	909	South Schleswig	Kastamonu	state = 909
common\peace_conference\ai_peace\yalta.txt	112	59	Ost - Hannover	Suoyarvi	state = 59
common\peace_conference\ai_peace\yalta.txt	136	51	Moselland	Vesturland	state = 51
common\peace_conference\ai_peace\yalta.txt	137	56	Weser-Ems	Sudurland	state = 56
common\peace_conference\ai_peace\yalta.txt	138	57	Westfalen	Olonets	state = 57
common\peace_conference\ai_peace\yalta.txt	139	58	Schleswig - Holstein	Hauts-de-Seine	state = 58
common\peace_conference\ai_peace\yalta.txt	140	909	South Schleswig	Kastamonu	state = 909
common\peace_conference\ai_peace\yalta.txt	141	59	Ost - Hannover	Suoyarvi	state = 59
common\peace_conference\cost_modifiers\GER_peace.txt	196	66	Niederschlesien	Vasternorrland	state = 66 # Niederschlesien
common\peace_conference\cost_modifiers\GER_peace.txt	197	67	Oberschlesien	Kuldiga	state = 67 # Oberschlesien
common\peace_conference\cost_modifiers\GER_peace.txt	198	762	Katowice	Istria	state = 762 # Katowice
common\peace_conference\cost_modifiers\yalta_peace.txt	258	848	Voralberg	Cantabria	controls_state = 848
common\peace_conference\cost_modifiers\yalta_peace.txt	259	153	Tyrol	Yaroslavl	controls_state = 153
common\peace_conference\cost_modifiers\yalta_peace.txt	260	152	Upper Austria	Tarto	controls_state = 152
common\peace_conference\cost_modifiers\yalta_peace.txt	261	976	- Steiermark Karnten	Armavir	controls_state = 976
common\peace_conference\cost_modifiers\yalta_peace.txt	262	4	Austria	Finnmark	controls_state = 4
common\peace_conference\cost_modifiers\yalta_peace.txt	263	975	- Burgenland	Gumushane	controls_state = 975
common\peace_conference\cost_modifiers\yalta_peace.txt	294	848	Voralberg	Cantabria	controls_state = 848
common\peace_conference\cost_modifiers\yalta_peace.txt	295	153	Tyrol	Yaroslavl	controls_state = 153
common\peace_conference\cost_modifiers\yalta_peace.txt	296	152	Upper Austria	Tarto	controls_state = 152
common\peace_conference\cost_modifiers\yalta_peace.txt	297	976	- Steiermark Karnten	Armavir	controls_state = 976
common\peace_conference\cost_modifiers\yalta_peace.txt	298	4	Austria	Finnmark	controls_state = 4
common\peace_conference\cost_modifiers\yalta_peace.txt	299	975	- Burgenland	Gumushane	controls_state = 975
common\raids\land_infiltration_custom.txt	82	524	Taiwan	Zweibruecken	state = 524 #it's an island, bruh
common\raids\land_infiltration_custom.txt	692	1045	- Guyuan	Phthiotis-Phocis	state = 1045
common\raids\land_infiltration_custom.txt	696	1045	- Guyuan	Phthiotis-Phocis	state = 1045
common\raids\land_infiltration_custom.txt	707	1045	- Guyuan	Phthiotis-Phocis	state = 1045
common\raids\land_infiltration_custom.txt	719	615	Shanxi	Morbihan	state = 615
common\raids\land_infiltration_custom.txt	723	615	Shanxi	Morbihan	state = 615
common\raids\land_infiltration_custom.txt	734	615	Shanxi	Morbihan	state = 615
common\raids\land_infiltration_custom.txt	745	615	Shanxi	Morbihan	state = 615
common\raids\land_infiltration_custom.txt	814	1045	- Guyuan	Phthiotis-Phocis	state = 1045
common\raids\land_infiltration_custom.txt	818	1045	- Guyuan	Phthiotis-Phocis	state = 1045
common\raids\land_infiltration_custom.txt	829	1045	- Guyuan	Phthiotis-Phocis	state = 1045
common\raids\land_infiltration_custom.txt	841	615	Shanxi	Morbihan	state = 615
common\raids\land_infiltration_custom.txt	845	615	Shanxi	Morbihan	state = 615
common\raids\land_infiltration_custom.txt	856	615	Shanxi	Morbihan	state = 615
common\raids\land_infiltration_custom.txt	867	615	Shanxi	Morbihan	state = 615
common\raids\land_infiltration_custom.txt	937	1045	- Guyuan	Phthiotis-Phocis	state = 1045
common\raids\land_infiltration_custom.txt	941	1045	- Guyuan	Phthiotis-Phocis	state = 1045
common\raids\land_infiltration_custom.txt	952	1045	- Guyuan	Phthiotis-Phocis	state = 1045
common\raids\land_infiltration_custom.txt	964	615	Shanxi	Morbihan	state = 615
common\raids\land_infiltration_custom.txt	968	615	Shanxi	Morbihan	state = 615
common\raids\land_infiltration_custom.txt	979	615	Shanxi	Morbihan	state = 615
common\raids\land_infiltration_custom.txt	990	615	Shanxi	Morbihan	state = 615
common\raids\land_infiltration_custom.txt	1415	335	West Java	Koscian	state = 335
common\raids\land_infiltration_custom.txt	1416	1051	East Java	Biltis	state = 1051
common\raids\land_infiltration_custom.txt	1417	1058	Batavia	Cordoba	state = 1058
common\raids\naval_commando_raids.txt	41	335	West Java	Koscian	state = 335
common\raids\naval_commando_raids.txt	42	1051	East Java	Biltis	state = 1051
common\raids\naval_commando_raids.txt	43	1058	Batavia	Cordoba	state = 1058
common\raids\naval_commando_raids.txt	52	673	Sulawesi	Schwytz	state = 673
common\raids\naval_commando_raids.txt	1303	1060	- Johor	Kahramanmaras	state = 1060
common\raids\naval_commando_raids.txt	1304	1063	- Pahang	Jaen	state = 1063
common\raids\naval_commando_raids.txt	1306	1064	- Perak	Isparta	state = 1064
common\raids\naval_commando_raids.txt	1307	1061	- Perlis Kedah	Zakynthos	state = 1061
common\scripted_effects\AST_scripted_effects.txt	1084	286	Indochina	West Riding	state = 286
common\scripted_effects\AST_scripted_effects.txt	1085	670	Laos	Indre	state = 670
common\scripted_effects\AST_scripted_effects.txt	1086	671	Annam	Rowne	state = 671
common\scripted_effects\AST_scripted_effects.txt	1087	741	Cambodia	Charente	state = 741
common\scripted_effects\AST_scripted_effects.txt	1088	1017	- Trung Bo	Kutahya	state = 1017
common\scripted_effects\AST_scripted_effects.txt	1089	1066	- Mekong Delta	Adana	state = 1066
common\scripted_effects\AST_scripted_effects.txt	1090	1067	- Battambang	Denizli	state = 1067
common\scripted_effects\AST_scripted_effects.txt	1091	1068	- Bassac	Nigde	state = 1068
common\scripted_effects\AST_scripted_effects.txt	1092	1069	- Lan Chang	Gilan	state = 1069
common\scripted_effects\AST_scripted_effects.txt	1139	286	Indochina	West Riding	state = 286
common\scripted_effects\AST_scripted_effects.txt	1140	670	Laos	Indre	state = 670
common\scripted_effects\AST_scripted_effects.txt	1141	671	Annam	Rowne	state = 671
common\scripted_effects\AST_scripted_effects.txt	1142	741	Cambodia	Charente	state = 741
common\scripted_effects\AST_scripted_effects.txt	1143	1017	- Trung Bo	Kutahya	state = 1017
common\scripted_effects\AST_scripted_effects.txt	1144	1066	- Mekong Delta	Adana	state = 1066
common\scripted_effects\AST_scripted_effects.txt	1145	1067	- Battambang	Denizli	state = 1067
common\scripted_effects\AST_scripted_effects.txt	1146	1068	- Bassac	Nigde	state = 1068
common\scripted_effects\AST_scripted_effects.txt	1147	1069	- Lan Chang	Gilan	state = 1069
common\scripted_effects\AST_scripted_effects.txt	1190	286	Indochina	West Riding	state = 286
common\scripted_effects\AST_scripted_effects.txt	1191	670	Laos	Indre	state = 670
common\scripted_effects\AST_scripted_effects.txt	1192	671	Annam	Rowne	state = 671
common\scripted_effects\AST_scripted_effects.txt	1193	741	Cambodia	Charente	state = 741
common\scripted_effects\AST_scripted_effects.txt	1194	1017	- Trung Bo	Kutahya	state = 1017
common\scripted_effects\AST_scripted_effects.txt	1195	1066	- Mekong Delta	Adana	state = 1066
common\scripted_effects\AST_scripted_effects.txt	1196	1067	- Battambang	Denizli	state = 1067
common\scripted_effects\AST_scripted_effects.txt	1197	1068	- Bassac	Nigde	state = 1068
common\scripted_effects\AST_scripted_effects.txt	1198	1069	- Lan Chang	Gilan	state = 1069
common\scripted_effects\BUL_scripted_effects.txt	722	763	Konigsberg	Nogay	state = 763
common\scripted_effects\BUL_scripted_effects.txt	723	5	Germany	Pultusk	state = 5
common\scripted_effects\BUL_scripted_effects.txt	724	807	Gdynia	Gard	state = 807
common\scripted_effects\BUL_scripted_effects.txt	725	85	Danzig	Pirkanmaa	state = 85
common\scripted_effects\BUL_scripted_effects.txt	895	106	Macedonia	Buskerud	NOT = { state = 106 }
common\scripted_effects\BUL_scripted_effects.txt	1039	803	Southern Serbia	Landes	state = 803 #Southern Serbia
common\scripted_effects\BUL_scripted_effects.txt	1040	77	Dobrogea	Viipuri	state = 77 #Dobrudja
common\scripted_effects\BUL_scripted_effects.txt	1080	212	Plovdiv	Malmohus	owns_state = 212
common\scripted_effects\BUL_scripted_effects.txt	1097	801	Moesia	Ilfov	owns_state = 801
common\scripted_effects\DEN_scripted_effects.txt	3520	124	Gotland	Oslo	controls_state = 124
common\scripted_effects\ETH_scripted_effects.txt	502	271	ethiopia	North Riding	limit = { state = 271 }
common\scripted_effects\ETH_scripted_effects.txt	509	843	Wello	Ingushetia	limit = { state = 843 }
common\scripted_effects\ETH_scripted_effects.txt	516	842	Tigray	Montgenevre	limit = { state = 842 }
common\scripted_effects\ETH_scripted_effects.txt	523	841	Begemder	Abkhazia	limit = { state = 841 }
common\scripted_effects\ETH_scripted_effects.txt	530	840	Gojjam	Pyrenees-Atlantiques	limit = { state = 840 }
common\scripted_effects\ETH_scripted_effects.txt	537	839	Welega	Perugia	limit = { state = 839 }
common\scripted_effects\ETH_scripted_effects.txt	544	838	Illubabor	Hautes-Pyrenees	limit = { state = 838 }
common\scripted_effects\ETH_scripted_effects.txt	551	837	Sidamo	Asturias	limit = { state = 837 }
common\scripted_effects\ETH_scripted_effects.txt	558	836	Bale	Rzeszow	limit = { state = 836 }
common\scripted_effects\ETH_scripted_effects.txt	565	835	Haraghe	Trebinje	limit = { state = 835 }
common\scripted_effects\ETH_scripted_effects.txt	572	908	Afar	Campobasso	limit = { state = 908 }
common\scripted_effects\ETH_scripted_effects.txt	1190	961	Deep Amazonas	Tavush	state = 961
common\scripted_effects\ETH_scripted_effects.txt	1191	962	Deep Amazonas	Aveiro	state = 962
common\scripted_effects\ETH_scripted_effects.txt	1192	963	Deep Amazonas	Amasya	state = 963
common\scripted_effects\ETH_scripted_effects.txt	1193	964	Deep Amazonas	Giresun	state = 964
common\scripted_effects\ETH_scripted_effects.txt	1194	965	Deep Amazonas	Yusufeli	state = 965
common\scripted_effects\ETH_scripted_effects.txt	1195	966	Deep Amazonas	Dagliq Sirvan	state = 966
common\scripted_effects\ETH_scripted_effects.txt	1196	967	Deep Amazonas	Bolu	state = 967
common\scripted_effects\ETH_scripted_effects.txt	1197	968	Deep Amazonas	Abseron-Xizi	state = 968
common\scripted_effects\GER_scripted_effects.txt	1170	85	Danzig	Pirkanmaa	state = 85 #Danzig
common\scripted_effects\GER_scripted_effects.txt	1171	807	Gdynia	Gard	state = 807 #Gdnyia
common\scripted_effects\GER_scripted_effects.txt	1172	86	Poznan	Satakunta	state = 86 #Poznan
common\scripted_effects\GER_scripted_effects.txt	1173	762	Katowice	Istria	state = 762 #Katovice
common\scripted_effects\GER_scripted_effects.txt	1174	87	Lodz	Jekabpils	state = 87 #Lodz
common\scripted_effects\GER_scripted_effects.txt	1175	98	Mazurskie	Aland	state = 98 #Plock
common\scripted_effects\GER_scripted_effects.txt	1176	97	Bialystok	Perm	state = 97 #Byalistock
common\scripted_effects\GER_scripted_effects.txt	1267	69	Sudatenland	nice	controls_state = 69
common\scripted_effects\GER_scripted_effects.txt	1278	972	- South Sudetenland	Agcab@di	controls_state = 972
common\scripted_effects\GER_scripted_effects.txt	1289	74	East Sudatenland	Porajarvi	controls_state = 74
common\scripted_effects\GER_scripted_effects.txt	1365	807	Gdynia	Gard	state = 807
common\scripted_effects\GER_scripted_effects.txt	1366	85	Danzig	Pirkanmaa	state = 85
common\scripted_effects\GER_scripted_effects.txt	1367	86	Poznan	Satakunta	state = 86
common\scripted_effects\GER_scripted_effects.txt	1368	87	Lodz	Jekabpils	state = 87
common\scripted_effects\GER_scripted_effects.txt	1369	88	Kielce	Kopparberg	state = 88
common\scripted_effects\GER_scripted_effects.txt	1370	90	Lwow	Faero	state = 90
common\scripted_effects\GER_scripted_effects.txt	1371	92	Lublin	Sogn og Fjordane	state = 92
common\scripted_effects\GER_scripted_effects.txt	1372	98	Mazurskie	Aland	state = 98
common\scripted_effects\GER_scripted_effects.txt	1373	10	Poland	New Hampshire	state = 10
common\scripted_effects\GER_scripted_effects.txt	1374	762	Katowice	Istria	state = 762
common\scripted_effects\GER_scripted_effects.txt	1377	69	Sudatenland	nice	state = 69
common\scripted_effects\GER_scripted_effects.txt	1378	972	- South Sudetenland	Agcab@di	state = 972
common\scripted_effects\GER_scripted_effects.txt	1379	9	Czechoslovakia	Ontario	state = 9
common\scripted_effects\GER_scripted_effects.txt	1380	75	Moravia	More og Romsdal	state = 75
common\scripted_effects\GER_scripted_effects.txt	1381	74	East Sudatenland	Porajarvi	state = 74
common\scripted_effects\GER_scripted_effects.txt	1412	89	Krakow	Paijat-Hame	state = 89
common\scripted_effects\GER_scripted_effects.txt	1413	91	Tarnopol	Ventspils	state = 91
common\scripted_effects\GER_scripted_effects.txt	1414	93	Volhynian	Etela-Karjala	state = 93
common\scripted_effects\GER_scripted_effects.txt	1415	94	Polesie	Ilukste	state = 94
common\scripted_effects\GER_scripted_effects.txt	1416	95	Nowogrodek	Valmiera	state = 95
common\scripted_effects\GER_scripted_effects.txt	1417	96	Wilejka	Vologda	state = 96
common\scripted_effects\GER_scripted_effects.txt	1418	97	Bialystok	Perm	state = 97
common\scripted_effects\GER_scripted_effects.txt	1537	712	Cocos Islands	Medimurje	state = 712 # Cocos
common\scripted_effects\GER_scripted_effects.txt	1538	711	Christmas Island	Csanad, Arad es Torontal	state = 711 # Christmas
common\scripted_effects\GER_scripted_effects.txt	1539	710	Diego Garcia	Wallis	state = 710 # Diego Garcia
common\scripted_effects\GER_scripted_effects.txt	1540	709	Seychelles	Milano	state = 709 # Seychelles
common\scripted_effects\GER_scripted_effects.txt	1541	707	Mauritius	Vaud	state = 707 # Mauritius
common\scripted_effects\GER_scripted_effects.txt	1542	713	Kerguelen	Alba	state = 713 # Kerguelen
common\scripted_effects\GER_scripted_effects.txt	1543	706	Reunion	Udine	state = 706 # Reunion
common\scripted_effects\INS_scripted_effects.txt	784	1051	East Java	Biltis	transfer_state = 1051
common\scripted_effects\INS_scripted_effects.txt	1105	1058	Batavia	Cordoba	state = 1058
common\scripted_effects\INS_scripted_effects.txt	1106	1051	East Java	Biltis	state = 1051
common\scripted_effects\INS_scripted_effects.txt	1107	335	West Java	Koscian	state = 335
common\scripted_effects\INS_scripted_effects.txt	1122	1058	Batavia	Cordoba	state = 1058
common\scripted_effects\INS_scripted_effects.txt	1123	1051	East Java	Biltis	state = 1051
common\scripted_effects\INS_scripted_effects.txt	1124	335	West Java	Koscian	state = 335
common\scripted_effects\INS_scripted_effects.txt	1540	1058	Batavia	Cordoba	state = 1058 #Batavia
common\scripted_effects\INS_scripted_effects.txt	1541	1022	- Interior Borneo	Kirsehir	state = 1022 #Interior Borneo
common\scripted_effects\INS_scripted_effects.txt	1550	1058	Batavia	Cordoba	state = 1058 #Batavia
common\scripted_effects\INS_scripted_effects.txt	1551	1022	- Interior Borneo	Kirsehir	state = 1022 #Interior Borneo
common\scripted_effects\INS_scripted_effects.txt	1560	1058	Batavia	Cordoba	state = 1058 #Batavia
common\scripted_effects\INS_scripted_effects.txt	1561	1022	- Interior Borneo	Kirsehir	state = 1022 #Interior Borneo
common\scripted_effects\INS_scripted_effects.txt	2077	672	South Sumatra	Saint-Amand-Montrond	state = 672 #South Sumatra
common\scripted_effects\INS_scripted_effects.txt	2081	1049	Medan and Riouw	Malatya	state = 1049 #Medan and Riouw
common\scripted_effects\ITA_scripted_effects.txt	31	271	ethiopia	North Riding	controls_state = 271
common\scripted_effects\ITA_scripted_effects.txt	742	103	Croatia	Kanta-Hame	NOT = { state = 103 } #Dalmatia goes first above
common\scripted_effects\ITA_scripted_effects.txt	821	103	Croatia	Kanta-Hame	NOT = { state = 103 } #Dalmatia goes first above
common\scripted_effects\ITA_scripted_effects.txt	3264	115	Sicily	Kymenlaakso	controls_state = 115 # SICILIA
common\scripted_effects\JAP_scripted_effects.txt	1170	531	Osaka	Oise	state = 531
common\scripted_effects\JAP_scripted_effects.txt	1950	531	Osaka	Oise	state = 531
common\scripted_effects\RAJ_GOE_scripted_effects.txt	934	992	Province of Aden	Kowel	limit = {  NOT = { state = 992 } } #Aden
common\scripted_effects\SOV_scripted_effects.txt	7011	408	Vladivostok	Oxfordshire	owns_state = 408
common\scripted_effects\SOV_scripted_effects.txt	7022	655	North Sakhalin	Vaslui	owns_state = 655
common\scripted_effects\SOV_scripted_effects.txt	7378	219	Moscow Area	Lanmark	NOT = { state = 219 }
common\scripted_effects\SOV_scripted_effects.txt	7410	563	TS 5	Melun	var:ROOT.SOV_civil_war_start_state = { state = 563 }
common\scripted_effects\TOA_scripted_effects.txt	835	961	Deep Amazonas	Tavush	state = 961
common\scripted_effects\TOA_scripted_effects.txt	836	962	Deep Amazonas	Aveiro	state = 962
common\scripted_effects\TOA_scripted_effects.txt	837	963	Deep Amazonas	Amasya	state = 963
common\scripted_effects\TOA_scripted_effects.txt	838	964	Deep Amazonas	Giresun	state = 964
common\scripted_effects\TOA_scripted_effects.txt	839	965	Deep Amazonas	Yusufeli	state = 965
common\scripted_effects\TOA_scripted_effects.txt	840	966	Deep Amazonas	Dagliq Sirvan	state = 966
common\scripted_effects\TOA_scripted_effects.txt	841	967	Deep Amazonas	Bolu	state = 967
common\scripted_effects\TOA_scripted_effects.txt	842	968	Deep Amazonas	Abseron-Xizi	state = 968
common\scripted_effects\YUG_scripted_effects.txt	115	107	Kosavo	Mazeikiu	set_capital = { state = 107 }
common\scripted_localisation\NSB_soviet_scripted_loc.txt	904	246	Rzhev	Tonder	FROM = { state = 246 } #RZHEV
common\scripted_localisation\NSB_soviet_scripted_loc.txt	910	218	Rostov Area	Vyazma	FROM = { state = 218 } #ROSTOV-ON-DON
common\scripted_localisation\NSB_soviet_scripted_loc.txt	916	217	Stalingrad Area	East Lothian	FROM = { state = 217 } #STALINGRAD
common\scripted_localisation\NSB_soviet_scripted_loc.txt	922	220	Kursk Area	West Lothian	FROM = { state = 220 } #KURSK
common\scripted_localisation\NSB_soviet_scripted_loc.txt	928	206	Minsk	Siauliu	FROM = { state = 206 } #MINSK
common\scripted_localisation\NSB_soviet_scripted_loc.txt	934	763	Konigsberg	Nogay	FROM = { state = 763 } #KÖNIGSBERG
common\scripted_localisation\NSB_soviet_scripted_loc.txt	940	75	Moravia	More og Romsdal	FROM = { state = 75 } #BRNO
common\scripted_localisation\NSB_soviet_scripted_loc.txt	946	88	Kielce	Kopparberg	FROM = { state = 88 } #KRAKOW
common\scripted_localisation\NSB_soviet_scripted_loc.txt	952	10	Poland	New Hampshire	FROM = { state = 10 } #WARSAW
common\scripted_localisation\NSB_soviet_scripted_loc.txt	958	812	Tallinn	Armagnac	FROM = { state = 812 } #TALLIN
common\scripted_localisation\NSB_soviet_scripted_loc.txt	964	808	Riga	Vaucluse	FROM = { state = 808 } #RIGA
common\scripted_localisation\NSB_soviet_scripted_loc.txt	970	43	Hungary	Delaware	FROM = { state = 43 } #BUDAPEST
common\scripted_localisation\NSB_soviet_scripted_loc.txt	976	46	Romania	Krasnystaw	FROM = { state = 46 } #BUCHAREST
common\scripted_localisation\NSB_soviet_scripted_loc.txt	982	44	Albania	Vestfirdir	FROM = { state = 44 } #TIRANA
common\scripted_localisation\NSB_soviet_scripted_loc.txt	988	9	Czechoslovakia	Ontario	FROM = { state = 9 } #PRAGUE
common\scripted_localisation\NSB_soviet_scripted_loc.txt	994	2	Italy	Massachusetts	FROM = { state = 2 } #ROME
common\scripted_localisation\NSB_soviet_scripted_loc.txt	1000	3	Swiss Plateau	West Berlin	FROM = { state = 3 } #BERNE
common\scripted_localisation\NSB_soviet_scripted_loc.txt	1006	64	Brandenburg	Newfoundland	FROM = { state = 64 } #BERLIN
common\scripted_localisation\NSB_soviet_scripted_loc.txt	1012	55	Nassau	Rhode Island	FROM = { state = 55 } #FRANKFURT
common\scripted_localisation\NSB_soviet_scripted_loc.txt	1018	58	Schleswig - Holstein	Hauts-de-Seine	FROM = { state = 58 } #HAMBURG
common\scripted_localisation\NSB_soviet_scripted_loc.txt	1024	111	Uusima	Hordaland	FROM = { state = 111 } #HELSINKI
common\scripted_localisation\NSB_soviet_scripted_loc.txt	1030	141	Sodermanland	Stockholm	FROM = { state = 141 } #STOCKHOLM
common\scripted_localisation\NSB_soviet_scripted_loc.txt	1036	110	Norway	Varmland	FROM = { state = 110 } #OSLO
common\scripted_localisation\NSB_soviet_scripted_loc.txt	1042	37	Denmark	Fontainebleau	FROM = { state = 37 } #COPENHAGEN
common\scripted_localisation\NSB_soviet_scripted_loc.txt	1048	7	Holland	Maine	FROM = { state = 7 } #AMSTERDAM
common\scripted_localisation\NSB_soviet_scripted_loc.txt	1054	16	Ile de France	Rybachy Peninsula	FROM = { state = 16 } #PARIS
common\scripted_localisation\NSB_soviet_scripted_loc.txt	1060	126	Greater London Area	Glasgow	FROM = { state = 126 } #LONDON
common\scripted_localisation\NSB_soviet_scripted_loc.txt	1066	113	Ireland	Terijoki	FROM = { state = 113 } #DUBLIN
common\scripted_localisation\WTT_infiltration_localisation.txt	17	283	China	Monaghan	state = 283
common\scripted_localisation\WTT_infiltration_localisation.txt	18	597	Shandong	Epinal	state = 597
common\scripted_localisation\WTT_infiltration_localisation.txt	19	598	Jiansu	Saint-Die	state = 598
common\scripted_localisation\WTT_infiltration_localisation.txt	20	607	China 7	Jersey	state = 607
common\scripted_localisation\WTT_infiltration_localisation.txt	21	608	Beijing	Mateszalka	state = 608
common\scripted_localisation\WTT_infiltration_localisation.txt	22	614	China 13	Nikolayev	state = 614
common\scripted_localisation\WTT_infiltration_localisation.txt	23	615	Shanxi	Morbihan	state = 615
common\scripted_localisation\WTT_infiltration_localisation.txt	24	621	China 18	Eisenstadt	state = 621
common\scripted_localisation\WTT_infiltration_localisation.txt	25	744	Xian	Trieste	state = 744
common\scripted_localisation\WTT_infiltration_localisation.txt	26	746	Ordos	Chambery	state = 746
common\scripted_localisation\WTT_infiltration_localisation.txt	42	283	China	Monaghan	state = 283
common\scripted_localisation\WTT_infiltration_localisation.txt	49	597	Shandong	Epinal	state = 597
common\scripted_localisation\WTT_infiltration_localisation.txt	56	598	Jiansu	Saint-Die	state = 598
common\scripted_localisation\WTT_infiltration_localisation.txt	63	607	China 7	Jersey	state = 607
common\scripted_localisation\WTT_infiltration_localisation.txt	70	608	Beijing	Mateszalka	state = 608
common\scripted_localisation\WTT_infiltration_localisation.txt	77	614	China 13	Nikolayev	state = 614
common\scripted_localisation\WTT_infiltration_localisation.txt	84	615	Shanxi	Morbihan	state = 615
common\scripted_localisation\WTT_infiltration_localisation.txt	91	621	China 18	Eisenstadt	state = 621
common\scripted_localisation\WTT_infiltration_localisation.txt	98	744	Xian	Trieste	state = 744
common\scripted_localisation\WTT_infiltration_localisation.txt	105	746	Ordos	Chambery	state = 746
common\scripted_localisation\WTT_infiltration_localisation.txt	116	283	China	Monaghan	state = 283
common\scripted_localisation\WTT_infiltration_localisation.txt	119	597	Shandong	Epinal	state = 597
common\scripted_localisation\WTT_infiltration_localisation.txt	120	598	Jiansu	Saint-Die	state = 598
common\scripted_localisation\WTT_infiltration_localisation.txt	121	607	China 7	Jersey	state = 607
common\scripted_localisation\WTT_infiltration_localisation.txt	122	608	Beijing	Mateszalka	state = 608
common\scripted_localisation\WTT_infiltration_localisation.txt	123	614	China 13	Nikolayev	state = 614
common\scripted_localisation\WTT_infiltration_localisation.txt	124	615	Shanxi	Morbihan	state = 615
common\scripted_localisation\WTT_infiltration_localisation.txt	125	621	China 18	Eisenstadt	state = 621
common\scripted_localisation\WTT_infiltration_localisation.txt	126	744	Xian	Trieste	state = 744
common\scripted_localisation\WTT_infiltration_localisation.txt	127	746	Ordos	Chambery	state = 746
common\scripted_localisation\WTT_infiltration_localisation.txt	136	597	Shandong	Epinal	state = 597
common\scripted_localisation\WTT_infiltration_localisation.txt	139	598	Jiansu	Saint-Die	state = 598
common\scripted_localisation\WTT_infiltration_localisation.txt	140	607	China 7	Jersey	state = 607
common\scripted_localisation\WTT_infiltration_localisation.txt	141	608	Beijing	Mateszalka	state = 608
common\scripted_localisation\WTT_infiltration_localisation.txt	142	614	China 13	Nikolayev	state = 614
common\scripted_localisation\WTT_infiltration_localisation.txt	143	615	Shanxi	Morbihan	state = 615
common\scripted_localisation\WTT_infiltration_localisation.txt	144	621	China 18	Eisenstadt	state = 621
common\scripted_localisation\WTT_infiltration_localisation.txt	145	744	Xian	Trieste	state = 744
common\scripted_localisation\WTT_infiltration_localisation.txt	146	746	Ordos	Chambery	state = 746
common\scripted_localisation\WTT_infiltration_localisation.txt	155	598	Jiansu	Saint-Die	state = 598
common\scripted_localisation\WTT_infiltration_localisation.txt	158	607	China 7	Jersey	state = 607
common\scripted_localisation\WTT_infiltration_localisation.txt	159	608	Beijing	Mateszalka	state = 608
common\scripted_localisation\WTT_infiltration_localisation.txt	160	614	China 13	Nikolayev	state = 614
common\scripted_localisation\WTT_infiltration_localisation.txt	161	615	Shanxi	Morbihan	state = 615
common\scripted_localisation\WTT_infiltration_localisation.txt	162	621	China 18	Eisenstadt	state = 621
common\scripted_localisation\WTT_infiltration_localisation.txt	163	744	Xian	Trieste	state = 744
common\scripted_localisation\WTT_infiltration_localisation.txt	164	746	Ordos	Chambery	state = 746
common\scripted_localisation\WTT_infiltration_localisation.txt	173	607	China 7	Jersey	state = 607
common\scripted_localisation\WTT_infiltration_localisation.txt	176	608	Beijing	Mateszalka	state = 608
common\scripted_localisation\WTT_infiltration_localisation.txt	177	614	China 13	Nikolayev	state = 614
common\scripted_localisation\WTT_infiltration_localisation.txt	178	615	Shanxi	Morbihan	state = 615
common\scripted_localisation\WTT_infiltration_localisation.txt	179	621	China 18	Eisenstadt	state = 621
common\scripted_localisation\WTT_infiltration_localisation.txt	180	744	Xian	Trieste	state = 744
common\scripted_localisation\WTT_infiltration_localisation.txt	181	746	Ordos	Chambery	state = 746
common\scripted_localisation\WTT_infiltration_localisation.txt	190	608	Beijing	Mateszalka	state = 608
common\scripted_localisation\WTT_infiltration_localisation.txt	193	614	China 13	Nikolayev	state = 614
common\scripted_localisation\WTT_infiltration_localisation.txt	194	615	Shanxi	Morbihan	state = 615
common\scripted_localisation\WTT_infiltration_localisation.txt	195	621	China 18	Eisenstadt	state = 621
common\scripted_localisation\WTT_infiltration_localisation.txt	196	744	Xian	Trieste	state = 744
common\scripted_localisation\WTT_infiltration_localisation.txt	197	746	Ordos	Chambery	state = 746
common\scripted_localisation\WTT_infiltration_localisation.txt	206	614	China 13	Nikolayev	state = 614
common\scripted_localisation\WTT_infiltration_localisation.txt	209	615	Shanxi	Morbihan	state = 615
common\scripted_localisation\WTT_infiltration_localisation.txt	210	621	China 18	Eisenstadt	state = 621
common\scripted_localisation\WTT_infiltration_localisation.txt	211	744	Xian	Trieste	state = 744
common\scripted_localisation\WTT_infiltration_localisation.txt	212	746	Ordos	Chambery	state = 746
common\scripted_localisation\WTT_infiltration_localisation.txt	221	615	Shanxi	Morbihan	state = 615
common\scripted_localisation\WTT_infiltration_localisation.txt	224	621	China 18	Eisenstadt	state = 621
common\scripted_localisation\WTT_infiltration_localisation.txt	225	744	Xian	Trieste	state = 744
common\scripted_localisation\WTT_infiltration_localisation.txt	226	746	Ordos	Chambery	state = 746
common\scripted_localisation\WTT_infiltration_localisation.txt	235	621	China 18	Eisenstadt	state = 621
common\scripted_localisation\WTT_infiltration_localisation.txt	238	744	Xian	Trieste	state = 744
common\scripted_localisation\WTT_infiltration_localisation.txt	239	746	Ordos	Chambery	state = 746
common\scripted_localisation\WTT_infiltration_localisation.txt	248	744	Xian	Trieste	state = 744
common\scripted_triggers\00_scripted_triggers.txt	337	366	Florida	Saratov	state = 366
common\scripted_triggers\00_scripted_triggers.txt	338	365	Georgia	Luckau	state = 365
common\scripted_triggers\00_scripted_triggers.txt	339	367	Alabama	Kobryn	state = 367
common\scripted_triggers\00_scripted_triggers.txt	340	370	Mississippi	Grojec	state = 370
common\scripted_triggers\00_scripted_triggers.txt	341	362	Virginia	Montgomeryshire	state = 362
common\scripted_triggers\00_scripted_triggers.txt	342	363	North Carolina	Herford	state = 363
common\scripted_triggers\00_scripted_triggers.txt	343	364	South Carolina	Overijssel	state = 364
common\scripted_triggers\00_scripted_triggers.txt	344	371	Louisiana	Limerick	state = 371
common\scripted_triggers\00_scripted_triggers.txt	345	375	Texas	Rutland	state = 375
common\scripted_triggers\00_scripted_triggers.txt	346	368	Tennesse	Wexford	state = 368
common\scripted_triggers\00_scripted_triggers.txt	347	372	Arkansas	Cambridgeshire	state = 372
common\scripted_triggers\00_scripted_triggers.txt	806	118	Gibralter	Akershus	state = 118 #GIBRALTAR
common\scripted_triggers\00_scripted_triggers.txt	807	173	Granada	Voru	state = 173
common\scripted_triggers\00_scripted_triggers.txt	808	168	Murcia	Kalmar	state = 168
common\scripted_triggers\00_scripted_triggers.txt	809	167	Valencia	Jonkoping	state = 167
common\scripted_triggers\00_scripted_triggers.txt	810	165	Catalonia	Petseri	state = 165
common\scripted_triggers\00_scripted_triggers.txt	811	177	Balearic Islands	Ivanovo	state = 177
common\scripted_triggers\00_scripted_triggers.txt	812	31	Midi Pyrenees	North Carolina	state = 31
common\scripted_triggers\00_scripted_triggers.txt	813	22	Roussillion	Kalastajasaarento	state = 22
common\scripted_triggers\00_scripted_triggers.txt	814	21	Bouches-du-Rhone	Pennsylvania	state = 21
common\scripted_triggers\00_scripted_triggers.txt	815	851	Var	Guipuzcoa	state = 851
common\scripted_triggers\00_scripted_triggers.txt	816	735	Savoy	Subotica	state = 735
common\scripted_triggers\00_scripted_triggers.txt	817	162	Tuscany	Udmurt	state = 162
common\scripted_triggers\00_scripted_triggers.txt	818	2	Italy	Massachusetts	state = 2
common\scripted_triggers\00_scripted_triggers.txt	819	117	Napoli	Uppsala	state = 117
common\scripted_triggers\00_scripted_triggers.txt	820	156	Calabria	Viljandi	state = 156
common\scripted_triggers\00_scripted_triggers.txt	821	115	Sicily	Kymenlaakso	state = 115
common\scripted_triggers\00_scripted_triggers.txt	822	1	France	Quebec	state = 1
common\scripted_triggers\00_scripted_triggers.txt	823	114	Sardinia	Uusimaa	state = 114
common\scripted_triggers\00_scripted_triggers.txt	824	116	Malta	Zetland	state = 116
common\scripted_triggers\00_scripted_triggers.txt	825	849	Puglia	Vizcaya	state = 849
common\scripted_triggers\00_scripted_triggers.txt	826	157	Abruzzo	Hiiumaa	state = 157
common\scripted_triggers\00_scripted_triggers.txt	827	158	Piedmont	Caithness	state = 158
common\scripted_triggers\00_scripted_triggers.txt	828	161	Emilia Romagna	Sutherland	state = 161
common\scripted_triggers\00_scripted_triggers.txt	829	160	Veneto	Sudurnes	state = 160
common\scripted_triggers\00_scripted_triggers.txt	830	736	Litorale	Timis-Torontal	state = 736
common\scripted_triggers\00_scripted_triggers.txt	831	852	Istria	Soule	state = 852
common\scripted_triggers\00_scripted_triggers.txt	832	103	Croatia	Kanta-Hame	state = 103
common\scripted_triggers\00_scripted_triggers.txt	833	163	Dalmatia	Alvsborg	state = 163
common\scripted_triggers\00_scripted_triggers.txt	834	105	Montenegro	Hankoniemi	state = 105
common\scripted_triggers\00_scripted_triggers.txt	835	44	Albania	Vestfirdir	state = 44
common\scripted_triggers\00_scripted_triggers.txt	836	805	Northern Epirus	Firenze	state = 805
common\scripted_triggers\00_scripted_triggers.txt	837	185	Epirus	Rezekne	state = 185
common\scripted_triggers\00_scripted_triggers.txt	838	186	Peloponnese	Mari El	state = 186
common\scripted_triggers\00_scripted_triggers.txt	839	47	Greece	New Jersey	state = 47
common\scripted_triggers\00_scripted_triggers.txt	840	731	Central Macedonia	Puy-de-Dome	state = 731
common\scripted_triggers\00_scripted_triggers.txt	841	184	Thrace	Halland	state = 184
common\scripted_triggers\00_scripted_triggers.txt	842	187	Aegean Islands	Orkney	state = 187
common\scripted_triggers\00_scripted_triggers.txt	843	182	Crete	Nairn	state = 182
common\scripted_triggers\00_scripted_triggers.txt	844	164	Dodecanese	Bornholm	state = 164
common\scripted_triggers\00_scripted_triggers.txt	845	341	Edirne	Anglesey	state = 341
common\scripted_triggers\00_scripted_triggers.txt	846	797	Istanbul	Dolj	state = 797
common\scripted_triggers\00_scripted_triggers.txt	847	340	Bursa	Buda-Kashalyova	state = 340
common\scripted_triggers\00_scripted_triggers.txt	848	339	Izmir	Landsberg	state = 339
common\scripted_triggers\00_scripted_triggers.txt	849	342	Antalya	Denbighshire	state = 342
common\scripted_triggers\00_scripted_triggers.txt	850	345	Mersin	Laoighis	state = 345
common\scripted_triggers\00_scripted_triggers.txt	851	344	Adana	Staffordshire	state = 344
common\scripted_triggers\00_scripted_triggers.txt	852	799	Hatay	Basses-Alpes	state = 799
common\scripted_triggers\00_scripted_triggers.txt	853	677	Aleppo	Bekes	state = 677
common\scripted_triggers\00_scripted_triggers.txt	854	553	Lebanon	Heilbronn	state = 553
common\scripted_triggers\00_scripted_triggers.txt	855	183	Cyprus	Inverness	state = 183
common\scripted_triggers\00_scripted_triggers.txt	856	454	Israel	West-Vlaanderen	state = 454
common\scripted_triggers\00_scripted_triggers.txt	857	453	Sinai	Hampshire	state = 453
common\scripted_triggers\00_scripted_triggers.txt	858	446	Cairo	Kent	state = 446
common\scripted_triggers\00_scripted_triggers.txt	859	907	Cairo	Sinop	state = 907
common\scripted_triggers\00_scripted_triggers.txt	860	447	Alexandria	Surrey	state = 447
common\scripted_triggers\00_scripted_triggers.txt	861	452	Marsa Matruh	Val-de-Marne	state = 452
common\scripted_triggers\00_scripted_triggers.txt	862	451	Derna	Zeeland	state = 451
common\scripted_triggers\00_scripted_triggers.txt	863	450	Benghasi	Belgorod	state = 450
common\scripted_triggers\00_scripted_triggers.txt	864	449	Libyan Coast	Meissen	state = 449
common\scripted_triggers\00_scripted_triggers.txt	865	448	Tripoli	Abbeville	state = 448
common\scripted_triggers\00_scripted_triggers.txt	866	665	Gabes	Cluj	state = 665
common\scripted_triggers\00_scripted_triggers.txt	867	458	Tunisia	Cornwall	state = 458
common\scripted_triggers\00_scripted_triggers.txt	868	460	Eastern Algeria	Aachen	state = 460
common\scripted_triggers\00_scripted_triggers.txt	869	459	Western Algeria	Krzemieniec	state = 459
common\scripted_triggers\00_scripted_triggers.txt	870	461	Northern Morocco	Rosenberg	state = 461
common\scripted_triggers\00_scripted_triggers.txt	871	290	Spanish Africa	East Riding	state = 290
common\scripted_triggers\00_scripted_triggers.txt	872	934	Shkoder	Napoli	state = 934
common\scripted_triggers\00_scripted_triggers.txt	879	37	Denmark	Fontainebleau	state = 37 # Sjaelland
common\scripted_triggers\00_scripted_triggers.txt	880	911	Fyn	Braganca	state = 911 # Fyn
common\scripted_triggers\00_scripted_triggers.txt	881	912	Sonderjylland	Bari	state = 912 # Sonderjylland
common\scripted_triggers\00_scripted_triggers.txt	882	909	South Schleswig	Kastamonu	state = 909
common\scripted_triggers\00_scripted_triggers.txt	883	58	Schleswig - Holstein	Hauts-de-Seine	state = 58
common\scripted_triggers\00_scripted_triggers.txt	884	61	Mecklenburg	Pudozh	state = 61
common\scripted_triggers\00_scripted_triggers.txt	885	62	Pommern	Repola	state = 62
common\scripted_triggers\00_scripted_triggers.txt	886	63	WestPrussen	Keski-Pohjanmaa	state = 63
common\scripted_triggers\00_scripted_triggers.txt	887	807	Gdynia	Gard	state = 807
common\scripted_triggers\00_scripted_triggers.txt	888	85	Danzig	Pirkanmaa	state = 85
common\scripted_triggers\00_scripted_triggers.txt	889	5	Germany	Pultusk	state = 5
common\scripted_triggers\00_scripted_triggers.txt	890	763	Konigsberg	Nogay	state = 763
common\scripted_triggers\00_scripted_triggers.txt	891	188	Memel	Tukums	state = 188
common\scripted_triggers\00_scripted_triggers.txt	892	189	Kaunas	Toropets	state = 189
common\scripted_triggers\00_scripted_triggers.txt	893	190	Kurzeme	Kronoberg	state = 190
common\scripted_triggers\00_scripted_triggers.txt	894	809	Latgale	Tarn-et-Garonne	state = 809
common\scripted_triggers\00_scripted_triggers.txt	895	808	Riga	Vaucluse	state = 808
common\scripted_triggers\00_scripted_triggers.txt	896	12	Latvia	Vermont	state = 12
common\scripted_triggers\00_scripted_triggers.txt	897	13	Estonia	Troms	state = 13
common\scripted_triggers\00_scripted_triggers.txt	898	811	Saaremaa	Sibenik	state = 811
common\scripted_triggers\00_scripted_triggers.txt	899	812	Tallinn	Armagnac	state = 812
common\scripted_triggers\00_scripted_triggers.txt	900	813	Rakvere	Mostar	state = 813
common\scripted_triggers\00_scripted_triggers.txt	901	208	Pskov	Kretingos	state = 208
common\scripted_triggers\00_scripted_triggers.txt	902	195	Leningrad Area	Moscow Oblast	state = 195
common\scripted_triggers\00_scripted_triggers.txt	903	146	Karelia	Saaremaa	state = 146
common\scripted_triggers\00_scripted_triggers.txt	904	928	Kyme	Edirne	state = 928
common\scripted_triggers\00_scripted_triggers.txt	905	111	Uusima	Hordaland	state = 111
common\scripted_triggers\00_scripted_triggers.txt	906	926	Turku	Segovia	state = 926
common\scripted_triggers\00_scripted_triggers.txt	907	145	Aland	Laane	state = 145
common\scripted_triggers\00_scripted_triggers.txt	908	149	Vaasa	Skaraborg	state = 149
common\scripted_triggers\00_scripted_triggers.txt	909	929	Oulu	Drama	state = 929
common\scripted_triggers\00_scripted_triggers.txt	910	148	Lappi	Goteborgs och Bohus	state = 148 # Lappi
common\scripted_triggers\00_scripted_triggers.txt	911	666	Norrnorrland	omg its the devil number	state = 666 # Norrbotten
common\scripted_triggers\00_scripted_triggers.txt	912	918	Vasterbotten	Quba-Xacmaz	state = 918 # Vasterbotten
common\scripted_triggers\00_scripted_triggers.txt	913	38	Sweden	Ukhta	state = 38 # Gavleborg
common\scripted_triggers\00_scripted_triggers.txt	914	141	Sodermanland	Stockholm	state = 141 # Sodermaland
common\scripted_triggers\00_scripted_triggers.txt	915	913	Ostergotland	Kardzhali	state = 913 # Ostergotland
common\scripted_triggers\00_scripted_triggers.txt	916	139	Smaland	Abenra-Sonderborg	state = 139 # Smaland
common\scripted_triggers\00_scripted_triggers.txt	917	138	Skane	Novgorod	state = 138 # Skane
common\scripted_triggers\00_scripted_triggers.txt	918	124	Gotland	Oslo	state = 124 # Gotland
common\scripted_triggers\00_scripted_triggers.txt	931	271	ethiopia	North Riding	state = 271
common\scripted_triggers\00_scripted_triggers.txt	932	835	Haraghe	Trebinje	state = 835
common\scripted_triggers\00_scripted_triggers.txt	933	836	Bale	Rzeszow	state = 836
common\scripted_triggers\00_scripted_triggers.txt	934	837	Sidamo	Asturias	state = 837
common\scripted_triggers\00_scripted_triggers.txt	935	838	Illubabor	Hautes-Pyrenees	state = 838
common\scripted_triggers\00_scripted_triggers.txt	936	839	Welega	Perugia	state = 839
common\scripted_triggers\00_scripted_triggers.txt	937	840	Gojjam	Pyrenees-Atlantiques	state = 840
common\scripted_triggers\00_scripted_triggers.txt	938	841	Begemder	Abkhazia	state = 841
common\scripted_triggers\00_scripted_triggers.txt	939	842	Tigray	Montgenevre	state = 842
common\scripted_triggers\00_scripted_triggers.txt	940	843	Wello	Ingushetia	state = 843
common\scripted_triggers\00_scripted_triggers.txt	1023	21	Bouches-du-Rhone	Pennsylvania	state = 21 #Bouche-du-Rhone - FRA
common\scripted_triggers\00_scripted_triggers.txt	1024	851	Var	Guipuzcoa	state = 851 #Var - FRA
common\scripted_triggers\00_scripted_triggers.txt	1025	735	Savoy	Subotica	state = 735 #Savoy - FRA
common\scripted_triggers\00_scripted_triggers.txt	1026	32	Rhone Alpes	West Virginia	state = 32 #Alpes - FRA
common\scripted_triggers\00_scripted_triggers.txt	1027	158	Piedmont	Caithness	state = 158 #Piemonte - ITA
common\scripted_triggers\00_scripted_triggers.txt	1028	159	Lombardy	Hofudborgarsvaedid	state = 159 #Lombardia - ITA
common\scripted_triggers\00_scripted_triggers.txt	1029	850	Trentino	Aude	state = 850 #Trentino - ITA
common\scripted_triggers\00_scripted_triggers.txt	1030	39	South Tyrol	Belomorsk	state = 39 #Alto Adige - ITA
common\scripted_triggers\00_scripted_triggers.txt	1031	847	Western Swiss Alps	Setubal	state = 847 #Western Swiss Alps - SWI
common\scripted_triggers\00_scripted_triggers.txt	1032	151	Eastern Swiss Alps	Pskov	state = 151 #Eastern Swiss Alps - SWI
common\scripted_triggers\00_scripted_triggers.txt	1033	846	Ticino	Pirot	state = 846 #Ticino - SWI
common\scripted_triggers\00_scripted_triggers.txt	1034	848	Voralberg	Cantabria	state = 848 #Vorarlberg - AUS
common\scripted_triggers\00_scripted_triggers.txt	1035	153	Tyrol	Yaroslavl	state = 153 #Tyrol - AUS
common\scripted_triggers\00_scripted_triggers.txt	1036	152	Upper Austria	Tarto	state = 152 #Upper Austria - AUS
common\scripted_triggers\00_scripted_triggers.txt	1037	4	Austria	Finnmark	state = 4 #Lower Austria
common\scripted_triggers\00_scripted_triggers.txt	1038	975	- Burgenland	Gumushane	state = 975 #Burgenland
common\scripted_triggers\00_scripted_triggers.txt	1039	976	- Steiermark Karnten	Armavir	state = 976 #Steiermark-Kömten
common\scripted_triggers\00_scripted_triggers.txt	1328	922	Agder	Braga	state = 922 # Agder
common\scripted_triggers\00_scripted_triggers.txt	1329	921	Telemark	Bartin	state = 921 # Telemark
common\scripted_triggers\00_scripted_triggers.txt	1330	110	Norway	Varmland	state = 110 # Oslofjord
common\scripted_triggers\00_scripted_triggers.txt	1331	915	Bohuslan	Vila Real	state = 915 # Bohuslan
common\scripted_triggers\00_scripted_triggers.txt	1332	140	Vaster Gotland	Hjorring	state = 140 # Vastergotland
common\scripted_triggers\00_scripted_triggers.txt	1333	138	Skane	Novgorod	state = 138 # Skane
common\scripted_triggers\00_scripted_triggers.txt	1334	99	Jutland	Gniezno	state = 99 # Norrejylland
common\scripted_triggers\00_scripted_triggers.txt	1335	911	Fyn	Braganca	state = 911 # Fyn
common\scripted_triggers\00_scripted_triggers.txt	1336	912	Sonderjylland	Bari	state = 912 # Sonderjylland
common\scripted_triggers\00_scripted_triggers.txt	1337	37	Denmark	Fontainebleau	state = 37 # Sjaelland
common\scripted_triggers\00_scripted_triggers.txt	1338	909	South Schleswig	Kastamonu	state = 909 # Schleswig
common\scripted_triggers\00_scripted_triggers.txt	1339	58	Schleswig - Holstein	Hauts-de-Seine	state = 58 # Holstein
common\scripted_triggers\00_scripted_triggers.txt	1340	61	Mecklenburg	Pudozh	state = 61 # Mecklenburg
common\scripted_triggers\00_scripted_triggers.txt	1341	62	Pommern	Repola	state = 62 # Vorpommern
common\scripted_triggers\00_scripted_triggers.txt	1347	909	South Schleswig	Kastamonu	state = 909 # Schleswig
common\scripted_triggers\00_scripted_triggers.txt	1348	58	Schleswig - Holstein	Hauts-de-Seine	state = 58 # Holstein
common\scripted_triggers\00_scripted_triggers.txt	1349	912	Sonderjylland	Bari	state = 912 # Sonderjylland
common\scripted_triggers\00_scripted_triggers.txt	1350	99	Jutland	Gniezno	state = 99 # Norrejylland
common\scripted_triggers\00_scripted_triggers.txt	1351	922	Agder	Braga	state = 922 # Agder
common\scripted_triggers\00_scripted_triggers.txt	1352	142	Vestlandet	Staraya Russa	state = 142 # Vestlandet
common\scripted_triggers\00_scripted_triggers.txt	1353	143	Midt-Noreg	Jarva	state = 143 # Trondelag
common\scripted_triggers\00_scripted_triggers.txt	1354	923	Helgeland	Sanok	state = 923 # Helgeland
common\scripted_triggers\00_scripted_triggers.txt	1355	144	Nord-Noreg	Thisted	state = 144 # Nordland
common\scripted_triggers\00_scripted_triggers.txt	1356	924	Troms	Samsun	state = 924 # Troms
common\scripted_triggers\00_scripted_triggers.txt	1357	925	Finnmark	Ardahan	state = 925 # Finnmark
common\scripted_triggers\00_scripted_triggers_FR_loc.txt	2813	183	Cyprus	Inverness	state = 183
common\scripted_triggers\00_scripted_triggers_FR_loc.txt	2814	315	Cuba	Kobenhavn	state = 315
common\scripted_triggers\00_scripted_triggers_FR_loc.txt	2815	319	Dominican Republic	Bielsk	state = 319
common\scripted_triggers\00_scripted_triggers_FR_loc.txt	2816	331	Newfoundland	Groningen	state = 331
common\scripted_triggers\00_scripted_triggers_FR_loc.txt	2817	524	Taiwan	Zweibruecken	state = 524
common\scripted_triggers\00_scripted_triggers_FR_loc.txt	2818	543	Madagascar	Bar-le-Duc	state = 543
common\scripted_triggers\00_scripted_triggers_FR_loc.txt	2819	631	Midway Island	Hajdu	state = 631
common\scripted_triggers\00_scripted_triggers_FR_loc.txt	2820	632	Wake Island	Astrakhan	state = 632
common\scripted_triggers\00_scripted_triggers_FR_loc.txt	2821	638	Guam	Belfort	state = 638
common\scripted_triggers\00_scripted_triggers_FR_loc.txt	2822	641	Tahiti	Sopron	state = 641
common\scripted_triggers\00_scripted_triggers_FR_loc.txt	2823	672	South Sumatra	Saint-Amand-Montrond	state = 672
common\scripted_triggers\00_scripted_triggers_FR_loc.txt	2824	673	Sulawesi	Schwytz	state = 673
common\scripted_triggers\00_scripted_triggers_FR_loc.txt	2825	695	Curacao	Prekmurje	state = 695
common\scripted_triggers\00_scripted_triggers_FR_loc.txt	2826	706	Reunion	Udine	state = 706
common\scripted_triggers\00_scripted_triggers_FR_loc.txt	2827	707	Mauritius	Vaud	state = 707
common\scripted_triggers\00_scripted_triggers_FR_loc.txt	2828	725	Nauru	Charente-Inferieure	state = 725
common\scripted_triggers\00_scripted_triggers_FR_loc.txt	2829	729	Macau	Loire	state = 729
common\scripted_triggers\00_scripted_triggers_FR_loc.txt	2830	730	St Pierre and Miquelon 	Sibiu	state = 730
common\scripted_triggers\00_scripted_triggers_FR_loc.txt	2831	734	Nendo	Bassigny	state = 734
common\scripted_triggers\00_scripted_triggers_FR_loc.txt	2839	318	Haiti	Oryol	state = 318
common\scripted_triggers\00_scripted_triggers_FR_loc.txt	2840	526	Okinawa	Zaolzie	state = 526
common\scripted_triggers\00_scripted_triggers_FR_loc.txt	2841	629	Hawaii	Campulung	state = 629
common\scripted_triggers\00_scripted_triggers_FR_loc.txt	2842	645	Iwo Jima	Tours	state = 645
common\scripted_triggers\00_scripted_triggers_FR_loc.txt	2850	8	Luxemburg	Nova Scotia	state = 8
common\scripted_triggers\00_scripted_triggers_FR_loc.txt	2851	101	Greenland	Taurages	state = 101
common\scripted_triggers\00_scripted_triggers_FR_loc.txt	2852	105	Montenegro	Hankoniemi	state = 105
common\scripted_triggers\00_scripted_triggers_FR_loc.txt	2853	153	Tyrol	Yaroslavl	state = 153
common\scripted_triggers\00_scripted_triggers_FR_loc.txt	2854	158	Piedmont	Caithness	state = 158
common\scripted_triggers\00_scripted_triggers_FR_loc.txt	2855	272	French Africa	Fermanagh	state = 272
common\scripted_triggers\00_scripted_triggers_FR_loc.txt	2856	274	British Africa	Alytaus	state = 274
common\scripted_triggers\00_scripted_triggers_FR_loc.txt	2857	289	Western Siam	Schwerin	state = 289
common\scripted_triggers\00_scripted_triggers_FR_loc.txt	2858	290	Spanish Africa	East Riding	state = 290
common\scripted_triggers\00_scripted_triggers_FR_loc.txt	2859	293	Yemen	Lancashire	state = 293
common\scripted_triggers\00_scripted_triggers_FR_loc.txt	2860	298	Liberia	Kletnya	state = 298
common\scripted_triggers\00_scripted_triggers_FR_loc.txt	2861	301	paraguay	Schneidemuhl	state = 301
common\scripted_triggers\00_scripted_triggers_FR_loc.txt	2862	304	Panama	Meath	state = 304
common\scripted_triggers\00_scripted_triggers_FR_loc.txt	2863	309	Dutch SA	Tambov	state = 309
common\scripted_triggers\00_scripted_triggers_FR_loc.txt	2864	311	BritMex	Plock	state = 311
common\scripted_triggers\00_scripted_triggers_FR_loc.txt	2865	312	Honduras	Lomza	state = 312
common\scripted_triggers\00_scripted_triggers_FR_loc.txt	2866	313	Guatemala	Lincolnshire	state = 313
common\scripted_triggers\00_scripted_triggers_FR_loc.txt	2867	314	El Salvador	Wilhelmshaven	state = 314
common\scripted_triggers\00_scripted_triggers_FR_loc.txt	2868	316	Costa Rica	Emden	state = 316
common\scripted_triggers\00_scripted_triggers_FR_loc.txt	2869	317	Nicaragua	Galway	state = 317
common\scripted_triggers\00_scripted_triggers_FR_loc.txt	2870	322	Tibet	Oldenburg	state = 322
common\scripted_triggers\00_scripted_triggers_FR_loc.txt	2871	323	Nepal	Dankov	state = 323
common\scripted_triggers\00_scripted_triggers_FR_loc.txt	2872	324	Bhutan	Cheshire	state = 324
common\scripted_triggers\00_scripted_triggers_FR_loc.txt	2873	329	Tannu Tuva	Gostynin	state = 329
common\scripted_triggers\00_scripted_triggers_FR_loc.txt	2874	332	Labrador	Celle	state = 332
common\scripted_triggers\00_scripted_triggers_FR_loc.txt	2875	375	Texas	Rutland	state = 375
common\scripted_triggers\00_scripted_triggers_FR_loc.txt	2876	376	New Mexico	Przasnysz	state = 376
common\scripted_triggers\00_scripted_triggers_FR_loc.txt	2877	386	Washington	Suffolk	state = 386
common\scripted_triggers\00_scripted_triggers_FR_loc.txt	2878	430	Bangladesh	Batys Kazakhstan	state = 430
common\scripted_triggers\00_scripted_triggers_FR_loc.txt	2879	431	Calcutta	Duesseldorf	state = 431
common\scripted_triggers\00_scripted_triggers_FR_loc.txt	2880	440	West Punjab	Erfurt	state = 440
common\scripted_triggers\00_scripted_triggers_FR_loc.txt	2881	441	Kashmir	Gorlitz	state = 441
common\scripted_triggers\00_scripted_triggers_FR_loc.txt	2882	444	Baluchistan States	Antwerpen	state = 444
common\scripted_triggers\00_scripted_triggers_FR_loc.txt	2883	466	Quebec	Hainaut Francais	state = 466
common\scripted_triggers\00_scripted_triggers_FR_loc.txt	2884	517	Victoria	Seine-Inferieure	state = 517
common\scripted_triggers\00_scripted_triggers_FR_loc.txt	2885	539	Gabon	Budejovice	state = 539
common\scripted_triggers\00_scripted_triggers_FR_loc.txt	2886	540	Angola	Charente-Vienne	state = 540
common\scripted_triggers\00_scripted_triggers_FR_loc.txt	2887	542	Bechuana Land	Nadworna	state = 542
common\scripted_triggers\00_scripted_triggers_FR_loc.txt	2888	544	East Africa	Briey	state = 544
common\scripted_triggers\00_scripted_triggers_FR_loc.txt	2889	547	East Africa	Moselle	state = 547
common\scripted_triggers\00_scripted_triggers_FR_loc.txt	2890	549	Sudan	Bydgoszcz	state = 549
common\scripted_triggers\00_scripted_triggers_FR_loc.txt	2891	553	Lebanon	Heilbronn	state = 553
common\scripted_triggers\00_scripted_triggers_FR_loc.txt	2892	556	Mali	Karlsruhe	state = 556
common\scripted_triggers\00_scripted_triggers_FR_loc.txt	2893	558	Nigeria	Yvelines	state = 558
common\scripted_triggers\00_scripted_triggers_FR_loc.txt	2894	559	Somaliland	Oleksandriia	state = 559
common\scripted_triggers\00_scripted_triggers_FR_loc.txt	2895	656	Kuwait	Sieradz	state = 656
common\scripted_triggers\00_scripted_triggers_FR_loc.txt	2896	657	Border state	Kakhovka	state = 657
common\scripted_triggers\00_scripted_triggers_FR_loc.txt	2897	670	Laos	Indre	state = 670
common\scripted_triggers\00_scripted_triggers_FR_loc.txt	2898	671	Annam	Rowne	state = 671
common\scripted_triggers\00_scripted_triggers_FR_loc.txt	2899	702	Cape Verde	Chevagnes	state = 702
common\scripted_triggers\00_scripted_triggers_FR_loc.txt	2900	741	Cambodia	Charente	state = 741
common\scripted_triggers\00_scripted_triggers_FR_loc.txt	2908	49	Turkey	Nordurland vestra	state = 49
common\scripted_triggers\00_scripted_triggers_FR_loc.txt	2909	192	Odessa	Bute	state = 192
common\scripted_triggers\00_scripted_triggers_FR_loc.txt	2910	214	Arkhangelsk	Clackmannan	state = 214
common\scripted_triggers\00_scripted_triggers_FR_loc.txt	2911	215	Eastern Karelia	Gorodok	state = 215
common\scripted_triggers\00_scripted_triggers_FR_loc.txt	2912	216	Below Zero	Frederiksborg	state = 216
common\scripted_triggers\00_scripted_triggers_FR_loc.txt	2913	222	Orel	Renfrew	state = 222
common\scripted_triggers\00_scripted_triggers_FR_loc.txt	2914	236	Astrakhan	Swieciany	state = 236
common\scripted_triggers\00_scripted_triggers_FR_loc.txt	2915	237	Elista	Roxburgh	state = 237
common\scripted_triggers\00_scripted_triggers_FR_loc.txt	2916	250	ulyanovsky	Ryazan	state = 250
common\scripted_triggers\00_scripted_triggers_FR_loc.txt	2917	253	Ivanovo	Antrim	state = 253
common\scripted_triggers\00_scripted_triggers_FR_loc.txt	2918	294	Oman	Druskieniki	state = 294
common\scripted_triggers\00_scripted_triggers_FR_loc.txt	2919	339	Izmir	Landsberg	state = 339
common\scripted_triggers\00_scripted_triggers_FR_loc.txt	2920	341	Edirne	Anglesey	state = 341
common\scripted_triggers\00_scripted_triggers_FR_loc.txt	2921	342	Antalya	Denbighshire	state = 342
common\scripted_triggers\00_scripted_triggers_FR_loc.txt	2922	343	Afyon	Wicklow	state = 343
common\scripted_triggers\00_scripted_triggers_FR_loc.txt	2923	344	Adana	Staffordshire	state = 344
common\scripted_triggers\00_scripted_triggers_FR_loc.txt	2924	347	Izmit	Roskilde	state = 347
common\scripted_triggers\00_scripted_triggers_FR_loc.txt	2925	353	Erzurum	Dessau	state = 353
common\scripted_triggers\00_scripted_triggers_FR_loc.txt	2926	399	Izhevsk	Utrecht	state = 399
common\scripted_triggers\00_scripted_triggers_FR_loc.txt	2927	401	Engels	Brecknockshire	state = 401
common\scripted_triggers\00_scripted_triggers_FR_loc.txt	2928	402	Akhtubinsk	Zuid-Holland	state = 402
common\scripted_triggers\00_scripted_triggers_FR_loc.txt	2929	407	Uralsk	Sochaczew	state = 407
common\scripted_triggers\00_scripted_triggers_FR_loc.txt	2930	411	Hormozgan	Delitzsch	state = 411
common\scripted_triggers\00_scripted_triggers_FR_loc.txt	2931	415	South Khorasan	Bunzlau	state = 415
common\scripted_triggers\00_scripted_triggers_FR_loc.txt	2932	427	Hyderabad	Grevenmacher	state = 427
common\scripted_triggers\00_scripted_triggers_FR_loc.txt	2933	437	Central Indian Provinces	Wiltshire	state = 437
common\scripted_triggers\00_scripted_triggers_FR_loc.txt	2934	447	Alexandria	Surrey	state = 447
common\scripted_triggers\00_scripted_triggers_FR_loc.txt	2935	449	Libyan Coast	Meissen	state = 449
common\scripted_triggers\00_scripted_triggers_FR_loc.txt	2936	456	Luxor	Vlaams-Limburg	state = 456
common\scripted_triggers\00_scripted_triggers_FR_loc.txt	2937	459	Western Algeria	Krzemieniec	state = 459
common\scripted_triggers\00_scripted_triggers_FR_loc.txt	2938	492	Piura	Wuerzburg	state = 492
common\scripted_triggers\00_scripted_triggers_FR_loc.txt	2939	506	Northern Chile	Kreuznach	state = 506
common\scripted_triggers\00_scripted_triggers_FR_loc.txt	2940	562	TS 4	Sobrance	state = 562
common\scripted_triggers\00_scripted_triggers_FR_loc.txt	2941	564	TS 6	Northern Maramures	state = 564
common\scripted_triggers\00_scripted_triggers_FR_loc.txt	2942	566	TS 8	Bas-Rhin	state = 566
common\scripted_triggers\00_scripted_triggers_FR_loc.txt	2943	571	TS 13	Paris	state = 571
common\scripted_triggers\00_scripted_triggers_FR_loc.txt	2944	584	Turkmenistan	Aube	state = 584
common\scripted_triggers\00_scripted_triggers_FR_loc.txt	2945	585	Uzbekistan	Reolais et Bastide	state = 585
common\scripted_triggers\00_scripted_triggers_FR_loc.txt	2946	586	Kyrgyzstan	Nitra	state = 586
common\scripted_triggers\00_scripted_triggers_FR_loc.txt	2947	589	Eastern Kazakhstan	Wolfach	state = 589
common\scripted_triggers\00_scripted_triggers_FR_loc.txt	2948	590	Northern Kazakhstan	Storojinet	state = 590
common\scripted_triggers\00_scripted_triggers_FR_loc.txt	2949	617	Xinjiang	Transnistria	state = 617
common\scripted_triggers\00_scripted_triggers_FR_loc.txt	2950	651	Sov state 5	Mlawa	state = 651
common\scripted_triggers\00_scripted_triggers_FR_loc.txt	2951	652	Sov state 6	Aargau	state = 652
common\scripted_triggers\00_scripted_triggers_FR_loc.txt	2952	658	Arab UK 1	Doubs	state = 658
common\scripted_triggers\00_scripted_triggers_FR_loc.txt	2953	659	Arabian UK 2	Veszprem	state = 659
common\scripted_triggers\00_scripted_triggers_FR_loc.txt	2954	677	Aleppo	Bekes	state = 677
common\scripted_triggers\00_scripted_triggers_FR_loc.txt	2962	10	Poland	New Hampshire	state = 10
common\scripted_triggers\00_scripted_triggers_FR_loc.txt	2963	11	Kaunas	New York	state = 11
common\scripted_triggers\00_scripted_triggers_FR_loc.txt	2964	40	USSR	Nordurland eystra	state = 40
common\scripted_triggers\00_scripted_triggers_FR_loc.txt	2965	41	Madrid	Arkhangelsk	state = 41
common\scripted_triggers\00_scripted_triggers_FR_loc.txt	2966	48	Bulgaria	Austurland	state = 48
common\scripted_triggers\00_scripted_triggers_FR_loc.txt	2967	85	Danzig	Pirkanmaa	state = 85
common\scripted_triggers\00_scripted_triggers_FR_loc.txt	2968	86	Poznan	Satakunta	state = 86
common\scripted_triggers\00_scripted_triggers_FR_loc.txt	2969	87	Lodz	Jekabpils	state = 87
common\scripted_triggers\00_scripted_triggers_FR_loc.txt	2970	88	Kielce	Kopparberg	state = 88
common\scripted_triggers\00_scripted_triggers_FR_loc.txt	2971	89	Krakow	Paijat-Hame	state = 89
common\scripted_triggers\00_scripted_triggers_FR_loc.txt	2972	90	Lwow	Faero	state = 90
common\scripted_triggers\00_scripted_triggers_FR_loc.txt	2973	91	Tarnopol	Ventspils	state = 91
common\scripted_triggers\00_scripted_triggers_FR_loc.txt	2974	92	Lublin	Sogn og Fjordane	state = 92
common\scripted_triggers\00_scripted_triggers_FR_loc.txt	2975	95	Nowogrodek	Valmiera	state = 95
common\scripted_triggers\00_scripted_triggers_FR_loc.txt	2976	96	Wilejka	Vologda	state = 96
common\scripted_triggers\00_scripted_triggers_FR_loc.txt	2977	97	Bialystok	Perm	state = 97
common\scripted_triggers\00_scripted_triggers_FR_loc.txt	2978	98	Mazurskie	Aland	state = 98
common\scripted_triggers\00_scripted_triggers_FR_loc.txt	2979	112	Lisbon	Cesis	state = 112
common\scripted_triggers\00_scripted_triggers_FR_loc.txt	2980	116	Malta	Zetland	state = 116
common\scripted_triggers\00_scripted_triggers_FR_loc.txt	2981	118	Gibralter	Akershus	state = 118
common\scripted_triggers\00_scripted_triggers_FR_loc.txt	2982	147	Salla	Vest-Agder	state = 147
common\scripted_triggers\00_scripted_triggers_FR_loc.txt	2983	148	Lappi	Goteborgs och Bohus	state = 148
common\scripted_triggers\00_scripted_triggers_FR_loc.txt	2984	163	Dalmatia	Alvsborg	state = 163
common\scripted_triggers\00_scripted_triggers_FR_loc.txt	2985	167	Valencia	Jonkoping	state = 167
common\scripted_triggers\00_scripted_triggers_FR_loc.txt	2986	168	Murcia	Kalmar	state = 168
common\scripted_triggers\00_scripted_triggers_FR_loc.txt	2987	169	Sevilla	Ross and Cromarty	state = 169
common\scripted_triggers\00_scripted_triggers_FR_loc.txt	2988	173	Granada	Voru	state = 173
common\scripted_triggers\00_scripted_triggers_FR_loc.txt	2989	175	Ciudad Real	Sverdlovsk	state = 175
common\scripted_triggers\00_scripted_triggers_FR_loc.txt	2990	176	Burgos	Moray	state = 176
common\scripted_triggers\00_scripted_triggers_FR_loc.txt	2991	179	Beja	Banff	state = 179
common\scripted_triggers\00_scripted_triggers_FR_loc.txt	2992	180	Porto	Aberdeen	state = 180
common\scripted_triggers\00_scripted_triggers_FR_loc.txt	2993	181	Guarda	Viborg	state = 181
common\scripted_triggers\00_scripted_triggers_FR_loc.txt	2994	188	Memel	Tukums	state = 188
common\scripted_triggers\00_scripted_triggers_FR_loc.txt	2995	189	Kaunas	Toropets	state = 189
common\scripted_triggers\00_scripted_triggers_FR_loc.txt	2996	191	Tartu	Kincardine	state = 191
common\scripted_triggers\00_scripted_triggers_FR_loc.txt	2997	193	Kiev	Angus	state = 193
common\scripted_triggers\00_scripted_triggers_FR_loc.txt	2998	194	Pinsk Marches	Perth	state = 194
common\scripted_triggers\00_scripted_triggers_FR_loc.txt	2999	195	Leningrad Area	Moscow Oblast	state = 195
common\scripted_triggers\00_scripted_triggers_FR_loc.txt	3000	196	Kherson	Jelgava	state = 196
common\scripted_triggers\00_scripted_triggers_FR_loc.txt	3001	197	Mykolaiv	Ringkobing	state = 197
common\scripted_triggers\00_scripted_triggers_FR_loc.txt	3002	198	Vinnytsia	Vladimir	state = 198
common\scripted_triggers\00_scripted_triggers_FR_loc.txt	3003	199	Khmelnytskyi	Arcyll	state = 199
common\scripted_triggers\00_scripted_triggers_FR_loc.txt	3004	200	Rivne	Tatarstan	state = 200
common\scripted_triggers\00_scripted_triggers_FR_loc.txt	3005	201	Zhytomyr	Bashkortostan	state = 201
common\scripted_triggers\00_scripted_triggers_FR_loc.txt	3006	202	Western Kiev	Kristianstad	state = 202
common\scripted_triggers\00_scripted_triggers_FR_loc.txt	3007	203	Cherkasy	Blekinge	state = 203
common\scripted_triggers\00_scripted_triggers_FR_loc.txt	3008	204	Brest	Fife	state = 204
common\scripted_triggers\00_scripted_triggers_FR_loc.txt	3009	205	Hrodna	Telsiu	state = 205
common\scripted_triggers\00_scripted_triggers_FR_loc.txt	3010	206	Minsk	Siauliu	state = 206
common\scripted_triggers\00_scripted_triggers_FR_loc.txt	3011	207	Viciebsk	Panevezio	state = 207
common\scripted_triggers\00_scripted_triggers_FR_loc.txt	3012	208	Pskov	Kretingos	state = 208
common\scripted_triggers\00_scripted_triggers_FR_loc.txt	3013	209	Smolensk	Chuvash	state = 209
common\scripted_triggers\00_scripted_triggers_FR_loc.txt	3014	210	Bryansk	Stirling	state = 210
common\scripted_triggers\00_scripted_triggers_FR_loc.txt	3015	211	Burgas	Kinross	state = 211
common\scripted_triggers\00_scripted_triggers_FR_loc.txt	3016	212	Plovdiv	Malmohus	state = 212
common\scripted_triggers\00_scripted_triggers_FR_loc.txt	3017	213	Murmansk	Dunbarton	state = 213
common\scripted_triggers\00_scripted_triggers_FR_loc.txt	3018	217	Stalingrad Area	East Lothian	state = 217
common\scripted_triggers\00_scripted_triggers_FR_loc.txt	3019	218	Rostov Area	Vyazma	state = 218
common\scripted_triggers\00_scripted_triggers_FR_loc.txt	3020	219	Moscow Area	Lanmark	state = 219
common\scripted_triggers\00_scripted_triggers_FR_loc.txt	3021	220	Kursk Area	West Lothian	state = 220
common\scripted_triggers\00_scripted_triggers_FR_loc.txt	3022	221	Kharkov	Midlothian	state = 221
common\scripted_triggers\00_scripted_triggers_FR_loc.txt	3023	223	tula	Vejle	state = 223
common\scripted_triggers\00_scripted_triggers_FR_loc.txt	3024	224	Bryansk	Berwick	state = 224
common\scripted_triggers\00_scripted_triggers_FR_loc.txt	3025	225	Glukhov	Utenos	state = 225
common\scripted_triggers\00_scripted_triggers_FR_loc.txt	3026	226	Nikopol	Gotland	state = 226
common\scripted_triggers\00_scripted_triggers_FR_loc.txt	3027	227	Stalino	Klaipedos	state = 227
common\scripted_triggers\00_scripted_triggers_FR_loc.txt	3028	228	Taganrog	Ribe	state = 228
common\scripted_triggers\00_scripted_triggers_FR_loc.txt	3029	232	Grozny	Dzisna	state = 232
common\scripted_triggers\00_scripted_triggers_FR_loc.txt	3030	234	Krasodar	Northumberland	state = 234
common\scripted_triggers\00_scripted_triggers_FR_loc.txt	3031	235	Stravropol	Safonovo	state = 235
common\scripted_triggers\00_scripted_triggers_FR_loc.txt	3032	238	volgodonsk	Sakiu	state = 238
common\scripted_triggers\00_scripted_triggers_FR_loc.txt	3033	239	Saratov	Selkirk	state = 239
common\scripted_triggers\00_scripted_triggers_FR_loc.txt	3034	240	Voronezh	Odense	state = 240
common\scripted_triggers\00_scripted_triggers_FR_loc.txt	3035	241	Pochep	Wilno	state = 241
common\scripted_triggers\00_scripted_triggers_FR_loc.txt	3036	242	Smolensk	Kauno	state = 242
common\scripted_triggers\00_scripted_triggers_FR_loc.txt	3037	243	Roslavl	Srem	state = 243
common\scripted_triggers\00_scripted_triggers_FR_loc.txt	3038	244	Gatchina	Ukmerges	state = 244
common\scripted_triggers\00_scripted_triggers_FR_loc.txt	3039	245	Donetsk	Dumfries	state = 245
common\scripted_triggers\00_scripted_triggers_FR_loc.txt	3040	246	Rzhev	Tonder	state = 246
common\scripted_triggers\00_scripted_triggers_FR_loc.txt	3041	247	Tver	Svendborg	state = 247
common\scripted_triggers\00_scripted_triggers_FR_loc.txt	3042	248	Yaroslavl	Donegal	state = 248
common\scripted_triggers\00_scripted_triggers_FR_loc.txt	3043	249	Kazan	Kirkcud	state = 249
common\scripted_triggers\00_scripted_triggers_FR_loc.txt	3044	251	Samara	Kaluga	state = 251
common\scripted_triggers\00_scripted_triggers_FR_loc.txt	3045	252	Nizhny Novogrod	Konigsberg	state = 252
common\scripted_triggers\00_scripted_triggers_FR_loc.txt	3046	254	Ryazan	Londonder	state = 254
common\scripted_triggers\00_scripted_triggers_FR_loc.txt	3047	255	Penza	Ruzayevka	state = 255
common\scripted_triggers\00_scripted_triggers_FR_loc.txt	3048	256	Cheboksary	Cumberland	state = 256
common\scripted_triggers\00_scripted_triggers_FR_loc.txt	3049	257	Livny	Wigtown	state = 257
common\scripted_triggers\00_scripted_triggers_FR_loc.txt	3050	258	lipetsk	Durham	state = 258
common\scripted_triggers\00_scripted_triggers_FR_loc.txt	3051	259	Liski	Marijampoles	state = 259
common\scripted_triggers\00_scripted_triggers_FR_loc.txt	3052	260	Borisoglbsk	Eiderstadt	state = 260
common\scripted_triggers\00_scripted_triggers_FR_loc.txt	3053	262	Torzhok	Tyrone	state = 262
common\scripted_triggers\00_scripted_triggers_FR_loc.txt	3054	263	Veliky Novogrod	Stolp	state = 263
common\scripted_triggers\00_scripted_triggers_FR_loc.txt	3055	264	Tikhvin	Koscierzyna	state = 264
common\scripted_triggers\00_scripted_triggers_FR_loc.txt	3056	265	Mikhaylovka	Tula	state = 265
common\scripted_triggers\00_scripted_triggers_FR_loc.txt	3057	266	Persia	Krupki	state = 266
common\scripted_triggers\00_scripted_triggers_FR_loc.txt	3058	267	Afghanistan	Gdynia	state = 267
common\scripted_triggers\00_scripted_triggers_FR_loc.txt	3059	277	Mexico	Praesto	state = 277
common\scripted_triggers\00_scripted_triggers_FR_loc.txt	3060	279	Chile	Sligo	state = 279
common\scripted_triggers\00_scripted_triggers_FR_loc.txt	3061	291	Iraq	Cavan	state = 291
common\scripted_triggers\00_scripted_triggers_FR_loc.txt	3062	295	Congo	Naugard	state = 295
common\scripted_triggers\00_scripted_triggers_FR_loc.txt	3063	302	bolivia	Longford	state = 302
common\scripted_triggers\00_scripted_triggers_FR_loc.txt	3064	303	Peru	Lyudinovo	state = 303
common\scripted_triggers\00_scripted_triggers_FR_loc.txt	3065	321	Goa	Leitrim	state = 321
common\scripted_triggers\00_scripted_triggers_FR_loc.txt	3066	326	HongKong	Wolkowysk	state = 326
common\scripted_triggers\00_scripted_triggers_FR_loc.txt	3067	327	Philippines	Luckenwalde	state = 327
common\scripted_triggers\00_scripted_triggers_FR_loc.txt	3068	336	Singapore	Friesland	state = 336
common\scripted_triggers\00_scripted_triggers_FR_loc.txt	3069	340	Bursa	Buda-Kashalyova	state = 340
common\scripted_triggers\00_scripted_triggers_FR_loc.txt	3070	345	Mersin	Laoighis	state = 345
common\scripted_triggers\00_scripted_triggers_FR_loc.txt	3071	346	Konya	Drenthe	state = 346
common\scripted_triggers\00_scripted_triggers_FR_loc.txt	3072	348	Kayseri	Tipperary	state = 348
common\scripted_triggers\00_scripted_triggers_FR_loc.txt	3073	349	Silvas	Clare	state = 349
common\scripted_triggers\00_scripted_triggers_FR_loc.txt	3074	350	Diyarbekir	Meppen	state = 350
common\scripted_triggers\00_scripted_triggers_FR_loc.txt	3075	351	Vologda	Ostrow Mazowiecka	state = 351
common\scripted_triggers\00_scripted_triggers_FR_loc.txt	3076	352	Hakkari	Hannover	state = 352
common\scripted_triggers\00_scripted_triggers_FR_loc.txt	3077	354	Trabzon	Merionethshire	state = 354
common\scripted_triggers\00_scripted_triggers_FR_loc.txt	3078	355	Samsun	Shropshire	state = 355
common\scripted_triggers\00_scripted_triggers_FR_loc.txt	3079	356	Sinop	Norfolk	state = 356
common\scripted_triggers\00_scripted_triggers_FR_loc.txt	3080	358	New York	Noord-Holland	state = 358
common\scripted_triggers\00_scripted_triggers_FR_loc.txt	3081	397	Syktyvkar	Chernigov	state = 397
common\scripted_triggers\00_scripted_triggers_FR_loc.txt	3082	398	Perm	Shostka	state = 398
common\scripted_triggers\00_scripted_triggers_FR_loc.txt	3083	400	Kirov	Steinfurt	state = 400
common\scripted_triggers\00_scripted_triggers_FR_loc.txt	3084	403	Kharabali	Bedfordshire	state = 403
common\scripted_triggers\00_scripted_triggers_FR_loc.txt	3085	404	Saykhin	Diekirch	state = 404
common\scripted_triggers\00_scripted_triggers_FR_loc.txt	3086	405	Atyrau	Buckinghamshire	state = 405
common\scripted_triggers\00_scripted_triggers_FR_loc.txt	3087	406	Krasnyy Yar	Carmarthenshire	state = 406
common\scripted_triggers\00_scripted_triggers_FR_loc.txt	3088	408	Vladivostok	Oxfordshire	state = 408
common\scripted_triggers\00_scripted_triggers_FR_loc.txt	3089	409	Khabarovsk	Pembrokeshire	state = 409
common\scripted_triggers\00_scripted_triggers_FR_loc.txt	3090	414	Kerman	Warendorf	state = 414
common\scripted_triggers\00_scripted_triggers_FR_loc.txt	3091	417	Golestan	Hameln	state = 417
common\scripted_triggers\00_scripted_triggers_FR_loc.txt	3092	418	Semnan	Halle	state = 418
common\scripted_triggers\00_scripted_triggers_FR_loc.txt	3093	419	Azerbaijan	Monmouthshire	state = 419
common\scripted_triggers\00_scripted_triggers_FR_loc.txt	3094	422	Ceylon	Brabant wallon	state = 422
common\scripted_triggers\00_scripted_triggers_FR_loc.txt	3095	423	Madras	Kleve	state = 423
common\scripted_triggers\00_scripted_triggers_FR_loc.txt	3096	424	Andra Pradesh	Mittel Ruhr	state = 424
common\scripted_triggers\00_scripted_triggers_FR_loc.txt	3097	425	Mysore	Schweidnitz	state = 425
common\scripted_triggers\00_scripted_triggers_FR_loc.txt	3098	429	Bombay	Jedrzejow	state = 429
common\scripted_triggers\00_scripted_triggers_FR_loc.txt	3099	436	Central Provinces	Zhitomir	state = 436
common\scripted_triggers\00_scripted_triggers_FR_loc.txt	3100	438	United Provinces	Dobeln	state = 438
common\scripted_triggers\00_scripted_triggers_FR_loc.txt	3101	439	Delhi	Marburg	state = 439
common\scripted_triggers\00_scripted_triggers_FR_loc.txt	3102	442	Peshawar	Laon	state = 442
common\scripted_triggers\00_scripted_triggers_FR_loc.txt	3103	445	Quetta	Somerset	state = 445
common\scripted_triggers\00_scripted_triggers_FR_loc.txt	3104	448	Tripoli	Abbeville	state = 448
common\scripted_triggers\00_scripted_triggers_FR_loc.txt	3105	450	Benghasi	Belgorod	state = 450
common\scripted_triggers\00_scripted_triggers_FR_loc.txt	3106	451	Derna	Zeeland	state = 451
common\scripted_triggers\00_scripted_triggers_FR_loc.txt	3107	452	Marsa Matruh	Val-de-Marne	state = 452
common\scripted_triggers\00_scripted_triggers_FR_loc.txt	3108	460	Eastern Algeria	Aachen	state = 460
common\scripted_triggers\00_scripted_triggers_FR_loc.txt	3109	461	Northern Morocco	Rosenberg	state = 461
common\scripted_triggers\00_scripted_triggers_FR_loc.txt	3110	462	Southern Morocco	Sussex	state = 462
common\scripted_triggers\00_scripted_triggers_FR_loc.txt	3111	493	La Libertad	Proskuriv	state = 493
common\scripted_triggers\00_scripted_triggers_FR_loc.txt	3112	499	Bahia	Sternberg	state = 499
common\scripted_triggers\00_scripted_triggers_FR_loc.txt	3113	500	Rio de Janerio	Luxembourg Belge	state = 500
common\scripted_triggers\00_scripted_triggers_FR_loc.txt	3114	501	Saol Paulo	Lubaczow	state = 501
common\scripted_triggers\00_scripted_triggers_FR_loc.txt	3115	511	Cuyo	Rostov	state = 511
common\scripted_triggers\00_scripted_triggers_FR_loc.txt	3116	513	Southern Algeria	Praha	state = 513
common\scripted_triggers\00_scripted_triggers_FR_loc.txt	3117	551	Khartoum	Calvados	state = 551
common\scripted_triggers\00_scripted_triggers_FR_loc.txt	3118	554	Syria	Passau	state = 554
common\scripted_triggers\00_scripted_triggers_FR_loc.txt	3119	560	TS 2	Pokrovske	state = 560
common\scripted_triggers\00_scripted_triggers_FR_loc.txt	3120	563	TS 5	Melun	state = 563
common\scripted_triggers\00_scripted_triggers_FR_loc.txt	3121	565	TS 7	Tomashpol	state = 565
common\scripted_triggers\00_scripted_triggers_FR_loc.txt	3122	567	TS 9	Kempten	state = 567
common\scripted_triggers\00_scripted_triggers_FR_loc.txt	3123	568	TS 10	Baden	state = 568
common\scripted_triggers\00_scripted_triggers_FR_loc.txt	3124	569	TS 11	Levoca	state = 569
common\scripted_triggers\00_scripted_triggers_FR_loc.txt	3125	570	TS 12	Nancy	state = 570
common\scripted_triggers\00_scripted_triggers_FR_loc.txt	3126	572	TS 14	Orne	state = 572
common\scripted_triggers\00_scripted_triggers_FR_loc.txt	3127	573	Ts 15	Eure-et-Loir	state = 573
common\scripted_triggers\00_scripted_triggers_FR_loc.txt	3128	574	Siberia 1	Hron	state = 574
common\scripted_triggers\00_scripted_triggers_FR_loc.txt	3129	575	Siberia 2	Rottweil	state = 575
common\scripted_triggers\00_scripted_triggers_FR_loc.txt	3130	576	Siberia 3	Rosenheim	state = 576
common\scripted_triggers\00_scripted_triggers_FR_loc.txt	3131	577	Siberia 4	Zilina	state = 577
common\scripted_triggers\00_scripted_triggers_FR_loc.txt	3132	578	Siberia 5	Cotes-du-Nord	state = 578
common\scripted_triggers\00_scripted_triggers_FR_loc.txt	3133	579	Siberia 6	Mezhevaya	state = 579
common\scripted_triggers\00_scripted_triggers_FR_loc.txt	3134	580	Siberia 7	Nyitra es Pozsony	state = 580
common\scripted_triggers\00_scripted_triggers_FR_loc.txt	3135	582	Sourthern Urals	Linz	state = 582
common\scripted_triggers\00_scripted_triggers_FR_loc.txt	3136	583	Kazakhstan	Finistere	state = 583
common\scripted_triggers\00_scripted_triggers_FR_loc.txt	3137	588	Some Mountains	Chaumont	state = 588
common\scripted_triggers\00_scripted_triggers_FR_loc.txt	3138	592	Guangzhou	Hotin	state = 592
common\scripted_triggers\00_scripted_triggers_FR_loc.txt	3139	594	Nanning	Kalisz	state = 594
common\scripted_triggers\00_scripted_triggers_FR_loc.txt	3140	608	Beijing	Mateszalka	state = 608
common\scripted_triggers\00_scripted_triggers_FR_loc.txt	3141	613	China 12	Berezovka	state = 613
common\scripted_triggers\00_scripted_triggers_FR_loc.txt	3142	640	Mandalay	Montaigne et Gurson	state = 640
common\scripted_triggers\00_scripted_triggers_FR_loc.txt	3143	653	Sov state 7	Nievre	state = 653
common\scripted_triggers\00_scripted_triggers_FR_loc.txt	3144	654	sov state 8	Voralberg	state = 654
common\scripted_triggers\00_scripted_triggers_FR_loc.txt	3145	662	Sirte	Berettyoujfalu	state = 662
common\scripted_triggers\00_scripted_triggers_FR_loc.txt	3146	665	Gabes	Cluj	state = 665
common\scripted_triggers\00_scripted_triggers_FR_loc.txt	3147	676	Mosul	Zala	state = 676
common\scripted_triggers\00_scripted_triggers_FR_loc.txt	3148	680	Deir-az-Zur	Mures	state = 680
common\scripted_triggers\00_scripted_triggers_FR_loc.txt	3149	686	Puerto Rico	Beius	state = 686
common\scripted_triggers\00_scripted_triggers_FR_loc.txt	3150	718	Stanleyville	Torino	state = 718
common\scripted_triggers\00_scripted_triggers_FR_loc.txt	3151	722	Petsamo	Baranya	state = 722
common\scripted_triggers\00_scripted_triggers_FR_loc.txt	3152	742	Stalinabad	Venezia	state = 742
common\scripted_triggers\00_scripted_triggers_FR_loc.txt	3153	743	Qingdao	Ljubljana	state = 743
common\scripted_triggers\00_scripted_triggers_FR_loc.txt	3154	744	Xian	Trieste	state = 744
common\scripted_triggers\00_scripted_triggers_FR_loc.txt	3155	745	Dalian	Aosta	state = 745
common\scripted_triggers\00_scripted_triggers_FR_loc.txt	3156	746	Ordos	Chambery	state = 746
common\scripted_triggers\00_scripted_triggers_FR_loc.txt	3157	747	Dali Bai	Lyon	state = 747
common\scripted_triggers\00_scripted_triggers_FR_loc.txt	3158	748	Zunyi	Zemplen	state = 748
common\scripted_triggers\00_scripted_triggers_FR_loc.txt	3159	749	Huangshan	Isere	state = 749
common\scripted_triggers\00_scripted_triggers_FR_loc.txt	3160	750	Changde	Mont-Blanc	state = 750
common\scripted_triggers\00_scripted_triggers_FR_loc.txt	3161	751	Liangshan	Correze	state = 751
common\scripted_triggers\00_scripted_triggers_FR_loc.txt	3162	752	Chamdo	Wloclawek	state = 752
common\scripted_triggers\00_scripted_triggers_FR_loc.txt	3163	753	Gannan	Dordogne	state = 753
common\scripted_triggers\00_scripted_triggers_FR_loc.txt	3164	755	Haixi	Fiume	state = 755
common\scripted_triggers\00_scripted_triggers_FR_loc.txt	3165	756	Jiuquan	Caras	state = 756
common\scripted_triggers\00_scripted_triggers_FR_loc.txt	3166	757	Shigatse	Buzau	state = 757
common\scripted_triggers\00_scripted_triggers_FR_loc.txt	3167	758	Ngari	Muscel	state = 758
common\scripted_triggers\00_scripted_triggers_FR_loc.txt	3168	760	Dabancheng	Gironde	state = 760
common\scripted_triggers\00_scripted_triggers_FR_loc.txt	3169	761	Hulunbuir	Karakalpakstan	state = 761
common\scripted_triggers\00_scripted_triggers_FR_loc.txt	3170	762	Katowice	Istria	state = 762
common\scripted_triggers\00_scripted_triggers_FR_loc.txt	3171	763	Konigsberg	Nogay	state = 763
common\scripted_triggers\00_scripted_triggers_FR_loc.txt	3172	782	Tombouctou	Foca	state = 782
common\scripted_triggers\00_scripted_triggers_FR_loc.txt	3173	783	Sidi Ifni	Lot	state = 783
common\scripted_triggers\00_scripted_triggers_FR_loc.txt	3174	784	Ermland-Masuren	Avar	state = 784
common\scripted_triggers\00_scripted_triggers_FR_loc.txt	3175	788	Salamanca	Olt	state = 788
common\scripted_triggers\00_scripted_triggers_FR_loc.txt	3176	789	Cordoba	Essonne	state = 789
common\scripted_triggers\00_scripted_triggers_FR_loc.txt	3177	791	Valladolid	Ialomita	state = 791
common\scripted_triggers\00_scripted_triggers_FR_loc.txt	3178	793	Guadalajara	Constanta	state = 793
common\scripted_triggers\00_scripted_triggers_FR_loc.txt	3179	795	Santarem	Lot-et-Garonne	state = 795
common\scripted_triggers\00_scripted_triggers_FR_loc.txt	3180	446	Cairo	Kent	state = 446 # Problem: there should be a way to avoid "autour de Le Caire" > "au
common\scripted_triggers\00_scripted_triggers_FR_loc.txt	3181	681	Soviet Lakes	Klagenfurt	state = 681 # Problem: there should be a way to avoid "autour de Le Cap" > "auto
common\scripted_triggers\00_scripted_triggers_FR_loc.txt	3189	177	Balearic Islands	Ivanovo	state = 177
common\scripted_triggers\00_scripted_triggers_FR_loc.txt	3190	178	Canary islands	Holbaek	state = 178
common\scripted_triggers\00_scripted_triggers_FR_loc.txt	3191	281	India	Stralsund	state = 281
common\scripted_triggers\00_scripted_triggers_FR_loc.txt	3192	299	Falkand Islands	Penza	state = 299
common\scripted_triggers\00_scripted_triggers_FR_loc.txt	3193	647	Palau	Zurich	state = 647
common\scripted_triggers\00_scripted_triggers_FR_loc.txt	3194	649	Galapagos Islands	Nasaud	state = 649
common\scripted_triggers\00_scripted_triggers_FR_loc.txt	3195	668	The Moluccas	Dole	state = 668
common\scripted_triggers\00_scripted_triggers_FR_loc.txt	3196	754	Golog	Lika-Gacka	state = 754
common\scripted_triggers\00_scripted_triggers_FR_loc.txt	3207	68	Wartheland	Pohjois-Karjala	state = 68
common\scripted_triggers\00_scripted_triggers_FR_loc.txt	3208	111	Uusima	Hordaland	state = 111
common\scripted_triggers\00_scripted_triggers_FR_loc.txt	3209	136	Aberdeenshire	Sodermanland	state = 136
common\scripted_triggers\00_scripted_triggers_FR_loc.txt	3210	154	Southern plain	Tver	state = 154
common\scripted_triggers\00_scripted_triggers_FR_loc.txt	3211	380	Utah	Cardiganshire	state = 380
common\scripted_triggers\00_scripted_triggers_FR_loc.txt	3212	385	Oregon	Seine-Saint-Denis	state = 385
common\scripted_triggers\00_scripted_triggers_FR_loc.txt	3213	387	Idaho	Myszyniec	state = 387
common\scripted_triggers\00_scripted_triggers_FR_loc.txt	3214	395	Illinois	Waterford	state = 395
common\scripted_triggers\00_scripted_triggers_FR_loc.txt	3215	396	Indiana	Herefordshire	state = 396
common\scripted_triggers\00_scripted_triggers_FR_loc.txt	3216	494	Ucayali	Lubny	state = 494
common\scripted_triggers\00_scripted_triggers_FR_loc.txt	3217	495	Amazonas	Bayreuth	state = 495
common\scripted_triggers\00_scripted_triggers_FR_loc.txt	3218	504	Iguacu	Zwittau	state = 504
common\scripted_triggers\00_scripted_triggers_FR_loc.txt	3219	561	TS 3	Atyrau	state = 561
common\scripted_triggers\00_scripted_triggers_FR_loc.txt	3220	581	Northern Urals	Ravensburg	state = 581
common\scripted_triggers\00_scripted_triggers_FR_loc.txt	3221	606	China 6	Haut-Rhin	state = 606
common\scripted_triggers\00_scripted_triggers_FR_loc.txt	3222	682	Northern Ontario	Deux-Sevres	state = 682
common\scripted_triggers\00_scripted_triggers_FR_loc.txt	3230	30	Loire	Medvezhyegorsk	state = 30
common\scripted_triggers\00_scripted_triggers_FR_loc.txt	3231	278	Argentina	Chausy	state = 278
common\scripted_triggers\00_scripted_triggers_FR_loc.txt	3239	2	Italy	Massachusetts	state = 2
common\scripted_triggers\00_scripted_triggers_FR_loc.txt	3240	12	Latvia	Vermont	state = 12
common\scripted_triggers\00_scripted_triggers_FR_loc.txt	3241	13	Estonia	Troms	state = 13
common\scripted_triggers\00_scripted_triggers_FR_loc.txt	3242	20	Franche-comte	Maribo	state = 20
common\scripted_triggers\00_scripted_triggers_FR_loc.txt	3243	22	Roussillion	Kalastajasaarento	state = 22
common\scripted_triggers\00_scripted_triggers_FR_loc.txt	3244	23	Poitou	Norrbotten	state = 23
common\scripted_triggers\00_scripted_triggers_FR_loc.txt	3245	24	Centre	Petrozavodsk	state = 24
common\scripted_triggers\00_scripted_triggers_FR_loc.txt	3246	25	Limousin	Nordland	state = 25
common\scripted_triggers\00_scripted_triggers_FR_loc.txt	3247	29	Pas de Calais	Suursaari	state = 29
common\scripted_triggers\00_scripted_triggers_FR_loc.txt	3248	33	Centre sud	Vanha Salla	state = 33
common\scripted_triggers\00_scripted_triggers_FR_loc.txt	3249	35	Gelderland	Komi	state = 35
common\scripted_triggers\00_scripted_triggers_FR_loc.txt	3250	37	Denmark	Fontainebleau	state = 37
common\scripted_triggers\00_scripted_triggers_FR_loc.txt	3251	38	Sweden	Ukhta	state = 38
common\scripted_triggers\00_scripted_triggers_FR_loc.txt	3252	39	South Tyrol	Belomorsk	state = 39
common\scripted_triggers\00_scripted_triggers_FR_loc.txt	3253	42	Rhineland	Pohjois-Pohjanmaa	state = 42
common\scripted_triggers\00_scripted_triggers_FR_loc.txt	3254	50	Baden	Kainuu	state = 50
common\scripted_triggers\00_scripted_triggers_FR_loc.txt	3255	58	Schleswig - Holstein	Hauts-de-Seine	state = 58
common\scripted_triggers\00_scripted_triggers_FR_loc.txt	3256	59	Ost - Hannover	Suoyarvi	state = 59
common\scripted_triggers\00_scripted_triggers_FR_loc.txt	3257	61	Mecklenburg	Pudozh	state = 61
common\scripted_triggers\00_scripted_triggers_FR_loc.txt	3258	64	Brandenburg	Newfoundland	state = 64
common\scripted_triggers\00_scripted_triggers_FR_loc.txt	3259	82	Banat	Chodziez	state = 82
common\scripted_triggers\00_scripted_triggers_FR_loc.txt	3260	99	Jutland	Gniezno	state = 99
common\scripted_triggers\00_scripted_triggers_FR_loc.txt	3261	113	Ireland	Terijoki	state = 113
common\scripted_triggers\00_scripted_triggers_FR_loc.txt	3262	121	Scottish Lowlands	Vastmanland	state = 121
common\scripted_triggers\00_scripted_triggers_FR_loc.txt	3263	122	Wales	Poznan	state = 122
common\scripted_triggers\00_scripted_triggers_FR_loc.txt	3264	126	Greater London Area	Glasgow	state = 126
common\scripted_triggers\00_scripted_triggers_FR_loc.txt	3265	127	South-east England	Leningrad Oblast	state = 127
common\scripted_triggers\00_scripted_triggers_FR_loc.txt	3266	130	Yorkshire	Isle of Mann	state = 130
common\scripted_triggers\00_scripted_triggers_FR_loc.txt	3267	131	Northern England	Vestfold	state = 131
common\scripted_triggers\00_scripted_triggers_FR_loc.txt	3268	132	North-west England	Aust-Agder	state = 132
common\scripted_triggers\00_scripted_triggers_FR_loc.txt	3269	133	Strathclyde	Harju	state = 133
common\scripted_triggers\00_scripted_triggers_FR_loc.txt	3270	134	Connaught	Narva	state = 134
common\scripted_triggers\00_scripted_triggers_FR_loc.txt	3271	135	Munster	Kostroma	state = 135
common\scripted_triggers\00_scripted_triggers_FR_loc.txt	3272	139	Smaland	Abenra-Sonderborg	state = 139
common\scripted_triggers\00_scripted_triggers_FR_loc.txt	3273	140	Vaster Gotland	Hjorring	state = 140
common\scripted_triggers\00_scripted_triggers_FR_loc.txt	3274	141	Sodermanland	Stockholm	state = 141
common\scripted_triggers\00_scripted_triggers_FR_loc.txt	3275	142	Vestlandet	Staraya Russa	state = 142
common\scripted_triggers\00_scripted_triggers_FR_loc.txt	3276	143	Midt-Noreg	Jarva	state = 143
common\scripted_triggers\00_scripted_triggers_FR_loc.txt	3277	144	Nord-Noreg	Thisted	state = 144
common\scripted_triggers\00_scripted_triggers_FR_loc.txt	3278	164	Dodecanese	Bornholm	state = 164
common\scripted_triggers\00_scripted_triggers_FR_loc.txt	3279	174	Leon	Liepaja	state = 174
common\scripted_triggers\00_scripted_triggers_FR_loc.txt	3280	186	Peloponnese	Mari El	state = 186
common\scripted_triggers\00_scripted_triggers_FR_loc.txt	3281	273	Italian Africa	Kolberg	state = 273
common\scripted_triggers\00_scripted_triggers_FR_loc.txt	3282	275	South Africa	Traku	state = 275
common\scripted_triggers\00_scripted_triggers_FR_loc.txt	3283	276	Canada	Armagh	state = 276
common\scripted_triggers\00_scripted_triggers_FR_loc.txt	3284	280	Brazil	Danzig	state = 280
common\scripted_triggers\00_scripted_triggers_FR_loc.txt	3285	282	Japan	Rastenburg	state = 282
common\scripted_triggers\00_scripted_triggers_FR_loc.txt	3286	283	China	Monaghan	state = 283
common\scripted_triggers\00_scripted_triggers_FR_loc.txt	3287	287	Sinkiang	Brodnica	state = 287
common\scripted_triggers\00_scripted_triggers_FR_loc.txt	3288	292	Saudi Arabia	Baranowicze	state = 292
common\scripted_triggers\00_scripted_triggers_FR_loc.txt	3289	306	Colombia	Augustow	state = 306
common\scripted_triggers\00_scripted_triggers_FR_loc.txt	3290	307	Venezuela	Slonim	state = 307
common\scripted_triggers\00_scripted_triggers_FR_loc.txt	3291	325	Yunnan	Derbyshire	state = 325
common\scripted_triggers\00_scripted_triggers_FR_loc.txt	3292	328	Manchukuo	Nottinghamshire	state = 328
common\scripted_triggers\00_scripted_triggers_FR_loc.txt	3293	338	Gloucestershire	Flintshire	state = 338
common\scripted_triggers\00_scripted_triggers_FR_loc.txt	3294	359	New Jersey	Lipetsk	state = 359
common\scripted_triggers\00_scripted_triggers_FR_loc.txt	3295	361	Maryland	Kilkenny	state = 361
common\scripted_triggers\00_scripted_triggers_FR_loc.txt	3296	368	Tennesse	Wexford	state = 368
common\scripted_triggers\00_scripted_triggers_FR_loc.txt	3297	369	Kentucky	Northamptonshire	state = 369
common\scripted_triggers\00_scripted_triggers_FR_loc.txt	3298	370	Mississippi	Grojec	state = 370
common\scripted_triggers\00_scripted_triggers_FR_loc.txt	3299	373	Missouri	Osnabruck	state = 373
common\scripted_triggers\00_scripted_triggers_FR_loc.txt	3300	379	Nevada	Huntingdonshire	state = 379
common\scripted_triggers\00_scripted_triggers_FR_loc.txt	3301	381	Wyoming	Lodz	state = 381
common\scripted_triggers\00_scripted_triggers_FR_loc.txt	3302	382	Colorado	Paderborn	state = 382
common\scripted_triggers\00_scripted_triggers_FR_loc.txt	3303	383	Kansas	Gelderland	state = 383
common\scripted_triggers\00_scripted_triggers_FR_loc.txt	3304	384	Nebraska	Zhitkovichi	state = 384
common\scripted_triggers\00_scripted_triggers_FR_loc.txt	3305	388	Montana	Kursk	state = 388
common\scripted_triggers\00_scripted_triggers_FR_loc.txt	3306	389	North Dakota	Radnorshire	state = 389
common\scripted_triggers\00_scripted_triggers_FR_loc.txt	3307	390	South Dakota	Worcestershire	state = 390
common\scripted_triggers\00_scripted_triggers_FR_loc.txt	3308	391	Minnesota	Muenster	state = 391
common\scripted_triggers\00_scripted_triggers_FR_loc.txt	3309	393	Michigan	Hildesheim	state = 393
common\scripted_triggers\00_scripted_triggers_FR_loc.txt	3310	394	Wisconsin	Cork	state = 394
common\scripted_triggers\00_scripted_triggers_FR_loc.txt	3311	410	Sistan	Gloucestershire	state = 410
common\scripted_triggers\00_scripted_triggers_FR_loc.txt	3312	412	Fars	Voronezh	state = 412
common\scripted_triggers\00_scripted_triggers_FR_loc.txt	3313	413	Khuzestan	Essex	state = 413
common\scripted_triggers\00_scripted_triggers_FR_loc.txt	3314	416	Razavi Khorasan	Hertfordshire	state = 416
common\scripted_triggers\00_scripted_triggers_FR_loc.txt	3315	420	Gilan	Sarny	state = 420
common\scripted_triggers\00_scripted_triggers_FR_loc.txt	3316	421	Kurdistan	Radomsko	state = 421
common\scripted_triggers\00_scripted_triggers_FR_loc.txt	3317	428	Western Indian States	Berkshire	state = 428
common\scripted_triggers\00_scripted_triggers_FR_loc.txt	3318	433	Rajputana	Dortmund	state = 433
common\scripted_triggers\00_scripted_triggers_FR_loc.txt	3319	435	Bihar	Brent	state = 435
common\scripted_triggers\00_scripted_triggers_FR_loc.txt	3320	443	Sind	Borispol	state = 443
common\scripted_triggers\00_scripted_triggers_FR_loc.txt	3321	453	Sinai	Hampshire	state = 453
common\scripted_triggers\00_scripted_triggers_FR_loc.txt	3322	457	Aswan	Volgograd	state = 457
common\scripted_triggers\00_scripted_triggers_FR_loc.txt	3323	465	New Brunswick	Siegkreis	state = 465
common\scripted_triggers\00_scripted_triggers_FR_loc.txt	3324	467	Manitoba	Sosnowiec	state = 467
common\scripted_triggers\00_scripted_triggers_FR_loc.txt	3325	468	Nunavut	Dorset	state = 468
common\scripted_triggers\00_scripted_triggers_FR_loc.txt	3326	471	Northwestern Canada	Aussig	state = 471
common\scripted_triggers\00_scripted_triggers_FR_loc.txt	3327	472	Northwest Territories	Calais	state = 472
common\scripted_triggers\00_scripted_triggers_FR_loc.txt	3328	474	Yucatan	Limburg	state = 474
common\scripted_triggers\00_scripted_triggers_FR_loc.txt	3329	475	Chiapas	Altenkirchen	state = 475
common\scripted_triggers\00_scripted_triggers_FR_loc.txt	3330	476	Oaxaca	Chemnitz	state = 476
common\scripted_triggers\00_scripted_triggers_FR_loc.txt	3331	477	Veracruz	Schleiden	state = 477
common\scripted_triggers\00_scripted_triggers_FR_loc.txt	3332	478	Nayarit	Giessen	state = 478
common\scripted_triggers\00_scripted_triggers_FR_loc.txt	3333	479	Tamaulipas	Oost Noord-Brabant	state = 479
common\scripted_triggers\00_scripted_triggers_FR_loc.txt	3334	480	Coahuila	Liege	state = 480
common\scripted_triggers\00_scripted_triggers_FR_loc.txt	3335	481	Sinaloa	Katowice	state = 481
common\scripted_triggers\00_scripted_triggers_FR_loc.txt	3336	482	Chihuahua	Hainaut	state = 482
common\scripted_triggers\00_scripted_triggers_FR_loc.txt	3337	483	Sonora	Westerburg	state = 483
common\scripted_triggers\00_scripted_triggers_FR_loc.txt	3338	485	Guerrero	Eupen-Malmedy	state = 485
common\scripted_triggers\00_scripted_triggers_FR_loc.txt	3339	486	Meta	Hradec Kralove	state = 486
common\scripted_triggers\00_scripted_triggers_FR_loc.txt	3340	487	Amazinas	Namur	state = 487
common\scripted_triggers\00_scripted_triggers_FR_loc.txt	3341	488	Bolivar	Koblenz	state = 488
common\scripted_triggers\00_scripted_triggers_FR_loc.txt	3342	489	Monagas	Kladno	state = 489
common\scripted_triggers\00_scripted_triggers_FR_loc.txt	3343	490	Pastaza	Drohobycz	state = 490
common\scripted_triggers\00_scripted_triggers_FR_loc.txt	3344	491	Loreto	Zamosc	state = 491
common\scripted_triggers\00_scripted_triggers_FR_loc.txt	3345	496	Para	Tarnow	state = 496
common\scripted_triggers\00_scripted_triggers_FR_loc.txt	3346	497	Maranhao	Kharkov	state = 497
common\scripted_triggers\00_scripted_triggers_FR_loc.txt	3347	498	Rio Grande	Eger	state = 498
common\scripted_triggers\00_scripted_triggers_FR_loc.txt	3348	502	Rio Grande Sul	Czortkow	state = 502
common\scripted_triggers\00_scripted_triggers_FR_loc.txt	3349	503	Santa Catarina	Bittburg	state = 503
common\scripted_triggers\00_scripted_triggers_FR_loc.txt	3350	505	Goias	Amiens	state = 505
common\scripted_triggers\00_scripted_triggers_FR_loc.txt	3351	508	Argentine Northwest	Warszawa	state = 508
common\scripted_triggers\00_scripted_triggers_FR_loc.txt	3352	509	Gran Chaco	Biala	state = 509
common\scripted_triggers\00_scripted_triggers_FR_loc.txt	3353	514	North Africa	Pardubice	state = 514
common\scripted_triggers\00_scripted_triggers_FR_loc.txt	3354	515	Central Africa	Sedan	state = 515
common\scripted_triggers\00_scripted_triggers_FR_loc.txt	3355	520	Northern Territory	Parsberg	state = 520
common\scripted_triggers\00_scripted_triggers_FR_loc.txt	3356	521	Queensland	Mainz	state = 521
common\scripted_triggers\00_scripted_triggers_FR_loc.txt	3357	531	Osaka	Oise	state = 531
common\scripted_triggers\00_scripted_triggers_FR_loc.txt	3358	532	Nagoya	Olomouc	state = 532
common\scripted_triggers\00_scripted_triggers_FR_loc.txt	3359	533	Akita	Ansbach	state = 533
common\scripted_triggers\00_scripted_triggers_FR_loc.txt	3360	534	Niigata	Manche	state = 534
common\scripted_triggers\00_scripted_triggers_FR_loc.txt	3361	535	Nagano	Jihlava	state = 535
common\scripted_triggers\00_scripted_triggers_FR_loc.txt	3362	538	Cameroun	Verdun	state = 538
common\scripted_triggers\00_scripted_triggers_FR_loc.txt	3363	541	South West Africa	Tatra	state = 541
common\scripted_triggers\00_scripted_triggers_FR_loc.txt	3364	546	Tanganyika	Tuchola	state = 546
common\scripted_triggers\00_scripted_triggers_FR_loc.txt	3365	552	Western Egypt	Marne	state = 552
common\scripted_triggers\00_scripted_triggers_FR_loc.txt	3366	591	Hainan	Malacky	state = 591
common\scripted_triggers\00_scripted_triggers_FR_loc.txt	3367	593	Guangdong	Uzhorod a Mukacevo	state = 593
common\scripted_triggers\00_scripted_triggers_FR_loc.txt	3368	595	Fujian	Mayenne	state = 595
common\scripted_triggers\00_scripted_triggers_FR_loc.txt	3369	596	Zhejiang	Borsod	state = 596
common\scripted_triggers\00_scripted_triggers_FR_loc.txt	3370	597	Shandong	Epinal	state = 597
common\scripted_triggers\00_scripted_triggers_FR_loc.txt	3371	598	Jiansu	Saint-Die	state = 598
common\scripted_triggers\00_scripted_triggers_FR_loc.txt	3372	599	Guanxi	Sarthe	state = 599
common\scripted_triggers\00_scripted_triggers_FR_loc.txt	3373	600	Jiangxi	Balti	state = 600
common\scripted_triggers\00_scripted_triggers_FR_loc.txt	3374	601	China 1	Abauj	state = 601
common\scripted_triggers\00_scripted_triggers_FR_loc.txt	3375	602	China 2	Sigmaringen	state = 602
common\scripted_triggers\00_scripted_triggers_FR_loc.txt	3376	603	China 3	Szabolcs	state = 603
common\scripted_triggers\00_scripted_triggers_FR_loc.txt	3377	604	China 4	Auxerre	state = 604
common\scripted_triggers\00_scripted_triggers_FR_loc.txt	3378	605	China 5	Loiret	state = 605
common\scripted_triggers\00_scripted_triggers_FR_loc.txt	3379	607	China 7	Jersey	state = 607
common\scripted_triggers\00_scripted_triggers_FR_loc.txt	3380	609	China 8	Botosani	state = 609
common\scripted_triggers\00_scripted_triggers_FR_loc.txt	3381	610	China 9	Komarom	state = 610
common\scripted_triggers\00_scripted_triggers_FR_loc.txt	3382	611	China 10	Nograd	state = 611
common\scripted_triggers\00_scripted_triggers_FR_loc.txt	3383	612	China 11	Wielun	state = 612
common\scripted_triggers\00_scripted_triggers_FR_loc.txt	3384	614	China 13	Nikolayev	state = 614
common\scripted_triggers\00_scripted_triggers_FR_loc.txt	3385	615	Shanxi	Morbihan	state = 615
common\scripted_triggers\00_scripted_triggers_FR_loc.txt	3386	616	China 14	Konstanz	state = 616
common\scripted_triggers\00_scripted_triggers_FR_loc.txt	3387	619	China 16	Heves	state = 619
common\scripted_triggers\00_scripted_triggers_FR_loc.txt	3388	620	China 17	Loir-et-Cher	state = 620
common\scripted_triggers\00_scripted_triggers_FR_loc.txt	3389	621	China 18	Eisenstadt	state = 621
common\scripted_triggers\00_scripted_triggers_FR_loc.txt	3390	622	China 19	Satu Mare	state = 622
common\scripted_triggers\00_scripted_triggers_FR_loc.txt	3391	637	State 1	Maine-et-Loire	state = 637
common\scripted_triggers\00_scripted_triggers_FR_loc.txt	3392	675	Al Hajara	Poitiers	state = 675
common\scripted_triggers\00_scripted_triggers_FR_loc.txt	3393	678	Rub al Khali	Chalon-sur-Saone	state = 678
common\scripted_triggers\00_scripted_triggers_FR_loc.txt	3394	679	Hejaz	Lienz	state = 679
common\scripted_triggers\00_scripted_triggers_FR_loc.txt	3395	683	Northeastern Canada	Trento	state = 683
common\scripted_triggers\00_scripted_triggers_FR_loc.txt	3396	685	Panama Canal	Graubunden	state = 685
common\scripted_triggers\00_scripted_triggers_FR_loc.txt	3397	688	Chaco Boreal	Lons-le-Saunier	state = 688
common\scripted_triggers\00_scripted_triggers_FR_loc.txt	3398	699	Rio de Oro	Allier	state = 699
common\scripted_triggers\00_scripted_triggers_FR_loc.txt	3399	714	Heilungkiang	Gorenjska	state = 714
common\scripted_triggers\00_scripted_triggers_FR_loc.txt	3400	715	Liaoning	Ain	state = 715
common\scripted_triggers\00_scripted_triggers_FR_loc.txt	3401	716	Liaotung	Mangystau	state = 716
common\scripted_triggers\00_scripted_triggers_FR_loc.txt	3402	717	Chuho	Creuse	state = 717
common\scripted_triggers\00_scripted_triggers_FR_loc.txt	3403	719	Natal	Annecy	state = 719
common\scripted_triggers\00_scripted_triggers_FR_loc.txt	3404	721	Portuguese Timor	Osijek	state = 721
common\scripted_triggers\00_scripted_triggers_FR_loc.txt	3405	728	Guangzhouwan	Rhone	state = 728
common\scripted_triggers\00_scripted_triggers_FR_loc.txt	3406	732	Pamir	Stavropol	state = 732
common\scripted_triggers\00_scripted_triggers_FR_loc.txt	3407	759	Kunlun	Valcea	state = 759
common\scripted_triggers\00_scripted_triggers_FR_loc.txt	3408	764	West Banat	Prahova	state = 764
common\scripted_triggers\00_scripted_triggers_FR_loc.txt	3409	765	Qatar	Braila	state = 765
common\scripted_triggers\00_scripted_triggers_FR_loc.txt	3410	767	North Darfur	Tulcea	state = 767
common\scripted_triggers\00_scripted_triggers_FR_loc.txt	3411	768	Rwanda	Dambovita	state = 768
common\scripted_triggers\00_scripted_triggers_FR_loc.txt	3412	769	Burundi	Kerch	state = 769
common\scripted_triggers\00_scripted_triggers_FR_loc.txt	3413	770	Malawi	Haute-Loire	state = 770
common\scripted_triggers\00_scripted_triggers_FR_loc.txt	3414	772	Middle Congo	Ardeche	state = 772
common\scripted_triggers\00_scripted_triggers_FR_loc.txt	3415	773	Cameroon	Drome	state = 773
common\scripted_triggers\00_scripted_triggers_FR_loc.txt	3416	774	Chad	Gorj	state = 774
common\scripted_triggers\00_scripted_triggers_FR_loc.txt	3417	775	B.E.T.	Stara Pazova	state = 775
common\scripted_triggers\00_scripted_triggers_FR_loc.txt	3418	776	Dahomey	Usora	state = 776
common\scripted_triggers\00_scripted_triggers_FR_loc.txt	3419	777	Togo	Bihac	state = 777
common\scripted_triggers\00_scripted_triggers_FR_loc.txt	3420	781	Niger	Mehedinti	state = 781
common\scripted_triggers\00_scripted_triggers_FR_loc.txt	3421	786	Mauritanian Desert	Lozere	state = 786
common\scripted_triggers\00_scripted_triggers_FR_loc.txt	3422	787	North Kashmir	Aveyron	state = 787
common\scripted_triggers\00_scripted_triggers_FR_loc.txt	3423	792	Basque Country	Zenica	state = 792
common\scripted_triggers\00_scripted_triggers_FR_loc.txt	3424	796	North Angola	Nis	state = 796
common\scripted_triggers\00_scripted_triggers_FR_loc.txt	3432	6	Belgium	New Brunswick	state = 6
common\scripted_triggers\00_scripted_triggers_FR_loc.txt	3433	32	Rhone Alpes	West Virginia	state = 32
common\scripted_triggers\00_scripted_triggers_FR_loc.txt	3434	69	Sudatenland	nice	state = 69
common\scripted_triggers\00_scripted_triggers_FR_loc.txt	3435	972	- South Sudetenland	Agcab@di	state = 972
common\scripted_triggers\00_scripted_triggers_FR_loc.txt	3436	74	East Sudatenland	Porajarvi	state = 74
common\scripted_triggers\00_scripted_triggers_FR_loc.txt	3437	120	Scottish Highlands	Alborg	state = 120
common\scripted_triggers\00_scripted_triggers_FR_loc.txt	3438	128	West Midlands	Rogaland	state = 128
common\scripted_triggers\00_scripted_triggers_FR_loc.txt	3439	129	East Midlands	Ostfold	state = 129
common\scripted_triggers\00_scripted_triggers_FR_loc.txt	3440	157	Abruzzo	Hiiumaa	state = 157
common\scripted_triggers\00_scripted_triggers_FR_loc.txt	3441	187	Aegean Islands	Orkney	state = 187
common\scripted_triggers\00_scripted_triggers_FR_loc.txt	3442	233	Caucasus Mountains	Peebles	state = 233
common\scripted_triggers\00_scripted_triggers_FR_loc.txt	3443	270	Pitcarin Island	Kuybyshev	state = 270
common\scripted_triggers\00_scripted_triggers_FR_loc.txt	3444	308	Britain SA	Westmeath	state = 308
common\scripted_triggers\00_scripted_triggers_FR_loc.txt	3445	337	Faroe Islands	Kildare	state = 337
common\scripted_triggers\00_scripted_triggers_FR_loc.txt	3446	555	Lagos	Trencin	state = 555
common\scripted_triggers\00_scripted_triggers_FR_loc.txt	3447	624	Central islands	Gyor es Pozsony	state = 624
common\scripted_triggers\00_scripted_triggers_FR_loc.txt	3448	633	Marshall Islands	Pest-Pilis	state = 633
common\scripted_triggers\00_scripted_triggers_FR_loc.txt	3449	634	Solomon Islands	Loire-Inferieure	state = 634
common\scripted_triggers\00_scripted_triggers_FR_loc.txt	3450	636	Fiji	Esztergom	state = 636
common\scripted_triggers\00_scripted_triggers_FR_loc.txt	3451	639	Maiana	Salaj	state = 639
common\scripted_triggers\00_scripted_triggers_FR_loc.txt	3452	642	Phoenix Island	Salsk	state = 642
common\scripted_triggers\00_scripted_triggers_FR_loc.txt	3453	643	Fongafale	St Gallen	state = 643
common\scripted_triggers\00_scripted_triggers_FR_loc.txt	3454	667	West Nusa Tenggara	Neamt	state = 667
common\scripted_triggers\00_scripted_triggers_FR_loc.txt	3455	684	Caroline Islands	Vendee	state = 684
common\scripted_triggers\00_scripted_triggers_FR_loc.txt	3456	690	Bahama Islands	Somogy	state = 690
common\scripted_triggers\00_scripted_triggers_FR_loc.txt	3457	692	Windward Islands	Turda	state = 692
common\scripted_triggers\00_scripted_triggers_FR_loc.txt	3458	693	Southern Bahamas	Leczyca	state = 693
common\scripted_triggers\00_scripted_triggers_FR_loc.txt	3459	694	French Caribbean	Bernese Oberland	state = 694
common\scripted_triggers\00_scripted_triggers_FR_loc.txt	3460	696	Bermuda	Krasnodar	state = 696
common\scripted_triggers\00_scripted_triggers_FR_loc.txt	3461	698	Azores	Bacau	state = 698
common\scripted_triggers\00_scripted_triggers_FR_loc.txt	3462	708	Comoro Islands	Ticino	state = 708
common\scripted_triggers\00_scripted_triggers_FR_loc.txt	3463	709	Seychelles	Milano	state = 709
common\scripted_triggers\00_scripted_triggers_FR_loc.txt	3464	712	Cocos Islands	Medimurje	state = 712
common\scripted_triggers\00_scripted_triggers_FR_loc.txt	3465	713	Kerguelen	Alba	state = 713
common\scripted_triggers\00_scripted_triggers_FR_loc.txt	3466	726	Samoa	Bacs	state = 726
common\scripted_triggers\00_scripted_triggers_FR_loc.txt	3467	727	Line Islands	Hunedoara	state = 727
common\scripted_triggers\00_scripted_triggers_FR_loc.txt	3468	733	Andaman	Putna	state = 733
common\scripted_triggers\00_scripted_triggers_FR_loc.txt	3469	738	Aru Islands	Zrenjanin	state = 738
common\scripted_triggers\00_scripted_triggers_FR_loc.txt	3470	739	Haida Gwaii	Covurlui	state = 739
common\scripted_triggers\00_scripted_triggers_FR_loc.txt	3471	790	Asturias	Beograd	state = 790
common\scripted_triggers\00_scripted_triggers_FR_loc.txt	3479	31	Midi Pyrenees	North Carolina	state = 31
common\scripted_triggers\00_scripted_triggers_FR_loc.txt	3480	507	Southern Chile	Troppau	state = 507
common\scripted_triggers\00_scripted_triggers_FR_loc.txt	3481	529	Hiroshima	Jicin	state = 529
common\scripted_triggers\00_scripted_triggers_FR_loc.txt	3489	1	France	Quebec	state = 1
common\scripted_triggers\00_scripted_triggers_FR_loc.txt	3490	3	Swiss Plateau	West Berlin	state = 3
common\scripted_triggers\00_scripted_triggers_FR_loc.txt	3491	4	Austria	Finnmark	state = 4
common\scripted_triggers\00_scripted_triggers_FR_loc.txt	3492	7	Holland	Maine	state = 7
common\scripted_triggers\00_scripted_triggers_FR_loc.txt	3493	9	Czechoslovakia	Ontario	state = 9
common\scripted_triggers\00_scripted_triggers_FR_loc.txt	3494	14	Brittany	Lappi	state = 14
common\scripted_triggers\00_scripted_triggers_FR_loc.txt	3495	15	Normandy	Arhus	state = 15
common\scripted_triggers\00_scripted_triggers_FR_loc.txt	3496	17	Alcase Lorraine	Petsamo	state = 17
common\scripted_triggers\00_scripted_triggers_FR_loc.txt	3497	18	Champagne	Connecticut	state = 18
common\scripted_triggers\00_scripted_triggers_FR_loc.txt	3498	21	Bouches-du-Rhone	Pennsylvania	state = 21
common\scripted_triggers\00_scripted_triggers_FR_loc.txt	3499	27	Champagne2	Nenets	state = 27
common\scripted_triggers\00_scripted_triggers_FR_loc.txt	3500	34	Wallonie	Skanderborg	state = 34
common\scripted_triggers\00_scripted_triggers_FR_loc.txt	3501	36	Friesland	Lavansaari	state = 36
common\scripted_triggers\00_scripted_triggers_FR_loc.txt	3502	43	Hungary	Delaware	state = 43
common\scripted_triggers\00_scripted_triggers_FR_loc.txt	3503	45	Yugoslavia	Vasterbotten	state = 45
common\scripted_triggers\00_scripted_triggers_FR_loc.txt	3504	46	Romania	Krasnystaw	state = 46
common\scripted_triggers\00_scripted_triggers_FR_loc.txt	3505	47	Greece	New Jersey	state = 47
common\scripted_triggers\00_scripted_triggers_FR_loc.txt	3506	51	Moselland	Vesturland	state = 51
common\scripted_triggers\00_scripted_triggers_FR_loc.txt	3507	52	Wuttemberg	Segezha	state = 52
common\scripted_triggers\00_scripted_triggers_FR_loc.txt	3508	53	Oberbayern	Nord-Trondelag	state = 53
common\scripted_triggers\00_scripted_triggers_FR_loc.txt	3509	54	Bayreuth	Jamtland	state = 54
common\scripted_triggers\00_scripted_triggers_FR_loc.txt	3510	55	Nassau	Rhode Island	state = 55
common\scripted_triggers\00_scripted_triggers_FR_loc.txt	3511	56	Weser-Ems	Sudurland	state = 56
common\scripted_triggers\00_scripted_triggers_FR_loc.txt	3512	57	Westfalen	Olonets	state = 57
common\scripted_triggers\00_scripted_triggers_FR_loc.txt	3513	60	Sud-Hannover	Prince Edward Island	state = 60
common\scripted_triggers\00_scripted_triggers_FR_loc.txt	3514	62	Pommern	Repola	state = 62
common\scripted_triggers\00_scripted_triggers_FR_loc.txt	3515	63	WestPrussen	Keski-Pohjanmaa	state = 63
common\scripted_triggers\00_scripted_triggers_FR_loc.txt	3516	65	Sachsen	Pohjois-Savo	state = 65
common\scripted_triggers\00_scripted_triggers_FR_loc.txt	3517	66	Niederschlesien	Vasternorrland	state = 66
common\scripted_triggers\00_scripted_triggers_FR_loc.txt	3518	67	Oberschlesien	Kuldiga	state = 67
common\scripted_triggers\00_scripted_triggers_FR_loc.txt	3519	70	Slovakia	Soro	state = 70
common\scripted_triggers\00_scripted_triggers_FR_loc.txt	3520	71	East Slovakia	Sor-Trondelag	state = 71
common\scripted_triggers\00_scripted_triggers_FR_loc.txt	3521	72	Zaolzie	Keski-Suomi	state = 72
common\scripted_triggers\00_scripted_triggers_FR_loc.txt	3522	73	Carpathian Ruthenia	Etela-Pohjanmaa	state = 73
common\scripted_triggers\00_scripted_triggers_FR_loc.txt	3523	75	Moravia	More og Romsdal	state = 75
common\scripted_triggers\00_scripted_triggers_FR_loc.txt	3524	76	Northern Transylvania	Randers	state = 76
common\scripted_triggers\00_scripted_triggers_FR_loc.txt	3525	77	Dobrogea	Viipuri	state = 77
common\scripted_triggers\00_scripted_triggers_FR_loc.txt	3526	78	Bessarabia	Hedmark	state = 78
common\scripted_triggers\00_scripted_triggers_FR_loc.txt	3527	79	moldovia	Nowy Tomysl	state = 79
common\scripted_triggers\00_scripted_triggers_FR_loc.txt	3528	80	Bocovina	Ostrow Wiel	state = 80
common\scripted_triggers\00_scripted_triggers_FR_loc.txt	3529	83	crisana	Oppland	state = 83
common\scripted_triggers\00_scripted_triggers_FR_loc.txt	3530	84	Transylvania	Gavleborg	state = 84
common\scripted_triggers\00_scripted_triggers_FR_loc.txt	3531	93	Volhynian	Etela-Karjala	state = 93
common\scripted_triggers\00_scripted_triggers_FR_loc.txt	3532	94	Polesie	Ilukste	state = 94
common\scripted_triggers\00_scripted_triggers_FR_loc.txt	3533	102	North-Eastern Slovenia	Volkhov	state = 102
common\scripted_triggers\00_scripted_triggers_FR_loc.txt	3534	103	Croatia	Kanta-Hame	state = 103
common\scripted_triggers\00_scripted_triggers_FR_loc.txt	3535	104	Bosnia	Haderslev	state = 104
common\scripted_triggers\00_scripted_triggers_FR_loc.txt	3536	106	Macedonia	Buskerud	state = 106
common\scripted_triggers\00_scripted_triggers_FR_loc.txt	3537	107	Kosavo	Mazeikiu	state = 107
common\scripted_triggers\00_scripted_triggers_FR_loc.txt	3538	108	Eastern Serbia	Kirov	state = 108
common\scripted_triggers\00_scripted_triggers_FR_loc.txt	3539	109	Eastern Croatia	Varsinais-Suomi	state = 109
common\scripted_triggers\00_scripted_triggers_FR_loc.txt	3540	114	Sardinia	Uusimaa	state = 114
common\scripted_triggers\00_scripted_triggers_FR_loc.txt	3541	115	Sicily	Kymenlaakso	state = 115
common\scripted_triggers\00_scripted_triggers_FR_loc.txt	3542	117	Napoli	Uppsala	state = 117
common\scripted_triggers\00_scripted_triggers_FR_loc.txt	3543	137	Crimea	Jaanilinn	state = 137
common\scripted_triggers\00_scripted_triggers_FR_loc.txt	3544	138	Skane	Novgorod	state = 138
common\scripted_triggers\00_scripted_triggers_FR_loc.txt	3545	146	Karelia	Saaremaa	state = 146
common\scripted_triggers\00_scripted_triggers_FR_loc.txt	3546	150	Kuopio	Ostergotland	state = 150
common\scripted_triggers\00_scripted_triggers_FR_loc.txt	3547	151	Eastern Swiss Alps	Pskov	state = 151
common\scripted_triggers\00_scripted_triggers_FR_loc.txt	3548	152	Upper Austria	Tarto	state = 152
common\scripted_triggers\00_scripted_triggers_FR_loc.txt	3549	155	Western Hungary	Parnu	state = 155
common\scripted_triggers\00_scripted_triggers_FR_loc.txt	3550	156	Calabria	Viljandi	state = 156
common\scripted_triggers\00_scripted_triggers_FR_loc.txt	3551	159	Lombardy	Hofudborgarsvaedid	state = 159
common\scripted_triggers\00_scripted_triggers_FR_loc.txt	3552	160	Veneto	Sudurnes	state = 160
common\scripted_triggers\00_scripted_triggers_FR_loc.txt	3553	162	Tuscany	Udmurt	state = 162
common\scripted_triggers\00_scripted_triggers_FR_loc.txt	3554	165	Catalonia	Petseri	state = 165
common\scripted_triggers\00_scripted_triggers_FR_loc.txt	3555	171	Galicia	Nizhny Novgorod	state = 171
common\scripted_triggers\00_scripted_triggers_FR_loc.txt	3556	172	Navarre	Riga	state = 172
common\scripted_triggers\00_scripted_triggers_FR_loc.txt	3557	182	Crete	Nairn	state = 182
common\scripted_triggers\00_scripted_triggers_FR_loc.txt	3558	184	Thrace	Halland	state = 184
common\scripted_triggers\00_scripted_triggers_FR_loc.txt	3559	190	Kurzeme	Kronoberg	state = 190
common\scripted_triggers\00_scripted_triggers_FR_loc.txt	3560	231	Georgia	Lida	state = 231
common\scripted_triggers\00_scripted_triggers_FR_loc.txt	3561	268	French Somaliland	Down	state = 268
common\scripted_triggers\00_scripted_triggers_FR_loc.txt	3562	269	British Somaliland	Westmorland	state = 269
common\scripted_triggers\00_scripted_triggers_FR_loc.txt	3563	285	Austraila	Orenburg	state = 285
common\scripted_triggers\00_scripted_triggers_FR_loc.txt	3564	286	Indochina	West Riding	state = 286
common\scripted_triggers\00_scripted_triggers_FR_loc.txt	3565	288	Magwe	Mayo	state = 288
common\scripted_triggers\00_scripted_triggers_FR_loc.txt	3566	296	Portugal Africa	Roscommon	state = 296
common\scripted_triggers\00_scripted_triggers_FR_loc.txt	3567	297	Belgian Africa	Louth	state = 297
common\scripted_triggers\00_scripted_triggers_FR_loc.txt	3568	310	French SA	Torun	state = 310
common\scripted_triggers\00_scripted_triggers_FR_loc.txt	3569	330	Mongolia	Lokot	state = 330
common\scripted_triggers\00_scripted_triggers_FR_loc.txt	3570	357	New England	Leicestershire	state = 357
common\scripted_triggers\00_scripted_triggers_FR_loc.txt	3571	360	Pennsylvania	Carlow	state = 360
common\scripted_triggers\00_scripted_triggers_FR_loc.txt	3572	362	Virginia	Montgomeryshire	state = 362
common\scripted_triggers\00_scripted_triggers_FR_loc.txt	3573	363	North Carolina	Herford	state = 363
common\scripted_triggers\00_scripted_triggers_FR_loc.txt	3574	364	South Carolina	Overijssel	state = 364
common\scripted_triggers\00_scripted_triggers_FR_loc.txt	3575	365	Georgia	Luckau	state = 365
common\scripted_triggers\00_scripted_triggers_FR_loc.txt	3576	366	Florida	Saratov	state = 366
common\scripted_triggers\00_scripted_triggers_FR_loc.txt	3577	371	Louisiana	Limerick	state = 371
common\scripted_triggers\00_scripted_triggers_FR_loc.txt	3578	378	California	Kerry	state = 378
common\scripted_triggers\00_scripted_triggers_FR_loc.txt	3579	454	Israel	West-Vlaanderen	state = 454
common\scripted_triggers\00_scripted_triggers_FR_loc.txt	3580	455	Jordan	Oost-Vlaanderen	state = 455
common\scripted_triggers\00_scripted_triggers_FR_loc.txt	3581	458	Tunisia	Cornwall	state = 458
common\scripted_triggers\00_scripted_triggers_FR_loc.txt	3582	464	Nova Scotia	Aqtobe	state = 464
common\scripted_triggers\00_scripted_triggers_FR_loc.txt	3583	469	Saskatchewan	Bonn	state = 469
common\scripted_triggers\00_scripted_triggers_FR_loc.txt	3584	473	British Columbia	Reichenberg	state = 473
common\scripted_triggers\00_scripted_triggers_FR_loc.txt	3585	484	Baja California	Nisko	state = 484
common\scripted_triggers\00_scripted_triggers_FR_loc.txt	3586	510	Mesopotamia	Zolotonosha	state = 510
common\scripted_triggers\00_scripted_triggers_FR_loc.txt	3587	512	Patagonia	Luxembourg	state = 512
common\scripted_triggers\00_scripted_triggers_FR_loc.txt	3588	516	Northern Siberia	Darmstadt	state = 516
common\scripted_triggers\00_scripted_triggers_FR_loc.txt	3589	518	Tasmania	Luhansk	state = 518
common\scripted_triggers\00_scripted_triggers_FR_loc.txt	3590	523	New Guinea	Plzen	state = 523
common\scripted_triggers\00_scripted_triggers_FR_loc.txt	3591	525	South Korea	Charleville-Mezieres	state = 525
common\scripted_triggers\00_scripted_triggers_FR_loc.txt	3592	527	North Korea	Vinnytsia	state = 527
common\scripted_triggers\00_scripted_triggers_FR_loc.txt	3593	537	South Sakhalin	Saarland	state = 537
common\scripted_triggers\00_scripted_triggers_FR_loc.txt	3594	545	Rhodessa	Heidenheim	state = 545
common\scripted_triggers\00_scripted_triggers_FR_loc.txt	3595	557	Mauritania	Stalino	state = 557
common\scripted_triggers\00_scripted_triggers_FR_loc.txt	3596	618	China 15	Ochakov	state = 618
common\scripted_triggers\00_scripted_triggers_FR_loc.txt	3597	635	New Caledonia	Murtal und Murau	state = 635
common\scripted_triggers\00_scripted_triggers_FR_loc.txt	3598	644	state 3	Innsbruck	state = 644
common\scripted_triggers\00_scripted_triggers_FR_loc.txt	3599	655	North Sakhalin	Vaslui	state = 655
common\scripted_triggers\00_scripted_triggers_FR_loc.txt	3600	661	Tripolitania	Bern	state = 661
common\scripted_triggers\00_scripted_triggers_FR_loc.txt	3601	663	Cyrenaica	Vas	state = 663
common\scripted_triggers\00_scripted_triggers_FR_loc.txt	3602	664	Southern Slovakia	Oradea	state = 664
common\scripted_triggers\00_scripted_triggers_FR_loc.txt	3603	666	Norrnorrland	omg its the devil number	state = 666
common\scripted_triggers\00_scripted_triggers_FR_loc.txt	3604	669	Dutch New Guinea	Luzern	state = 669
common\scripted_triggers\00_scripted_triggers_FR_loc.txt	3605	687	British Guyana	Konin	state = 687
common\scripted_triggers\00_scripted_triggers_FR_loc.txt	3606	689	Jamaica	Tutova	state = 689
common\scripted_triggers\00_scripted_triggers_FR_loc.txt	3607	691	Trinidad	Macon	state = 691
common\scripted_triggers\00_scripted_triggers_FR_loc.txt	3608	700	Sierra Leone	Szeged	state = 700
common\scripted_triggers\00_scripted_triggers_FR_loc.txt	3609	701	Gambia	Val d'Oise	state = 701
common\scripted_triggers\00_scripted_triggers_FR_loc.txt	3610	720	South Georgia	Canale	state = 720
common\scripted_triggers\00_scripted_triggers_FR_loc.txt	3611	724	Southern Siam	Valais	state = 724
common\scripted_triggers\00_scripted_triggers_FR_loc.txt	3612	731	Central Macedonia	Puy-de-Dome	state = 731
common\scripted_triggers\00_scripted_triggers_FR_loc.txt	3613	735	Savoy	Subotica	state = 735
common\scripted_triggers\00_scripted_triggers_FR_loc.txt	3614	766	Southern Bessarabia	Cantal	state = 766
common\scripted_triggers\00_scripted_triggers_FR_loc.txt	3615	778	Upper Volta	Adygea	state = 778
common\scripted_triggers\00_scripted_triggers_FR_loc.txt	3616	779	Ivory Coast	Bologna	state = 779
common\scripted_triggers\00_scripted_triggers_FR_loc.txt	3617	780	Guinea	Gap	state = 780
common\scripted_triggers\00_scripted_triggers_FR_loc.txt	3618	785	Picardy	Kraljevo	state = 785
common\scripted_triggers\00_scripted_triggers_FR_loc.txt	3619	1017	- Trung Bo	Kutahya	state = 1017
common\scripted_triggers\00_scripted_triggers_FR_loc.txt	3627	5	Germany	Pultusk	state = 5
common\scripted_triggers\00_scripted_triggers_FR_loc.txt	3628	16	Ile de France	Rybachy Peninsula	state = 16
common\scripted_triggers\00_scripted_triggers_FR_loc.txt	3629	19	Aquitaine	Murmansk	state = 19
common\scripted_triggers\00_scripted_triggers_FR_loc.txt	3630	26	Bourgogne	Maryland	state = 26
common\scripted_triggers\00_scripted_triggers_FR_loc.txt	3631	28	Alcase	Virginia	state = 28
common\scripted_triggers\00_scripted_triggers_FR_loc.txt	3632	44	Albania	Vestfirdir	state = 44
common\scripted_triggers\00_scripted_triggers_FR_loc.txt	3633	81	Oltenia	Etela-Savo	state = 81
common\scripted_triggers\00_scripted_triggers_FR_loc.txt	3634	100	Iceland	Sortavala	state = 100
common\scripted_triggers\00_scripted_triggers_FR_loc.txt	3635	110	Norway	Varmland	state = 110
common\scripted_triggers\00_scripted_triggers_FR_loc.txt	3636	119	Northern Ireland	Leningrad	state = 119
common\scripted_triggers\00_scripted_triggers_FR_loc.txt	3637	123	Cornwall	Telemark	state = 123
common\scripted_triggers\00_scripted_triggers_FR_loc.txt	3638	125	East Anglia	Orebro	state = 125
common\scripted_triggers\00_scripted_triggers_FR_loc.txt	3639	149	Vaasa	Skaraborg	state = 149
common\scripted_triggers\00_scripted_triggers_FR_loc.txt	3640	161	Emilia Romagna	Sutherland	state = 161
common\scripted_triggers\00_scripted_triggers_FR_loc.txt	3641	170	Extremadura	Madona	state = 170
common\scripted_triggers\00_scripted_triggers_FR_loc.txt	3649	166	Western Aragon	Valga	state = 166
common\scripted_triggers\00_scripted_triggers_FR_loc.txt	3650	185	Epirus	Rezekne	state = 185
common\scripted_triggers\00_scripted_triggers_FR_loc.txt	3651	229	baku	Moscow	state = 229
common\scripted_triggers\00_scripted_triggers_FR_loc.txt	3652	230	Armenia	Ayr	state = 230
common\scripted_triggers\00_scripted_triggers_FR_loc.txt	3653	261	USA	Ulyanovsk	state = 261
common\scripted_triggers\00_scripted_triggers_FR_loc.txt	3654	271	ethiopia	North Riding	state = 271
common\scripted_triggers\00_scripted_triggers_FR_loc.txt	3655	300	Uruguay	Grodno	state = 300
common\scripted_triggers\00_scripted_triggers_FR_loc.txt	3656	305	Ecuador	Rotenburg	state = 305
common\scripted_triggers\00_scripted_triggers_FR_loc.txt	3657	320	French India	Dublin	state = 320
common\scripted_triggers\00_scripted_triggers_FR_loc.txt	3658	367	Alabama	Kobryn	state = 367
common\scripted_triggers\00_scripted_triggers_FR_loc.txt	3659	372	Arkansas	Cambridgeshire	state = 372
common\scripted_triggers\00_scripted_triggers_FR_loc.txt	3660	374	Oklahoma	Warkwickshire	state = 374
common\scripted_triggers\00_scripted_triggers_FR_loc.txt	3661	377	Arizona	Lublin	state = 377
common\scripted_triggers\00_scripted_triggers_FR_loc.txt	3662	392	Iowa	Braunschweig	state = 392
common\scripted_triggers\00_scripted_triggers_FR_loc.txt	3663	426	Orissa	Glamorganshire	state = 426
common\scripted_triggers\00_scripted_triggers_FR_loc.txt	3664	432	Assam	Limburg Voormaas	state = 432
common\scripted_triggers\00_scripted_triggers_FR_loc.txt	3665	434	Arunachal Pradesh	Wlodzimierz Wolynski	state = 434
common\scripted_triggers\00_scripted_triggers_FR_loc.txt	3666	463	Alaska	Eisenach	state = 463
common\scripted_triggers\00_scripted_triggers_FR_loc.txt	3667	470	Alberta	Vlaams-Brabant	state = 470
common\scripted_triggers\00_scripted_triggers_FR_loc.txt	3668	519	South Australia	Soissons	state = 519
common\scripted_triggers\00_scripted_triggers_FR_loc.txt	3669	522	Western Australia	Tachau	state = 522
common\scripted_triggers\00_scripted_triggers_FR_loc.txt	3670	548	Uganda	Eure	state = 548
common\scripted_triggers\00_scripted_triggers_FR_loc.txt	3671	550	Eritrea	Saris-Zemplin	state = 550
common\scripted_triggers\00_scripted_triggers_FR_loc.txt	3672	660	Equatorial Africa	Jura	state = 660
common\scripted_triggers\00_scripted_triggers_FR_loc.txt	3673	674	Central Australia	Ciuc	state = 674
common\scripted_triggers\00_scripted_triggers_FR_loc.txt	3674	736	Litorale	Timis-Torontal	state = 736
common\scripted_triggers\00_scripted_triggers_FR_loc.txt	3675	794	Eastern Aragon	Ismail	state = 794
common\scripted_triggers\00_scripted_triggers_FR_loc.txt	3683	124	Gotland	Oslo	state = 124
common\scripted_triggers\00_scripted_triggers_FR_loc.txt	3684	333	British Borneo	Offaly	state = 333
common\scripted_triggers\00_scripted_triggers_FR_loc.txt	3685	334	Kalimantan Barat	Caernarvonshire	state = 334
common\scripted_triggers\00_scripted_triggers_FR_loc.txt	3686	335	West Java	Koscian	state = 335
common\scripted_triggers\00_scripted_triggers_FR_loc.txt	3687	528	Nagasaki	Zlin	state = 528
common\scripted_triggers\00_scripted_triggers_FR_loc.txt	3688	530	Tokushima	Buchen	state = 530
common\scripted_triggers\00_scripted_triggers_FR_loc.txt	3689	623	Luzon	Zaporozhye	state = 623
common\scripted_triggers\00_scripted_triggers_FR_loc.txt	3690	625	Samar	Bischofshofen	state = 625
common\scripted_triggers\00_scripted_triggers_FR_loc.txt	3691	626	Palawan	Cote-d'Or	state = 626
common\scripted_triggers\00_scripted_triggers_FR_loc.txt	3692	627	Mindanao	Haute-Saone	state = 627
common\scripted_triggers\00_scripted_triggers_FR_loc.txt	3693	628	Cebu	Maramures	state = 628
common\scripted_triggers\00_scripted_triggers_FR_loc.txt	3694	646	Saipan	Jasz-Nagykun-Szolnok	state = 646
common\scripted_triggers\00_scripted_triggers_FR_loc.txt	3695	648	Marcus Island	Fejer	state = 648
common\scripted_triggers\00_scripted_triggers_FR_loc.txt	3696	697	Madeira	Tolna	state = 697
common\scripted_triggers\00_scripted_triggers_FR_loc.txt	3697	704	Saint Helena	Belluno	state = 704
common\scripted_triggers\00_scripted_triggers_FR_loc.txt	3698	705	Sao Tome	Arad	state = 705
common\scripted_triggers\00_scripted_triggers_FR_loc.txt	3699	710	Diego Garcia	Wallis	state = 710
common\scripted_triggers\00_scripted_triggers_FR_loc.txt	3700	737	New Britain	Brasov	state = 737
common\scripted_triggers\00_scripted_triggers_FR_loc.txt	3708	145	Aland	Laane	state = 145
common\scripted_triggers\00_scripted_triggers_FR_loc.txt	3709	536	Hokkaido	Brno	state = 536
common\scripted_triggers\00_scripted_triggers_FR_loc.txt	3710	650	Attu Island	Bourges	state = 650
common\scripted_triggers\00_scripted_triggers_FR_loc.txt	3718	284	New Zealand	Suwalki	state = 284
common\scripted_triggers\00_scripted_triggers_FR_loc.txt	3719	587	Western Kazakstan	Ille-et-Vilaine	state = 587
common\scripted_triggers\00_scripted_triggers_FR_loc.txt	3720	630	Johnston Atoll	Kalmykia	state = 630
common\scripted_triggers\00_scripted_triggers_FR_loc.txt	3721	703	Ascension	Drava	state = 703
common\scripted_triggers\00_scripted_triggers_FR_loc.txt	3722	711	Christmas Island	Csanad, Arad es Torontal	state = 711
common\scripted_triggers\00_scripted_triggers_FR_loc.txt	3723	723	Southern Island	Haute-Vienne	state = 723
common\scripted_triggers\00_scripted_triggers_FR_loc.txt	3724	740	Vancouver Island	Montmorillon	state = 740
common\scripted_triggers\00_scripted_triggers_FR_loc.txt	3734	2	Italy	Massachusetts	state = 2
common\scripted_triggers\00_scripted_triggers_FR_loc.txt	3735	8	Luxemburg	Nova Scotia	state = 8
common\scripted_triggers\00_scripted_triggers_FR_loc.txt	3736	12	Latvia	Vermont	state = 12
common\scripted_triggers\00_scripted_triggers_FR_loc.txt	3737	13	Estonia	Troms	state = 13
common\scripted_triggers\00_scripted_triggers_FR_loc.txt	3738	20	Franche-comte	Maribo	state = 20
common\scripted_triggers\00_scripted_triggers_FR_loc.txt	3739	22	Roussillion	Kalastajasaarento	state = 22
common\scripted_triggers\00_scripted_triggers_FR_loc.txt	3740	23	Poitou	Norrbotten	state = 23
common\scripted_triggers\00_scripted_triggers_FR_loc.txt	3741	24	Centre	Petrozavodsk	state = 24
common\scripted_triggers\00_scripted_triggers_FR_loc.txt	3742	25	Limousin	Nordland	state = 25
common\scripted_triggers\00_scripted_triggers_FR_loc.txt	3743	29	Pas de Calais	Suursaari	state = 29
common\scripted_triggers\00_scripted_triggers_FR_loc.txt	3744	33	Centre sud	Vanha Salla	state = 33
common\scripted_triggers\00_scripted_triggers_FR_loc.txt	3745	35	Gelderland	Komi	state = 35
common\scripted_triggers\00_scripted_triggers_FR_loc.txt	3746	37	Denmark	Fontainebleau	state = 37
common\scripted_triggers\00_scripted_triggers_FR_loc.txt	3747	38	Sweden	Ukhta	state = 38
common\scripted_triggers\00_scripted_triggers_FR_loc.txt	3748	39	South Tyrol	Belomorsk	state = 39
common\scripted_triggers\00_scripted_triggers_FR_loc.txt	3749	42	Rhineland	Pohjois-Pohjanmaa	state = 42
common\scripted_triggers\00_scripted_triggers_FR_loc.txt	3750	50	Baden	Kainuu	state = 50
common\scripted_triggers\00_scripted_triggers_FR_loc.txt	3751	58	Schleswig - Holstein	Hauts-de-Seine	state = 58
common\scripted_triggers\00_scripted_triggers_FR_loc.txt	3752	59	Ost - Hannover	Suoyarvi	state = 59
common\scripted_triggers\00_scripted_triggers_FR_loc.txt	3753	61	Mecklenburg	Pudozh	state = 61
common\scripted_triggers\00_scripted_triggers_FR_loc.txt	3754	64	Brandenburg	Newfoundland	state = 64
common\scripted_triggers\00_scripted_triggers_FR_loc.txt	3755	82	Banat	Chodziez	state = 82
common\scripted_triggers\00_scripted_triggers_FR_loc.txt	3756	99	Jutland	Gniezno	state = 99
common\scripted_triggers\00_scripted_triggers_FR_loc.txt	3757	101	Greenland	Taurages	state = 101
common\scripted_triggers\00_scripted_triggers_FR_loc.txt	3758	105	Montenegro	Hankoniemi	state = 105
common\scripted_triggers\00_scripted_triggers_FR_loc.txt	3759	113	Ireland	Terijoki	state = 113
common\scripted_triggers\00_scripted_triggers_FR_loc.txt	3760	121	Scottish Lowlands	Vastmanland	state = 121
common\scripted_triggers\00_scripted_triggers_FR_loc.txt	3761	122	Wales	Poznan	state = 122
common\scripted_triggers\00_scripted_triggers_FR_loc.txt	3762	126	Greater London Area	Glasgow	state = 126
common\scripted_triggers\00_scripted_triggers_FR_loc.txt	3763	127	South-east England	Leningrad Oblast	state = 127
common\scripted_triggers\00_scripted_triggers_FR_loc.txt	3764	130	Yorkshire	Isle of Mann	state = 130
common\scripted_triggers\00_scripted_triggers_FR_loc.txt	3765	131	Northern England	Vestfold	state = 131
common\scripted_triggers\00_scripted_triggers_FR_loc.txt	3766	132	North-west England	Aust-Agder	state = 132
common\scripted_triggers\00_scripted_triggers_FR_loc.txt	3767	133	Strathclyde	Harju	state = 133
common\scripted_triggers\00_scripted_triggers_FR_loc.txt	3768	134	Connaught	Narva	state = 134
common\scripted_triggers\00_scripted_triggers_FR_loc.txt	3769	135	Munster	Kostroma	state = 135
common\scripted_triggers\00_scripted_triggers_FR_loc.txt	3770	139	Smaland	Abenra-Sonderborg	state = 139
common\scripted_triggers\00_scripted_triggers_FR_loc.txt	3771	140	Vaster Gotland	Hjorring	state = 140
common\scripted_triggers\00_scripted_triggers_FR_loc.txt	3772	141	Sodermanland	Stockholm	state = 141
common\scripted_triggers\00_scripted_triggers_FR_loc.txt	3773	142	Vestlandet	Staraya Russa	state = 142
common\scripted_triggers\00_scripted_triggers_FR_loc.txt	3774	143	Midt-Noreg	Jarva	state = 143
common\scripted_triggers\00_scripted_triggers_FR_loc.txt	3775	144	Nord-Noreg	Thisted	state = 144
common\scripted_triggers\00_scripted_triggers_FR_loc.txt	3776	153	Tyrol	Yaroslavl	state = 153
common\scripted_triggers\00_scripted_triggers_FR_loc.txt	3777	158	Piedmont	Caithness	state = 158
common\scripted_triggers\00_scripted_triggers_FR_loc.txt	3778	164	Dodecanese	Bornholm	state = 164
common\scripted_triggers\00_scripted_triggers_FR_loc.txt	3779	174	Leon	Liepaja	state = 174
common\scripted_triggers\00_scripted_triggers_FR_loc.txt	3780	186	Peloponnese	Mari El	state = 186
common\scripted_triggers\00_scripted_triggers_FR_loc.txt	3781	272	French Africa	Fermanagh	state = 272
common\scripted_triggers\00_scripted_triggers_FR_loc.txt	3782	273	Italian Africa	Kolberg	state = 273
common\scripted_triggers\00_scripted_triggers_FR_loc.txt	3783	274	British Africa	Alytaus	state = 274
common\scripted_triggers\00_scripted_triggers_FR_loc.txt	3784	275	South Africa	Traku	state = 275
common\scripted_triggers\00_scripted_triggers_FR_loc.txt	3785	276	Canada	Armagh	state = 276
common\scripted_triggers\00_scripted_triggers_FR_loc.txt	3786	280	Brazil	Danzig	state = 280
common\scripted_triggers\00_scripted_triggers_FR_loc.txt	3787	282	Japan	Rastenburg	state = 282
common\scripted_triggers\00_scripted_triggers_FR_loc.txt	3788	283	China	Monaghan	state = 283
common\scripted_triggers\00_scripted_triggers_FR_loc.txt	3789	287	Sinkiang	Brodnica	state = 287
common\scripted_triggers\00_scripted_triggers_FR_loc.txt	3790	289	Western Siam	Schwerin	state = 289
common\scripted_triggers\00_scripted_triggers_FR_loc.txt	3791	290	Spanish Africa	East Riding	state = 290
common\scripted_triggers\00_scripted_triggers_FR_loc.txt	3792	292	Saudi Arabia	Baranowicze	state = 292
common\scripted_triggers\00_scripted_triggers_FR_loc.txt	3793	293	Yemen	Lancashire	state = 293
common\scripted_triggers\00_scripted_triggers_FR_loc.txt	3794	298	Liberia	Kletnya	state = 298
common\scripted_triggers\00_scripted_triggers_FR_loc.txt	3795	301	paraguay	Schneidemuhl	state = 301
common\scripted_triggers\00_scripted_triggers_FR_loc.txt	3796	304	Panama	Meath	state = 304
common\scripted_triggers\00_scripted_triggers_FR_loc.txt	3797	306	Colombia	Augustow	state = 306
common\scripted_triggers\00_scripted_triggers_FR_loc.txt	3798	307	Venezuela	Slonim	state = 307
common\scripted_triggers\00_scripted_triggers_FR_loc.txt	3799	309	Dutch SA	Tambov	state = 309
common\scripted_triggers\00_scripted_triggers_FR_loc.txt	3800	311	BritMex	Plock	state = 311
common\scripted_triggers\00_scripted_triggers_FR_loc.txt	3801	312	Honduras	Lomza	state = 312
common\scripted_triggers\00_scripted_triggers_FR_loc.txt	3802	313	Guatemala	Lincolnshire	state = 313
common\scripted_triggers\00_scripted_triggers_FR_loc.txt	3803	314	El Salvador	Wilhelmshaven	state = 314
common\scripted_triggers\00_scripted_triggers_FR_loc.txt	3804	316	Costa Rica	Emden	state = 316
common\scripted_triggers\00_scripted_triggers_FR_loc.txt	3805	317	Nicaragua	Galway	state = 317
common\scripted_triggers\00_scripted_triggers_FR_loc.txt	3806	322	Tibet	Oldenburg	state = 322
common\scripted_triggers\00_scripted_triggers_FR_loc.txt	3807	323	Nepal	Dankov	state = 323
common\scripted_triggers\00_scripted_triggers_FR_loc.txt	3808	324	Bhutan	Cheshire	state = 324
common\scripted_triggers\00_scripted_triggers_FR_loc.txt	3809	325	Yunnan	Derbyshire	state = 325
common\scripted_triggers\00_scripted_triggers_FR_loc.txt	3810	328	Manchukuo	Nottinghamshire	state = 328
common\scripted_triggers\00_scripted_triggers_FR_loc.txt	3811	329	Tannu Tuva	Gostynin	state = 329
common\scripted_triggers\00_scripted_triggers_FR_loc.txt	3812	332	Labrador	Celle	state = 332
common\scripted_triggers\00_scripted_triggers_FR_loc.txt	3813	338	Gloucestershire	Flintshire	state = 338
common\scripted_triggers\00_scripted_triggers_FR_loc.txt	3814	359	New Jersey	Lipetsk	state = 359
common\scripted_triggers\00_scripted_triggers_FR_loc.txt	3815	361	Maryland	Kilkenny	state = 361
common\scripted_triggers\00_scripted_triggers_FR_loc.txt	3816	368	Tennesse	Wexford	state = 368
common\scripted_triggers\00_scripted_triggers_FR_loc.txt	3817	369	Kentucky	Northamptonshire	state = 369
common\scripted_triggers\00_scripted_triggers_FR_loc.txt	3818	370	Mississippi	Grojec	state = 370
common\scripted_triggers\00_scripted_triggers_FR_loc.txt	3819	373	Missouri	Osnabruck	state = 373
common\scripted_triggers\00_scripted_triggers_FR_loc.txt	3820	375	Texas	Rutland	state = 375
common\scripted_triggers\00_scripted_triggers_FR_loc.txt	3821	376	New Mexico	Przasnysz	state = 376
common\scripted_triggers\00_scripted_triggers_FR_loc.txt	3822	379	Nevada	Huntingdonshire	state = 379
common\scripted_triggers\00_scripted_triggers_FR_loc.txt	3823	381	Wyoming	Lodz	state = 381
common\scripted_triggers\00_scripted_triggers_FR_loc.txt	3824	382	Colorado	Paderborn	state = 382
common\scripted_triggers\00_scripted_triggers_FR_loc.txt	3825	383	Kansas	Gelderland	state = 383
common\scripted_triggers\00_scripted_triggers_FR_loc.txt	3826	384	Nebraska	Zhitkovichi	state = 384
common\scripted_triggers\00_scripted_triggers_FR_loc.txt	3827	386	Washington	Suffolk	state = 386
common\scripted_triggers\00_scripted_triggers_FR_loc.txt	3828	388	Montana	Kursk	state = 388
common\scripted_triggers\00_scripted_triggers_FR_loc.txt	3829	389	North Dakota	Radnorshire	state = 389
common\scripted_triggers\00_scripted_triggers_FR_loc.txt	3830	390	South Dakota	Worcestershire	state = 390
common\scripted_triggers\00_scripted_triggers_FR_loc.txt	3831	391	Minnesota	Muenster	state = 391
common\scripted_triggers\00_scripted_triggers_FR_loc.txt	3832	393	Michigan	Hildesheim	state = 393
common\scripted_triggers\00_scripted_triggers_FR_loc.txt	3833	394	Wisconsin	Cork	state = 394
common\scripted_triggers\00_scripted_triggers_FR_loc.txt	3834	410	Sistan	Gloucestershire	state = 410
common\scripted_triggers\00_scripted_triggers_FR_loc.txt	3835	412	Fars	Voronezh	state = 412
common\scripted_triggers\00_scripted_triggers_FR_loc.txt	3836	413	Khuzestan	Essex	state = 413
common\scripted_triggers\00_scripted_triggers_FR_loc.txt	3837	416	Razavi Khorasan	Hertfordshire	state = 416
common\scripted_triggers\00_scripted_triggers_FR_loc.txt	3838	420	Gilan	Sarny	state = 420
common\scripted_triggers\00_scripted_triggers_FR_loc.txt	3839	421	Kurdistan	Radomsko	state = 421
common\scripted_triggers\00_scripted_triggers_FR_loc.txt	3840	428	Western Indian States	Berkshire	state = 428
common\scripted_triggers\00_scripted_triggers_FR_loc.txt	3841	430	Bangladesh	Batys Kazakhstan	state = 430
common\scripted_triggers\00_scripted_triggers_FR_loc.txt	3842	431	Calcutta	Duesseldorf	state = 431
common\scripted_triggers\00_scripted_triggers_FR_loc.txt	3843	433	Rajputana	Dortmund	state = 433
common\scripted_triggers\00_scripted_triggers_FR_loc.txt	3844	435	Bihar	Brent	state = 435
common\scripted_triggers\00_scripted_triggers_FR_loc.txt	3845	440	West Punjab	Erfurt	state = 440
common\scripted_triggers\00_scripted_triggers_FR_loc.txt	3846	441	Kashmir	Gorlitz	state = 441
common\scripted_triggers\00_scripted_triggers_FR_loc.txt	3847	443	Sind	Borispol	state = 443
common\scripted_triggers\00_scripted_triggers_FR_loc.txt	3848	444	Baluchistan States	Antwerpen	state = 444
common\scripted_triggers\00_scripted_triggers_FR_loc.txt	3849	453	Sinai	Hampshire	state = 453
common\scripted_triggers\00_scripted_triggers_FR_loc.txt	3850	457	Aswan	Volgograd	state = 457
common\scripted_triggers\00_scripted_triggers_FR_loc.txt	3851	465	New Brunswick	Siegkreis	state = 465
common\scripted_triggers\00_scripted_triggers_FR_loc.txt	3852	466	Quebec	Hainaut Francais	state = 466
common\scripted_triggers\00_scripted_triggers_FR_loc.txt	3853	467	Manitoba	Sosnowiec	state = 467
common\scripted_triggers\00_scripted_triggers_FR_loc.txt	3854	468	Nunavut	Dorset	state = 468
common\scripted_triggers\00_scripted_triggers_FR_loc.txt	3855	471	Northwestern Canada	Aussig	state = 471
common\scripted_triggers\00_scripted_triggers_FR_loc.txt	3856	472	Northwest Territories	Calais	state = 472
common\scripted_triggers\00_scripted_triggers_FR_loc.txt	3857	474	Yucatan	Limburg	state = 474
common\scripted_triggers\00_scripted_triggers_FR_loc.txt	3858	475	Chiapas	Altenkirchen	state = 475
common\scripted_triggers\00_scripted_triggers_FR_loc.txt	3859	476	Oaxaca	Chemnitz	state = 476
common\scripted_triggers\00_scripted_triggers_FR_loc.txt	3860	477	Veracruz	Schleiden	state = 477
common\scripted_triggers\00_scripted_triggers_FR_loc.txt	3861	478	Nayarit	Giessen	state = 478
common\scripted_triggers\00_scripted_triggers_FR_loc.txt	3862	479	Tamaulipas	Oost Noord-Brabant	state = 479
common\scripted_triggers\00_scripted_triggers_FR_loc.txt	3863	480	Coahuila	Liege	state = 480
common\scripted_triggers\00_scripted_triggers_FR_loc.txt	3864	481	Sinaloa	Katowice	state = 481
common\scripted_triggers\00_scripted_triggers_FR_loc.txt	3865	482	Chihuahua	Hainaut	state = 482
common\scripted_triggers\00_scripted_triggers_FR_loc.txt	3866	483	Sonora	Westerburg	state = 483
common\scripted_triggers\00_scripted_triggers_FR_loc.txt	3867	485	Guerrero	Eupen-Malmedy	state = 485
common\scripted_triggers\00_scripted_triggers_FR_loc.txt	3868	486	Meta	Hradec Kralove	state = 486
common\scripted_triggers\00_scripted_triggers_FR_loc.txt	3869	487	Amazinas	Namur	state = 487
common\scripted_triggers\00_scripted_triggers_FR_loc.txt	3870	488	Bolivar	Koblenz	state = 488
common\scripted_triggers\00_scripted_triggers_FR_loc.txt	3871	489	Monagas	Kladno	state = 489
common\scripted_triggers\00_scripted_triggers_FR_loc.txt	3872	490	Pastaza	Drohobycz	state = 490
common\scripted_triggers\00_scripted_triggers_FR_loc.txt	3873	491	Loreto	Zamosc	state = 491
common\scripted_triggers\00_scripted_triggers_FR_loc.txt	3874	496	Para	Tarnow	state = 496
common\scripted_triggers\00_scripted_triggers_FR_loc.txt	3875	497	Maranhao	Kharkov	state = 497
common\scripted_triggers\00_scripted_triggers_FR_loc.txt	3876	498	Rio Grande	Eger	state = 498
common\scripted_triggers\00_scripted_triggers_FR_loc.txt	3877	502	Rio Grande Sul	Czortkow	state = 502
common\scripted_triggers\00_scripted_triggers_FR_loc.txt	3878	503	Santa Catarina	Bittburg	state = 503
common\scripted_triggers\00_scripted_triggers_FR_loc.txt	3879	505	Goias	Amiens	state = 505
common\scripted_triggers\00_scripted_triggers_FR_loc.txt	3880	508	Argentine Northwest	Warszawa	state = 508
common\scripted_triggers\00_scripted_triggers_FR_loc.txt	3881	509	Gran Chaco	Biala	state = 509
common\scripted_triggers\00_scripted_triggers_FR_loc.txt	3882	514	North Africa	Pardubice	state = 514
common\scripted_triggers\00_scripted_triggers_FR_loc.txt	3883	515	Central Africa	Sedan	state = 515
common\scripted_triggers\00_scripted_triggers_FR_loc.txt	3884	517	Victoria	Seine-Inferieure	state = 517
common\scripted_triggers\00_scripted_triggers_FR_loc.txt	3885	520	Northern Territory	Parsberg	state = 520
common\scripted_triggers\00_scripted_triggers_FR_loc.txt	3886	521	Queensland	Mainz	state = 521
common\scripted_triggers\00_scripted_triggers_FR_loc.txt	3887	531	Osaka	Oise	state = 531
common\scripted_triggers\00_scripted_triggers_FR_loc.txt	3888	532	Nagoya	Olomouc	state = 532
common\scripted_triggers\00_scripted_triggers_FR_loc.txt	3889	533	Akita	Ansbach	state = 533
common\scripted_triggers\00_scripted_triggers_FR_loc.txt	3890	534	Niigata	Manche	state = 534
common\scripted_triggers\00_scripted_triggers_FR_loc.txt	3891	535	Nagano	Jihlava	state = 535
common\scripted_triggers\00_scripted_triggers_FR_loc.txt	3892	538	Cameroun	Verdun	state = 538
common\scripted_triggers\00_scripted_triggers_FR_loc.txt	3893	539	Gabon	Budejovice	state = 539
common\scripted_triggers\00_scripted_triggers_FR_loc.txt	3894	540	Angola	Charente-Vienne	state = 540
common\scripted_triggers\00_scripted_triggers_FR_loc.txt	3895	541	South West Africa	Tatra	state = 541
common\scripted_triggers\00_scripted_triggers_FR_loc.txt	3896	542	Bechuana Land	Nadworna	state = 542
common\scripted_triggers\00_scripted_triggers_FR_loc.txt	3897	544	East Africa	Briey	state = 544
common\scripted_triggers\00_scripted_triggers_FR_loc.txt	3898	546	Tanganyika	Tuchola	state = 546
common\scripted_triggers\00_scripted_triggers_FR_loc.txt	3899	547	East Africa	Moselle	state = 547
common\scripted_triggers\00_scripted_triggers_FR_loc.txt	3900	549	Sudan	Bydgoszcz	state = 549
common\scripted_triggers\00_scripted_triggers_FR_loc.txt	3901	552	Western Egypt	Marne	state = 552
common\scripted_triggers\00_scripted_triggers_FR_loc.txt	3902	553	Lebanon	Heilbronn	state = 553
common\scripted_triggers\00_scripted_triggers_FR_loc.txt	3903	556	Mali	Karlsruhe	state = 556
common\scripted_triggers\00_scripted_triggers_FR_loc.txt	3904	558	Nigeria	Yvelines	state = 558
common\scripted_triggers\00_scripted_triggers_FR_loc.txt	3905	559	Somaliland	Oleksandriia	state = 559
common\scripted_triggers\00_scripted_triggers_FR_loc.txt	3906	591	Hainan	Malacky	state = 591
common\scripted_triggers\00_scripted_triggers_FR_loc.txt	3907	593	Guangdong	Uzhorod a Mukacevo	state = 593
common\scripted_triggers\00_scripted_triggers_FR_loc.txt	3908	595	Fujian	Mayenne	state = 595
common\scripted_triggers\00_scripted_triggers_FR_loc.txt	3909	596	Zhejiang	Borsod	state = 596
common\scripted_triggers\00_scripted_triggers_FR_loc.txt	3910	597	Shandong	Epinal	state = 597
common\scripted_triggers\00_scripted_triggers_FR_loc.txt	3911	598	Jiansu	Saint-Die	state = 598
common\scripted_triggers\00_scripted_triggers_FR_loc.txt	3912	599	Guanxi	Sarthe	state = 599
common\scripted_triggers\00_scripted_triggers_FR_loc.txt	3913	600	Jiangxi	Balti	state = 600
common\scripted_triggers\00_scripted_triggers_FR_loc.txt	3914	601	China 1	Abauj	state = 601
common\scripted_triggers\00_scripted_triggers_FR_loc.txt	3915	602	China 2	Sigmaringen	state = 602
common\scripted_triggers\00_scripted_triggers_FR_loc.txt	3916	603	China 3	Szabolcs	state = 603
common\scripted_triggers\00_scripted_triggers_FR_loc.txt	3917	604	China 4	Auxerre	state = 604
common\scripted_triggers\00_scripted_triggers_FR_loc.txt	3918	605	China 5	Loiret	state = 605
common\scripted_triggers\00_scripted_triggers_FR_loc.txt	3919	607	China 7	Jersey	state = 607
common\scripted_triggers\00_scripted_triggers_FR_loc.txt	3920	609	China 8	Botosani	state = 609
common\scripted_triggers\00_scripted_triggers_FR_loc.txt	3921	610	China 9	Komarom	state = 610
common\scripted_triggers\00_scripted_triggers_FR_loc.txt	3922	611	China 10	Nograd	state = 611
common\scripted_triggers\00_scripted_triggers_FR_loc.txt	3923	612	China 11	Wielun	state = 612
common\scripted_triggers\00_scripted_triggers_FR_loc.txt	3924	614	China 13	Nikolayev	state = 614
common\scripted_triggers\00_scripted_triggers_FR_loc.txt	3925	615	Shanxi	Morbihan	state = 615
common\scripted_triggers\00_scripted_triggers_FR_loc.txt	3926	616	China 14	Konstanz	state = 616
common\scripted_triggers\00_scripted_triggers_FR_loc.txt	3927	619	China 16	Heves	state = 619
common\scripted_triggers\00_scripted_triggers_FR_loc.txt	3928	620	China 17	Loir-et-Cher	state = 620
common\scripted_triggers\00_scripted_triggers_FR_loc.txt	3929	621	China 18	Eisenstadt	state = 621
common\scripted_triggers\00_scripted_triggers_FR_loc.txt	3930	622	China 19	Satu Mare	state = 622
common\scripted_triggers\00_scripted_triggers_FR_loc.txt	3931	637	State 1	Maine-et-Loire	state = 637
common\scripted_triggers\00_scripted_triggers_FR_loc.txt	3932	656	Kuwait	Sieradz	state = 656
common\scripted_triggers\00_scripted_triggers_FR_loc.txt	3933	657	Border state	Kakhovka	state = 657
common\scripted_triggers\00_scripted_triggers_FR_loc.txt	3934	670	Laos	Indre	state = 670
common\scripted_triggers\00_scripted_triggers_FR_loc.txt	3935	671	Annam	Rowne	state = 671
common\scripted_triggers\00_scripted_triggers_FR_loc.txt	3936	675	Al Hajara	Poitiers	state = 675
common\scripted_triggers\00_scripted_triggers_FR_loc.txt	3937	678	Rub al Khali	Chalon-sur-Saone	state = 678
common\scripted_triggers\00_scripted_triggers_FR_loc.txt	3938	679	Hejaz	Lienz	state = 679
common\scripted_triggers\00_scripted_triggers_FR_loc.txt	3939	683	Northeastern Canada	Trento	state = 683
common\scripted_triggers\00_scripted_triggers_FR_loc.txt	3940	685	Panama Canal	Graubunden	state = 685
common\scripted_triggers\00_scripted_triggers_FR_loc.txt	3941	688	Chaco Boreal	Lons-le-Saunier	state = 688
common\scripted_triggers\00_scripted_triggers_FR_loc.txt	3942	699	Rio de Oro	Allier	state = 699
common\scripted_triggers\00_scripted_triggers_FR_loc.txt	3943	702	Cape Verde	Chevagnes	state = 702
common\scripted_triggers\00_scripted_triggers_FR_loc.txt	3944	714	Heilungkiang	Gorenjska	state = 714
common\scripted_triggers\00_scripted_triggers_FR_loc.txt	3945	715	Liaoning	Ain	state = 715
common\scripted_triggers\00_scripted_triggers_FR_loc.txt	3946	716	Liaotung	Mangystau	state = 716
common\scripted_triggers\00_scripted_triggers_FR_loc.txt	3947	717	Chuho	Creuse	state = 717
common\scripted_triggers\00_scripted_triggers_FR_loc.txt	3948	719	Natal	Annecy	state = 719
common\scripted_triggers\00_scripted_triggers_FR_loc.txt	3949	721	Portuguese Timor	Osijek	state = 721
common\scripted_triggers\00_scripted_triggers_FR_loc.txt	3950	728	Guangzhouwan	Rhone	state = 728
common\scripted_triggers\00_scripted_triggers_FR_loc.txt	3951	732	Pamir	Stavropol	state = 732
common\scripted_triggers\00_scripted_triggers_FR_loc.txt	3952	741	Cambodia	Charente	state = 741
common\scripted_triggers\00_scripted_triggers_FR_loc.txt	3953	759	Kunlun	Valcea	state = 759
common\scripted_triggers\00_scripted_triggers_FR_loc.txt	3954	764	West Banat	Prahova	state = 764
common\scripted_triggers\00_scripted_triggers_FR_loc.txt	3955	765	Qatar	Braila	state = 765
common\scripted_triggers\00_scripted_triggers_FR_loc.txt	3956	767	North Darfur	Tulcea	state = 767
common\scripted_triggers\00_scripted_triggers_FR_loc.txt	3957	768	Rwanda	Dambovita	state = 768
common\scripted_triggers\00_scripted_triggers_FR_loc.txt	3958	769	Burundi	Kerch	state = 769
common\scripted_triggers\00_scripted_triggers_FR_loc.txt	3959	770	Malawi	Haute-Loire	state = 770
common\scripted_triggers\00_scripted_triggers_FR_loc.txt	3960	772	Middle Congo	Ardeche	state = 772
common\scripted_triggers\00_scripted_triggers_FR_loc.txt	3961	773	Cameroon	Drome	state = 773
common\scripted_triggers\00_scripted_triggers_FR_loc.txt	3962	774	Chad	Gorj	state = 774
common\scripted_triggers\00_scripted_triggers_FR_loc.txt	3963	775	B.E.T.	Stara Pazova	state = 775
common\scripted_triggers\00_scripted_triggers_FR_loc.txt	3964	776	Dahomey	Usora	state = 776
common\scripted_triggers\00_scripted_triggers_FR_loc.txt	3965	777	Togo	Bihac	state = 777
common\scripted_triggers\00_scripted_triggers_FR_loc.txt	3966	781	Niger	Mehedinti	state = 781
common\scripted_triggers\00_scripted_triggers_FR_loc.txt	3967	786	Mauritanian Desert	Lozere	state = 786
common\scripted_triggers\00_scripted_triggers_FR_loc.txt	3968	787	North Kashmir	Aveyron	state = 787
common\scripted_triggers\00_scripted_triggers_FR_loc.txt	3969	792	Basque Country	Zenica	state = 792
common\scripted_triggers\00_scripted_triggers_FR_loc.txt	3970	796	North Angola	Nis	state = 796
common\scripted_triggers\00_scripted_triggers_FR_loc.txt	3977	124	Gotland	Oslo	state = 124
common\scripted_triggers\00_scripted_triggers_FR_loc.txt	3978	183	Cyprus	Inverness	state = 183
common\scripted_triggers\00_scripted_triggers_FR_loc.txt	3979	315	Cuba	Kobenhavn	state = 315
common\scripted_triggers\00_scripted_triggers_FR_loc.txt	3980	319	Dominican Republic	Bielsk	state = 319
common\scripted_triggers\00_scripted_triggers_FR_loc.txt	3981	334	Kalimantan Barat	Caernarvonshire	state = 334
common\scripted_triggers\00_scripted_triggers_FR_loc.txt	3982	446	Cairo	Kent	state = 446
common\scripted_triggers\00_scripted_triggers_FR_loc.txt	3983	524	Taiwan	Zweibruecken	state = 524
common\scripted_triggers\00_scripted_triggers_FR_loc.txt	3984	528	Nagasaki	Zlin	state = 528
common\scripted_triggers\00_scripted_triggers_FR_loc.txt	3985	529	Hiroshima	Jicin	state = 529
common\scripted_triggers\00_scripted_triggers_FR_loc.txt	3986	530	Tokushima	Buchen	state = 530
common\scripted_triggers\00_scripted_triggers_FR_loc.txt	3987	543	Madagascar	Bar-le-Duc	state = 543
common\scripted_triggers\00_scripted_triggers_FR_loc.txt	3988	681	Soviet Lakes	Klagenfurt	state = 681
common\scripted_triggers\00_scripted_triggers_FR_loc.txt	3989	695	Curacao	Prekmurje	state = 695
common\scripted_triggers\00_scripted_triggers_FR_loc.txt	3990	705	Sao Tome	Arad	state = 705
common\scripted_triggers\00_scripted_triggers_FR_loc.txt	3991	707	Mauritius	Vaud	state = 707
common\scripted_triggers\00_scripted_triggers_FR_loc.txt	3992	710	Diego Garcia	Wallis	state = 710
common\scripted_triggers\00_scripted_triggers_FR_loc.txt	3993	725	Nauru	Charente-Inferieure	state = 725
common\scripted_triggers\00_scripted_triggers_FR_loc.txt	3994	730	St Pierre and Miquelon 	Sibiu	state = 730
common\scripted_triggers\00_scripted_triggers_FR_loc.txt	3995	737	New Britain	Brasov	state = 737
common\scripted_triggers\00_scripted_triggers_FR_loc.txt	4002	110	Norway	Varmland	state = 110
common\scripted_triggers\00_scripted_triggers_FR_loc.txt	4003	166	Western Aragon	Valga	state = 166
common\scripted_triggers\00_scripted_triggers_FR_loc.txt	4004	229	baku	Moscow	state = 229
common\scripted_triggers\00_scripted_triggers_FR_loc.txt	4005	261	USA	Ulyanovsk	state = 261
common\scripted_triggers\00_scripted_triggers_FR_loc.txt	4006	300	Uruguay	Grodno	state = 300
common\scripted_triggers\00_scripted_triggers_FR_loc.txt	4007	305	Ecuador	Rotenburg	state = 305
common\scripted_triggers\00_scripted_triggers_FR_loc.txt	4008	367	Alabama	Kobryn	state = 367
common\scripted_triggers\00_scripted_triggers_FR_loc.txt	4009	372	Arkansas	Cambridgeshire	state = 372
common\scripted_triggers\00_scripted_triggers_FR_loc.txt	4010	374	Oklahoma	Warkwickshire	state = 374
common\scripted_triggers\00_scripted_triggers_FR_loc.txt	4011	377	Arizona	Lublin	state = 377
common\scripted_triggers\00_scripted_triggers_FR_loc.txt	4012	392	Iowa	Braunschweig	state = 392
common\scripted_triggers\00_scripted_triggers_FR_loc.txt	4013	426	Orissa	Glamorganshire	state = 426
common\scripted_triggers\00_scripted_triggers_FR_loc.txt	4014	432	Assam	Limburg Voormaas	state = 432
common\scripted_triggers\00_scripted_triggers_FR_loc.txt	4015	434	Arunachal Pradesh	Wlodzimierz Wolynski	state = 434
common\scripted_triggers\00_scripted_triggers_FR_loc.txt	4016	548	Uganda	Eure	state = 548
common\scripted_triggers\00_scripted_triggers_FR_loc.txt	4017	794	Eastern Aragon	Ismail	state = 794
common\scripted_triggers\00_scripted_triggers_FR_loc.txt	4024	136	Aberdeenshire	Sodermanland	state = 136
common\scripted_triggers\00_scripted_triggers_FR_loc.txt	4025	154	Southern plain	Tver	state = 154
common\scripted_triggers\00_scripted_triggers_FR_loc.txt	4026	380	Utah	Cardiganshire	state = 380
common\scripted_triggers\00_scripted_triggers_FR_loc.txt	4027	385	Oregon	Seine-Saint-Denis	state = 385
common\scripted_triggers\00_scripted_triggers_FR_loc.txt	4028	387	Idaho	Myszyniec	state = 387
common\scripted_triggers\00_scripted_triggers_FR_loc.txt	4029	395	Illinois	Waterford	state = 395
common\scripted_triggers\00_scripted_triggers_FR_loc.txt	4030	396	Indiana	Herefordshire	state = 396
common\scripted_triggers\00_scripted_triggers_FR_loc.txt	4031	494	Ucayali	Lubny	state = 494
common\scripted_triggers\00_scripted_triggers_FR_loc.txt	4032	495	Amazonas	Bayreuth	state = 495
common\scripted_triggers\00_scripted_triggers_FR_loc.txt	4033	504	Iguacu	Zwittau	state = 504
common\scripted_triggers\00_scripted_triggers_FR_loc.txt	4034	561	TS 3	Atyrau	state = 561
common\scripted_triggers\00_scripted_triggers_FR_loc.txt	4035	581	Northern Urals	Ravensburg	state = 581
common\scripted_triggers\00_scripted_triggers_FR_loc.txt	4036	587	Western Kazakstan	Ille-et-Vilaine	state = 587
common\scripted_triggers\00_scripted_triggers_FR_loc.txt	4037	606	China 6	Haut-Rhin	state = 606
common\scripted_triggers\00_scripted_triggers_FR_loc.txt	4038	630	Johnston Atoll	Kalmykia	state = 630
common\scripted_triggers\00_scripted_triggers_FR_loc.txt	4039	682	Northern Ontario	Deux-Sevres	state = 682
common\scripted_triggers\00_scripted_triggers_FR_loc.txt	4046	145	Aland	Laane	state = 145
common\scripted_triggers\00_scripted_triggers_FR_loc.txt	4047	318	Haiti	Oryol	state = 318
common\scripted_triggers\00_scripted_triggers_FR_loc.txt	4048	526	Okinawa	Zaolzie	state = 526
common\scripted_triggers\00_scripted_triggers_FR_loc.txt	4049	536	Hokkaido	Brno	state = 536
common\scripted_triggers\00_scripted_triggers_FR_loc.txt	4050	650	Attu Island	Bourges	state = 650
common\scripted_triggers\00_scripted_triggers_FR_loc.txt	4057	1	France	Quebec	state = 1
common\scripted_triggers\00_scripted_triggers_FR_loc.txt	4058	3	Swiss Plateau	West Berlin	state = 3
common\scripted_triggers\00_scripted_triggers_FR_loc.txt	4059	4	Austria	Finnmark	state = 4
common\scripted_triggers\00_scripted_triggers_FR_loc.txt	4060	7	Holland	Maine	state = 7
common\scripted_triggers\00_scripted_triggers_FR_loc.txt	4061	9	Czechoslovakia	Ontario	state = 9
common\scripted_triggers\00_scripted_triggers_FR_loc.txt	4062	14	Brittany	Lappi	state = 14
common\scripted_triggers\00_scripted_triggers_FR_loc.txt	4063	15	Normandy	Arhus	state = 15
common\scripted_triggers\00_scripted_triggers_FR_loc.txt	4064	17	Alcase Lorraine	Petsamo	state = 17
common\scripted_triggers\00_scripted_triggers_FR_loc.txt	4065	18	Champagne	Connecticut	state = 18
common\scripted_triggers\00_scripted_triggers_FR_loc.txt	4066	21	Bouches-du-Rhone	Pennsylvania	state = 21
common\scripted_triggers\00_scripted_triggers_FR_loc.txt	4067	27	Champagne2	Nenets	state = 27
common\scripted_triggers\00_scripted_triggers_FR_loc.txt	4068	30	Loire	Medvezhyegorsk	state = 30
common\scripted_triggers\00_scripted_triggers_FR_loc.txt	4069	34	Wallonie	Skanderborg	state = 34
common\scripted_triggers\00_scripted_triggers_FR_loc.txt	4070	36	Friesland	Lavansaari	state = 36
common\scripted_triggers\00_scripted_triggers_FR_loc.txt	4071	43	Hungary	Delaware	state = 43
common\scripted_triggers\00_scripted_triggers_FR_loc.txt	4072	45	Yugoslavia	Vasterbotten	state = 45
common\scripted_triggers\00_scripted_triggers_FR_loc.txt	4073	46	Romania	Krasnystaw	state = 46
common\scripted_triggers\00_scripted_triggers_FR_loc.txt	4074	47	Greece	New Jersey	state = 47
common\scripted_triggers\00_scripted_triggers_FR_loc.txt	4075	51	Moselland	Vesturland	state = 51
common\scripted_triggers\00_scripted_triggers_FR_loc.txt	4076	52	Wuttemberg	Segezha	state = 52
common\scripted_triggers\00_scripted_triggers_FR_loc.txt	4077	53	Oberbayern	Nord-Trondelag	state = 53
common\scripted_triggers\00_scripted_triggers_FR_loc.txt	4078	54	Bayreuth	Jamtland	state = 54
common\scripted_triggers\00_scripted_triggers_FR_loc.txt	4079	55	Nassau	Rhode Island	state = 55
common\scripted_triggers\00_scripted_triggers_FR_loc.txt	4080	56	Weser-Ems	Sudurland	state = 56
common\scripted_triggers\00_scripted_triggers_FR_loc.txt	4081	57	Westfalen	Olonets	state = 57
common\scripted_triggers\00_scripted_triggers_FR_loc.txt	4082	60	Sud-Hannover	Prince Edward Island	state = 60
common\scripted_triggers\00_scripted_triggers_FR_loc.txt	4083	62	Pommern	Repola	state = 62
common\scripted_triggers\00_scripted_triggers_FR_loc.txt	4084	63	WestPrussen	Keski-Pohjanmaa	state = 63
common\scripted_triggers\00_scripted_triggers_FR_loc.txt	4085	65	Sachsen	Pohjois-Savo	state = 65
common\scripted_triggers\00_scripted_triggers_FR_loc.txt	4086	66	Niederschlesien	Vasternorrland	state = 66
common\scripted_triggers\00_scripted_triggers_FR_loc.txt	4087	67	Oberschlesien	Kuldiga	state = 67
common\scripted_triggers\00_scripted_triggers_FR_loc.txt	4088	70	Slovakia	Soro	state = 70
common\scripted_triggers\00_scripted_triggers_FR_loc.txt	4089	71	East Slovakia	Sor-Trondelag	state = 71
common\scripted_triggers\00_scripted_triggers_FR_loc.txt	4090	72	Zaolzie	Keski-Suomi	state = 72
common\scripted_triggers\00_scripted_triggers_FR_loc.txt	4091	73	Carpathian Ruthenia	Etela-Pohjanmaa	state = 73
common\scripted_triggers\00_scripted_triggers_FR_loc.txt	4092	75	Moravia	More og Romsdal	state = 75
common\scripted_triggers\00_scripted_triggers_FR_loc.txt	4093	76	Northern Transylvania	Randers	state = 76
common\scripted_triggers\00_scripted_triggers_FR_loc.txt	4094	77	Dobrogea	Viipuri	state = 77
common\scripted_triggers\00_scripted_triggers_FR_loc.txt	4095	78	Bessarabia	Hedmark	state = 78
common\scripted_triggers\00_scripted_triggers_FR_loc.txt	4096	79	moldovia	Nowy Tomysl	state = 79
common\scripted_triggers\00_scripted_triggers_FR_loc.txt	4097	80	Bocovina	Ostrow Wiel	state = 80
common\scripted_triggers\00_scripted_triggers_FR_loc.txt	4098	83	crisana	Oppland	state = 83
common\scripted_triggers\00_scripted_triggers_FR_loc.txt	4099	84	Transylvania	Gavleborg	state = 84
common\scripted_triggers\00_scripted_triggers_FR_loc.txt	4100	93	Volhynian	Etela-Karjala	state = 93
common\scripted_triggers\00_scripted_triggers_FR_loc.txt	4101	94	Polesie	Ilukste	state = 94
common\scripted_triggers\00_scripted_triggers_FR_loc.txt	4102	102	North-Eastern Slovenia	Volkhov	state = 102
common\scripted_triggers\00_scripted_triggers_FR_loc.txt	4103	103	Croatia	Kanta-Hame	state = 103
common\scripted_triggers\00_scripted_triggers_FR_loc.txt	4104	104	Bosnia	Haderslev	state = 104
common\scripted_triggers\00_scripted_triggers_FR_loc.txt	4105	106	Macedonia	Buskerud	state = 106
common\scripted_triggers\00_scripted_triggers_FR_loc.txt	4106	107	Kosavo	Mazeikiu	state = 107
common\scripted_triggers\00_scripted_triggers_FR_loc.txt	4107	108	Eastern Serbia	Kirov	state = 108
common\scripted_triggers\00_scripted_triggers_FR_loc.txt	4108	109	Eastern Croatia	Varsinais-Suomi	state = 109
common\scripted_triggers\00_scripted_triggers_FR_loc.txt	4109	114	Sardinia	Uusimaa	state = 114
common\scripted_triggers\00_scripted_triggers_FR_loc.txt	4110	115	Sicily	Kymenlaakso	state = 115
common\scripted_triggers\00_scripted_triggers_FR_loc.txt	4111	117	Napoli	Uppsala	state = 117
common\scripted_triggers\00_scripted_triggers_FR_loc.txt	4112	137	Crimea	Jaanilinn	state = 137
common\scripted_triggers\00_scripted_triggers_FR_loc.txt	4113	138	Skane	Novgorod	state = 138
common\scripted_triggers\00_scripted_triggers_FR_loc.txt	4114	146	Karelia	Saaremaa	state = 146
common\scripted_triggers\00_scripted_triggers_FR_loc.txt	4115	150	Kuopio	Ostergotland	state = 150
common\scripted_triggers\00_scripted_triggers_FR_loc.txt	4116	151	Eastern Swiss Alps	Pskov	state = 151
common\scripted_triggers\00_scripted_triggers_FR_loc.txt	4117	152	Upper Austria	Tarto	state = 152
common\scripted_triggers\00_scripted_triggers_FR_loc.txt	4118	155	Western Hungary	Parnu	state = 155
common\scripted_triggers\00_scripted_triggers_FR_loc.txt	4119	156	Calabria	Viljandi	state = 156
common\scripted_triggers\00_scripted_triggers_FR_loc.txt	4120	159	Lombardy	Hofudborgarsvaedid	state = 159
common\scripted_triggers\00_scripted_triggers_FR_loc.txt	4121	160	Veneto	Sudurnes	state = 160
common\scripted_triggers\00_scripted_triggers_FR_loc.txt	4122	162	Tuscany	Udmurt	state = 162
common\scripted_triggers\00_scripted_triggers_FR_loc.txt	4123	165	Catalonia	Petseri	state = 165
common\scripted_triggers\00_scripted_triggers_FR_loc.txt	4124	171	Galicia	Nizhny Novgorod	state = 171
common\scripted_triggers\00_scripted_triggers_FR_loc.txt	4125	172	Navarre	Riga	state = 172
common\scripted_triggers\00_scripted_triggers_FR_loc.txt	4126	182	Crete	Nairn	state = 182
common\scripted_triggers\00_scripted_triggers_FR_loc.txt	4127	184	Thrace	Halland	state = 184
common\scripted_triggers\00_scripted_triggers_FR_loc.txt	4128	190	Kurzeme	Kronoberg	state = 190
common\scripted_triggers\00_scripted_triggers_FR_loc.txt	4129	231	Georgia	Lida	state = 231
common\scripted_triggers\00_scripted_triggers_FR_loc.txt	4130	268	French Somaliland	Down	state = 268
common\scripted_triggers\00_scripted_triggers_FR_loc.txt	4131	269	British Somaliland	Westmorland	state = 269
common\scripted_triggers\00_scripted_triggers_FR_loc.txt	4132	278	Argentina	Chausy	state = 278
common\scripted_triggers\00_scripted_triggers_FR_loc.txt	4133	285	Austraila	Orenburg	state = 285
common\scripted_triggers\00_scripted_triggers_FR_loc.txt	4134	286	Indochina	West Riding	state = 286
common\scripted_triggers\00_scripted_triggers_FR_loc.txt	4135	288	Magwe	Mayo	state = 288
common\scripted_triggers\00_scripted_triggers_FR_loc.txt	4136	296	Portugal Africa	Roscommon	state = 296
common\scripted_triggers\00_scripted_triggers_FR_loc.txt	4137	297	Belgian Africa	Louth	state = 297
common\scripted_triggers\00_scripted_triggers_FR_loc.txt	4138	310	French SA	Torun	state = 310
common\scripted_triggers\00_scripted_triggers_FR_loc.txt	4139	330	Mongolia	Lokot	state = 330
common\scripted_triggers\00_scripted_triggers_FR_loc.txt	4140	357	New England	Leicestershire	state = 357
common\scripted_triggers\00_scripted_triggers_FR_loc.txt	4141	360	Pennsylvania	Carlow	state = 360
common\scripted_triggers\00_scripted_triggers_FR_loc.txt	4142	362	Virginia	Montgomeryshire	state = 362
common\scripted_triggers\00_scripted_triggers_FR_loc.txt	4143	363	North Carolina	Herford	state = 363
common\scripted_triggers\00_scripted_triggers_FR_loc.txt	4144	364	South Carolina	Overijssel	state = 364
common\scripted_triggers\00_scripted_triggers_FR_loc.txt	4145	365	Georgia	Luckau	state = 365
common\scripted_triggers\00_scripted_triggers_FR_loc.txt	4146	366	Florida	Saratov	state = 366
common\scripted_triggers\00_scripted_triggers_FR_loc.txt	4147	371	Louisiana	Limerick	state = 371
common\scripted_triggers\00_scripted_triggers_FR_loc.txt	4148	378	California	Kerry	state = 378
common\scripted_triggers\00_scripted_triggers_FR_loc.txt	4149	454	Israel	West-Vlaanderen	state = 454
common\scripted_triggers\00_scripted_triggers_FR_loc.txt	4150	455	Jordan	Oost-Vlaanderen	state = 455
common\scripted_triggers\00_scripted_triggers_FR_loc.txt	4151	458	Tunisia	Cornwall	state = 458
common\scripted_triggers\00_scripted_triggers_FR_loc.txt	4152	464	Nova Scotia	Aqtobe	state = 464
common\scripted_triggers\00_scripted_triggers_FR_loc.txt	4153	469	Saskatchewan	Bonn	state = 469
common\scripted_triggers\00_scripted_triggers_FR_loc.txt	4154	473	British Columbia	Reichenberg	state = 473
common\scripted_triggers\00_scripted_triggers_FR_loc.txt	4155	484	Baja California	Nisko	state = 484
common\scripted_triggers\00_scripted_triggers_FR_loc.txt	4156	510	Mesopotamia	Zolotonosha	state = 510
common\scripted_triggers\00_scripted_triggers_FR_loc.txt	4157	512	Patagonia	Luxembourg	state = 512
common\scripted_triggers\00_scripted_triggers_FR_loc.txt	4158	516	Northern Siberia	Darmstadt	state = 516
common\scripted_triggers\00_scripted_triggers_FR_loc.txt	4159	518	Tasmania	Luhansk	state = 518
common\scripted_triggers\00_scripted_triggers_FR_loc.txt	4160	523	New Guinea	Plzen	state = 523
common\scripted_triggers\00_scripted_triggers_FR_loc.txt	4161	525	South Korea	Charleville-Mezieres	state = 525
common\scripted_triggers\00_scripted_triggers_FR_loc.txt	4162	527	North Korea	Vinnytsia	state = 527
common\scripted_triggers\00_scripted_triggers_FR_loc.txt	4163	537	South Sakhalin	Saarland	state = 537
common\scripted_triggers\00_scripted_triggers_FR_loc.txt	4164	545	Rhodessa	Heidenheim	state = 545
common\scripted_triggers\00_scripted_triggers_FR_loc.txt	4165	557	Mauritania	Stalino	state = 557
common\scripted_triggers\00_scripted_triggers_FR_loc.txt	4166	618	China 15	Ochakov	state = 618
common\scripted_triggers\00_scripted_triggers_FR_loc.txt	4167	635	New Caledonia	Murtal und Murau	state = 635
common\scripted_triggers\00_scripted_triggers_FR_loc.txt	4168	644	state 3	Innsbruck	state = 644
common\scripted_triggers\00_scripted_triggers_FR_loc.txt	4169	655	North Sakhalin	Vaslui	state = 655
common\scripted_triggers\00_scripted_triggers_FR_loc.txt	4170	661	Tripolitania	Bern	state = 661
common\scripted_triggers\00_scripted_triggers_FR_loc.txt	4171	663	Cyrenaica	Vas	state = 663
common\scripted_triggers\00_scripted_triggers_FR_loc.txt	4172	664	Southern Slovakia	Oradea	state = 664
common\scripted_triggers\00_scripted_triggers_FR_loc.txt	4173	666	Norrnorrland	omg its the devil number	state = 666
common\scripted_triggers\00_scripted_triggers_FR_loc.txt	4174	669	Dutch New Guinea	Luzern	state = 669
common\scripted_triggers\00_scripted_triggers_FR_loc.txt	4175	687	British Guyana	Konin	state = 687
common\scripted_triggers\00_scripted_triggers_FR_loc.txt	4176	689	Jamaica	Tutova	state = 689
common\scripted_triggers\00_scripted_triggers_FR_loc.txt	4177	691	Trinidad	Macon	state = 691
common\scripted_triggers\00_scripted_triggers_FR_loc.txt	4178	700	Sierra Leone	Szeged	state = 700
common\scripted_triggers\00_scripted_triggers_FR_loc.txt	4179	701	Gambia	Val d'Oise	state = 701
common\scripted_triggers\00_scripted_triggers_FR_loc.txt	4180	720	South Georgia	Canale	state = 720
common\scripted_triggers\00_scripted_triggers_FR_loc.txt	4181	724	Southern Siam	Valais	state = 724
common\scripted_triggers\00_scripted_triggers_FR_loc.txt	4182	731	Central Macedonia	Puy-de-Dome	state = 731
common\scripted_triggers\00_scripted_triggers_FR_loc.txt	4183	735	Savoy	Subotica	state = 735
common\scripted_triggers\00_scripted_triggers_FR_loc.txt	4184	766	Southern Bessarabia	Cantal	state = 766
common\scripted_triggers\00_scripted_triggers_FR_loc.txt	4185	771	Zambia	Modane	state = 771
common\scripted_triggers\00_scripted_triggers_FR_loc.txt	4186	778	Upper Volta	Adygea	state = 778
common\scripted_triggers\00_scripted_triggers_FR_loc.txt	4187	779	Ivory Coast	Bologna	state = 779
common\scripted_triggers\00_scripted_triggers_FR_loc.txt	4188	780	Guinea	Gap	state = 780
common\scripted_triggers\00_scripted_triggers_FR_loc.txt	4189	785	Picardy	Kraljevo	state = 785
common\scripted_triggers\00_scripted_triggers_FR_loc.txt	4190	1017	- Trung Bo	Kutahya	state = 1017
common\scripted_triggers\00_scripted_triggers_FR_loc.txt	4197	10	Poland	New Hampshire	state = 10
common\scripted_triggers\00_scripted_triggers_FR_loc.txt	4198	11	Kaunas	New York	state = 11
common\scripted_triggers\00_scripted_triggers_FR_loc.txt	4199	40	USSR	Nordurland eystra	state = 40
common\scripted_triggers\00_scripted_triggers_FR_loc.txt	4200	41	Madrid	Arkhangelsk	state = 41
common\scripted_triggers\00_scripted_triggers_FR_loc.txt	4201	48	Bulgaria	Austurland	state = 48
common\scripted_triggers\00_scripted_triggers_FR_loc.txt	4202	85	Danzig	Pirkanmaa	state = 85
common\scripted_triggers\00_scripted_triggers_FR_loc.txt	4203	86	Poznan	Satakunta	state = 86
common\scripted_triggers\00_scripted_triggers_FR_loc.txt	4204	87	Lodz	Jekabpils	state = 87
common\scripted_triggers\00_scripted_triggers_FR_loc.txt	4205	88	Kielce	Kopparberg	state = 88
common\scripted_triggers\00_scripted_triggers_FR_loc.txt	4206	89	Krakow	Paijat-Hame	state = 89
common\scripted_triggers\00_scripted_triggers_FR_loc.txt	4207	90	Lwow	Faero	state = 90
common\scripted_triggers\00_scripted_triggers_FR_loc.txt	4208	91	Tarnopol	Ventspils	state = 91
common\scripted_triggers\00_scripted_triggers_FR_loc.txt	4209	92	Lublin	Sogn og Fjordane	state = 92
common\scripted_triggers\00_scripted_triggers_FR_loc.txt	4210	95	Nowogrodek	Valmiera	state = 95
common\scripted_triggers\00_scripted_triggers_FR_loc.txt	4211	96	Wilejka	Vologda	state = 96
common\scripted_triggers\00_scripted_triggers_FR_loc.txt	4212	97	Bialystok	Perm	state = 97
common\scripted_triggers\00_scripted_triggers_FR_loc.txt	4213	98	Mazurskie	Aland	state = 98
common\scripted_triggers\00_scripted_triggers_FR_loc.txt	4214	112	Lisbon	Cesis	state = 112
common\scripted_triggers\00_scripted_triggers_FR_loc.txt	4215	116	Malta	Zetland	state = 116
common\scripted_triggers\00_scripted_triggers_FR_loc.txt	4216	118	Gibralter	Akershus	state = 118
common\scripted_triggers\00_scripted_triggers_FR_loc.txt	4217	147	Salla	Vest-Agder	state = 147
common\scripted_triggers\00_scripted_triggers_FR_loc.txt	4218	148	Lappi	Goteborgs och Bohus	state = 148
common\scripted_triggers\00_scripted_triggers_FR_loc.txt	4219	163	Dalmatia	Alvsborg	state = 163
common\scripted_triggers\00_scripted_triggers_FR_loc.txt	4220	167	Valencia	Jonkoping	state = 167
common\scripted_triggers\00_scripted_triggers_FR_loc.txt	4221	168	Murcia	Kalmar	state = 168
common\scripted_triggers\00_scripted_triggers_FR_loc.txt	4222	169	Sevilla	Ross and Cromarty	state = 169
common\scripted_triggers\00_scripted_triggers_FR_loc.txt	4223	173	Granada	Voru	state = 173
common\scripted_triggers\00_scripted_triggers_FR_loc.txt	4224	175	Ciudad Real	Sverdlovsk	state = 175
common\scripted_triggers\00_scripted_triggers_FR_loc.txt	4225	176	Burgos	Moray	state = 176
common\scripted_triggers\00_scripted_triggers_FR_loc.txt	4226	179	Beja	Banff	state = 179
common\scripted_triggers\00_scripted_triggers_FR_loc.txt	4227	180	Porto	Aberdeen	state = 180
common\scripted_triggers\00_scripted_triggers_FR_loc.txt	4228	181	Guarda	Viborg	state = 181
common\scripted_triggers\00_scripted_triggers_FR_loc.txt	4229	188	Memel	Tukums	state = 188
common\scripted_triggers\00_scripted_triggers_FR_loc.txt	4230	189	Kaunas	Toropets	state = 189
common\scripted_triggers\00_scripted_triggers_FR_loc.txt	4231	191	Tartu	Kincardine	state = 191
common\scripted_triggers\00_scripted_triggers_FR_loc.txt	4232	193	Kiev	Angus	state = 193
common\scripted_triggers\00_scripted_triggers_FR_loc.txt	4233	194	Pinsk Marches	Perth	state = 194
common\scripted_triggers\00_scripted_triggers_FR_loc.txt	4234	195	Leningrad Area	Moscow Oblast	state = 195
common\scripted_triggers\00_scripted_triggers_FR_loc.txt	4235	196	Kherson	Jelgava	state = 196
common\scripted_triggers\00_scripted_triggers_FR_loc.txt	4236	197	Mykolaiv	Ringkobing	state = 197
common\scripted_triggers\00_scripted_triggers_FR_loc.txt	4237	198	Vinnytsia	Vladimir	state = 198
common\scripted_triggers\00_scripted_triggers_FR_loc.txt	4238	199	Khmelnytskyi	Arcyll	state = 199
common\scripted_triggers\00_scripted_triggers_FR_loc.txt	4239	200	Rivne	Tatarstan	state = 200
common\scripted_triggers\00_scripted_triggers_FR_loc.txt	4240	201	Zhytomyr	Bashkortostan	state = 201
common\scripted_triggers\00_scripted_triggers_FR_loc.txt	4241	202	Western Kiev	Kristianstad	state = 202
common\scripted_triggers\00_scripted_triggers_FR_loc.txt	4242	203	Cherkasy	Blekinge	state = 203
common\scripted_triggers\00_scripted_triggers_FR_loc.txt	4243	204	Brest	Fife	state = 204
common\scripted_triggers\00_scripted_triggers_FR_loc.txt	4244	205	Hrodna	Telsiu	state = 205
common\scripted_triggers\00_scripted_triggers_FR_loc.txt	4245	206	Minsk	Siauliu	state = 206
common\scripted_triggers\00_scripted_triggers_FR_loc.txt	4246	207	Viciebsk	Panevezio	state = 207
common\scripted_triggers\00_scripted_triggers_FR_loc.txt	4247	208	Pskov	Kretingos	state = 208
common\scripted_triggers\00_scripted_triggers_FR_loc.txt	4248	209	Smolensk	Chuvash	state = 209
common\scripted_triggers\00_scripted_triggers_FR_loc.txt	4249	210	Bryansk	Stirling	state = 210
common\scripted_triggers\00_scripted_triggers_FR_loc.txt	4250	211	Burgas	Kinross	state = 211
common\scripted_triggers\00_scripted_triggers_FR_loc.txt	4251	212	Plovdiv	Malmohus	state = 212
common\scripted_triggers\00_scripted_triggers_FR_loc.txt	4252	213	Murmansk	Dunbarton	state = 213
common\scripted_triggers\00_scripted_triggers_FR_loc.txt	4253	217	Stalingrad Area	East Lothian	state = 217
common\scripted_triggers\00_scripted_triggers_FR_loc.txt	4254	218	Rostov Area	Vyazma	state = 218
common\scripted_triggers\00_scripted_triggers_FR_loc.txt	4255	219	Moscow Area	Lanmark	state = 219
common\scripted_triggers\00_scripted_triggers_FR_loc.txt	4256	220	Kursk Area	West Lothian	state = 220
common\scripted_triggers\00_scripted_triggers_FR_loc.txt	4257	221	Kharkov	Midlothian	state = 221
common\scripted_triggers\00_scripted_triggers_FR_loc.txt	4258	223	tula	Vejle	state = 223
common\scripted_triggers\00_scripted_triggers_FR_loc.txt	4259	224	Bryansk	Berwick	state = 224
common\scripted_triggers\00_scripted_triggers_FR_loc.txt	4260	225	Glukhov	Utenos	state = 225
common\scripted_triggers\00_scripted_triggers_FR_loc.txt	4261	226	Nikopol	Gotland	state = 226
common\scripted_triggers\00_scripted_triggers_FR_loc.txt	4262	227	Stalino	Klaipedos	state = 227
common\scripted_triggers\00_scripted_triggers_FR_loc.txt	4263	228	Taganrog	Ribe	state = 228
common\scripted_triggers\00_scripted_triggers_FR_loc.txt	4264	232	Grozny	Dzisna	state = 232
common\scripted_triggers\00_scripted_triggers_FR_loc.txt	4265	234	Krasodar	Northumberland	state = 234
common\scripted_triggers\00_scripted_triggers_FR_loc.txt	4266	235	Stravropol	Safonovo	state = 235
common\scripted_triggers\00_scripted_triggers_FR_loc.txt	4267	238	volgodonsk	Sakiu	state = 238
common\scripted_triggers\00_scripted_triggers_FR_loc.txt	4268	239	Saratov	Selkirk	state = 239
common\scripted_triggers\00_scripted_triggers_FR_loc.txt	4269	240	Voronezh	Odense	state = 240
common\scripted_triggers\00_scripted_triggers_FR_loc.txt	4270	241	Pochep	Wilno	state = 241
common\scripted_triggers\00_scripted_triggers_FR_loc.txt	4271	242	Smolensk	Kauno	state = 242
common\scripted_triggers\00_scripted_triggers_FR_loc.txt	4272	243	Roslavl	Srem	state = 243
common\scripted_triggers\00_scripted_triggers_FR_loc.txt	4273	244	Gatchina	Ukmerges	state = 244
common\scripted_triggers\00_scripted_triggers_FR_loc.txt	4274	245	Donetsk	Dumfries	state = 245
common\scripted_triggers\00_scripted_triggers_FR_loc.txt	4275	246	Rzhev	Tonder	state = 246
common\scripted_triggers\00_scripted_triggers_FR_loc.txt	4276	247	Tver	Svendborg	state = 247
common\scripted_triggers\00_scripted_triggers_FR_loc.txt	4277	248	Yaroslavl	Donegal	state = 248
common\scripted_triggers\00_scripted_triggers_FR_loc.txt	4278	249	Kazan	Kirkcud	state = 249
common\scripted_triggers\00_scripted_triggers_FR_loc.txt	4279	251	Samara	Kaluga	state = 251
common\scripted_triggers\00_scripted_triggers_FR_loc.txt	4280	252	Nizhny Novogrod	Konigsberg	state = 252
common\scripted_triggers\00_scripted_triggers_FR_loc.txt	4281	254	Ryazan	Londonder	state = 254
common\scripted_triggers\00_scripted_triggers_FR_loc.txt	4282	255	Penza	Ruzayevka	state = 255
common\scripted_triggers\00_scripted_triggers_FR_loc.txt	4283	256	Cheboksary	Cumberland	state = 256
common\scripted_triggers\00_scripted_triggers_FR_loc.txt	4284	257	Livny	Wigtown	state = 257
common\scripted_triggers\00_scripted_triggers_FR_loc.txt	4285	258	lipetsk	Durham	state = 258
common\scripted_triggers\00_scripted_triggers_FR_loc.txt	4286	259	Liski	Marijampoles	state = 259
common\scripted_triggers\00_scripted_triggers_FR_loc.txt	4287	260	Borisoglbsk	Eiderstadt	state = 260
common\scripted_triggers\00_scripted_triggers_FR_loc.txt	4288	262	Torzhok	Tyrone	state = 262
common\scripted_triggers\00_scripted_triggers_FR_loc.txt	4289	263	Veliky Novogrod	Stolp	state = 263
common\scripted_triggers\00_scripted_triggers_FR_loc.txt	4290	264	Tikhvin	Koscierzyna	state = 264
common\scripted_triggers\00_scripted_triggers_FR_loc.txt	4291	265	Mikhaylovka	Tula	state = 265
common\scripted_triggers\00_scripted_triggers_FR_loc.txt	4292	266	Persia	Krupki	state = 266
common\scripted_triggers\00_scripted_triggers_FR_loc.txt	4293	267	Afghanistan	Gdynia	state = 267
common\scripted_triggers\00_scripted_triggers_FR_loc.txt	4294	277	Mexico	Praesto	state = 277
common\scripted_triggers\00_scripted_triggers_FR_loc.txt	4295	279	Chile	Sligo	state = 279
common\scripted_triggers\00_scripted_triggers_FR_loc.txt	4296	291	Iraq	Cavan	state = 291
common\scripted_triggers\00_scripted_triggers_FR_loc.txt	4297	295	Congo	Naugard	state = 295
common\scripted_triggers\00_scripted_triggers_FR_loc.txt	4298	302	bolivia	Longford	state = 302
common\scripted_triggers\00_scripted_triggers_FR_loc.txt	4299	303	Peru	Lyudinovo	state = 303
common\scripted_triggers\00_scripted_triggers_FR_loc.txt	4300	321	Goa	Leitrim	state = 321
common\scripted_triggers\00_scripted_triggers_FR_loc.txt	4301	326	HongKong	Wolkowysk	state = 326
common\scripted_triggers\00_scripted_triggers_FR_loc.txt	4302	327	Philippines	Luckenwalde	state = 327
common\scripted_triggers\00_scripted_triggers_FR_loc.txt	4303	331	Newfoundland	Groningen	state = 331
common\scripted_triggers\00_scripted_triggers_FR_loc.txt	4304	333	British Borneo	Offaly	state = 333
common\scripted_triggers\00_scripted_triggers_FR_loc.txt	4305	335	West Java	Koscian	state = 335
common\scripted_triggers\00_scripted_triggers_FR_loc.txt	4306	336	Singapore	Friesland	state = 336
common\scripted_triggers\00_scripted_triggers_FR_loc.txt	4307	340	Bursa	Buda-Kashalyova	state = 340
common\scripted_triggers\00_scripted_triggers_FR_loc.txt	4308	345	Mersin	Laoighis	state = 345
common\scripted_triggers\00_scripted_triggers_FR_loc.txt	4309	346	Konya	Drenthe	state = 346
common\scripted_triggers\00_scripted_triggers_FR_loc.txt	4310	348	Kayseri	Tipperary	state = 348
common\scripted_triggers\00_scripted_triggers_FR_loc.txt	4311	349	Silvas	Clare	state = 349
common\scripted_triggers\00_scripted_triggers_FR_loc.txt	4312	350	Diyarbekir	Meppen	state = 350
common\scripted_triggers\00_scripted_triggers_FR_loc.txt	4313	351	Vologda	Ostrow Mazowiecka	state = 351
common\scripted_triggers\00_scripted_triggers_FR_loc.txt	4314	352	Hakkari	Hannover	state = 352
common\scripted_triggers\00_scripted_triggers_FR_loc.txt	4315	354	Trabzon	Merionethshire	state = 354
common\scripted_triggers\00_scripted_triggers_FR_loc.txt	4316	355	Samsun	Shropshire	state = 355
common\scripted_triggers\00_scripted_triggers_FR_loc.txt	4317	356	Sinop	Norfolk	state = 356
common\scripted_triggers\00_scripted_triggers_FR_loc.txt	4318	358	New York	Noord-Holland	state = 358
common\scripted_triggers\00_scripted_triggers_FR_loc.txt	4319	397	Syktyvkar	Chernigov	state = 397
common\scripted_triggers\00_scripted_triggers_FR_loc.txt	4320	398	Perm	Shostka	state = 398
common\scripted_triggers\00_scripted_triggers_FR_loc.txt	4321	400	Kirov	Steinfurt	state = 400
common\scripted_triggers\00_scripted_triggers_FR_loc.txt	4322	403	Kharabali	Bedfordshire	state = 403
common\scripted_triggers\00_scripted_triggers_FR_loc.txt	4323	404	Saykhin	Diekirch	state = 404
common\scripted_triggers\00_scripted_triggers_FR_loc.txt	4324	405	Atyrau	Buckinghamshire	state = 405
common\scripted_triggers\00_scripted_triggers_FR_loc.txt	4325	406	Krasnyy Yar	Carmarthenshire	state = 406
common\scripted_triggers\00_scripted_triggers_FR_loc.txt	4326	408	Vladivostok	Oxfordshire	state = 408
common\scripted_triggers\00_scripted_triggers_FR_loc.txt	4327	409	Khabarovsk	Pembrokeshire	state = 409
common\scripted_triggers\00_scripted_triggers_FR_loc.txt	4328	414	Kerman	Warendorf	state = 414
common\scripted_triggers\00_scripted_triggers_FR_loc.txt	4329	417	Golestan	Hameln	state = 417
common\scripted_triggers\00_scripted_triggers_FR_loc.txt	4330	418	Semnan	Halle	state = 418
common\scripted_triggers\00_scripted_triggers_FR_loc.txt	4331	419	Azerbaijan	Monmouthshire	state = 419
common\scripted_triggers\00_scripted_triggers_FR_loc.txt	4332	422	Ceylon	Brabant wallon	state = 422
common\scripted_triggers\00_scripted_triggers_FR_loc.txt	4333	423	Madras	Kleve	state = 423
common\scripted_triggers\00_scripted_triggers_FR_loc.txt	4334	424	Andra Pradesh	Mittel Ruhr	state = 424
common\scripted_triggers\00_scripted_triggers_FR_loc.txt	4335	425	Mysore	Schweidnitz	state = 425
common\scripted_triggers\00_scripted_triggers_FR_loc.txt	4336	429	Bombay	Jedrzejow	state = 429
common\scripted_triggers\00_scripted_triggers_FR_loc.txt	4337	436	Central Provinces	Zhitomir	state = 436
common\scripted_triggers\00_scripted_triggers_FR_loc.txt	4338	438	United Provinces	Dobeln	state = 438
common\scripted_triggers\00_scripted_triggers_FR_loc.txt	4339	439	Delhi	Marburg	state = 439
common\scripted_triggers\00_scripted_triggers_FR_loc.txt	4340	442	Peshawar	Laon	state = 442
common\scripted_triggers\00_scripted_triggers_FR_loc.txt	4341	445	Quetta	Somerset	state = 445
common\scripted_triggers\00_scripted_triggers_FR_loc.txt	4342	448	Tripoli	Abbeville	state = 448
common\scripted_triggers\00_scripted_triggers_FR_loc.txt	4343	450	Benghasi	Belgorod	state = 450
common\scripted_triggers\00_scripted_triggers_FR_loc.txt	4344	451	Derna	Zeeland	state = 451
common\scripted_triggers\00_scripted_triggers_FR_loc.txt	4345	452	Marsa Matruh	Val-de-Marne	state = 452
common\scripted_triggers\00_scripted_triggers_FR_loc.txt	4346	460	Eastern Algeria	Aachen	state = 460
common\scripted_triggers\00_scripted_triggers_FR_loc.txt	4347	461	Northern Morocco	Rosenberg	state = 461
common\scripted_triggers\00_scripted_triggers_FR_loc.txt	4348	462	Southern Morocco	Sussex	state = 462
common\scripted_triggers\00_scripted_triggers_FR_loc.txt	4349	493	La Libertad	Proskuriv	state = 493
common\scripted_triggers\00_scripted_triggers_FR_loc.txt	4350	499	Bahia	Sternberg	state = 499
common\scripted_triggers\00_scripted_triggers_FR_loc.txt	4351	500	Rio de Janerio	Luxembourg Belge	state = 500
common\scripted_triggers\00_scripted_triggers_FR_loc.txt	4352	501	Saol Paulo	Lubaczow	state = 501
common\scripted_triggers\00_scripted_triggers_FR_loc.txt	4353	507	Southern Chile	Troppau	state = 507
common\scripted_triggers\00_scripted_triggers_FR_loc.txt	4354	511	Cuyo	Rostov	state = 511
common\scripted_triggers\00_scripted_triggers_FR_loc.txt	4355	513	Southern Algeria	Praha	state = 513
common\scripted_triggers\00_scripted_triggers_FR_loc.txt	4356	551	Khartoum	Calvados	state = 551
common\scripted_triggers\00_scripted_triggers_FR_loc.txt	4357	554	Syria	Passau	state = 554
common\scripted_triggers\00_scripted_triggers_FR_loc.txt	4358	560	TS 2	Pokrovske	state = 560
common\scripted_triggers\00_scripted_triggers_FR_loc.txt	4359	563	TS 5	Melun	state = 563
common\scripted_triggers\00_scripted_triggers_FR_loc.txt	4360	565	TS 7	Tomashpol	state = 565
common\scripted_triggers\00_scripted_triggers_FR_loc.txt	4361	567	TS 9	Kempten	state = 567
common\scripted_triggers\00_scripted_triggers_FR_loc.txt	4362	568	TS 10	Baden	state = 568
common\scripted_triggers\00_scripted_triggers_FR_loc.txt	4363	569	TS 11	Levoca	state = 569
common\scripted_triggers\00_scripted_triggers_FR_loc.txt	4364	570	TS 12	Nancy	state = 570
common\scripted_triggers\00_scripted_triggers_FR_loc.txt	4365	572	TS 14	Orne	state = 572
common\scripted_triggers\00_scripted_triggers_FR_loc.txt	4366	573	Ts 15	Eure-et-Loir	state = 573
common\scripted_triggers\00_scripted_triggers_FR_loc.txt	4367	574	Siberia 1	Hron	state = 574
common\scripted_triggers\00_scripted_triggers_FR_loc.txt	4368	575	Siberia 2	Rottweil	state = 575
common\scripted_triggers\00_scripted_triggers_FR_loc.txt	4369	576	Siberia 3	Rosenheim	state = 576
common\scripted_triggers\00_scripted_triggers_FR_loc.txt	4370	577	Siberia 4	Zilina	state = 577
common\scripted_triggers\00_scripted_triggers_FR_loc.txt	4371	578	Siberia 5	Cotes-du-Nord	state = 578
common\scripted_triggers\00_scripted_triggers_FR_loc.txt	4372	579	Siberia 6	Mezhevaya	state = 579
common\scripted_triggers\00_scripted_triggers_FR_loc.txt	4373	580	Siberia 7	Nyitra es Pozsony	state = 580
common\scripted_triggers\00_scripted_triggers_FR_loc.txt	4374	582	Sourthern Urals	Linz	state = 582
common\scripted_triggers\00_scripted_triggers_FR_loc.txt	4375	583	Kazakhstan	Finistere	state = 583
common\scripted_triggers\00_scripted_triggers_FR_loc.txt	4376	588	Some Mountains	Chaumont	state = 588
common\scripted_triggers\00_scripted_triggers_FR_loc.txt	4377	592	Guangzhou	Hotin	state = 592
common\scripted_triggers\00_scripted_triggers_FR_loc.txt	4378	594	Nanning	Kalisz	state = 594
common\scripted_triggers\00_scripted_triggers_FR_loc.txt	4379	608	Beijing	Mateszalka	state = 608
common\scripted_triggers\00_scripted_triggers_FR_loc.txt	4380	613	China 12	Berezovka	state = 613
common\scripted_triggers\00_scripted_triggers_FR_loc.txt	4381	623	Luzon	Zaporozhye	state = 623
common\scripted_triggers\00_scripted_triggers_FR_loc.txt	4382	625	Samar	Bischofshofen	state = 625
common\scripted_triggers\00_scripted_triggers_FR_loc.txt	4383	626	Palawan	Cote-d'Or	state = 626
common\scripted_triggers\00_scripted_triggers_FR_loc.txt	4384	627	Mindanao	Haute-Saone	state = 627
common\scripted_triggers\00_scripted_triggers_FR_loc.txt	4385	628	Cebu	Maramures	state = 628
common\scripted_triggers\00_scripted_triggers_FR_loc.txt	4386	631	Midway Island	Hajdu	state = 631
common\scripted_triggers\00_scripted_triggers_FR_loc.txt	4387	632	Wake Island	Astrakhan	state = 632
common\scripted_triggers\00_scripted_triggers_FR_loc.txt	4388	638	Guam	Belfort	state = 638
common\scripted_triggers\00_scripted_triggers_FR_loc.txt	4389	640	Mandalay	Montaigne et Gurson	state = 640
common\scripted_triggers\00_scripted_triggers_FR_loc.txt	4390	641	Tahiti	Sopron	state = 641
common\scripted_triggers\00_scripted_triggers_FR_loc.txt	4391	646	Saipan	Jasz-Nagykun-Szolnok	state = 646
common\scripted_triggers\00_scripted_triggers_FR_loc.txt	4392	648	Marcus Island	Fejer	state = 648
common\scripted_triggers\00_scripted_triggers_FR_loc.txt	4393	653	Sov state 7	Nievre	state = 653
common\scripted_triggers\00_scripted_triggers_FR_loc.txt	4394	654	sov state 8	Voralberg	state = 654
common\scripted_triggers\00_scripted_triggers_FR_loc.txt	4395	662	Sirte	Berettyoujfalu	state = 662
common\scripted_triggers\00_scripted_triggers_FR_loc.txt	4396	665	Gabes	Cluj	state = 665
common\scripted_triggers\00_scripted_triggers_FR_loc.txt	4397	672	South Sumatra	Saint-Amand-Montrond	state = 672
common\scripted_triggers\00_scripted_triggers_FR_loc.txt	4398	673	Sulawesi	Schwytz	state = 673
common\scripted_triggers\00_scripted_triggers_FR_loc.txt	4399	676	Mosul	Zala	state = 676
common\scripted_triggers\00_scripted_triggers_FR_loc.txt	4400	680	Deir-az-Zur	Mures	state = 680
common\scripted_triggers\00_scripted_triggers_FR_loc.txt	4401	686	Puerto Rico	Beius	state = 686
common\scripted_triggers\00_scripted_triggers_FR_loc.txt	4402	697	Madeira	Tolna	state = 697
common\scripted_triggers\00_scripted_triggers_FR_loc.txt	4403	704	Saint Helena	Belluno	state = 704
common\scripted_triggers\00_scripted_triggers_FR_loc.txt	4404	706	Reunion	Udine	state = 706
common\scripted_triggers\00_scripted_triggers_FR_loc.txt	4405	718	Stanleyville	Torino	state = 718
common\scripted_triggers\00_scripted_triggers_FR_loc.txt	4406	722	Petsamo	Baranya	state = 722
common\scripted_triggers\00_scripted_triggers_FR_loc.txt	4407	729	Macau	Loire	state = 729
common\scripted_triggers\00_scripted_triggers_FR_loc.txt	4408	734	Nendo	Bassigny	state = 734
common\scripted_triggers\00_scripted_triggers_FR_loc.txt	4409	742	Stalinabad	Venezia	state = 742
common\scripted_triggers\00_scripted_triggers_FR_loc.txt	4410	743	Qingdao	Ljubljana	state = 743
common\scripted_triggers\00_scripted_triggers_FR_loc.txt	4411	744	Xian	Trieste	state = 744
common\scripted_triggers\00_scripted_triggers_FR_loc.txt	4412	745	Dalian	Aosta	state = 745
common\scripted_triggers\00_scripted_triggers_FR_loc.txt	4413	746	Ordos	Chambery	state = 746
common\scripted_triggers\00_scripted_triggers_FR_loc.txt	4414	747	Dali Bai	Lyon	state = 747
common\scripted_triggers\00_scripted_triggers_FR_loc.txt	4415	748	Zunyi	Zemplen	state = 748
common\scripted_triggers\00_scripted_triggers_FR_loc.txt	4416	749	Huangshan	Isere	state = 749
common\scripted_triggers\00_scripted_triggers_FR_loc.txt	4417	750	Changde	Mont-Blanc	state = 750
common\scripted_triggers\00_scripted_triggers_FR_loc.txt	4418	751	Liangshan	Correze	state = 751
common\scripted_triggers\00_scripted_triggers_FR_loc.txt	4419	752	Chamdo	Wloclawek	state = 752
common\scripted_triggers\00_scripted_triggers_FR_loc.txt	4420	753	Gannan	Dordogne	state = 753
common\scripted_triggers\00_scripted_triggers_FR_loc.txt	4421	755	Haixi	Fiume	state = 755
common\scripted_triggers\00_scripted_triggers_FR_loc.txt	4422	756	Jiuquan	Caras	state = 756
common\scripted_triggers\00_scripted_triggers_FR_loc.txt	4423	757	Shigatse	Buzau	state = 757
common\scripted_triggers\00_scripted_triggers_FR_loc.txt	4424	758	Ngari	Muscel	state = 758
common\scripted_triggers\00_scripted_triggers_FR_loc.txt	4425	760	Dabancheng	Gironde	state = 760
common\scripted_triggers\00_scripted_triggers_FR_loc.txt	4426	761	Hulunbuir	Karakalpakstan	state = 761
common\scripted_triggers\00_scripted_triggers_FR_loc.txt	4427	762	Katowice	Istria	state = 762
common\scripted_triggers\00_scripted_triggers_FR_loc.txt	4428	763	Konigsberg	Nogay	state = 763
common\scripted_triggers\00_scripted_triggers_FR_loc.txt	4429	782	Tombouctou	Foca	state = 782
common\scripted_triggers\00_scripted_triggers_FR_loc.txt	4430	783	Sidi Ifni	Lot	state = 783
common\scripted_triggers\00_scripted_triggers_FR_loc.txt	4431	784	Ermland-Masuren	Avar	state = 784
common\scripted_triggers\00_scripted_triggers_FR_loc.txt	4432	788	Salamanca	Olt	state = 788
common\scripted_triggers\00_scripted_triggers_FR_loc.txt	4433	789	Cordoba	Essonne	state = 789
common\scripted_triggers\00_scripted_triggers_FR_loc.txt	4434	791	Valladolid	Ialomita	state = 791
common\scripted_triggers\00_scripted_triggers_FR_loc.txt	4435	793	Guadalajara	Constanta	state = 793
common\scripted_triggers\00_scripted_triggers_FR_loc.txt	4436	795	Santarem	Lot-et-Garonne	state = 795
common\scripted_triggers\00_scripted_triggers_FR_loc.txt	4443	16	Ile de France	Rybachy Peninsula	state = 16
common\scripted_triggers\00_scripted_triggers_FR_loc.txt	4444	68	Wartheland	Pohjois-Karjala	state = 68
common\scripted_triggers\00_scripted_triggers_FR_loc.txt	4445	111	Uusima	Hordaland	state = 111
common\scripted_triggers\00_scripted_triggers_FR_loc.txt	4446	320	French India	Dublin	state = 320
common\scripted_triggers\00_scripted_triggers_FR_loc.txt	4447	284	New Zealand	Suwalki	state = 284
common\scripted_triggers\00_scripted_triggers_FR_loc.txt	4448	703	Ascension	Drava	state = 703
common\scripted_triggers\00_scripted_triggers_FR_loc.txt	4449	711	Christmas Island	Csanad, Arad es Torontal	state = 711
common\scripted_triggers\00_scripted_triggers_FR_loc.txt	4450	723	Southern Island	Haute-Vienne	state = 723
common\scripted_triggers\00_scripted_triggers_FR_loc.txt	4451	740	Vancouver Island	Montmorillon	state = 740
common\scripted_triggers\00_scripted_triggers_FR_loc.txt	4458	5	Germany	Pultusk	state = 5
common\scripted_triggers\00_scripted_triggers_FR_loc.txt	4459	19	Aquitaine	Murmansk	state = 19
common\scripted_triggers\00_scripted_triggers_FR_loc.txt	4460	26	Bourgogne	Maryland	state = 26
common\scripted_triggers\00_scripted_triggers_FR_loc.txt	4461	28	Alcase	Virginia	state = 28
common\scripted_triggers\00_scripted_triggers_FR_loc.txt	4462	44	Albania	Vestfirdir	state = 44
common\scripted_triggers\00_scripted_triggers_FR_loc.txt	4463	81	Oltenia	Etela-Savo	state = 81
common\scripted_triggers\00_scripted_triggers_FR_loc.txt	4464	100	Iceland	Sortavala	state = 100
common\scripted_triggers\00_scripted_triggers_FR_loc.txt	4465	119	Northern Ireland	Leningrad	state = 119
common\scripted_triggers\00_scripted_triggers_FR_loc.txt	4466	123	Cornwall	Telemark	state = 123
common\scripted_triggers\00_scripted_triggers_FR_loc.txt	4467	125	East Anglia	Orebro	state = 125
common\scripted_triggers\00_scripted_triggers_FR_loc.txt	4468	149	Vaasa	Skaraborg	state = 149
common\scripted_triggers\00_scripted_triggers_FR_loc.txt	4469	161	Emilia Romagna	Sutherland	state = 161
common\scripted_triggers\00_scripted_triggers_FR_loc.txt	4470	170	Extremadura	Madona	state = 170
common\scripted_triggers\00_scripted_triggers_FR_loc.txt	4471	185	Epirus	Rezekne	state = 185
common\scripted_triggers\00_scripted_triggers_FR_loc.txt	4472	230	Armenia	Ayr	state = 230
common\scripted_triggers\00_scripted_triggers_FR_loc.txt	4473	271	ethiopia	North Riding	state = 271
common\scripted_triggers\00_scripted_triggers_FR_loc.txt	4474	463	Alaska	Eisenach	state = 463
common\scripted_triggers\00_scripted_triggers_FR_loc.txt	4475	470	Alberta	Vlaams-Brabant	state = 470
common\scripted_triggers\00_scripted_triggers_FR_loc.txt	4476	519	South Australia	Soissons	state = 519
common\scripted_triggers\00_scripted_triggers_FR_loc.txt	4477	522	Western Australia	Tachau	state = 522
common\scripted_triggers\00_scripted_triggers_FR_loc.txt	4478	550	Eritrea	Saris-Zemplin	state = 550
common\scripted_triggers\00_scripted_triggers_FR_loc.txt	4479	660	Equatorial Africa	Jura	state = 660
common\scripted_triggers\00_scripted_triggers_FR_loc.txt	4480	674	Central Australia	Ciuc	state = 674
common\scripted_triggers\00_scripted_triggers_FR_loc.txt	4481	736	Litorale	Timis-Torontal	state = 736
common\scripted_triggers\00_scripted_triggers_FR_loc.txt	4488	49	Turkey	Nordurland vestra	state = 49
common\scripted_triggers\00_scripted_triggers_FR_loc.txt	4489	192	Odessa	Bute	state = 192
common\scripted_triggers\00_scripted_triggers_FR_loc.txt	4490	214	Arkhangelsk	Clackmannan	state = 214
common\scripted_triggers\00_scripted_triggers_FR_loc.txt	4491	215	Eastern Karelia	Gorodok	state = 215
common\scripted_triggers\00_scripted_triggers_FR_loc.txt	4492	216	Below Zero	Frederiksborg	state = 216
common\scripted_triggers\00_scripted_triggers_FR_loc.txt	4493	222	Orel	Renfrew	state = 222
common\scripted_triggers\00_scripted_triggers_FR_loc.txt	4494	236	Astrakhan	Swieciany	state = 236
common\scripted_triggers\00_scripted_triggers_FR_loc.txt	4495	237	Elista	Roxburgh	state = 237
common\scripted_triggers\00_scripted_triggers_FR_loc.txt	4496	250	ulyanovsky	Ryazan	state = 250
common\scripted_triggers\00_scripted_triggers_FR_loc.txt	4497	253	Ivanovo	Antrim	state = 253
common\scripted_triggers\00_scripted_triggers_FR_loc.txt	4498	294	Oman	Druskieniki	state = 294
common\scripted_triggers\00_scripted_triggers_FR_loc.txt	4499	339	Izmir	Landsberg	state = 339
common\scripted_triggers\00_scripted_triggers_FR_loc.txt	4500	341	Edirne	Anglesey	state = 341
common\scripted_triggers\00_scripted_triggers_FR_loc.txt	4501	342	Antalya	Denbighshire	state = 342
common\scripted_triggers\00_scripted_triggers_FR_loc.txt	4502	343	Afyon	Wicklow	state = 343
common\scripted_triggers\00_scripted_triggers_FR_loc.txt	4503	344	Adana	Staffordshire	state = 344
common\scripted_triggers\00_scripted_triggers_FR_loc.txt	4504	347	Izmit	Roskilde	state = 347
common\scripted_triggers\00_scripted_triggers_FR_loc.txt	4505	353	Erzurum	Dessau	state = 353
common\scripted_triggers\00_scripted_triggers_FR_loc.txt	4506	399	Izhevsk	Utrecht	state = 399
common\scripted_triggers\00_scripted_triggers_FR_loc.txt	4507	401	Engels	Brecknockshire	state = 401
common\scripted_triggers\00_scripted_triggers_FR_loc.txt	4508	402	Akhtubinsk	Zuid-Holland	state = 402
common\scripted_triggers\00_scripted_triggers_FR_loc.txt	4509	407	Uralsk	Sochaczew	state = 407
common\scripted_triggers\00_scripted_triggers_FR_loc.txt	4510	411	Hormozgan	Delitzsch	state = 411
common\scripted_triggers\00_scripted_triggers_FR_loc.txt	4511	415	South Khorasan	Bunzlau	state = 415
common\scripted_triggers\00_scripted_triggers_FR_loc.txt	4512	427	Hyderabad	Grevenmacher	state = 427
common\scripted_triggers\00_scripted_triggers_FR_loc.txt	4513	437	Central Indian Provinces	Wiltshire	state = 437
common\scripted_triggers\00_scripted_triggers_FR_loc.txt	4514	447	Alexandria	Surrey	state = 447
common\scripted_triggers\00_scripted_triggers_FR_loc.txt	4515	449	Libyan Coast	Meissen	state = 449
common\scripted_triggers\00_scripted_triggers_FR_loc.txt	4516	456	Luxor	Vlaams-Limburg	state = 456
common\scripted_triggers\00_scripted_triggers_FR_loc.txt	4517	459	Western Algeria	Krzemieniec	state = 459
common\scripted_triggers\00_scripted_triggers_FR_loc.txt	4518	492	Piura	Wuerzburg	state = 492
common\scripted_triggers\00_scripted_triggers_FR_loc.txt	4519	506	Northern Chile	Kreuznach	state = 506
common\scripted_triggers\00_scripted_triggers_FR_loc.txt	4520	562	TS 4	Sobrance	state = 562
common\scripted_triggers\00_scripted_triggers_FR_loc.txt	4521	564	TS 6	Northern Maramures	state = 564
common\scripted_triggers\00_scripted_triggers_FR_loc.txt	4522	566	TS 8	Bas-Rhin	state = 566
common\scripted_triggers\00_scripted_triggers_FR_loc.txt	4523	571	TS 13	Paris	state = 571
common\scripted_triggers\00_scripted_triggers_FR_loc.txt	4524	584	Turkmenistan	Aube	state = 584
common\scripted_triggers\00_scripted_triggers_FR_loc.txt	4525	585	Uzbekistan	Reolais et Bastide	state = 585
common\scripted_triggers\00_scripted_triggers_FR_loc.txt	4526	586	Kyrgyzstan	Nitra	state = 586
common\scripted_triggers\00_scripted_triggers_FR_loc.txt	4527	589	Eastern Kazakhstan	Wolfach	state = 589
common\scripted_triggers\00_scripted_triggers_FR_loc.txt	4528	590	Northern Kazakhstan	Storojinet	state = 590
common\scripted_triggers\00_scripted_triggers_FR_loc.txt	4529	617	Xinjiang	Transnistria	state = 617
common\scripted_triggers\00_scripted_triggers_FR_loc.txt	4530	629	Hawaii	Campulung	state = 629
common\scripted_triggers\00_scripted_triggers_FR_loc.txt	4531	645	Iwo Jima	Tours	state = 645
common\scripted_triggers\00_scripted_triggers_FR_loc.txt	4532	651	Sov state 5	Mlawa	state = 651
common\scripted_triggers\00_scripted_triggers_FR_loc.txt	4533	652	Sov state 6	Aargau	state = 652
common\scripted_triggers\00_scripted_triggers_FR_loc.txt	4534	658	Arab UK 1	Doubs	state = 658
common\scripted_triggers\00_scripted_triggers_FR_loc.txt	4535	659	Arabian UK 2	Veszprem	state = 659
common\scripted_triggers\00_scripted_triggers_FR_loc.txt	4536	677	Aleppo	Bekes	state = 677
common\scripted_triggers\00_scripted_triggers_FR_loc.txt	4542	754	Golog	Lika-Gacka	state = 754
common\scripted_triggers\00_scripted_triggers_FR_loc.txt	4557	6	Belgium	New Brunswick	state = 6
common\scripted_triggers\00_scripted_triggers_FR_loc.txt	4558	32	Rhone Alpes	West Virginia	state = 32
common\scripted_triggers\00_scripted_triggers_FR_loc.txt	4559	69	Sudatenland	nice	state = 69
common\scripted_triggers\00_scripted_triggers_FR_loc.txt	4560	972	- South Sudetenland	Agcab@di	state = 972
common\scripted_triggers\00_scripted_triggers_FR_loc.txt	4561	74	East Sudatenland	Porajarvi	state = 74
common\scripted_triggers\00_scripted_triggers_FR_loc.txt	4562	120	Scottish Highlands	Alborg	state = 120
common\scripted_triggers\00_scripted_triggers_FR_loc.txt	4563	128	West Midlands	Rogaland	state = 128
common\scripted_triggers\00_scripted_triggers_FR_loc.txt	4564	129	East Midlands	Ostfold	state = 129
common\scripted_triggers\00_scripted_triggers_FR_loc.txt	4565	157	Abruzzo	Hiiumaa	state = 157
common\scripted_triggers\00_scripted_triggers_FR_loc.txt	4566	177	Balearic Islands	Ivanovo	state = 177
common\scripted_triggers\00_scripted_triggers_FR_loc.txt	4567	178	Canary islands	Holbaek	state = 178
common\scripted_triggers\00_scripted_triggers_FR_loc.txt	4568	187	Aegean Islands	Orkney	state = 187
common\scripted_triggers\00_scripted_triggers_FR_loc.txt	4569	233	Caucasus Mountains	Peebles	state = 233
common\scripted_triggers\00_scripted_triggers_FR_loc.txt	4570	270	Pitcarin Island	Kuybyshev	state = 270
common\scripted_triggers\00_scripted_triggers_FR_loc.txt	4571	281	India	Stralsund	state = 281
common\scripted_triggers\00_scripted_triggers_FR_loc.txt	4572	299	Falkand Islands	Penza	state = 299
common\scripted_triggers\00_scripted_triggers_FR_loc.txt	4573	308	Britain SA	Westmeath	state = 308
common\scripted_triggers\00_scripted_triggers_FR_loc.txt	4574	337	Faroe Islands	Kildare	state = 337
common\scripted_triggers\00_scripted_triggers_FR_loc.txt	4575	555	Lagos	Trencin	state = 555
common\scripted_triggers\00_scripted_triggers_FR_loc.txt	4576	624	Central islands	Gyor es Pozsony	state = 624
common\scripted_triggers\00_scripted_triggers_FR_loc.txt	4577	633	Marshall Islands	Pest-Pilis	state = 633
common\scripted_triggers\00_scripted_triggers_FR_loc.txt	4578	634	Solomon Islands	Loire-Inferieure	state = 634
common\scripted_triggers\00_scripted_triggers_FR_loc.txt	4579	636	Fiji	Esztergom	state = 636
common\scripted_triggers\00_scripted_triggers_FR_loc.txt	4580	639	Maiana	Salaj	state = 639
common\scripted_triggers\00_scripted_triggers_FR_loc.txt	4581	642	Phoenix Island	Salsk	state = 642
common\scripted_triggers\00_scripted_triggers_FR_loc.txt	4582	643	Fongafale	St Gallen	state = 643
common\scripted_triggers\00_scripted_triggers_FR_loc.txt	4583	647	Palau	Zurich	state = 647
common\scripted_triggers\00_scripted_triggers_FR_loc.txt	4584	649	Galapagos Islands	Nasaud	state = 649
common\scripted_triggers\00_scripted_triggers_FR_loc.txt	4585	667	West Nusa Tenggara	Neamt	state = 667
common\scripted_triggers\00_scripted_triggers_FR_loc.txt	4586	668	The Moluccas	Dole	state = 668
common\scripted_triggers\00_scripted_triggers_FR_loc.txt	4587	684	Caroline Islands	Vendee	state = 684
common\scripted_triggers\00_scripted_triggers_FR_loc.txt	4588	690	Bahama Islands	Somogy	state = 690
common\scripted_triggers\00_scripted_triggers_FR_loc.txt	4589	692	Windward Islands	Turda	state = 692
common\scripted_triggers\00_scripted_triggers_FR_loc.txt	4590	693	Southern Bahamas	Leczyca	state = 693
common\scripted_triggers\00_scripted_triggers_FR_loc.txt	4591	694	French Caribbean	Bernese Oberland	state = 694
common\scripted_triggers\00_scripted_triggers_FR_loc.txt	4592	696	Bermuda	Krasnodar	state = 696
common\scripted_triggers\00_scripted_triggers_FR_loc.txt	4593	698	Azores	Bacau	state = 698
common\scripted_triggers\00_scripted_triggers_FR_loc.txt	4594	708	Comoro Islands	Ticino	state = 708
common\scripted_triggers\00_scripted_triggers_FR_loc.txt	4595	709	Seychelles	Milano	state = 709
common\scripted_triggers\00_scripted_triggers_FR_loc.txt	4596	712	Cocos Islands	Medimurje	state = 712
common\scripted_triggers\00_scripted_triggers_FR_loc.txt	4597	713	Kerguelen	Alba	state = 713
common\scripted_triggers\00_scripted_triggers_FR_loc.txt	4598	726	Samoa	Bacs	state = 726
common\scripted_triggers\00_scripted_triggers_FR_loc.txt	4599	727	Line Islands	Hunedoara	state = 727
common\scripted_triggers\00_scripted_triggers_FR_loc.txt	4600	733	Andaman	Putna	state = 733
common\scripted_triggers\00_scripted_triggers_FR_loc.txt	4601	738	Aru Islands	Zrenjanin	state = 738
common\scripted_triggers\00_scripted_triggers_FR_loc.txt	4602	739	Haida Gwaii	Covurlui	state = 739
common\scripted_triggers\00_scripted_triggers_FR_loc.txt	4603	790	Asturias	Beograd	state = 790
common\scripted_triggers\00_scripted_triggers_FR_loc.txt	4615	31	Midi Pyrenees	North Carolina	state = 31
common\scripted_triggers\BUL_scripted_triggers.txt	187	803	Southern Serbia	Landes	controls_state = 803
common\scripted_triggers\BUL_scripted_triggers.txt	188	106	Macedonia	Buskerud	controls_state = 106
common\scripted_triggers\BUL_scripted_triggers.txt	189	731	Central Macedonia	Puy-de-Dome	controls_state = 731
common\scripted_triggers\BUL_scripted_triggers.txt	190	184	Thrace	Halland	controls_state = 184
common\scripted_triggers\CHI_scripted_triggers.txt	274	741	Cambodia	Charente	state = 741 # Cambodia
common\scripted_triggers\CHI_scripted_triggers.txt	275	286	Indochina	West Riding	state = 286 # Champa
common\scripted_triggers\CHI_scripted_triggers.txt	276	670	Laos	Indre	state = 670 # Laos
common\scripted_triggers\CHI_scripted_triggers.txt	277	1017	- Trung Bo	Kutahya	state = 1017 # Trung Bo
common\scripted_triggers\CHI_scripted_triggers.txt	278	671	Annam	Rowne	state = 671 # Tonkin
common\scripted_triggers\CHI_scripted_triggers.txt	279	1066	- Mekong Delta	Adana	state = 1066 # Cochinchina
common\scripted_triggers\CHI_scripted_triggers.txt	280	1067	- Battambang	Denizli	state = 1067 # Battambang
common\scripted_triggers\CHI_scripted_triggers.txt	281	1068	- Bassac	Nigde	state = 1068 # Bassac
common\scripted_triggers\CHI_scripted_triggers.txt	282	1069	- Lan Chang	Gilan	state = 1069 # Lan Chang
common\scripted_triggers\CHI_scripted_triggers.txt	288	617	Xinjiang	Transnistria	state = 617 # Urumqi
common\scripted_triggers\CHI_scripted_triggers.txt	289	759	Kunlun	Valcea	state = 759 # Kunlun Shan
common\scripted_triggers\CHI_scripted_triggers.txt	290	755	Haixi	Fiume	state = 755 # Haixi
common\scripted_triggers\CHI_scripted_triggers.txt	291	754	Golog	Lika-Gacka	state = 754 # Golog
common\scripted_triggers\CHI_scripted_triggers.txt	292	283	China	Monaghan	state = 283 # Gansu
common\scripted_triggers\CHI_scripted_triggers.txt	298	325	Yunnan	Derbyshire	state = 325 # Yunnan
common\scripted_triggers\CHI_scripted_triggers.txt	299	671	Annam	Rowne	state = 671 # Tonkin
common\scripted_triggers\CHI_scripted_triggers.txt	305	601	China 1	Abauj	state = 601 # Xikang
common\scripted_triggers\CHI_scripted_triggers.txt	306	434	Arunachal Pradesh	Wlodzimierz Wolynski	state = 434 # Arunachal Pradesh
common\scripted_triggers\CHI_scripted_triggers.txt	307	747	Dali Bai	Lyon	state = 747 # Dali
common\scripted_triggers\CHI_scripted_triggers.txt	313	995	Pegu	Ioannina	state = 995
common\scripted_triggers\CHI_scripted_triggers.txt	314	640	Mandalay	Montaigne et Gurson	state = 640
common\scripted_triggers\CHI_scripted_triggers.txt	315	998	Sagaing	Kalbajar	state = 998
common\scripted_triggers\CHI_scripted_triggers.txt	316	434	Arunachal Pradesh	Wlodzimierz Wolynski	state = 434
common\scripted_triggers\CHI_scripted_triggers.txt	317	990	Manipur	Castelo Branco	state = 990
common\scripted_triggers\CHI_scripted_triggers.txt	318	432	Assam	Limburg Voormaas	state = 432
common\scripted_triggers\ETH_scripted_triggers.txt	135	271	ethiopia	North Riding	controls_state = 271
common\scripted_triggers\ETH_scripted_triggers.txt	136	835	Haraghe	Trebinje	controls_state = 835
common\scripted_triggers\ETH_scripted_triggers.txt	137	836	Bale	Rzeszow	controls_state = 836
common\scripted_triggers\ETH_scripted_triggers.txt	138	837	Sidamo	Asturias	controls_state = 837
common\scripted_triggers\ETH_scripted_triggers.txt	139	838	Illubabor	Hautes-Pyrenees	controls_state = 838
common\scripted_triggers\ETH_scripted_triggers.txt	140	839	Welega	Perugia	controls_state = 839
common\scripted_triggers\ETH_scripted_triggers.txt	141	840	Gojjam	Pyrenees-Atlantiques	controls_state = 840
common\scripted_triggers\ETH_scripted_triggers.txt	142	841	Begemder	Abkhazia	controls_state = 841
common\scripted_triggers\ETH_scripted_triggers.txt	143	842	Tigray	Montgenevre	controls_state = 842
common\scripted_triggers\ETH_scripted_triggers.txt	144	843	Wello	Ingushetia	controls_state = 843
common\scripted_triggers\GER_scripted_triggers.txt	273	367	Alabama	Kobryn	state = 367
common\scripted_triggers\GER_scripted_triggers.txt	274	1041	- Chengdu	Luboml	state = 1041
common\scripted_triggers\GER_scripted_triggers.txt	280	992	Province of Aden	Kowel	state = 992
common\scripted_triggers\GER_scripted_triggers.txt	281	434	Arunachal Pradesh	Wlodzimierz Wolynski	state = 434
common\scripted_triggers\GER_scripted_triggers.txt	283	1030	- Gyeongsang	Luck	state = 1030
common\scripted_triggers\GER_scripted_triggers.txt	284	459	Western Algeria	Krzemieniec	state = 459
common\scripted_triggers\GER_scripted_triggers.txt	286	671	Annam	Rowne	state = 671
common\scripted_triggers\GER_scripted_triggers.txt	288	420	Gilan	Sarny	state = 420
common\scripted_triggers\GER_scripted_triggers.txt	297	493	La Libertad	Proskuriv	state = 493
common\scripted_triggers\GER_scripted_triggers.txt	318	436	Central Provinces	Zhitomir	state = 436
common\scripted_triggers\GER_scripted_triggers.txt	323	527	North Korea	Vinnytsia	state = 527
common\scripted_triggers\GER_scripted_triggers.txt	335	559	Somaliland	Oleksandriia	state = 559
common\scripted_triggers\GER_scripted_triggers.txt	346	614	China 13	Nikolayev	state = 614
common\scripted_triggers\GER_scripted_triggers.txt	360	443	Sind	Borispol	state = 443
common\scripted_triggers\GER_scripted_triggers.txt	361	510	Mesopotamia	Zolotonosha	state = 510
common\scripted_triggers\GER_scripted_triggers.txt	362	494	Ucayali	Lubny	state = 494
common\scripted_triggers\GER_scripted_triggers.txt	370	560	TS 2	Pokrovske	state = 560
common\scripted_triggers\GER_scripted_triggers.txt	371	623	Luzon	Zaporozhye	state = 623
common\scripted_triggers\GER_scripted_triggers.txt	378	657	Border state	Kakhovka	state = 657
common\scripted_triggers\GER_scripted_triggers.txt	392	450	Benghasi	Belgorod	state = 450
common\scripted_triggers\GER_scripted_triggers.txt	396	497	Maranhao	Kharkov	state = 497
common\scripted_triggers\GER_scripted_triggers.txt	412	557	Mauritania	Stalino	state = 557
common\scripted_triggers\GER_scripted_triggers.txt	419	518	Tasmania	Luhansk	state = 518
common\scripted_triggers\GER_scripted_triggers.txt	437	259	Liski	Marijampoles	state = 259
common\scripted_triggers\GER_scripted_triggers.txt	439	274	British Africa	Alytaus	state = 274
common\scripted_triggers\GER_scripted_triggers.txt	441	238	volgodonsk	Sakiu	state = 238
common\scripted_triggers\GER_scripted_triggers.txt	445	242	Smolensk	Kauno	state = 242
common\scripted_triggers\GER_scripted_triggers.txt	446	275	South Africa	Traku	state = 275
common\scripted_triggers\GER_scripted_triggers.txt	447	208	Pskov	Kretingos	state = 208
common\scripted_triggers\GER_scripted_triggers.txt	448	205	Hrodna	Telsiu	state = 205
common\scripted_triggers\GER_scripted_triggers.txt	450	206	Minsk	Siauliu	state = 206
common\scripted_triggers\GER_scripted_triggers.txt	451	244	Gatchina	Ukmerges	state = 244
common\scripted_triggers\GER_scripted_triggers.txt	453	174	Leon	Liepaja	state = 174
common\scripted_triggers\GER_scripted_triggers.txt	454	107	Kosavo	Mazeikiu	state = 107
common\scripted_triggers\GER_scripted_triggers.txt	461	196	Kherson	Jelgava	state = 196
common\scripted_triggers\GER_scripted_triggers.txt	466	307	Venezuela	Slonim	state = 307
common\scripted_triggers\GER_scripted_triggers.txt	467	231	Georgia	Lida	state = 231
common\scripted_triggers\GER_scripted_triggers.txt	472	292	Saudi Arabia	Baranowicze	state = 292
common\scripted_triggers\GER_scripted_triggers.txt	480	1000	East Azerbaijan	Oszmiana	state = 1000
common\scripted_triggers\GER_scripted_triggers.txt	483	232	Grozny	Dzisna	state = 232
common\scripted_triggers\GER_scripted_triggers.txt	485	225	Glukhov	Utenos	state = 225
common\scripted_triggers\GER_scripted_triggers.txt	486	236	Astrakhan	Swieciany	state = 236
common\scripted_triggers\GER_scripted_triggers.txt	490	94	Polesie	Ilukste	state = 94
common\scripted_triggers\GER_scripted_triggers.txt	498	172	Navarre	Riga	state = 172   # Hauptstadt
common\scripted_triggers\GER_scripted_triggers.txt	501	185	Epirus	Rezekne	state = 185
common\scripted_triggers\GER_scripted_triggers.txt	502	170	Extremadura	Madona	state = 170
common\scripted_triggers\GER_scripted_triggers.txt	505	112	Lisbon	Cesis	state = 112
common\scripted_triggers\GER_scripted_triggers.txt	506	95	Nowogrodek	Valmiera	state = 95
common\scripted_triggers\GER_scripted_triggers.txt	510	165	Catalonia	Petseri	state = 165
common\scripted_triggers\GER_scripted_triggers.txt	511	173	Granada	Voru	state = 173
common\scripted_triggers\GER_scripted_triggers.txt	512	166	Western Aragon	Valga	state = 166
common\scripted_triggers\GER_scripted_triggers.txt	513	155	Western Hungary	Parnu	state = 155
common\scripted_triggers\GER_scripted_triggers.txt	519	133	Strathclyde	Harju	state = 133
common\scripted_triggers\GER_scripted_triggers.txt	520	143	Midt-Noreg	Jarva	state = 143
common\scripted_triggers\GER_scripted_triggers.txt	521	134	Connaught	Narva	state = 134
common\scripted_triggers\GER_scripted_triggers.txt	522	137	Crimea	Jaanilinn	state = 137
common\scripted_triggers\GER_scripted_triggers.txt	532	13	Estonia	Troms	state = 13
common\scripted_triggers\GER_scripted_triggers.txt	540	78	Bessarabia	Hedmark	state = 78
common\scripted_triggers\GER_scripted_triggers.txt	542	83	crisana	Oppland	state = 83
common\scripted_triggers\GER_scripted_triggers.txt	544	128	West Midlands	Rogaland	state = 128
common\scripted_triggers\GER_scripted_triggers.txt	545	106	Macedonia	Buskerud	state = 106
common\scripted_triggers\GER_scripted_triggers.txt	546	123	Cornwall	Telemark	state = 123
common\scripted_triggers\GER_scripted_triggers.txt	547	132	North-west England	Aust-Agder	state = 132
common\scripted_triggers\GER_scripted_triggers.txt	549	131	Northern England	Vestfold	state = 131
common\scripted_triggers\GER_scripted_triggers.txt	550	118	Gibralter	Akershus	state = 118
common\scripted_triggers\GER_scripted_triggers.txt	552	129	East Midlands	Ostfold	state = 129
common\scripted_triggers\GER_scripted_triggers.txt	562	451	Derna	Zeeland	state = 451
common\scripted_triggers\GER_scripted_triggers.txt	565	432	Assam	Limburg Voormaas	state = 432
common\scripted_triggers\GER_scripted_triggers.txt	566	479	Tamaulipas	Oost Noord-Brabant	state = 479
common\scripted_triggers\GER_scripted_triggers.txt	574	346	Konya	Drenthe	state = 346
common\scripted_triggers\GER_scripted_triggers.txt	575	336	Singapore	Friesland	state = 336
common\scripted_triggers\GER_scripted_triggers.txt	576	364	South Carolina	Overijssel	state = 364
common\scripted_triggers\GER_scripted_triggers.txt	577	383	Kansas	Gelderland	state = 383
common\scripted_triggers\GER_scripted_triggers.txt	579	402	Akhtubinsk	Zuid-Holland	state = 402
common\scripted_triggers\GER_scripted_triggers.txt	580	358	New York	Noord-Holland	state = 358
common\scripted_triggers\GER_scripted_triggers.txt	588	500	Rio de Janerio	Luxembourg Belge	state = 500
common\scripted_triggers\GER_scripted_triggers.txt	591	480	Coahuila	Liege	state = 480
common\scripted_triggers\GER_scripted_triggers.txt	592	456	Luxor	Vlaams-Limburg	state = 456
common\scripted_triggers\GER_scripted_triggers.txt	593	487	Amazinas	Namur	state = 487
common\scripted_triggers\GER_scripted_triggers.txt	594	444	Baluchistan States	Antwerpen	state = 444
common\scripted_triggers\GER_scripted_triggers.txt	595	470	Alberta	Vlaams-Brabant	state = 470   # Hauptstadt
common\scripted_triggers\GER_scripted_triggers.txt	597	422	Ceylon	Brabant wallon	state = 422
common\scripted_triggers\GER_scripted_triggers.txt	598	482	Chihuahua	Hainaut	state = 482
common\scripted_triggers\GER_scripted_triggers.txt	599	466	Quebec	Hainaut Francais	state = 466
common\scripted_triggers\GER_scripted_triggers.txt	600	455	Jordan	Oost-Vlaanderen	state = 455
common\scripted_triggers\GER_scripted_triggers.txt	601	454	Israel	West-Vlaanderen	state = 454
common\scripted_triggers\GER_scripted_triggers.txt	606	472	Northwest Territories	Calais	state = 472
common\scripted_triggers\GER_scripted_triggers.txt	619	968	Deep Amazonas	Abseron-Xizi	state = 968
common\scripted_triggers\GER_scripted_triggers.txt	620	966	Deep Amazonas	Dagliq Sirvan	state = 966
common\scripted_triggers\GER_scripted_triggers.txt	625	1020	- Sanin	Jabrayil	state = 1020
common\scripted_triggers\GER_scripted_triggers.txt	627	993	Kentung and Yawnghwe	Aghdam	state = 993
common\scripted_triggers\GER_scripted_triggers.txt	628	997	Arakan	Nagorno-Karabakh	state = 997
common\scripted_triggers\GER_scripted_triggers.txt	631	1019	- South Tohoku	Syunik	state = 1019
common\scripted_triggers\GER_scripted_triggers.txt	632	998	Sagaing	Kalbajar	state = 998
common\scripted_triggers\GER_scripted_triggers.txt	633	1023	- Brunei	Nakhchivan	state = 1023
common\scripted_triggers\GER_scripted_triggers.txt	634	1014	- Bahrain	Vayots Dzor	state = 1014
common\scripted_triggers\GER_scripted_triggers.txt	637	1005	Qataghan	Ararat	state = 1005
common\scripted_triggers\GER_scripted_triggers.txt	638	977	- Antwerp	Gegharkunik	state = 977
common\scripted_triggers\GER_scripted_triggers.txt	645	961	Deep Amazonas	Tavush	state = 961
common\scripted_triggers\GER_scripted_triggers.txt	646	946	- Paysandu	Lori	state = 946
common\scripted_triggers\GER_scripted_triggers.txt	649	936	- Pernambuco	Qazax	state = 936
common\scripted_triggers\GER_scripted_triggers.txt	653	889	Elisabethville	Zaqatala	state = 889
common\scripted_triggers\GER_scripted_triggers.txt	668	890	Costermansville	Imereti	state = 890
common\scripted_triggers\GER_scripted_triggers.txt	669	856	Asir-Makkah	Samegrelo	state = 856
common\scripted_triggers\GER_scripted_triggers.txt	670	869	Lanna	Racha-Lechkhumi	state = 869
common\scripted_triggers\GER_scripted_triggers.txt	673	886	Blue Nile	Mtskheta-Mtianeti	state = 886
common\scripted_triggers\GER_scripted_triggers.txt	674	784	Ermland-Masuren	Avar	state = 784
common\scripted_triggers\GER_scripted_triggers.txt	677	1028	- Hamgyong	Dagestan	state = 1028
common\scripted_triggers\GER_scripted_triggers.txt	680	843	Wello	Ingushetia	state = 843
common\scripted_triggers\GER_scripted_triggers.txt	681	832	- Dashhowuz	North Ossetia	state = 832
common\scripted_triggers\GER_scripted_triggers.txt	683	821	- Chenchnya-Ingushetia	Chechen	state = 821
common\scripted_triggers\GER_scripted_triggers.txt	688	841	Begemder	Abkhazia	state = 841
common\scripted_triggers\GER_scripted_triggers.txt	703	826	- Abkhazia	Kabardino-Balkar	state = 826
common\scripted_triggers\GER_scripted_triggers.txt	707	732	Pamir	Stavropol	state = 732
common\scripted_triggers\GER_scripted_triggers.txt	709	806	French Basque Country	Karachay-Cherkess	state = 806
common\scripted_triggers\GER_scripted_triggers.txt	719	778	Upper Volta	Adygea	state = 778
common\scripted_triggers\GER_scripted_triggers.txt	737	997	Arakan	Nagorno-Karabakh	state = 997
common\scripted_triggers\GER_scripted_triggers.txt	746	1006	Khyber Pass	Ahal	state = 1006   # Hauptstadt
common\scripted_triggers\GER_scripted_triggers.txt	747	895	Kavango	Balkan	state = 895
common\scripted_triggers\GER_scripted_triggers.txt	751	891	Zambesi	Dasoguz	state = 891
common\scripted_triggers\GER_scripted_triggers.txt	753	761	Hulunbuir	Karakalpakstan	state = 761
common\scripted_triggers\GER_scripted_triggers.txt	754	716	Liaotung	Mangystau	state = 716
common\scripted_triggers\GER_scripted_triggers.txt	759	464	Nova Scotia	Aqtobe	state = 464
common\scripted_triggers\GER_scripted_triggers.txt	762	561	TS 3	Atyrau	state = 561
common\scripted_triggers\GER_scripted_triggers.txt	772	216	Below Zero	Frederiksborg	state = 216 # Olonets
common\scripted_triggers\GER_scripted_triggers.txt	773	215	Eastern Karelia	Gorodok	state = 215 # Onega
common\scripted_triggers\GER_scripted_triggers.txt	774	213	Murmansk	Dunbarton	state = 213 # Murmansk
common\scripted_triggers\GER_scripted_triggers.txt	781	146	Karelia	Saaremaa	state = 146 # Karjala
common\scripted_triggers\GER_scripted_triggers.txt	782	147	Salla	Vest-Agder	state = 147 # Salla
common\scripted_triggers\GER_scripted_triggers.txt	783	722	Petsamo	Baranya	state = 722 # Petsamo
common\scripted_triggers\GER_scripted_triggers.txt	794	565	TS 7	Tomashpol	state = 565
common\scripted_triggers\GER_scripted_triggers.txt	801	617	Xinjiang	Transnistria	state = 617
common\scripted_triggers\GER_scripted_triggers.txt	804	618	China 15	Ochakov	state = 618
common\scripted_triggers\GER_scripted_triggers.txt	805	613	China 12	Berezovka	state = 613
common\scripted_triggers\GER_scripted_triggers.txt	814	766	Southern Bessarabia	Cantal	state = 766 # Southern Bessarabia
common\scripted_triggers\GER_scripted_triggers.txt	815	78	Bessarabia	Hedmark	state = 78 # Bessarabia
common\scripted_triggers\GER_scripted_triggers.txt	822	9	Czechoslovakia	Ontario	state = 9 # Bohemia
common\scripted_triggers\GER_scripted_triggers.txt	823	75	Moravia	More og Romsdal	state = 75 # Moravia
common\scripted_triggers\GER_scripted_triggers.txt	831	407	Uralsk	Sochaczew	state = 407
common\scripted_triggers\GER_scripted_triggers.txt	834	421	Kurdistan	Radomsko	state = 421
common\scripted_triggers\GER_scripted_triggers.txt	835	370	Mississippi	Grojec	state = 370
common\scripted_triggers\GER_scripted_triggers.txt	836	508	Argentine Northwest	Warszawa	state = 508
common\scripted_triggers\GER_scripted_triggers.txt	839	982	- Madras States	Sokolka	state = 982
common\scripted_triggers\GER_scripted_triggers.txt	843	1080	- Marlborough	Miechow	state = 1080
common\scripted_triggers\GER_scripted_triggers.txt	844	429	Bombay	Jedrzejow	state = 429
common\scripted_triggers\GER_scripted_triggers.txt	845	867	Northern Manitoba	Kielce	state = 867
common\scripted_triggers\GER_scripted_triggers.txt	846	827	- Kabardino-Balkaria	Radom	state = 827
common\scripted_triggers\GER_scripted_triggers.txt	847	1070	- Bougainville	Garwolin	state = 1070
common\scripted_triggers\GER_scripted_triggers.txt	849	377	Arizona	Lublin	state = 377
common\scripted_triggers\GER_scripted_triggers.txt	850	1002	Yazd	Chelm	state = 1002
common\scripted_triggers\GER_scripted_triggers.txt	851	902	Sokoto	Opatow	state = 902
common\scripted_triggers\GER_scripted_triggers.txt	854	496	Para	Tarnow	state = 496
common\scripted_triggers\GER_scripted_triggers.txt	855	484	Baja California	Nisko	state = 484
common\scripted_triggers\GER_scripted_triggers.txt	856	46	Romania	Krasnystaw	state = 46
common\scripted_triggers\GER_scripted_triggers.txt	857	836	Bale	Rzeszow	state = 836
common\scripted_triggers\GER_scripted_triggers.txt	859	491	Loreto	Zamosc	state = 491
common\scripted_triggers\GER_scripted_triggers.txt	861	923	Helgeland	Sanok	state = 923
common\scripted_triggers\GER_scripted_triggers.txt	862	351	Vologda	Ostrow Mazowiecka	state = 351
common\scripted_triggers\GER_scripted_triggers.txt	872	490	Pastaza	Drohobycz	state = 490
common\scripted_triggers\GER_scripted_triggers.txt	881	502	Rio Grande Sul	Czortkow	state = 502
common\scripted_triggers\GER_scripted_triggers.txt	883	542	Bechuana Land	Nadworna	state = 542
common\scripted_triggers\GER_scripted_triggers.txt	887	501	Saol Paulo	Lubaczow	state = 501
common\scripted_triggers\GER_scripted_triggers.txt	896	892	South West Angola	Girona	state = 892
common\scripted_triggers\GER_scripted_triggers.txt	897	896	Manica e Sofala	Barcelona	state = 896
common\scripted_triggers\GER_scripted_triggers.txt	898	875	Chukchi Peninsulay	Lleida	state = 875
common\scripted_triggers\GER_scripted_triggers.txt	901	870	Pilbara-Kimberley	Huesca	state = 870
common\scripted_triggers\GER_scripted_triggers.txt	902	854	Jawf	Navarra	state = 854
common\scripted_triggers\GER_scripted_triggers.txt	905	860	Cote-Nord	Alava	state = 860
common\scripted_triggers\GER_scripted_triggers.txt	908	974	- South Transdanubia	Castellon	state = 974
common\scripted_triggers\GER_scripted_triggers.txt	909	939	- Amapa	Teruel	state = 939
common\scripted_triggers\GER_scripted_triggers.txt	911	859	Dammam	Burgos	state = 859
common\scripted_triggers\GER_scripted_triggers.txt	912	883	Kassala	La Rioja	state = 883
common\scripted_triggers\GER_scripted_triggers.txt	913	901	Borno	Soria	state = 901
common\scripted_triggers\GER_scripted_triggers.txt	914	940	- Acre	Guadalajara	state = 940
common\scripted_triggers\GER_scripted_triggers.txt	915	864	Yukon	Palencia	state = 864
common\scripted_triggers\GER_scripted_triggers.txt	916	897	Zambezia-Mocambique	Valladolid	state = 897
common\scripted_triggers\GER_scripted_triggers.txt	918	857	Ha'il	Leon	state = 857
common\scripted_triggers\GER_scripted_triggers.txt	919	837	Sidamo	Asturias	state = 837
common\scripted_triggers\GER_scripted_triggers.txt	921	830	- Bukhara	La Coruna	state = 830
common\scripted_triggers\GER_scripted_triggers.txt	922	874	Magadan	Pontevedra	state = 874
common\scripted_triggers\GER_scripted_triggers.txt	923	887	South Darfur	Orense	state = 887
common\scripted_triggers\GER_scripted_triggers.txt	924	903	Garissa	Viana do Castelo	state = 903
common\scripted_triggers\GER_scripted_triggers.txt	926	1007	Maymanah	Valencia	state = 1007
common\scripted_triggers\GER_scripted_triggers.txt	927	980	- Ardennes	Cuenca	state = 980
common\scripted_triggers\GER_scripted_triggers.txt	928	951	- Arica	Madrid	state = 951  # Hauptstadt
common\scripted_triggers\GER_scripted_triggers.txt	929	922	Agder	Braga	state = 922
common\scripted_triggers\GER_scripted_triggers.txt	932	935	- Ceara	Porto	state = 935
common\scripted_triggers\GER_scripted_triggers.txt	933	950	- Araucania	Avila	state = 950
common\scripted_triggers\GER_scripted_triggers.txt	934	943	- Espirito Santo	Salamanca	state = 943
common\scripted_triggers\GER_scripted_triggers.txt	935	954	- Santa Cruz	Guarda	state = 954
common\scripted_triggers\GER_scripted_triggers.txt	936	947	- Tacna	Viseu	state = 947
common\scripted_triggers\GER_scripted_triggers.txt	937	962	Deep Amazonas	Aveiro	state = 962
common\scripted_triggers\GER_scripted_triggers.txt	938	1056	Manado	Alicante	state = 1056
common\scripted_triggers\GER_scripted_triggers.txt	939	1037	- Chongqing	Albacete	state = 1037
common\scripted_triggers\GER_scripted_triggers.txt	940	999	Federated Shan States	Toledo	state = 999
common\scripted_triggers\GER_scripted_triggers.txt	941	987	- Waziristan	Caceres	state = 987
common\scripted_triggers\GER_scripted_triggers.txt	942	990	Manipur	Castelo Branco	state = 990
common\scripted_triggers\GER_scripted_triggers.txt	943	985	- Sikkim	Coimbra	state = 985
common\scripted_triggers\GER_scripted_triggers.txt	944	1010	Al Anbar	Leiria	state = 1010
common\scripted_triggers\GER_scripted_triggers.txt	945	1021	- Actual Singapore	Santarem	state = 1021
common\scripted_triggers\GER_scripted_triggers.txt	946	1042	- Khotan	Lisboa	state = 1042
common\scripted_triggers\GER_scripted_triggers.txt	947	1026	- North Mindanao	Portalegre	state = 1026
common\scripted_triggers\GER_scripted_triggers.txt	948	1057	Dutch Southern New Guinea	Murcia	state = 1057
common\scripted_triggers\GER_scripted_triggers.txt	949	1029	- Gangwon	Ciudad Real	state = 1029
common\scripted_triggers\GER_scripted_triggers.txt	950	1035	- Nanjing	Badajoz	state = 1035
common\scripted_triggers\GER_scripted_triggers.txt	952	1053	East Nusa Tenggara	Evora	state = 1053
common\scripted_triggers\GER_scripted_triggers.txt	954	1058	Batavia	Cordoba	state = 1058
common\scripted_triggers\GER_scripted_triggers.txt	955	1063	- Pahang	Jaen	state = 1063
common\scripted_triggers\GER_scripted_triggers.txt	956	1072	- American Samoa	Beja	state = 1072
common\scripted_triggers\GER_scripted_triggers.txt	959	1079	Auckland	Sevilla	state = 1079
common\scripted_triggers\GER_scripted_triggers.txt	964	882	Pavlodar	Gibraltar	state = 882
common\scripted_triggers\GER_scripted_triggers.txt	972	73	Carpathian Ruthenia	Etela-Pohjanmaa	state = 73 # Carpathian Ruthenia
common\scripted_triggers\GER_scripted_triggers.txt	973	664	Southern Slovakia	Oradea	state = 664 # South Slovakia
common\scripted_triggers\GER_scripted_triggers.txt	974	71	East Slovakia	Sor-Trondelag	state = 71 # East Slovakia
common\scripted_triggers\GER_scripted_triggers.txt	975	70	Slovakia	Soro	state = 70 # West Slovakia
common\scripted_triggers\GER_scripted_triggers.txt	982	458	Tunisia	Cornwall	state = 458
common\scripted_triggers\GER_scripted_triggers.txt	985	445	Quetta	Somerset	state = 445
common\scripted_triggers\GER_scripted_triggers.txt	986	468	Nunavut	Dorset	state = 468
common\scripted_triggers\GER_scripted_triggers.txt	988	453	Sinai	Hampshire	state = 453
common\scripted_triggers\GER_scripted_triggers.txt	989	462	Southern Morocco	Sussex	state = 462
common\scripted_triggers\GER_scripted_triggers.txt	991	447	Alexandria	Surrey	state = 447
common\scripted_triggers\GER_scripted_triggers.txt	992	437	Central Indian Provinces	Wiltshire	state = 437
common\scripted_triggers\GER_scripted_triggers.txt	993	410	Sistan	Gloucestershire	state = 410
common\scripted_triggers\GER_scripted_triggers.txt	994	428	Western Indian States	Berkshire	state = 428
common\scripted_triggers\GER_scripted_triggers.txt	998	435	Bihar	Brent	state = 435
common\scripted_triggers\GER_scripted_triggers.txt	1000	408	Vladivostok	Oxfordshire	state = 408
common\scripted_triggers\GER_scripted_triggers.txt	1001	405	Atyrau	Buckinghamshire	state = 405
common\scripted_triggers\GER_scripted_triggers.txt	1002	416	Razavi Khorasan	Hertfordshire	state = 416
common\scripted_triggers\GER_scripted_triggers.txt	1003	413	Khuzestan	Essex	state = 413
common\scripted_triggers\GER_scripted_triggers.txt	1005	386	Washington	Suffolk	state = 386
common\scripted_triggers\GER_scripted_triggers.txt	1006	356	Sinop	Norfolk	state = 356
common\scripted_triggers\GER_scripted_triggers.txt	1007	372	Arkansas	Cambridgeshire	state = 372
common\scripted_triggers\GER_scripted_triggers.txt	1008	379	Nevada	Huntingdonshire	state = 379
common\scripted_triggers\GER_scripted_triggers.txt	1009	369	Kentucky	Northamptonshire	state = 369
common\scripted_triggers\GER_scripted_triggers.txt	1010	419	Azerbaijan	Monmouthshire	state = 419
common\scripted_triggers\GER_scripted_triggers.txt	1011	426	Orissa	Glamorganshire	state = 426
common\scripted_triggers\GER_scripted_triggers.txt	1012	409	Khabarovsk	Pembrokeshire	state = 409
common\scripted_triggers\GER_scripted_triggers.txt	1013	406	Krasnyy Yar	Carmarthenshire	state = 406
common\scripted_triggers\GER_scripted_triggers.txt	1015	396	Indiana	Herefordshire	state = 396
common\scripted_triggers\GER_scripted_triggers.txt	1016	390	South Dakota	Worcestershire	state = 390
common\scripted_triggers\GER_scripted_triggers.txt	1017	374	Oklahoma	Warkwickshire	state = 374
common\scripted_triggers\GER_scripted_triggers.txt	1018	380	Utah	Cardiganshire	state = 380
common\scripted_triggers\GER_scripted_triggers.txt	1019	389	North Dakota	Radnorshire	state = 389
common\scripted_triggers\GER_scripted_triggers.txt	1020	357	New England	Leicestershire	state = 357
common\scripted_triggers\GER_scripted_triggers.txt	1021	375	Texas	Rutland	state = 375
common\scripted_triggers\GER_scripted_triggers.txt	1022	313	Guatemala	Lincolnshire	state = 313
common\scripted_triggers\GER_scripted_triggers.txt	1023	328	Manchukuo	Nottinghamshire	state = 328
common\scripted_triggers\GER_scripted_triggers.txt	1024	344	Adana	Staffordshire	state = 344
common\scripted_triggers\GER_scripted_triggers.txt	1025	355	Samsun	Shropshire	state = 355
common\scripted_triggers\GER_scripted_triggers.txt	1026	362	Virginia	Montgomeryshire	state = 362
common\scripted_triggers\GER_scripted_triggers.txt	1027	354	Trabzon	Merionethshire	state = 354
common\scripted_triggers\GER_scripted_triggers.txt	1028	334	Kalimantan Barat	Caernarvonshire	state = 334
common\scripted_triggers\GER_scripted_triggers.txt	1030	342	Antalya	Denbighshire	state = 342
common\scripted_triggers\GER_scripted_triggers.txt	1031	338	Gloucestershire	Flintshire	state = 338
common\scripted_triggers\GER_scripted_triggers.txt	1032	325	Yunnan	Derbyshire	state = 325
common\scripted_triggers\GER_scripted_triggers.txt	1033	324	Bhutan	Cheshire	state = 324
common\scripted_triggers\GER_scripted_triggers.txt	1034	293	Yemen	Lancashire	state = 293
common\scripted_triggers\GER_scripted_triggers.txt	1035	286	Indochina	West Riding	state = 286
common\scripted_triggers\GER_scripted_triggers.txt	1036	290	Spanish Africa	East Riding	state = 290
common\scripted_triggers\GER_scripted_triggers.txt	1037	271	ethiopia	North Riding	state = 271
common\scripted_triggers\GER_scripted_triggers.txt	1038	269	British Somaliland	Westmorland	state = 269
common\scripted_triggers\GER_scripted_triggers.txt	1040	258	lipetsk	Durham	state = 258
common\scripted_triggers\GER_scripted_triggers.txt	1041	234	Krasodar	Northumberland	state = 234
common\scripted_triggers\GER_scripted_triggers.txt	1042	237	Elista	Roxburgh	state = 237
common\scripted_triggers\GER_scripted_triggers.txt	1043	224	Bryansk	Berwick	state = 224
common\scripted_triggers\GER_scripted_triggers.txt	1045	221	Kharkov	Midlothian	state = 221
common\scripted_triggers\GER_scripted_triggers.txt	1046	245	Donetsk	Dumfries	state = 245
common\scripted_triggers\GER_scripted_triggers.txt	1047	239	Saratov	Selkirk	state = 239
common\scripted_triggers\GER_scripted_triggers.txt	1048	233	Caucasus Mountains	Peebles	state = 233
common\scripted_triggers\GER_scripted_triggers.txt	1050	257	Livny	Wigtown	state = 257
common\scripted_triggers\GER_scripted_triggers.txt	1051	230	Armenia	Ayr	state = 230
common\scripted_triggers\GER_scripted_triggers.txt	1052	219	Moscow Area	Lanmark	state = 219
common\scripted_triggers\GER_scripted_triggers.txt	1053	220	Kursk Area	West Lothian	state = 220
common\scripted_triggers\GER_scripted_triggers.txt	1054	222	Orel	Renfrew	state = 222
common\scripted_triggers\GER_scripted_triggers.txt	1055	126	Greater London Area	Glasgow	state = 126
common\scripted_triggers\GER_scripted_triggers.txt	1057	210	Bryansk	Stirling	state = 210
common\scripted_triggers\GER_scripted_triggers.txt	1058	192	Odessa	Bute	state = 192
common\scripted_triggers\GER_scripted_triggers.txt	1059	199	Khmelnytskyi	Arcyll	state = 199
common\scripted_triggers\GER_scripted_triggers.txt	1062	211	Burgas	Kinross	state = 211
common\scripted_triggers\GER_scripted_triggers.txt	1063	204	Brest	Fife	state = 204
common\scripted_triggers\GER_scripted_triggers.txt	1064	194	Pinsk Marches	Perth	state = 194
common\scripted_triggers\GER_scripted_triggers.txt	1065	193	Kiev	Angus	state = 193
common\scripted_triggers\GER_scripted_triggers.txt	1066	191	Tartu	Kincardine	state = 191
common\scripted_triggers\GER_scripted_triggers.txt	1067	180	Porto	Aberdeen	state = 180
common\scripted_triggers\GER_scripted_triggers.txt	1068	179	Beja	Banff	state = 179
common\scripted_triggers\GER_scripted_triggers.txt	1069	176	Burgos	Moray	state = 176
common\scripted_triggers\GER_scripted_triggers.txt	1073	169	Sevilla	Ross and Cromarty	state = 169
common\scripted_triggers\GER_scripted_triggers.txt	1083	248	Yaroslavl	Donegal	state = 248
common\scripted_triggers\GER_scripted_triggers.txt	1084	253	Ivanovo	Antrim	state = 253
common\scripted_triggers\GER_scripted_triggers.txt	1085	254	Ryazan	Londonder	state = 254
common\scripted_triggers\GER_scripted_triggers.txt	1087	268	French Somaliland	Down	state = 268
common\scripted_triggers\GER_scripted_triggers.txt	1089	276	Canada	Armagh	state = 276
common\scripted_triggers\GER_scripted_triggers.txt	1090	279	Chile	Sligo	state = 279
common\scripted_triggers\GER_scripted_triggers.txt	1091	283	China	Monaghan	state = 283
common\scripted_triggers\GER_scripted_triggers.txt	1092	288	Magwe	Mayo	state = 288
common\scripted_triggers\GER_scripted_triggers.txt	1093	291	Iraq	Cavan	state = 291
common\scripted_triggers\GER_scripted_triggers.txt	1094	296	Portugal Africa	Roscommon	state = 296
common\scripted_triggers\GER_scripted_triggers.txt	1095	297	Belgian Africa	Louth	state = 297
common\scripted_triggers\GER_scripted_triggers.txt	1096	302	bolivia	Longford	state = 302
common\scripted_triggers\GER_scripted_triggers.txt	1097	304	Panama	Meath	state = 304
common\scripted_triggers\GER_scripted_triggers.txt	1098	308	Britain SA	Westmeath	state = 308
common\scripted_triggers\GER_scripted_triggers.txt	1099	317	Nicaragua	Galway	state = 317
common\scripted_triggers\GER_scripted_triggers.txt	1100	321	Goa	Leitrim	state = 321
common\scripted_triggers\GER_scripted_triggers.txt	1101	320	French India	Dublin	state = 320
common\scripted_triggers\GER_scripted_triggers.txt	1102	333	British Borneo	Offaly	state = 333
common\scripted_triggers\GER_scripted_triggers.txt	1104	343	Afyon	Wicklow	state = 343
common\scripted_triggers\GER_scripted_triggers.txt	1105	345	Mersin	Laoighis	state = 345
common\scripted_triggers\GER_scripted_triggers.txt	1106	348	Kayseri	Tipperary	state = 348
common\scripted_triggers\GER_scripted_triggers.txt	1107	349	Silvas	Clare	state = 349
common\scripted_triggers\GER_scripted_triggers.txt	1108	360	Pennsylvania	Carlow	state = 360
common\scripted_triggers\GER_scripted_triggers.txt	1109	361	Maryland	Kilkenny	state = 361
common\scripted_triggers\GER_scripted_triggers.txt	1110	368	Tennesse	Wexford	state = 368
common\scripted_triggers\GER_scripted_triggers.txt	1111	371	Louisiana	Limerick	state = 371
common\scripted_triggers\GER_scripted_triggers.txt	1112	378	California	Kerry	state = 378
common\scripted_triggers\GER_scripted_triggers.txt	1113	394	Wisconsin	Cork	state = 394
common\scripted_triggers\GER_scripted_triggers.txt	1114	395	Illinois	Waterford	state = 395
common\scripted_triggers\GER_scripted_triggers.txt	1121	458	Tunisia	Cornwall	state = 458
common\scripted_triggers\GER_scripted_triggers.txt	1122	665	Gabes	Cluj	state = 665
common\scripted_triggers\GER_scripted_triggers.txt	1123	460	Eastern Algeria	Aachen	state = 460
common\scripted_triggers\GER_scripted_triggers.txt	1124	513	Southern Algeria	Praha	state = 513
common\scripted_triggers\GER_scripted_triggers.txt	1125	459	Western Algeria	Krzemieniec	state = 459
common\scripted_triggers\GER_scripted_triggers.txt	1126	461	Northern Morocco	Rosenberg	state = 461
common\scripted_triggers\GER_scripted_triggers.txt	1127	462	Southern Morocco	Sussex	state = 462
common\scripted_triggers\GER_scripted_triggers.txt	1128	290	Spanish Africa	East Riding	state = 290
common\scripted_triggers\GER_scripted_triggers.txt	1129	783	Sidi Ifni	Lot	state = 783
common\scripted_triggers\GER_scripted_triggers.txt	1130	699	Rio de Oro	Allier	state = 699
common\scripted_triggers\GER_scripted_triggers.txt	1131	557	Mauritania	Stalino	state = 557
common\scripted_triggers\GER_scripted_triggers.txt	1132	448	Tripoli	Abbeville	state = 448
common\scripted_triggers\GER_scripted_triggers.txt	1133	661	Tripolitania	Bern	state = 661
common\scripted_triggers\GER_scripted_triggers.txt	1134	449	Libyan Coast	Meissen	state = 449
common\scripted_triggers\GER_scripted_triggers.txt	1135	662	Sirte	Berettyoujfalu	state = 662
common\scripted_triggers\GER_scripted_triggers.txt	1136	450	Benghasi	Belgorod	state = 450
common\scripted_triggers\GER_scripted_triggers.txt	1137	663	Cyrenaica	Vas	state = 663
common\scripted_triggers\GER_scripted_triggers.txt	1138	451	Derna	Zeeland	state = 451
common\scripted_triggers\GER_scripted_triggers.txt	1139	452	Marsa Matruh	Val-de-Marne	state = 452
common\scripted_triggers\GER_scripted_triggers.txt	1140	447	Alexandria	Surrey	state = 447
common\scripted_triggers\GER_scripted_triggers.txt	1141	907	Cairo	Sinop	state = 907
common\scripted_triggers\GER_scripted_triggers.txt	1142	456	Luxor	Vlaams-Limburg	state = 456
common\scripted_triggers\GER_scripted_triggers.txt	1143	457	Aswan	Volgograd	state = 457
common\scripted_triggers\GER_scripted_triggers.txt	1144	883	Kassala	La Rioja	state = 883
common\scripted_triggers\GER_scripted_triggers.txt	1145	551	Khartoum	Calvados	state = 551
common\scripted_triggers\GER_scripted_triggers.txt	1146	886	Blue Nile	Mtskheta-Mtianeti	state = 886
common\scripted_triggers\GER_scripted_triggers.txt	1147	549	Sudan	Bydgoszcz	state = 549
common\scripted_triggers\GER_scripted_triggers.txt	1148	887	South Darfur	Orense	state = 887
common\scripted_triggers\GER_scripted_triggers.txt	1149	774	Chad	Gorj	state = 774
common\scripted_triggers\GER_scripted_triggers.txt	1150	272	French Africa	Fermanagh	state = 272 # Senegal
common\scripted_triggers\GER_scripted_triggers.txt	1151	701	Gambia	Val d'Oise	state = 701 # Gambia
common\scripted_triggers\GER_scripted_triggers.txt	1152	899	Kayes-Koulikoro	Shida Kartli	state = 899 # Kayes-Koulikoro
common\scripted_triggers\GER_scripted_triggers.txt	1153	898	Gao	Zamora	state = 898 # Gao
common\scripted_triggers\GER_scripted_triggers.txt	1154	781	Niger	Mehedinti	state = 781 # Niger
common\scripted_triggers\GER_scripted_triggers.txt	1156	786	Mauritanian Desert	Lozere	state = 786
common\scripted_triggers\GER_scripted_triggers.txt	1157	514	North Africa	Pardubice	state = 514
common\scripted_triggers\GER_scripted_triggers.txt	1158	273	Italian Africa	Kolberg	state = 273
common\scripted_triggers\GER_scripted_triggers.txt	1159	552	Western Egypt	Marne	state = 552
common\scripted_triggers\GER_scripted_triggers.txt	1160	767	North Darfur	Tulcea	state = 767
common\scripted_triggers\GER_scripted_triggers.txt	1161	782	Tombouctou	Foca	state = 782 # Tomboctu
common\scripted_triggers\GER_scripted_triggers.txt	1162	775	B.E.T.	Stara Pazova	state = 775 # BET
common\scripted_triggers\GER_scripted_triggers.txt	1163	515	Central Africa	Sedan	state = 515 # Nigerian Sahara
common\scripted_triggers\GER_scripted_triggers.txt	1170	296	Portugal Africa	Roscommon	state = 296
common\scripted_triggers\GER_scripted_triggers.txt	1171	780	Guinea	Gap	state = 780
common\scripted_triggers\GER_scripted_triggers.txt	1172	700	Sierra Leone	Szeged	state = 700
common\scripted_triggers\GER_scripted_triggers.txt	1173	298	Liberia	Kletnya	state = 298
common\scripted_triggers\GER_scripted_triggers.txt	1174	779	Ivory Coast	Bologna	state = 779
common\scripted_triggers\GER_scripted_triggers.txt	1175	556	Mali	Karlsruhe	state = 556
common\scripted_triggers\GER_scripted_triggers.txt	1176	778	Upper Volta	Adygea	state = 778
common\scripted_triggers\GER_scripted_triggers.txt	1177	274	British Africa	Alytaus	state = 274
common\scripted_triggers\GER_scripted_triggers.txt	1178	777	Togo	Bihac	state = 777
common\scripted_triggers\GER_scripted_triggers.txt	1179	776	Dahomey	Usora	state = 776
common\scripted_triggers\GER_scripted_triggers.txt	1180	558	Nigeria	Yvelines	state = 558
common\scripted_triggers\GER_scripted_triggers.txt	1181	902	Sokoto	Opatow	state = 902
common\scripted_triggers\GER_scripted_triggers.txt	1182	901	Borno	Soria	state = 901
common\scripted_triggers\GER_scripted_triggers.txt	1183	900	Benue	Bansko	state = 900
common\scripted_triggers\GER_scripted_triggers.txt	1184	773	Cameroon	Drome	state = 773
common\scripted_triggers\GER_scripted_triggers.txt	1185	660	Equatorial Africa	Jura	state = 660
common\scripted_triggers\GER_scripted_triggers.txt	1186	885	Bahr al Ghazal	Korce	state = 885
common\scripted_triggers\GER_scripted_triggers.txt	1187	884	Upper Nile	Kotor	state = 884
common\scripted_triggers\GER_scripted_triggers.txt	1188	548	Uganda	Eure	state = 548
common\scripted_triggers\GER_scripted_triggers.txt	1189	904	Nyanza-Rift Valley	Tetovo	state = 904
common\scripted_triggers\GER_scripted_triggers.txt	1190	547	East Africa	Moselle	state = 547
common\scripted_triggers\GER_scripted_triggers.txt	1191	905	Mombasa	Blagoevgrad	state = 905
common\scripted_triggers\GER_scripted_triggers.txt	1192	903	Garissa	Viana do Castelo	state = 903
common\scripted_triggers\GER_scripted_triggers.txt	1193	844	jubaland	Sjenica	state = 844
common\scripted_triggers\GER_scripted_triggers.txt	1194	559	Somaliland	Oleksandriia	state = 559
common\scripted_triggers\GER_scripted_triggers.txt	1195	269	British Somaliland	Westmorland	state = 269
common\scripted_triggers\GER_scripted_triggers.txt	1196	268	French Somaliland	Down	state = 268
common\scripted_triggers\GER_scripted_triggers.txt	1197	550	Eritrea	Saris-Zemplin	state = 550
common\scripted_triggers\GER_scripted_triggers.txt	1198	908	Afar	Campobasso	state = 908
common\scripted_triggers\GER_scripted_triggers.txt	1199	842	Tigray	Montgenevre	state = 842
common\scripted_triggers\GER_scripted_triggers.txt	1200	843	Wello	Ingushetia	state = 843
common\scripted_triggers\GER_scripted_triggers.txt	1201	841	Begemder	Abkhazia	state = 841
common\scripted_triggers\GER_scripted_triggers.txt	1202	840	Gojjam	Pyrenees-Atlantiques	state = 840
common\scripted_triggers\GER_scripted_triggers.txt	1203	835	Haraghe	Trebinje	state = 835
common\scripted_triggers\GER_scripted_triggers.txt	1204	836	Bale	Rzeszow	state = 836
common\scripted_triggers\GER_scripted_triggers.txt	1205	839	Welega	Perugia	state = 839
common\scripted_triggers\GER_scripted_triggers.txt	1206	271	ethiopia	North Riding	state = 271
common\scripted_triggers\GER_scripted_triggers.txt	1207	838	Illubabor	Hautes-Pyrenees	state = 838
common\scripted_triggers\GER_scripted_triggers.txt	1208	837	Sidamo	Asturias	state = 837
common\scripted_triggers\GER_scripted_triggers.txt	1209	546	Tanganyika	Tuchola	state = 546
common\scripted_triggers\GER_scripted_triggers.txt	1210	297	Belgian Africa	Louth	state = 297
common\scripted_triggers\GER_scripted_triggers.txt	1211	539	Gabon	Budejovice	state = 539
common\scripted_triggers\GER_scripted_triggers.txt	1212	772	Middle Congo	Ardeche	state = 772
common\scripted_triggers\GER_scripted_triggers.txt	1213	796	North Angola	Nis	state = 796
common\scripted_triggers\GER_scripted_triggers.txt	1214	768	Rwanda	Dambovita	state = 768
common\scripted_triggers\GER_scripted_triggers.txt	1215	769	Burundi	Kerch	state = 769
common\scripted_triggers\GER_scripted_triggers.txt	1216	718	Stanleyville	Torino	state = 718
common\scripted_triggers\GER_scripted_triggers.txt	1217	538	Cameroun	Verdun	state = 538
common\scripted_triggers\GER_scripted_triggers.txt	1218	890	Costermansville	Imereti	state = 890
common\scripted_triggers\GER_scripted_triggers.txt	1219	295	Congo	Naugard	state = 295
common\scripted_triggers\GER_scripted_triggers.txt	1220	888	Lusambo	Kacanik	state = 888
common\scripted_triggers\GER_scripted_triggers.txt	1221	889	Elisabethville	Zaqatala	state = 889
common\scripted_triggers\GER_scripted_triggers.txt	1222	771	Zambia	Modane	state = 771
common\scripted_triggers\GER_scripted_triggers.txt	1223	770	Malawi	Haute-Loire	state = 770
common\scripted_triggers\GER_scripted_triggers.txt	1224	981	- Barotseland	Inegol	state = 981
common\scripted_triggers\GER_scripted_triggers.txt	1225	540	Angola	Charente-Vienne	state = 540
common\scripted_triggers\GER_scripted_triggers.txt	1226	891	Zambesi	Dasoguz	state = 891
common\scripted_triggers\GER_scripted_triggers.txt	1227	892	South West Angola	Girona	state = 892
common\scripted_triggers\GER_scripted_triggers.txt	1228	897	Zambezia-Mocambique	Valladolid	state = 897
common\scripted_triggers\GER_scripted_triggers.txt	1229	896	Manica e Sofala	Barcelona	state = 896
common\scripted_triggers\GER_scripted_triggers.txt	1230	544	East Africa	Briey	state = 544
common\scripted_triggers\GER_scripted_triggers.txt	1231	545	Rhodessa	Heidenheim	state = 545
common\scripted_triggers\GER_scripted_triggers.txt	1232	542	Bechuana Land	Nadworna	state = 542
common\scripted_triggers\GER_scripted_triggers.txt	1233	895	Kavango	Balkan	state = 895
common\scripted_triggers\GER_scripted_triggers.txt	1234	894	Kuneme	Veles	state = 894
common\scripted_triggers\GER_scripted_triggers.txt	1235	541	South West Africa	Tatra	state = 541
common\scripted_triggers\GER_scripted_triggers.txt	1236	893	Karas	Ceuta	state = 893
common\scripted_triggers\GER_scripted_triggers.txt	1243	275	South Africa	Traku	state = 275
common\scripted_triggers\GER_scripted_triggers.txt	1244	719	Natal	Annecy	state = 719
common\scripted_triggers\GER_scripted_triggers.txt	1245	681	Soviet Lakes	Klagenfurt	state = 681
common\scripted_triggers\GER_scripted_triggers.txt	1252	307	Venezuela	Slonim	state = 307
common\scripted_triggers\GER_scripted_triggers.txt	1253	489	Monagas	Kladno	state = 489
common\scripted_triggers\GER_scripted_triggers.txt	1254	488	Bolivar	Koblenz	state = 488
common\scripted_triggers\GER_scripted_triggers.txt	1255	687	British Guyana	Konin	state = 687
common\scripted_triggers\GER_scripted_triggers.txt	1256	309	Dutch SA	Tambov	state = 309
common\scripted_triggers\GER_scripted_triggers.txt	1257	310	French SA	Torun	state = 310
common\scripted_triggers\GER_scripted_triggers.txt	1258	969	Rio Branco	Florina	state = 969
common\scripted_triggers\GER_scripted_triggers.txt	1259	495	Amazonas	Bayreuth	state = 495
common\scripted_triggers\GER_scripted_triggers.txt	1260	940	- Acre	Guadalajara	state = 940
common\scripted_triggers\GER_scripted_triggers.txt	1261	939	- Amapa	Teruel	state = 939
common\scripted_triggers\GER_scripted_triggers.txt	1262	938	- Para	Rize	state = 938
common\scripted_triggers\GER_scripted_triggers.txt	1263	942	- Rondonia	Corum	state = 942
common\scripted_triggers\GER_scripted_triggers.txt	1264	280	Brazil	Danzig	state = 280
common\scripted_triggers\GER_scripted_triggers.txt	1265	486	Meta	Hradec Kralove	state = 486
common\scripted_triggers\GER_scripted_triggers.txt	1266	504	Iguacu	Zwittau	state = 504
common\scripted_triggers\GER_scripted_triggers.txt	1267	944	- Parana	Cagliari	state = 944
common\scripted_triggers\GER_scripted_triggers.txt	1268	503	Santa Catarina	Bittburg	state = 503
common\scripted_triggers\GER_scripted_triggers.txt	1269	502	Rio Grande Sul	Czortkow	state = 502
common\scripted_triggers\GER_scripted_triggers.txt	1270	501	Saol Paulo	Lubaczow	state = 501
common\scripted_triggers\GER_scripted_triggers.txt	1271	505	Goias	Amiens	state = 505
common\scripted_triggers\GER_scripted_triggers.txt	1272	941	- Tocantins	Thessaloniki	state = 941
common\scripted_triggers\GER_scripted_triggers.txt	1273	497	Maranhao	Kharkov	state = 497
common\scripted_triggers\GER_scripted_triggers.txt	1274	937	- Piaui	Rhodope	state = 937
common\scripted_triggers\GER_scripted_triggers.txt	1275	935	- Ceara	Porto	state = 935
common\scripted_triggers\GER_scripted_triggers.txt	1276	498	Rio Grande	Eger	state = 498
common\scripted_triggers\GER_scripted_triggers.txt	1277	936	- Pernambuco	Qazax	state = 936
common\scripted_triggers\GER_scripted_triggers.txt	1278	499	Bahia	Sternberg	state = 499
common\scripted_triggers\GER_scripted_triggers.txt	1279	496	Para	Tarnow	state = 496
common\scripted_triggers\GER_scripted_triggers.txt	1280	943	- Espirito Santo	Salamanca	state = 943
common\scripted_triggers\GER_scripted_triggers.txt	1281	500	Rio de Janerio	Luxembourg Belge	state = 500
common\scripted_triggers\GER_scripted_triggers.txt	1282	487	Amazinas	Namur	state = 487
common\scripted_triggers\GER_scripted_triggers.txt	1283	688	Chaco Boreal	Lons-le-Saunier	state = 688
common\scripted_triggers\GER_scripted_triggers.txt	1284	301	paraguay	Schneidemuhl	state = 301
common\scripted_triggers\GER_scripted_triggers.txt	1285	946	- Paysandu	Lori	state = 946
common\scripted_triggers\GER_scripted_triggers.txt	1286	945	- Cerro Largo	Dogu Istanbul	state = 945
common\scripted_triggers\GER_scripted_triggers.txt	1287	300	Uruguay	Grodno	state = 300
common\scripted_triggers\GER_scripted_triggers.txt	1288	510	Mesopotamia	Zolotonosha	state = 510
common\scripted_triggers\GER_scripted_triggers.txt	1289	957	- Formosa	Duzce	state = 957
common\scripted_triggers\GER_scripted_triggers.txt	1291	967	Deep Amazonas	Bolu	state = 967
common\scripted_triggers\GER_scripted_triggers.txt	1292	961	Deep Amazonas	Tavush	state = 961
common\scripted_triggers\GER_scripted_triggers.txt	1293	968	Deep Amazonas	Abseron-Xizi	state = 968
common\scripted_triggers\GER_scripted_triggers.txt	1294	962	Deep Amazonas	Aveiro	state = 962
common\scripted_triggers\GER_scripted_triggers.txt	1295	963	Deep Amazonas	Amasya	state = 963
common\scripted_triggers\GER_scripted_triggers.txt	1296	964	Deep Amazonas	Giresun	state = 964
common\scripted_triggers\GER_scripted_triggers.txt	1297	965	Deep Amazonas	Yusufeli	state = 965
common\scripted_triggers\GER_scripted_triggers.txt	1298	966	Deep Amazonas	Dagliq Sirvan	state = 966
common\scripted_triggers\GER_scripted_triggers.txt	1305	953	- Tierra del Fuego	Kars	state = 953
common\scripted_triggers\GER_scripted_triggers.txt	1306	507	Southern Chile	Troppau	state = 507
common\scripted_triggers\GER_scripted_triggers.txt	1307	949	- Aysen	Sarikamis	state = 949
common\scripted_triggers\GER_scripted_triggers.txt	1308	954	- Santa Cruz	Guarda	state = 954
common\scripted_triggers\GER_scripted_triggers.txt	1309	955	- Chubut	Ordu	state = 955
common\scripted_triggers\GER_scripted_triggers.txt	1310	512	Patagonia	Luxembourg	state = 512
common\scripted_triggers\GER_scripted_triggers.txt	1311	950	- Araucania	Avila	state = 950
common\scripted_triggers\GER_scripted_triggers.txt	1312	279	Chile	Sligo	state = 279
common\scripted_triggers\GER_scripted_triggers.txt	1313	511	Cuyo	Rostov	state = 511
common\scripted_triggers\GER_scripted_triggers.txt	1314	958	- San Luis	Trabzon	state = 958
common\scripted_triggers\GER_scripted_triggers.txt	1315	278	Argentina	Chausy	state = 278
common\scripted_triggers\GER_scripted_triggers.txt	1316	956	- Santa Fe	Potenza	state = 956
common\scripted_triggers\GER_scripted_triggers.txt	1317	960	- San Juan	Cankiri	state = 960
common\scripted_triggers\GER_scripted_triggers.txt	1318	509	Gran Chaco	Biala	state = 509
common\scripted_triggers\GER_scripted_triggers.txt	1319	508	Argentine Northwest	Warszawa	state = 508
common\scripted_triggers\GER_scripted_triggers.txt	1320	959	- Los Andes	Ohrid	state = 959
common\scripted_triggers\GER_scripted_triggers.txt	1321	952	- Atacama	Sakarya	state = 952
common\scripted_triggers\GER_scripted_triggers.txt	1322	506	Northern Chile	Kreuznach	state = 506
common\scripted_triggers\GER_scripted_triggers.txt	1323	951	- Arica	Madrid	state = 951
common\scripted_triggers\GER_scripted_triggers.txt	1324	302	bolivia	Longford	state = 302
common\scripted_triggers\GER_scripted_triggers.txt	1325	947	- Tacna	Viseu	state = 947
common\scripted_triggers\GER_scripted_triggers.txt	1326	492	Piura	Wuerzburg	state = 492
common\scripted_triggers\GER_scripted_triggers.txt	1327	494	Ucayali	Lubny	state = 494
common\scripted_triggers\GER_scripted_triggers.txt	1328	303	Peru	Lyudinovo	state = 303
common\scripted_triggers\GER_scripted_triggers.txt	1329	491	Loreto	Zamosc	state = 491
common\scripted_triggers\GER_scripted_triggers.txt	1330	490	Pastaza	Drohobycz	state = 490
common\scripted_triggers\GER_scripted_triggers.txt	1331	305	Ecuador	Rotenburg	state = 305
common\scripted_triggers\GER_scripted_triggers.txt	1332	306	Colombia	Augustow	state = 306
common\scripted_triggers\GER_scripted_triggers.txt	1333	493	La Libertad	Proskuriv	state = 493
common\scripted_triggers\GER_scripted_triggers.txt	1340	304	Panama	Meath	state = 304
common\scripted_triggers\GER_scripted_triggers.txt	1341	685	Panama Canal	Graubunden	state = 685
common\scripted_triggers\GER_scripted_triggers.txt	1342	316	Costa Rica	Emden	state = 316
common\scripted_triggers\GER_scripted_triggers.txt	1343	317	Nicaragua	Galway	state = 317
common\scripted_triggers\GER_scripted_triggers.txt	1344	312	Honduras	Lomza	state = 312
common\scripted_triggers\GER_scripted_triggers.txt	1345	314	El Salvador	Wilhelmshaven	state = 314
common\scripted_triggers\GER_scripted_triggers.txt	1346	313	Guatemala	Lincolnshire	state = 313
common\scripted_triggers\GER_scripted_triggers.txt	1347	311	BritMex	Plock	state = 311
common\scripted_triggers\GER_scripted_triggers.txt	1348	474	Yucatan	Limburg	state = 474
common\scripted_triggers\GER_scripted_triggers.txt	1349	475	Chiapas	Altenkirchen	state = 475
common\scripted_triggers\GER_scripted_triggers.txt	1350	476	Oaxaca	Chemnitz	state = 476
common\scripted_triggers\GER_scripted_triggers.txt	1351	477	Veracruz	Schleiden	state = 477
common\scripted_triggers\GER_scripted_triggers.txt	1352	485	Guerrero	Eupen-Malmedy	state = 485
common\scripted_triggers\GER_scripted_triggers.txt	1353	478	Nayarit	Giessen	state = 478
common\scripted_triggers\GER_scripted_triggers.txt	1354	277	Mexico	Praesto	state = 277
common\scripted_triggers\GER_scripted_triggers.txt	1355	479	Tamaulipas	Oost Noord-Brabant	state = 479
common\scripted_triggers\GER_scripted_triggers.txt	1356	481	Sinaloa	Katowice	state = 481
common\scripted_triggers\GER_scripted_triggers.txt	1357	480	Coahuila	Liege	state = 480
common\scripted_triggers\GER_scripted_triggers.txt	1358	482	Chihuahua	Hainaut	state = 482
common\scripted_triggers\GER_scripted_triggers.txt	1359	483	Sonora	Westerburg	state = 483
common\scripted_triggers\GER_scripted_triggers.txt	1360	315	Cuba	Kobenhavn	state = 315
common\scripted_triggers\GER_scripted_triggers.txt	1361	689	Jamaica	Tutova	state = 689
common\scripted_triggers\GER_scripted_triggers.txt	1362	693	Southern Bahamas	Leczyca	state = 693
common\scripted_triggers\GER_scripted_triggers.txt	1363	690	Bahama Islands	Somogy	state = 690
common\scripted_triggers\GER_scripted_triggers.txt	1364	318	Haiti	Oryol	state = 318
common\scripted_triggers\GER_scripted_triggers.txt	1365	319	Dominican Republic	Bielsk	state = 319
common\scripted_triggers\GER_scripted_triggers.txt	1366	686	Puerto Rico	Beius	state = 686
common\scripted_triggers\GER_scripted_triggers.txt	1367	695	Curacao	Prekmurje	state = 695
common\scripted_triggers\GER_scripted_triggers.txt	1368	694	French Caribbean	Bernese Oberland	state = 694
common\scripted_triggers\GER_scripted_triggers.txt	1369	308	Britain SA	Westmeath	state = 308
common\scripted_triggers\GER_scripted_triggers.txt	1370	692	Windward Islands	Turda	state = 692
common\scripted_triggers\GER_scripted_triggers.txt	1371	691	Trinidad	Macon	state = 691
common\scripted_triggers\GER_scripted_triggers.txt	1372	375	Texas	Rutland	state = 375
common\scripted_triggers\GER_scripted_triggers.txt	1373	371	Louisiana	Limerick	state = 371
common\scripted_triggers\GER_scripted_triggers.txt	1374	370	Mississippi	Grojec	state = 370
common\scripted_triggers\GER_scripted_triggers.txt	1375	367	Alabama	Kobryn	state = 367
common\scripted_triggers\GER_scripted_triggers.txt	1376	366	Florida	Saratov	state = 366
common\scripted_triggers\GER_scripted_triggers.txt	1377	365	Georgia	Luckau	state = 365
common\scripted_triggers\GER_scripted_triggers.txt	1378	376	New Mexico	Przasnysz	state = 376
common\scripted_triggers\GER_scripted_triggers.txt	1379	377	Arizona	Lublin	state = 377
common\scripted_triggers\GER_scripted_triggers.txt	1380	374	Oklahoma	Warkwickshire	state = 374
common\scripted_triggers\GER_scripted_triggers.txt	1381	372	Arkansas	Cambridgeshire	state = 372
common\scripted_triggers\GER_scripted_triggers.txt	1388	359	New Jersey	Lipetsk	state = 359
common\scripted_triggers\GER_scripted_triggers.txt	1389	360	Pennsylvania	Carlow	state = 360
common\scripted_triggers\GER_scripted_triggers.txt	1390	361	Maryland	Kilkenny	state = 361
common\scripted_triggers\GER_scripted_triggers.txt	1391	362	Virginia	Montgomeryshire	state = 362
common\scripted_triggers\GER_scripted_triggers.txt	1392	816	West Virginia	Vratsa	state = 816
common\scripted_triggers\GER_scripted_triggers.txt	1393	363	North Carolina	Herford	state = 363
common\scripted_triggers\GER_scripted_triggers.txt	1394	364	South Carolina	Overijssel	state = 364
common\scripted_triggers\GER_scripted_triggers.txt	1395	368	Tennesse	Wexford	state = 368
common\scripted_triggers\GER_scripted_triggers.txt	1396	369	Kentucky	Northamptonshire	state = 369
common\scripted_triggers\GER_scripted_triggers.txt	1397	261	USA	Ulyanovsk	state = 261
common\scripted_triggers\GER_scripted_triggers.txt	1398	396	Indiana	Herefordshire	state = 396
common\scripted_triggers\GER_scripted_triggers.txt	1399	358	New York	Noord-Holland	state = 358
common\scripted_triggers\GER_scripted_triggers.txt	1400	357	New England	Leicestershire	state = 357
common\scripted_triggers\GER_scripted_triggers.txt	1401	393	Michigan	Hildesheim	state = 393
common\scripted_triggers\GER_scripted_triggers.txt	1402	395	Illinois	Waterford	state = 395
common\scripted_triggers\GER_scripted_triggers.txt	1403	394	Wisconsin	Cork	state = 394
common\scripted_triggers\GER_scripted_triggers.txt	1404	373	Missouri	Osnabruck	state = 373
common\scripted_triggers\GER_scripted_triggers.txt	1405	392	Iowa	Braunschweig	state = 392
common\scripted_triggers\GER_scripted_triggers.txt	1406	391	Minnesota	Muenster	state = 391
common\scripted_triggers\GER_scripted_triggers.txt	1407	383	Kansas	Gelderland	state = 383
common\scripted_triggers\GER_scripted_triggers.txt	1408	384	Nebraska	Zhitkovichi	state = 384
common\scripted_triggers\GER_scripted_triggers.txt	1409	390	South Dakota	Worcestershire	state = 390
common\scripted_triggers\GER_scripted_triggers.txt	1410	389	North Dakota	Radnorshire	state = 389
common\scripted_triggers\GER_scripted_triggers.txt	1411	382	Colorado	Paderborn	state = 382
common\scripted_triggers\GER_scripted_triggers.txt	1412	381	Wyoming	Lodz	state = 381
common\scripted_triggers\GER_scripted_triggers.txt	1413	388	Montana	Kursk	state = 388
common\scripted_triggers\GER_scripted_triggers.txt	1414	380	Utah	Cardiganshire	state = 380
common\scripted_triggers\GER_scripted_triggers.txt	1415	470	Alberta	Vlaams-Brabant	state = 470
common\scripted_triggers\GER_scripted_triggers.txt	1416	472	Northwest Territories	Calais	state = 472
common\scripted_triggers\GER_scripted_triggers.txt	1417	867	Northern Manitoba	Kielce	state = 867
common\scripted_triggers\GER_scripted_triggers.txt	1418	683	Northeastern Canada	Trento	state = 683
common\scripted_triggers\GER_scripted_triggers.txt	1419	865	Northern Saskatchewan	Vranje	state = 865
common\scripted_triggers\GER_scripted_triggers.txt	1420	469	Saskatchewan	Bonn	state = 469
common\scripted_triggers\GER_scripted_triggers.txt	1421	467	Manitoba	Sosnowiec	state = 467
common\scripted_triggers\GER_scripted_triggers.txt	1422	682	Northern Ontario	Deux-Sevres	state = 682
common\scripted_triggers\GER_scripted_triggers.txt	1423	866	Districts of Ontario	Corse-du-Sud	state = 866
common\scripted_triggers\GER_scripted_triggers.txt	1424	276	Canada	Armagh	state = 276
common\scripted_triggers\GER_scripted_triggers.txt	1425	468	Nunavut	Dorset	state = 468
common\scripted_triggers\GER_scripted_triggers.txt	1426	465	New Brunswick	Siegkreis	state = 465
common\scripted_triggers\GER_scripted_triggers.txt	1427	464	Nova Scotia	Aqtobe	state = 464
common\scripted_triggers\GER_scripted_triggers.txt	1428	862	ouest du quebec	Leskovac	state = 862
common\scripted_triggers\GER_scripted_triggers.txt	1429	863	Maurice	Niksic	state = 863
common\scripted_triggers\GER_scripted_triggers.txt	1430	466	Quebec	Hainaut Francais	state = 466
common\scripted_triggers\GER_scripted_triggers.txt	1431	861	Saguenay	Samokov	state = 861
common\scripted_triggers\GER_scripted_triggers.txt	1432	860	Cote-Nord	Alava	state = 860
common\scripted_triggers\GER_scripted_triggers.txt	1433	332	Labrador	Celle	state = 332
common\scripted_triggers\GER_scripted_triggers.txt	1440	484	Baja California	Nisko	state = 484
common\scripted_triggers\GER_scripted_triggers.txt	1441	378	California	Kerry	state = 378
common\scripted_triggers\GER_scripted_triggers.txt	1442	379	Nevada	Huntingdonshire	state = 379
common\scripted_triggers\GER_scripted_triggers.txt	1443	387	Idaho	Myszyniec	state = 387
common\scripted_triggers\GER_scripted_triggers.txt	1444	385	Oregon	Seine-Saint-Denis	state = 385
common\scripted_triggers\GER_scripted_triggers.txt	1445	386	Washington	Suffolk	state = 386
common\scripted_triggers\GER_scripted_triggers.txt	1446	740	Vancouver Island	Montmorillon	state = 740
common\scripted_triggers\GER_scripted_triggers.txt	1447	473	British Columbia	Reichenberg	state = 473
common\scripted_triggers\GER_scripted_triggers.txt	1448	471	Northwestern Canada	Aussig	state = 471
common\scripted_triggers\GER_scripted_triggers.txt	1449	864	Yukon	Palencia	state = 864
common\scripted_triggers\GER_scripted_triggers.txt	1450	463	Alaska	Eisenach	state = 463
common\scripted_triggers\GER_scripted_triggers.txt	1451	739	Haida Gwaii	Covurlui	state = 739
common\scripted_triggers\GER_scripted_triggers.txt	1458	291	Iraq	Cavan	state = 291
common\scripted_triggers\GER_scripted_triggers.txt	1459	676	Mosul	Zala	state = 676
common\scripted_triggers\GER_scripted_triggers.txt	1460	675	Al Hajara	Poitiers	state = 675
common\scripted_triggers\GER_scripted_triggers.txt	1461	656	Kuwait	Sieradz	state = 656
common\scripted_triggers\GER_scripted_triggers.txt	1462	455	Jordan	Oost-Vlaanderen	state = 455
common\scripted_triggers\GER_scripted_triggers.txt	1463	454	Israel	West-Vlaanderen	state = 454
common\scripted_triggers\GER_scripted_triggers.txt	1464	553	Lebanon	Heilbronn	state = 553
common\scripted_triggers\GER_scripted_triggers.txt	1465	554	Syria	Passau	state = 554
common\scripted_triggers\GER_scripted_triggers.txt	1466	680	Deir-az-Zur	Mures	state = 680
common\scripted_triggers\GER_scripted_triggers.txt	1467	677	Aleppo	Bekes	state = 677
common\scripted_triggers\GER_scripted_triggers.txt	1468	799	Hatay	Basses-Alpes	state = 799
common\scripted_triggers\GER_scripted_triggers.txt	1469	453	Sinai	Hampshire	state = 453
common\scripted_triggers\GER_scripted_triggers.txt	1470	854	Jawf	Navarra	state = 854
common\scripted_triggers\GER_scripted_triggers.txt	1471	855	Tabuk	Saint-Girons	state = 855
common\scripted_triggers\GER_scripted_triggers.txt	1472	679	Hejaz	Lienz	state = 679
common\scripted_triggers\GER_scripted_triggers.txt	1473	857	Ha'il	Leon	state = 857
common\scripted_triggers\GER_scripted_triggers.txt	1474	859	Dammam	Burgos	state = 859
common\scripted_triggers\GER_scripted_triggers.txt	1475	292	Saudi Arabia	Baranowicze	state = 292
common\scripted_triggers\GER_scripted_triggers.txt	1476	856	Asir-Makkah	Samegrelo	state = 856
common\scripted_triggers\GER_scripted_triggers.txt	1477	858	Najiran	Pristina	state = 858
common\scripted_triggers\GER_scripted_triggers.txt	1478	678	Rub al Khali	Chalon-sur-Saone	state = 678
common\scripted_triggers\GER_scripted_triggers.txt	1479	765	Qatar	Braila	state = 765
common\scripted_triggers\GER_scripted_triggers.txt	1480	658	Arab UK 1	Doubs	state = 658
common\scripted_triggers\GER_scripted_triggers.txt	1481	659	Arabian UK 2	Veszprem	state = 659
common\scripted_triggers\GER_scripted_triggers.txt	1482	293	Yemen	Lancashire	state = 293
common\scripted_triggers\GER_scripted_triggers.txt	1483	294	Oman	Druskieniki	state = 294
common\scripted_triggers\GER_scripted_triggers.txt	1484	1010	Al Anbar	Leiria	state = 1010
common\scripted_triggers\GER_scripted_triggers.txt	1485	1011	Al Basrah	Sivas	state = 1011
common\scripted_triggers\GER_scripted_triggers.txt	1486	1013	-Musamdam	Agri	state = 1013
common\scripted_triggers\GER_scripted_triggers.txt	1487	1014	- Bahrain	Vayots Dzor	state = 1014
common\scripted_triggers\GER_scripted_triggers.txt	1488	1015	- Interior Oman	Larissa	state = 1015
common\scripted_triggers\GER_scripted_triggers.txt	1489	1016	- Dhofar	Islas Baleares	state = 1016
common\scripted_triggers\GER_scripted_triggers.txt	1490	992	Province of Aden	Kowel	state = 992
common\scripted_triggers\GER_scripted_triggers.txt	1497	344	Adana	Staffordshire	state = 344
common\scripted_triggers\GER_scripted_triggers.txt	1498	350	Diyarbekir	Meppen	state = 350
common\scripted_triggers\GER_scripted_triggers.txt	1499	352	Hakkari	Hannover	state = 352
common\scripted_triggers\GER_scripted_triggers.txt	1500	348	Kayseri	Tipperary	state = 348
common\scripted_triggers\GER_scripted_triggers.txt	1501	353	Erzurum	Dessau	state = 353
common\scripted_triggers\GER_scripted_triggers.txt	1502	800	Van	Romanati	state = 800
common\scripted_triggers\GER_scripted_triggers.txt	1503	354	Trabzon	Merionethshire	state = 354
common\scripted_triggers\GER_scripted_triggers.txt	1504	349	Silvas	Clare	state = 349
common\scripted_triggers\GER_scripted_triggers.txt	1505	355	Samsun	Shropshire	state = 355
common\scripted_triggers\GER_scripted_triggers.txt	1506	798	Amasya	Genova	state = 798
common\scripted_triggers\GER_scripted_triggers.txt	1507	356	Sinop	Norfolk	state = 356
common\scripted_triggers\GER_scripted_triggers.txt	1508	345	Mersin	Laoighis	state = 345
common\scripted_triggers\GER_scripted_triggers.txt	1509	346	Konya	Drenthe	state = 346
common\scripted_triggers\GER_scripted_triggers.txt	1510	49	Turkey	Nordurland vestra	state = 49
common\scripted_triggers\GER_scripted_triggers.txt	1511	347	Izmit	Roskilde	state = 347
common\scripted_triggers\GER_scripted_triggers.txt	1512	343	Afyon	Wicklow	state = 343
common\scripted_triggers\GER_scripted_triggers.txt	1513	339	Izmir	Landsberg	state = 339
common\scripted_triggers\GER_scripted_triggers.txt	1514	342	Antalya	Denbighshire	state = 342
common\scripted_triggers\GER_scripted_triggers.txt	1521	419	Azerbaijan	Monmouthshire	state = 419
common\scripted_triggers\GER_scripted_triggers.txt	1522	421	Kurdistan	Radomsko	state = 421
common\scripted_triggers\GER_scripted_triggers.txt	1523	420	Gilan	Sarny	state = 420
common\scripted_triggers\GER_scripted_triggers.txt	1524	417	Golestan	Hameln	state = 417
common\scripted_triggers\GER_scripted_triggers.txt	1525	413	Khuzestan	Essex	state = 413
common\scripted_triggers\GER_scripted_triggers.txt	1526	266	Persia	Krupki	state = 266
common\scripted_triggers\GER_scripted_triggers.txt	1527	411	Hormozgan	Delitzsch	state = 411
common\scripted_triggers\GER_scripted_triggers.txt	1528	412	Fars	Voronezh	state = 412
common\scripted_triggers\GER_scripted_triggers.txt	1529	418	Semnan	Halle	state = 418
common\scripted_triggers\GER_scripted_triggers.txt	1530	416	Razavi Khorasan	Hertfordshire	state = 416
common\scripted_triggers\GER_scripted_triggers.txt	1531	414	Kerman	Warendorf	state = 414
common\scripted_triggers\GER_scripted_triggers.txt	1532	410	Sistan	Gloucestershire	state = 410
common\scripted_triggers\GER_scripted_triggers.txt	1533	1000	East Azerbaijan	Oszmiana	state = 1000
common\scripted_triggers\GER_scripted_triggers.txt	1534	1001	Kurdistan	Igdir	state = 1001
common\scripted_triggers\GER_scripted_triggers.txt	1535	1004	North Khorasan	Dogubayazit	state = 1004
common\scripted_triggers\GER_scripted_triggers.txt	1536	1002	Yazd	Chelm	state = 1002
common\scripted_triggers\GER_scripted_triggers.txt	1537	1003	South Khorasan	Yozgat	state = 1003
common\scripted_triggers\GER_scripted_triggers.txt	1544	439	Delhi	Marburg	state = 439
common\scripted_triggers\GER_scripted_triggers.txt	1545	440	West Punjab	Erfurt	state = 440
common\scripted_triggers\GER_scripted_triggers.txt	1546	441	Kashmir	Gorlitz	state = 441
common\scripted_triggers\GER_scripted_triggers.txt	1547	787	North Kashmir	Aveyron	state = 787
common\scripted_triggers\GER_scripted_triggers.txt	1548	442	Peshawar	Laon	state = 442
common\scripted_triggers\GER_scripted_triggers.txt	1549	445	Quetta	Somerset	state = 445
common\scripted_triggers\GER_scripted_triggers.txt	1550	444	Baluchistan States	Antwerpen	state = 444
common\scripted_triggers\GER_scripted_triggers.txt	1551	415	South Khorasan	Bunzlau	state = 415
common\scripted_triggers\GER_scripted_triggers.txt	1552	267	Afghanistan	Gdynia	state = 267
common\scripted_triggers\GER_scripted_triggers.txt	1553	443	Sind	Borispol	state = 443
common\scripted_triggers\GER_scripted_triggers.txt	1554	433	Rajputana	Dortmund	state = 433
common\scripted_triggers\GER_scripted_triggers.txt	1555	428	Western Indian States	Berkshire	state = 428
common\scripted_triggers\GER_scripted_triggers.txt	1556	438	United Provinces	Dobeln	state = 438
common\scripted_triggers\GER_scripted_triggers.txt	1557	437	Central Indian Provinces	Wiltshire	state = 437
common\scripted_triggers\GER_scripted_triggers.txt	1558	427	Hyderabad	Grevenmacher	state = 427
common\scripted_triggers\GER_scripted_triggers.txt	1559	429	Bombay	Jedrzejow	state = 429
common\scripted_triggers\GER_scripted_triggers.txt	1560	436	Central Provinces	Zhitomir	state = 436
common\scripted_triggers\GER_scripted_triggers.txt	1561	425	Mysore	Schweidnitz	state = 425
common\scripted_triggers\GER_scripted_triggers.txt	1562	424	Andra Pradesh	Mittel Ruhr	state = 424
common\scripted_triggers\GER_scripted_triggers.txt	1563	423	Madras	Kleve	state = 423
common\scripted_triggers\GER_scripted_triggers.txt	1564	320	French India	Dublin	state = 320
common\scripted_triggers\GER_scripted_triggers.txt	1565	321	Goa	Leitrim	state = 321
common\scripted_triggers\GER_scripted_triggers.txt	1566	422	Ceylon	Brabant wallon	state = 422
common\scripted_triggers\GER_scripted_triggers.txt	1567	426	Orissa	Glamorganshire	state = 426
common\scripted_triggers\GER_scripted_triggers.txt	1568	435	Bihar	Brent	state = 435
common\scripted_triggers\GER_scripted_triggers.txt	1569	431	Calcutta	Duesseldorf	state = 431
common\scripted_triggers\GER_scripted_triggers.txt	1570	430	Bangladesh	Batys Kazakhstan	state = 430
common\scripted_triggers\GER_scripted_triggers.txt	1571	432	Assam	Limburg Voormaas	state = 432
common\scripted_triggers\GER_scripted_triggers.txt	1572	434	Arunachal Pradesh	Wlodzimierz Wolynski	state = 434
common\scripted_triggers\GER_scripted_triggers.txt	1573	640	Mandalay	Montaigne et Gurson	state = 640
common\scripted_triggers\GER_scripted_triggers.txt	1574	288	Magwe	Mayo	state = 288
common\scripted_triggers\GER_scripted_triggers.txt	1575	323	Nepal	Dankov	state = 323
common\scripted_triggers\GER_scripted_triggers.txt	1576	324	Bhutan	Cheshire	state = 324
common\scripted_triggers\GER_scripted_triggers.txt	1577	733	Andaman	Putna	state = 733
common\scripted_triggers\GER_scripted_triggers.txt	1578	758	Ngari	Muscel	state = 758
common\scripted_triggers\GER_scripted_triggers.txt	1579	322	Tibet	Oldenburg	state = 322
common\scripted_triggers\GER_scripted_triggers.txt	1580	757	Shigatse	Buzau	state = 757
common\scripted_triggers\GER_scripted_triggers.txt	1581	601	China 1	Abauj	state = 601
common\scripted_triggers\GER_scripted_triggers.txt	1582	1009	Farah	Catanzaro	state = 1009
common\scripted_triggers\GER_scripted_triggers.txt	1583	1007	Maymanah	Valencia	state = 1007
common\scripted_triggers\GER_scripted_triggers.txt	1584	988	Baluchistan	Biga	state = 988
common\scripted_triggers\GER_scripted_triggers.txt	1585	1008	Qandahar	Eskisehir	state = 1008
common\scripted_triggers\GER_scripted_triggers.txt	1586	1012	Kalat	Tunceli	state = 1012
common\scripted_triggers\GER_scripted_triggers.txt	1587	1005	Qataghan	Ararat	state = 1005
common\scripted_triggers\GER_scripted_triggers.txt	1588	1006	Khyber Pass	Ahal	state = 1006
common\scripted_triggers\GER_scripted_triggers.txt	1589	987	- Waziristan	Caceres	state = 987
common\scripted_triggers\GER_scripted_triggers.txt	1590	989	Bahawalpur	Kruse	state = 989
common\scripted_triggers\GER_scripted_triggers.txt	1591	986	- East Punjab	Susehri	state = 986
common\scripted_triggers\GER_scripted_triggers.txt	1592	991	Gwalior	Canakkale	state = 991
common\scripted_triggers\GER_scripted_triggers.txt	1593	983	- Deccan States	Bilecik	state = 983
common\scripted_triggers\GER_scripted_triggers.txt	1594	982	- Madras States	Sokolka	state = 982
common\scripted_triggers\GER_scripted_triggers.txt	1595	984	- Bastar	Bayburt	state = 984
common\scripted_triggers\GER_scripted_triggers.txt	1596	985	- Sikkim	Coimbra	state = 985
common\scripted_triggers\GER_scripted_triggers.txt	1597	990	Manipur	Castelo Branco	state = 990
common\scripted_triggers\GER_scripted_triggers.txt	1598	998	Sagaing	Kalbajar	state = 998
common\scripted_triggers\GER_scripted_triggers.txt	1599	999	Federated Shan States	Toledo	state = 999
common\scripted_triggers\GER_scripted_triggers.txt	1600	997	Arakan	Nagorno-Karabakh	state = 997
common\scripted_triggers\GER_scripted_triggers.txt	1601	996	Irrawaddy	Refahiye	state = 996
common\scripted_triggers\GER_scripted_triggers.txt	1602	994	Tenasserim	Balikesir	state = 994
common\scripted_triggers\GER_scripted_triggers.txt	1603	993	Kentung and Yawnghwe	Aghdam	state = 993
common\scripted_triggers\GER_scripted_triggers.txt	1604	995	Pegu	Ioannina	state = 995
common\scripted_triggers\GER_scripted_triggers.txt	1611	516	Northern Siberia	Darmstadt	state = 516
common\scripted_triggers\GER_scripted_triggers.txt	1612	576	Siberia 3	Rosenheim	state = 576
common\scripted_triggers\GER_scripted_triggers.txt	1613	568	TS 10	Baden	state = 568
common\scripted_triggers\GER_scripted_triggers.txt	1614	567	TS 9	Kempten	state = 567
common\scripted_triggers\GER_scripted_triggers.txt	1615	566	TS 8	Bas-Rhin	state = 566
common\scripted_triggers\GER_scripted_triggers.txt	1616	878	Khatangsky	Plovdiv	state = 878
common\scripted_triggers\GER_scripted_triggers.txt	1617	575	Siberia 2	Rottweil	state = 575
common\scripted_triggers\GER_scripted_triggers.txt	1618	565	TS 7	Tomashpol	state = 565
common\scripted_triggers\GER_scripted_triggers.txt	1619	876	Udachny	Roma Centro	state = 876
common\scripted_triggers\GER_scripted_triggers.txt	1620	574	Siberia 1	Hron	state = 574
common\scripted_triggers\GER_scripted_triggers.txt	1621	877	Verkhoyansk	Stara Zagora	state = 877
common\scripted_triggers\GER_scripted_triggers.txt	1622	644	state 3	Innsbruck	state = 644
common\scripted_triggers\GER_scripted_triggers.txt	1623	822	- Chukotka	Herault	state = 822
common\scripted_triggers\GER_scripted_triggers.txt	1624	875	Chukchi Peninsulay	Lleida	state = 875
common\scripted_triggers\GER_scripted_triggers.txt	1625	562	TS 4	Sobrance	state = 562
common\scripted_triggers\GER_scripted_triggers.txt	1626	874	Magadan	Pontevedra	state = 874
common\scripted_triggers\GER_scripted_triggers.txt	1627	637	State 1	Maine-et-Loire	state = 637
common\scripted_triggers\GER_scripted_triggers.txt	1628	561	TS 3	Atyrau	state = 561
common\scripted_triggers\GER_scripted_triggers.txt	1629	564	TS 6	Northern Maramures	state = 564
common\scripted_triggers\GER_scripted_triggers.txt	1630	563	TS 5	Melun	state = 563
common\scripted_triggers\GER_scripted_triggers.txt	1631	560	TS 2	Pokrovske	state = 560
common\scripted_triggers\GER_scripted_triggers.txt	1638	619	China 16	Heves	state = 619
common\scripted_triggers\GER_scripted_triggers.txt	1639	287	Sinkiang	Brodnica	state = 287
common\scripted_triggers\GER_scripted_triggers.txt	1640	759	Kunlun	Valcea	state = 759
common\scripted_triggers\GER_scripted_triggers.txt	1641	617	Xinjiang	Transnistria	state = 617
common\scripted_triggers\GER_scripted_triggers.txt	1642	618	China 15	Ochakov	state = 618
common\scripted_triggers\GER_scripted_triggers.txt	1643	760	Dabancheng	Gironde	state = 760
common\scripted_triggers\GER_scripted_triggers.txt	1644	329	Tannu Tuva	Gostynin	state = 329 # Tannu Tuva
common\scripted_triggers\GER_scripted_triggers.txt	1645	818	Khovd	Bazargic	state = 818 # Khovd
common\scripted_triggers\GER_scripted_triggers.txt	1652	613	China 12	Berezovka	state = 613
common\scripted_triggers\GER_scripted_triggers.txt	1653	598	Jiansu	Saint-Die	state = 598
common\scripted_triggers\GER_scripted_triggers.txt	1654	597	Shandong	Epinal	state = 597
common\scripted_triggers\GER_scripted_triggers.txt	1655	743	Qingdao	Ljubljana	state = 743
common\scripted_triggers\GER_scripted_triggers.txt	1656	614	China 13	Nikolayev	state = 614
common\scripted_triggers\GER_scripted_triggers.txt	1657	608	Beijing	Mateszalka	state = 608
common\scripted_triggers\GER_scripted_triggers.txt	1658	609	China 8	Botosani	state = 609
common\scripted_triggers\GER_scripted_triggers.txt	1659	610	China 9	Komarom	state = 610
common\scripted_triggers\GER_scripted_triggers.txt	1660	716	Liaotung	Mangystau	state = 716
common\scripted_triggers\GER_scripted_triggers.txt	1661	745	Dalian	Aosta	state = 745
common\scripted_triggers\GER_scripted_triggers.txt	1662	527	North Korea	Vinnytsia	state = 527
common\scripted_triggers\GER_scripted_triggers.txt	1663	525	South Korea	Charleville-Mezieres	state = 525
common\scripted_triggers\GER_scripted_triggers.txt	1664	328	Manchukuo	Nottinghamshire	state = 328
common\scripted_triggers\GER_scripted_triggers.txt	1665	715	Liaoning	Ain	state = 715
common\scripted_triggers\GER_scripted_triggers.txt	1666	714	Heilungkiang	Gorenjska	state = 714
common\scripted_triggers\GER_scripted_triggers.txt	1667	761	Hulunbuir	Karakalpakstan	state = 761
common\scripted_triggers\GER_scripted_triggers.txt	1668	657	Border state	Kakhovka	state = 657
common\scripted_triggers\GER_scripted_triggers.txt	1669	717	Chuho	Creuse	state = 717
common\scripted_triggers\GER_scripted_triggers.txt	1670	408	Vladivostok	Oxfordshire	state = 408
common\scripted_triggers\GER_scripted_triggers.txt	1671	409	Khabarovsk	Pembrokeshire	state = 409
common\scripted_triggers\GER_scripted_triggers.txt	1672	655	North Sakhalin	Vaslui	state = 655
common\scripted_triggers\GER_scripted_triggers.txt	1673	537	South Sakhalin	Saarland	state = 537
common\scripted_triggers\GER_scripted_triggers.txt	1674	555	Lagos	Trencin	state = 555
common\scripted_triggers\GER_scripted_triggers.txt	1675	536	Hokkaido	Brno	state = 536
common\scripted_triggers\GER_scripted_triggers.txt	1676	533	Akita	Ansbach	state = 533
common\scripted_triggers\GER_scripted_triggers.txt	1677	282	Japan	Rastenburg	state = 282
common\scripted_triggers\GER_scripted_triggers.txt	1678	534	Niigata	Manche	state = 534
common\scripted_triggers\GER_scripted_triggers.txt	1679	532	Nagoya	Olomouc	state = 532
common\scripted_triggers\GER_scripted_triggers.txt	1680	535	Nagano	Jihlava	state = 535
common\scripted_triggers\GER_scripted_triggers.txt	1681	531	Osaka	Oise	state = 531
common\scripted_triggers\GER_scripted_triggers.txt	1682	530	Tokushima	Buchen	state = 530
common\scripted_triggers\GER_scripted_triggers.txt	1683	529	Hiroshima	Jicin	state = 529
common\scripted_triggers\GER_scripted_triggers.txt	1684	528	Nagasaki	Zlin	state = 528
common\scripted_triggers\GER_scripted_triggers.txt	1685	526	Okinawa	Zaolzie	state = 526
common\scripted_triggers\GER_scripted_triggers.txt	1686	524	Taiwan	Zweibruecken	state = 524
common\scripted_triggers\GER_scripted_triggers.txt	1687	596	Zhejiang	Borsod	state = 596
common\scripted_triggers\GER_scripted_triggers.txt	1688	595	Fujian	Mayenne	state = 595
common\scripted_triggers\GER_scripted_triggers.txt	1689	593	Guangdong	Uzhorod a Mukacevo	state = 593
common\scripted_triggers\GER_scripted_triggers.txt	1690	592	Guangzhou	Hotin	state = 592
common\scripted_triggers\GER_scripted_triggers.txt	1691	594	Nanning	Kalisz	state = 594
common\scripted_triggers\GER_scripted_triggers.txt	1692	591	Hainan	Malacky	state = 591
common\scripted_triggers\GER_scripted_triggers.txt	1693	728	Guangzhouwan	Rhone	state = 728
common\scripted_triggers\GER_scripted_triggers.txt	1694	729	Macau	Loire	state = 729
common\scripted_triggers\GER_scripted_triggers.txt	1695	326	HongKong	Wolkowysk	state = 326
common\scripted_triggers\GER_scripted_triggers.txt	1696	599	Guanxi	Sarthe	state = 599
common\scripted_triggers\GER_scripted_triggers.txt	1697	600	Jiangxi	Balti	state = 600
common\scripted_triggers\GER_scripted_triggers.txt	1698	602	China 2	Sigmaringen	state = 602
common\scripted_triggers\GER_scripted_triggers.txt	1699	749	Huangshan	Isere	state = 749
common\scripted_triggers\GER_scripted_triggers.txt	1700	606	China 6	Haut-Rhin	state = 606
common\scripted_triggers\GER_scripted_triggers.txt	1701	620	China 17	Loir-et-Cher	state = 620
common\scripted_triggers\GER_scripted_triggers.txt	1702	607	China 7	Jersey	state = 607
common\scripted_triggers\GER_scripted_triggers.txt	1703	750	Changde	Mont-Blanc	state = 750
common\scripted_triggers\GER_scripted_triggers.txt	1704	603	China 3	Szabolcs	state = 603
common\scripted_triggers\GER_scripted_triggers.txt	1705	748	Zunyi	Zemplen	state = 748
common\scripted_triggers\GER_scripted_triggers.txt	1706	605	China 5	Loiret	state = 605
common\scripted_triggers\GER_scripted_triggers.txt	1707	755	Haixi	Fiume	state = 755
common\scripted_triggers\GER_scripted_triggers.txt	1708	622	China 19	Satu Mare	state = 622
common\scripted_triggers\GER_scripted_triggers.txt	1709	615	Shanxi	Morbihan	state = 615
common\scripted_triggers\GER_scripted_triggers.txt	1710	746	Ordos	Chambery	state = 746
common\scripted_triggers\GER_scripted_triggers.txt	1711	621	China 18	Eisenstadt	state = 621
common\scripted_triggers\GER_scripted_triggers.txt	1712	611	China 10	Nograd	state = 611
common\scripted_triggers\GER_scripted_triggers.txt	1713	612	China 11	Wielun	state = 612
common\scripted_triggers\GER_scripted_triggers.txt	1714	819	Dornod	Gers	state = 819
common\scripted_triggers\GER_scripted_triggers.txt	1715	817	Gobi	Menton	state = 817
common\scripted_triggers\GER_scripted_triggers.txt	1716	330	Mongolia	Lokot	state = 330
common\scripted_triggers\GER_scripted_triggers.txt	1717	820	Khovsgol	Shumen	state = 820
common\scripted_triggers\GER_scripted_triggers.txt	1718	756	Jiuquan	Caras	state = 756
common\scripted_triggers\GER_scripted_triggers.txt	1719	616	China 14	Konstanz	state = 616
common\scripted_triggers\GER_scripted_triggers.txt	1720	755	Haixi	Fiume	state = 755
common\scripted_triggers\GER_scripted_triggers.txt	1721	283	China	Monaghan	state = 283
common\scripted_triggers\GER_scripted_triggers.txt	1722	754	Golog	Lika-Gacka	state = 754
common\scripted_triggers\GER_scripted_triggers.txt	1723	604	China 4	Auxerre	state = 604
common\scripted_triggers\GER_scripted_triggers.txt	1724	753	Gannan	Dordogne	state = 753
common\scripted_triggers\GER_scripted_triggers.txt	1725	752	Chamdo	Wloclawek	state = 752
common\scripted_triggers\GER_scripted_triggers.txt	1726	751	Liangshan	Correze	state = 751
common\scripted_triggers\GER_scripted_triggers.txt	1727	747	Dali Bai	Lyon	state = 747
common\scripted_triggers\GER_scripted_triggers.txt	1728	325	Yunnan	Derbyshire	state = 325
common\scripted_triggers\GER_scripted_triggers.txt	1729	671	Annam	Rowne	state = 671
common\scripted_triggers\GER_scripted_triggers.txt	1730	670	Laos	Indre	state = 670
common\scripted_triggers\GER_scripted_triggers.txt	1731	286	Indochina	West Riding	state = 286
common\scripted_triggers\GER_scripted_triggers.txt	1732	741	Cambodia	Charente	state = 741
common\scripted_triggers\GER_scripted_triggers.txt	1733	868	Isan	Burgas	state = 868
common\scripted_triggers\GER_scripted_triggers.txt	1734	869	Lanna	Racha-Lechkhumi	state = 869
common\scripted_triggers\GER_scripted_triggers.txt	1735	289	Western Siam	Schwerin	state = 289
common\scripted_triggers\GER_scripted_triggers.txt	1736	645	Iwo Jima	Tours	state = 645
common\scripted_triggers\GER_scripted_triggers.txt	1737	623	Luzon	Zaporozhye	state = 623
common\scripted_triggers\GER_scripted_triggers.txt	1738	327	Philippines	Luckenwalde	state = 327
common\scripted_triggers\GER_scripted_triggers.txt	1739	624	Central islands	Gyor es Pozsony	state = 624
common\scripted_triggers\GER_scripted_triggers.txt	1740	628	Cebu	Maramures	state = 628
common\scripted_triggers\GER_scripted_triggers.txt	1741	625	Samar	Bischofshofen	state = 625
common\scripted_triggers\GER_scripted_triggers.txt	1742	626	Palawan	Cote-d'Or	state = 626
common\scripted_triggers\GER_scripted_triggers.txt	1743	627	Mindanao	Haute-Saone	state = 627
common\scripted_triggers\GER_scripted_triggers.txt	1744	647	Palau	Zurich	state = 647
common\scripted_triggers\GER_scripted_triggers.txt	1745	648	Marcus Island	Fejer	state = 648
common\scripted_triggers\GER_scripted_triggers.txt	1746	646	Saipan	Jasz-Nagykun-Szolnok	state = 646
common\scripted_triggers\GER_scripted_triggers.txt	1747	638	Guam	Belfort	state = 638
common\scripted_triggers\GER_scripted_triggers.txt	1748	632	Wake Island	Astrakhan	state = 632
common\scripted_triggers\GER_scripted_triggers.txt	1749	744	Xian	Trieste	state = 744
common\scripted_triggers\GER_scripted_triggers.txt	1756	979	- Kaiser Wilhelms Land	Ankara	state = 979
common\scripted_triggers\GER_scripted_triggers.txt	1757	523	New Guinea	Plzen	state = 523
common\scripted_triggers\GER_scripted_triggers.txt	1758	737	New Britain	Brasov	state = 737
common\scripted_triggers\GER_scripted_triggers.txt	1759	634	Solomon Islands	Loire-Inferieure	state = 634
common\scripted_triggers\GER_scripted_triggers.txt	1760	669	Dutch New Guinea	Luzern	state = 669
common\scripted_triggers\GER_scripted_triggers.txt	1761	668	The Moluccas	Dole	state = 668
common\scripted_triggers\GER_scripted_triggers.txt	1762	738	Aru Islands	Zrenjanin	state = 738
common\scripted_triggers\GER_scripted_triggers.txt	1763	721	Portuguese Timor	Osijek	state = 721
common\scripted_triggers\GER_scripted_triggers.txt	1764	667	West Nusa Tenggara	Neamt	state = 667
common\scripted_triggers\GER_scripted_triggers.txt	1765	673	Sulawesi	Schwytz	state = 673
common\scripted_triggers\GER_scripted_triggers.txt	1766	334	Kalimantan Barat	Caernarvonshire	state = 334
common\scripted_triggers\GER_scripted_triggers.txt	1767	333	British Borneo	Offaly	state = 333
common\scripted_triggers\GER_scripted_triggers.txt	1768	335	West Java	Koscian	state = 335
common\scripted_triggers\GER_scripted_triggers.txt	1769	672	South Sumatra	Saint-Amand-Montrond	state = 672
common\scripted_triggers\GER_scripted_triggers.txt	1770	336	Singapore	Friesland	state = 336
common\scripted_triggers\GER_scripted_triggers.txt	1771	724	Southern Siam	Valais	state = 724
common\scripted_triggers\GER_scripted_triggers.txt	1772	711	Christmas Island	Csanad, Arad es Torontal	state = 711
common\scripted_triggers\GER_scripted_triggers.txt	1773	712	Cocos Islands	Medimurje	state = 712
common\scripted_triggers\GER_scripted_triggers.txt	1774	684	Caroline Islands	Vendee	state = 684
common\scripted_triggers\GER_scripted_triggers.txt	1775	725	Nauru	Charente-Inferieure	state = 725
common\scripted_triggers\GER_scripted_triggers.txt	1776	639	Maiana	Salaj	state = 639
common\scripted_triggers\GER_scripted_triggers.txt	1777	643	Fongafale	St Gallen	state = 643
common\scripted_triggers\GER_scripted_triggers.txt	1778	633	Marshall Islands	Pest-Pilis	state = 633
common\scripted_triggers\GER_scripted_triggers.txt	1779	642	Phoenix Island	Salsk	state = 642
common\scripted_triggers\GER_scripted_triggers.txt	1780	734	Nendo	Bassigny	state = 734
common\scripted_triggers\GER_scripted_triggers.txt	1781	635	New Caledonia	Murtal und Murau	state = 635
common\scripted_triggers\GER_scripted_triggers.txt	1782	636	Fiji	Esztergom	state = 636
common\scripted_triggers\GER_scripted_triggers.txt	1783	726	Samoa	Bacs	state = 726
common\scripted_triggers\GER_scripted_triggers.txt	1784	641	Tahiti	Sopron	state = 641
common\scripted_triggers\GER_scripted_triggers.txt	1785	284	New Zealand	Suwalki	state = 284
common\scripted_triggers\GER_scripted_triggers.txt	1786	723	Southern Island	Haute-Vienne	state = 723
common\scripted_triggers\GER_scripted_triggers.txt	1787	872	North Queensland	Aquila degli Abruzzi	state = 872
common\scripted_triggers\GER_scripted_triggers.txt	1788	520	Northern Territory	Parsberg	state = 520
common\scripted_triggers\GER_scripted_triggers.txt	1789	870	Pilbara-Kimberley	Huesca	state = 870
common\scripted_triggers\GER_scripted_triggers.txt	1790	522	Western Australia	Tachau	state = 522
common\scripted_triggers\GER_scripted_triggers.txt	1791	871	Esperence-Goldfields	Pyrenees-Orientales	state = 871
common\scripted_triggers\GER_scripted_triggers.txt	1792	519	South Australia	Soissons	state = 519
common\scripted_triggers\GER_scripted_triggers.txt	1793	517	Victoria	Seine-Inferieure	state = 517
common\scripted_triggers\GER_scripted_triggers.txt	1794	518	Tasmania	Luhansk	state = 518
common\scripted_triggers\GER_scripted_triggers.txt	1795	285	Austraila	Orenburg	state = 285
common\scripted_triggers\GER_scripted_triggers.txt	1796	521	Queensland	Mainz	state = 521
common\scripted_triggers\GER_scripted_triggers.txt	1797	873	Channel Country	Prizren	state = 873
common\scripted_triggers\GER_scripted_triggers.txt	1799	674	Central Australia	Ciuc	state = 674
common\scripted_triggers\GER_scripted_triggers.txt	1854	219	Moscow Area	Lanmark	state = 219
common\scripted_triggers\GER_scripted_triggers.txt	1855	205	Hrodna	Telsiu	state = 205
common\scripted_triggers\GER_scripted_triggers.txt	1856	242	Smolensk	Kauno	state = 242
common\scripted_triggers\GER_scripted_triggers.txt	1857	243	Roslavl	Srem	state = 243
common\scripted_triggers\GER_scripted_triggers.txt	1858	241	Pochep	Wilno	state = 241 # Gomel
common\scripted_triggers\GER_scripted_triggers.txt	1859	207	Viciebsk	Panevezio	state = 207 # Vitebsk
common\scripted_triggers\GER_scripted_triggers.txt	1860	224	Bryansk	Berwick	state = 224
common\scripted_triggers\GER_scripted_triggers.txt	1861	210	Bryansk	Stirling	state = 210
common\scripted_triggers\GER_scripted_triggers.txt	1862	246	Rzhev	Tonder	state = 246
common\scripted_triggers\GER_scripted_triggers.txt	1863	209	Smolensk	Chuvash	state = 209
common\scripted_triggers\GER_scripted_triggers.txt	1864	263	Veliky Novogrod	Stolp	state = 263
common\scripted_triggers\GER_scripted_triggers.txt	1865	208	Pskov	Kretingos	state = 208
common\scripted_triggers\GER_scripted_triggers.txt	1866	195	Leningrad Area	Moscow Oblast	state = 195 # Leningrad
common\scripted_triggers\GER_scripted_triggers.txt	1867	244	Gatchina	Ukmerges	state = 244
common\scripted_triggers\GER_scripted_triggers.txt	1868	264	Tikhvin	Koscierzyna	state = 264
common\scripted_triggers\GER_scripted_triggers.txt	1869	247	Tver	Svendborg	state = 247
common\scripted_triggers\GER_scripted_triggers.txt	1870	223	tula	Vejle	state = 223
common\scripted_triggers\GER_scripted_triggers.txt	1871	222	Orel	Renfrew	state = 222
common\scripted_triggers\GER_scripted_triggers.txt	1872	220	Kursk Area	West Lothian	state = 220
common\scripted_triggers\GER_scripted_triggers.txt	1873	240	Voronezh	Odense	state = 240
common\scripted_triggers\GER_scripted_triggers.txt	1874	258	lipetsk	Durham	state = 258
common\scripted_triggers\GER_scripted_triggers.txt	1875	260	Borisoglbsk	Eiderstadt	state = 260
common\scripted_triggers\GER_scripted_triggers.txt	1876	265	Mikhaylovka	Tula	state = 265
common\scripted_triggers\GER_scripted_triggers.txt	1877	245	Donetsk	Dumfries	state = 245
common\scripted_triggers\GER_scripted_triggers.txt	1878	218	Rostov Area	Vyazma	state = 218 # Rostov
common\scripted_triggers\GER_scripted_triggers.txt	1879	217	Stalingrad Area	East Lothian	state = 217 # Stalingrad
common\scripted_triggers\GER_scripted_triggers.txt	1880	351	Vologda	Ostrow Mazowiecka	state = 351
common\scripted_triggers\GER_scripted_triggers.txt	1881	248	Yaroslavl	Donegal	state = 248
common\scripted_triggers\GER_scripted_triggers.txt	1882	253	Ivanovo	Antrim	state = 253
common\scripted_triggers\GER_scripted_triggers.txt	1883	254	Ryazan	Londonder	state = 254
common\scripted_triggers\GER_scripted_triggers.txt	1884	257	Livny	Wigtown	state = 257
common\scripted_triggers\GER_scripted_triggers.txt	1885	252	Nizhny Novogrod	Konigsberg	state = 252
common\scripted_triggers\GER_scripted_triggers.txt	1886	255	Penza	Ruzayevka	state = 255
common\scripted_triggers\GER_scripted_triggers.txt	1887	239	Saratov	Selkirk	state = 239
common\scripted_triggers\GER_scripted_triggers.txt	1888	250	ulyanovsky	Ryazan	state = 250
common\scripted_triggers\GER_scripted_triggers.txt	1889	879	Kargopol	Kakheti	state = 879 # Kargopol
common\scripted_triggers\GER_scripted_triggers.txt	1890	880	Kotlas	Zaragoza	state = 880 # Kotlas
common\scripted_triggers\GER_scripted_triggers.txt	1891	214	Arkhangelsk	Clackmannan	state = 214 # Archangelsk
common\scripted_triggers\GER_scripted_triggers.txt	1896	401	Engels	Brecknockshire	state = 401 # Balakovo
common\scripted_triggers\GER_scripted_triggers.txt	1897	251	Samara	Kaluga	state = 251 # Kuybyshev
common\scripted_triggers\GER_scripted_triggers.txt	1898	652	Sov state 6	Aargau	state = 652 # Orenburg
common\scripted_triggers\GER_scripted_triggers.txt	1899	582	Sourthern Urals	Linz	state = 582 # Magnitogorsk
common\scripted_triggers\GER_scripted_triggers.txt	1900	651	Sov state 5	Mlawa	state = 651 # Ufa/Bashkortostan
common\scripted_triggers\GER_scripted_triggers.txt	1901	249	Kazan	Kirkcud	state = 249 # Kazan/Tatarstan
common\scripted_triggers\GER_scripted_triggers.txt	1902	256	Cheboksary	Cumberland	state = 256 # Chuvashia
common\scripted_triggers\GER_scripted_triggers.txt	1903	833	- Mari El	Lugo	state = 833 # Mari El
common\scripted_triggers\GER_scripted_triggers.txt	1904	399	Izhevsk	Utrecht	state = 399 # Udmurtia
common\scripted_triggers\GER_scripted_triggers.txt	1909	825	- Nenetsia	Grasse	state = 825 # Nenetsia
common\scripted_triggers\GER_scripted_triggers.txt	1910	262	Torzhok	Tyrone	state = 262 # Pechora
common\scripted_triggers\GER_scripted_triggers.txt	1911	397	Syktyvkar	Chernigov	state = 397 # Syktyvkar
common\scripted_triggers\GER_scripted_triggers.txt	1912	400	Kirov	Steinfurt	state = 400 # Kirov
common\scripted_triggers\GER_scripted_triggers.txt	1913	398	Perm	Shostka	state = 398 # Perm
common\scripted_triggers\GER_scripted_triggers.txt	1914	581	Northern Urals	Ravensburg	state = 581 # Northern Urals
common\scripted_triggers\GER_scripted_triggers.txt	1915	573	Ts 15	Eure-et-Loir	state = 573 # Zlatoust
common\scripted_triggers\GER_scripted_triggers.txt	1920	569	TS 11	Levoca	state = 569 # Khakassia
common\scripted_triggers\GER_scripted_triggers.txt	1921	570	TS 12	Nancy	state = 570 # Novosibirsk
common\scripted_triggers\GER_scripted_triggers.txt	1922	571	TS 13	Paris	state = 571 # Omsk
common\scripted_triggers\GER_scripted_triggers.txt	1923	403	Kharabali	Bedfordshire	state = 403 # Tyumen
common\scripted_triggers\GER_scripted_triggers.txt	1924	572	TS 14	Orne	state = 572 # Chelyabinsk
common\scripted_triggers\GER_scripted_triggers.txt	1925	653	Sov state 7	Nievre	state = 653 # Sverdlovsk
common\scripted_triggers\GER_scripted_triggers.txt	1926	580	Siberia 7	Nyitra es Pozsony	state = 580 # Tobolsk
common\scripted_triggers\GER_scripted_triggers.txt	1927	577	Siberia 4	Zilina	state = 577 # Surgut
common\scripted_triggers\GER_scripted_triggers.txt	1928	578	Siberia 5	Cotes-du-Nord	state = 578 # Tomsk
common\scripted_triggers\GER_scripted_triggers.txt	1929	579	Siberia 6	Mezhevaya	state = 579 # Salekhard
common\scripted_triggers\GER_scripted_triggers.txt	1930	824	- Yamalia	Bouches-du-Rhone	state = 824 # Yamalia
common\scripted_triggers\IRQ_scripted_triggers.txt	5	656	Kuwait	Sieradz	state = 656 # Kuwait
common\scripted_triggers\IRQ_scripted_triggers.txt	6	1014	- Bahrain	Vayots Dzor	state = 1014 # Bahrain
common\scripted_triggers\IRQ_scripted_triggers.txt	7	765	Qatar	Braila	state = 765 # Qatar
common\scripted_triggers\IRQ_scripted_triggers.txt	8	658	Arab UK 1	Doubs	state = 658 # Trucial States
common\scripted_triggers\IRQ_scripted_triggers.txt	14	656	Kuwait	Sieradz	state = 656 # Kuwait
common\scripted_triggers\IRQ_scripted_triggers.txt	15	1014	- Bahrain	Vayots Dzor	state = 1014 # Bahrain
common\scripted_triggers\IRQ_scripted_triggers.txt	16	765	Qatar	Braila	state = 765 # Qatar
common\scripted_triggers\IRQ_scripted_triggers.txt	17	658	Arab UK 1	Doubs	state = 658 # Trucial States
common\scripted_triggers\IRQ_scripted_triggers.txt	18	1013	-Musamdam	Agri	state = 1013 # Musandam (Omani)
common\scripted_triggers\IRQ_scripted_triggers.txt	19	294	Oman	Druskieniki	state = 294 # Muscat (Omani)
common\scripted_triggers\IRQ_scripted_triggers.txt	20	1015	- Interior Oman	Larissa	state = 1015 # Oman (Omani)
common\scripted_triggers\IRQ_scripted_triggers.txt	21	1016	- Dhofar	Islas Baleares	state = 1016 # Dhofar (Omani)
common\scripted_triggers\ITA_scripted_triggers.txt	449	115	Sicily	Kymenlaakso	state = 115 #SICILIA
common\scripted_triggers\ITA_scripted_triggers.txt	450	156	Calabria	Viljandi	state = 156 #CALABRIA
common\scripted_triggers\ITA_scripted_triggers.txt	451	117	Napoli	Uppsala	state = 117 #CAMPANIA (Napoli)
common\scripted_triggers\ITA_scripted_triggers.txt	452	849	Puglia	Vizcaya	state = 849 #PUGLIA
common\scripted_triggers\ITA_scripted_triggers.txt	458	2	Italy	Massachusetts	state = 2 #LATIUM (Roma)
common\scripted_triggers\ITA_scripted_triggers.txt	459	157	Abruzzo	Hiiumaa	state = 157 #ABRUZZO
common\scripted_triggers\ITA_scripted_triggers.txt	460	162	Tuscany	Udmurt	state = 162 #TOSCANA
common\scripted_triggers\ITA_scripted_triggers.txt	466	158	Piedmont	Caithness	state = 158 #PIEMONTE
common\scripted_triggers\ITA_scripted_triggers.txt	473	161	Emilia Romagna	Sutherland	state = 161 #EMILIA ROMAGNA
common\scripted_triggers\ITA_scripted_triggers.txt	474	160	Veneto	Sudurnes	state = 160 #VENETO
common\scripted_triggers\ITA_scripted_triggers.txt	475	736	Litorale	Timis-Torontal	state = 736 #LITORALE
common\scripted_triggers\ITA_scripted_triggers.txt	476	852	Istria	Soule	state = 852 #ISTRIA
common\scripted_triggers\ITA_scripted_triggers.txt	493	852	Istria	Soule	FROM.FROM = { state = 852 } # ISTRIA (Fiume / Rijeka)
common\scripted_triggers\ITA_scripted_triggers.txt	494	163	Dalmatia	Alvsborg	FROM.FROM = { state = 163 } # ZARA / ZADAR // (Zara / Zadar)
common\scripted_triggers\ITA_scripted_triggers.txt	496	164	Dodecanese	Bornholm	FROM.FROM = { state = 164 } # DODECANESO / DODECANESE // (Rodi / Rhodes)
common\scripted_triggers\JAP_scripted_triggers.txt	54	536	Hokkaido	Brno	state = 536 # Hokkaido
common\scripted_triggers\JAP_scripted_triggers.txt	55	533	Akita	Ansbach	state = 533 # Kita-Tohoku
common\scripted_triggers\JAP_scripted_triggers.txt	56	1019	- South Tohoku	Syunik	state = 1019 # Minami-Tohoku
common\scripted_triggers\JAP_scripted_triggers.txt	57	534	Niigata	Manche	state = 534 # Koshinetsu
common\scripted_triggers\JAP_scripted_triggers.txt	58	535	Nagano	Jihlava	state = 535 # Hokuriku
common\scripted_triggers\JAP_scripted_triggers.txt	59	282	Japan	Rastenburg	state = 282 # Kanto
common\scripted_triggers\JAP_scripted_triggers.txt	60	532	Nagoya	Olomouc	state = 532 # Tokai
common\scripted_triggers\JAP_scripted_triggers.txt	61	531	Osaka	Oise	state = 531 # Kansai
common\scripted_triggers\JAP_scripted_triggers.txt	62	530	Tokushima	Buchen	state = 530 # Shikoku
common\scripted_triggers\JAP_scripted_triggers.txt	63	529	Hiroshima	Jicin	state = 529 # Sanyo
common\scripted_triggers\JAP_scripted_triggers.txt	64	1020	- Sanin	Jabrayil	state = 1020 # Sanin
common\scripted_triggers\JAP_scripted_triggers.txt	65	528	Nagasaki	Zlin	state = 528 # Hokubu Kyushu
common\scripted_triggers\JAP_scripted_triggers.txt	66	1018	- South Kyushu	Karayazi	state = 1018 # Minami Kyushu
common\scripted_triggers\JAP_scripted_triggers.txt	67	526	Okinawa	Zaolzie	state = 526 # Okinawa
common\scripted_triggers\JAP_scripted_triggers.txt	76	525	South Korea	Charleville-Mezieres	state = 525
common\scripted_triggers\JAP_scripted_triggers.txt	77	1029	- Gangwon	Ciudad Real	state = 1029
common\scripted_triggers\JAP_scripted_triggers.txt	78	1031	- Chungcheong Jeolla	Bingol	state = 1031
common\scripted_triggers\JAP_scripted_triggers.txt	79	1030	- Gyeongsang	Luck	state = 1030
common\scripted_triggers\JAP_scripted_triggers.txt	80	527	North Korea	Vinnytsia	state = 527
common\scripted_triggers\JAP_scripted_triggers.txt	81	1028	- Hamgyong	Dagestan	state = 1028
common\scripted_triggers\JAP_scripted_triggers.txt	88	525	South Korea	Charleville-Mezieres	state = 525
common\scripted_triggers\JAP_scripted_triggers.txt	89	1029	- Gangwon	Ciudad Real	state = 1029
common\scripted_triggers\JAP_scripted_triggers.txt	90	1031	- Chungcheong Jeolla	Bingol	state = 1031
common\scripted_triggers\JAP_scripted_triggers.txt	91	1030	- Gyeongsang	Luck	state = 1030
common\scripted_triggers\JAP_scripted_triggers.txt	98	527	North Korea	Vinnytsia	state = 527
common\scripted_triggers\JAP_scripted_triggers.txt	99	1028	- Hamgyong	Dagestan	state = 1028
common\scripted_triggers\SOV_scripted_triggers.txt	802	141	Sodermanland	Stockholm	state = 141 #STOCKHOLM (SVEALAND)
common\scripted_triggers\SOV_scripted_triggers.txt	803	110	Norway	Varmland	state = 110 #OSLO (OSTLANDET)
common\scripted_triggers\SWE_scripted_triggers.txt	144	148	Lappi	Goteborgs och Bohus	FROM.FROM = { state = 148 } # LAPPI / LAPPLAND (Tornio / Torneå) (Inari / Enare)
common\scripted_triggers\SWE_scripted_triggers.txt	145	929	Oulu	Drama	FROM.FROM = { state = 929 } # OULU / ULEÅBORG // (Oulu / Uleåborg)
common\scripted_triggers\SWE_scripted_triggers.txt	146	149	Vaasa	Skaraborg	FROM.FROM = { state = 149 } # VAASA / VASA // (Vaasa / Vasa) (Kokkola / Karleby)
common\scripted_triggers\SWE_scripted_triggers.txt	147	926	Turku	Segovia	FROM.FROM = { state = 926 } # TURKU / ÅBO // (Turku / Åbo) (Pori / Björneborg) (
common\scripted_triggers\SWE_scripted_triggers.txt	148	927	Hame	Tarragona	FROM.FROM = { state = 927 } # HÄME / TAMMERFORS // (Tampere / Tammerfors) (Hämee
common\scripted_triggers\SWE_scripted_triggers.txt	149	111	Uusima	Hordaland	FROM.FROM = { state = 111 } # UUSIMAA / NYLAND // (Helsinki / Helsingfors) (Hank
common\scripted_triggers\SWE_scripted_triggers.txt	150	146	Karelia	Saaremaa	FROM.FROM = { state = 146 } # KARJALA / KARELEN (Viipuri / Viborg)
common\scripted_triggers\SWE_scripted_triggers.txt	151	928	Kyme	Edirne	FROM.FROM = { state = 928 } # KYMI / VILLMANSTRAND (Lappeenranta / Villmanstrand
common\scripted_triggers\SWE_scripted_triggers.txt	152	930	Mikkeli	Zonguldak	FROM.FROM = { state = 930 } # MIKKELI / ST MICHEL (Mikkeli / St Michel) (Savonli
common\scripted_triggers\SWE_scripted_triggers.txt	153	150	Kuopio	Ostergotland	FROM.FROM = { state = 150 } # KUOPIO / KUOPIO (Kajaani / Kajana)
common\scripted_triggers\SWI_scripted_triggers.txt	476	845	Jura Mountains	Labourd et Basse-Navarre	state = 845
common\scripted_triggers\SWI_scripted_triggers.txt	477	3	Swiss Plateau	West Berlin	state = 3
common\scripted_triggers\SWI_scripted_triggers.txt	478	847	Western Swiss Alps	Setubal	state = 847
common\scripted_triggers\SWI_scripted_triggers.txt	479	846	Ticino	Pirot	state = 846
common\scripted_triggers\SWI_scripted_triggers.txt	480	151	Eastern Swiss Alps	Pskov	state = 151
common\scripted_triggers\SWI_scripted_triggers.txt	532	21	Bouches-du-Rhone	Pennsylvania	controls_state = 21 #Bouche-du-Rhone - FRA
common\scripted_triggers\SWI_scripted_triggers.txt	533	851	Var	Guipuzcoa	controls_state = 851 #Var - FRA
common\scripted_triggers\SWI_scripted_triggers.txt	534	735	Savoy	Subotica	controls_state = 735 #Savoy - FRA
common\scripted_triggers\SWI_scripted_triggers.txt	535	32	Rhone Alpes	West Virginia	controls_state = 32 #Alpes - FRA
common\scripted_triggers\SWI_scripted_triggers.txt	536	158	Piedmont	Caithness	controls_state = 158 #Piemonte - ITA
common\scripted_triggers\SWI_scripted_triggers.txt	537	159	Lombardy	Hofudborgarsvaedid	controls_state = 159 #Lombardia - ITA
common\scripted_triggers\SWI_scripted_triggers.txt	538	850	Trentino	Aude	controls_state = 850 #Trentino - ITA
common\scripted_triggers\SWI_scripted_triggers.txt	539	39	South Tyrol	Belomorsk	controls_state = 39 #Alto Adige - ITA
common\scripted_triggers\SWI_scripted_triggers.txt	540	847	Western Swiss Alps	Setubal	controls_state = 847 #Western Swiss Alps - SWi
common\scripted_triggers\SWI_scripted_triggers.txt	541	151	Eastern Swiss Alps	Pskov	controls_state = 151 #Eastern Swiss Alps - SWI
common\scripted_triggers\SWI_scripted_triggers.txt	542	846	Ticino	Pirot	controls_state = 846 #Ticino - SWI
common\scripted_triggers\SWI_scripted_triggers.txt	543	848	Voralberg	Cantabria	controls_state = 848 #Vorarlberg - AUS
common\scripted_triggers\SWI_scripted_triggers.txt	544	153	Tyrol	Yaroslavl	controls_state = 153 #Tyrol - AUS
common\scripted_triggers\SWI_scripted_triggers.txt	545	152	Upper Austria	Tarto	controls_state = 152 #Upper Austria - AUS
common\scripted_triggers\SWI_scripted_triggers.txt	546	4	Austria	Finnmark	controls_state = 4 #Lower Austria
common\scripted_triggers\TUR_scripted_triggers.txt	363	49	Turkey	Nordurland vestra	state = 49
common\scripted_triggers\TUR_scripted_triggers.txt	371	347	Izmit	Roskilde	state = 347
common\scripted_triggers\TUR_scripted_triggers.txt	379	343	Afyon	Wicklow	state = 343
common\scripted_triggers\TUR_scripted_triggers.txt	387	346	Konya	Drenthe	state = 346
common\scripted_triggers\TUR_scripted_triggers.txt	395	342	Antalya	Denbighshire	state = 342
common\scripted_triggers\TUR_scripted_triggers.txt	403	798	Amasya	Genova	state = 798
common\scripted_triggers\TUR_scripted_triggers.txt	411	356	Sinop	Norfolk	state = 356
common\scripted_triggers\TUR_scripted_triggers.txt	419	348	Kayseri	Tipperary	state = 348
common\scripted_triggers\TUR_scripted_triggers.txt	427	344	Adana	Staffordshire	state = 344
common\scripted_triggers\TUR_scripted_triggers.txt	435	349	Silvas	Clare	state = 349
common\scripted_triggers\TUR_scripted_triggers.txt	443	355	Samsun	Shropshire	state = 355
common\scripted_triggers\TUR_scripted_triggers.txt	451	345	Mersin	Laoighis	state = 345
common\scripted_triggers\TUR_scripted_triggers.txt	467	49	Turkey	Nordurland vestra	state = 49
common\scripted_triggers\TUR_scripted_triggers.txt	474	347	Izmit	Roskilde	state = 347
common\scripted_triggers\TUR_scripted_triggers.txt	481	343	Afyon	Wicklow	state = 343
common\scripted_triggers\TUR_scripted_triggers.txt	488	354	Trabzon	Merionethshire	state = 354
common\scripted_triggers\TUR_scripted_triggers.txt	495	346	Konya	Drenthe	state = 346
common\scripted_triggers\TUR_scripted_triggers.txt	502	342	Antalya	Denbighshire	state = 342
common\scripted_triggers\TUR_scripted_triggers.txt	509	341	Edirne	Anglesey	state = 341
common\scripted_triggers\TUR_scripted_triggers.txt	516	797	Istanbul	Dolj	state = 797
common\scripted_triggers\TUR_scripted_triggers.txt	523	339	Izmir	Landsberg	state = 339
common\scripted_triggers\TUR_scripted_triggers.txt	530	340	Bursa	Buda-Kashalyova	state = 340
common\scripted_triggers\TUR_scripted_triggers.txt	545	49	Turkey	Nordurland vestra	state = 49
common\scripted_triggers\TUR_scripted_triggers.txt	549	347	Izmit	Roskilde	state = 347
common\scripted_triggers\TUR_scripted_triggers.txt	553	343	Afyon	Wicklow	state = 343
common\scripted_triggers\TUR_scripted_triggers.txt	557	346	Konya	Drenthe	state = 346
common\scripted_triggers\TUR_scripted_triggers.txt	561	342	Antalya	Denbighshire	state = 342
common\scripted_triggers\TUR_scripted_triggers.txt	573	350	Diyarbekir	Meppen	state = 350
common\scripted_triggers\TUR_scripted_triggers.txt	581	353	Erzurum	Dessau	state = 353
common\scripted_triggers\TUR_scripted_triggers.txt	589	800	Van	Romanati	state = 800
common\scripted_triggers\TUR_scripted_triggers.txt	597	352	Hakkari	Hannover	state = 352
common\scripted_triggers\TUR_scripted_triggers.txt	613	350	Diyarbekir	Meppen	state = 350
common\scripted_triggers\TUR_scripted_triggers.txt	618	353	Erzurum	Dessau	state = 353
common\scripted_triggers\TUR_scripted_triggers.txt	623	800	Van	Romanati	state = 800
common\scripted_triggers\TUR_scripted_triggers.txt	628	352	Hakkari	Hannover	state = 352
common\scripted_triggers\TUR_scripted_triggers.txt	665	797	Istanbul	Dolj	controls_state = 797
common\scripted_triggers\TUR_scripted_triggers.txt	672	797	Istanbul	Dolj	controls_state = 797
common\scripted_triggers\TUR_scripted_triggers.txt	687	797	Istanbul	Dolj	controls_state = 797
common\scripted_triggers\USA_scripted_triggers.txt	9	629	Hawaii	Campulung	controls_state = 629 # Hawaii
common\scripted_triggers\USA_scripted_triggers.txt	10	463	Alaska	Eisenach	controls_state = 463 # Alaska
common\scripted_triggers\USA_scripted_triggers.txt	11	483	Sonora	Westerburg	controls_state = 483 # Sonora
common\scripted_triggers\USA_scripted_triggers.txt	12	484	Baja California	Nisko	controls_state = 484 # Baja California
common\scripted_triggers\USA_scripted_triggers.txt	13	685	Panama Canal	Graubunden	controls_state = 685 # Panama Canal
common\scripted_triggers\USA_scripted_triggers.txt	14	304	Panama	Meath	controls_state = 304 # Panama
common\scripted_triggers\USA_scripted_triggers.txt	23	100	Iceland	Sortavala	controls_state = 100 # Iceland
common\scripted_triggers\USA_scripted_triggers.txt	24	101	Greenland	Taurages	controls_state = 101 # Greenland
common\scripted_triggers\USA_scripted_triggers.txt	25	331	Newfoundland	Groningen	controls_state = 331 # Newfoundland
common\scripted_triggers\USA_scripted_triggers.txt	26	332	Labrador	Celle	controls_state = 332 # Labrador
common\scripted_triggers\USA_scripted_triggers.txt	27	464	Nova Scotia	Aqtobe	controls_state = 464 # Nova Scotia
common\scripted_triggers\USA_scripted_triggers.txt	28	696	Bermuda	Krasnodar	controls_state = 696 # Bermuda
common\scripted_triggers\USA_scripted_triggers.txt	29	315	Cuba	Kobenhavn	controls_state = 315 # Cuba
common\scripted_triggers\USA_scripted_triggers.txt	30	690	Bahama Islands	Somogy	controls_state = 690 # Bahamas
common\scripted_triggers\USA_scripted_triggers.txt	31	693	Southern Bahamas	Leczyca	controls_state = 693 # Southern Bahamas
common\scripted_triggers\USA_scripted_triggers.txt	32	318	Haiti	Oryol	controls_state = 318 # Haiti
common\scripted_triggers\USA_scripted_triggers.txt	33	319	Dominican Republic	Bielsk	controls_state = 319 # Dominican Republic
common\scripted_triggers\USA_scripted_triggers.txt	34	686	Puerto Rico	Beius	controls_state = 686 # Puerto Rico
common\scripted_triggers\USA_scripted_triggers.txt	35	689	Jamaica	Tutova	controls_state = 689 # Jamaica
common\scripted_triggers\USA_scripted_triggers.txt	36	691	Trinidad	Macon	controls_state = 691 # Trinidad
common\scripted_triggers\WTT_scripted_triggers.txt	43	743	Qingdao	Ljubljana	state = 743 # Qingdao
common\scripted_triggers\WTT_scripted_triggers.txt	44	608	Beijing	Mateszalka	state = 608 # Beijing
common\scripted_triggers\WTT_scripted_triggers.txt	45	326	HongKong	Wolkowysk	state = 326 # Hong Kong
common\scripted_triggers\WTT_scripted_triggers.txt	46	729	Macau	Loire	state = 729 # Macao
common\scripted_triggers\WTT_scripted_triggers.txt	47	728	Guangzhouwan	Rhone	state = 728 # Guangzhouwan
common\scripted_triggers\WTT_scripted_triggers.txt	48	591	Hainan	Malacky	state = 591 # Hainan
common\scripted_triggers\WTT_scripted_triggers.txt	49	597	Shandong	Epinal	state = 597 # Shandong
common\scripted_triggers\WTT_scripted_triggers.txt	50	614	China 13	Nikolayev	state = 614 # Hebei
common\scripted_triggers\WTT_scripted_triggers.txt	51	1038	- Jinan	Akhisar	state = 1038 # Jinan
common\technologies\industry.txt	1170	927	Hame	Tarragona	controls_state = 927
common\unit_medals\00_default.txt	1875	76	Northern Transylvania	Randers	owns_state = 76
common\unit_medals\00_default.txt	1876	83	crisana	Oppland	owns_state = 83
common\unit_medals\00_default.txt	1877	84	Transylvania	Gavleborg	owns_state = 84
common\unit_medals\00_default.txt	1878	82	Banat	Chodziez	owns_state = 82
events\AAT_Finland.txt	356	929	Oulu	Drama	state = 929
events\AAT_Finland.txt	391	722	Petsamo	Baranya	state = 722
events\AAT_Finland.txt	426	926	Turku	Segovia	state = 926
events\AAT_Finland.txt	461	148	Lappi	Goteborgs och Bohus	state = 148
events\AAT_Finland.txt	1108	666	Norrnorrland	omg its the devil number	state = 666
events\AAT_Finland.txt	1109	918	Vasterbotten	Quba-Xacmaz	state = 918
events\AAT_Finland.txt	1110	144	Nord-Noreg	Thisted	state = 144
events\AAT_Finland.txt	1111	924	Troms	Samsun	state = 924
events\AAT_Finland.txt	1112	925	Finnmark	Ardahan	state = 925
events\AAT_Finland.txt	1144	666	Norrnorrland	omg its the devil number	state = 666
events\AAT_Finland.txt	1145	918	Vasterbotten	Quba-Xacmaz	state = 918
events\AAT_Finland.txt	1146	144	Nord-Noreg	Thisted	state = 144
events\AAT_Finland.txt	1147	924	Troms	Samsun	state = 924
events\AAT_Finland.txt	1148	925	Finnmark	Ardahan	state = 925
events\AAT_Finland.txt	1159	666	Norrnorrland	omg its the devil number	state = 666
events\AAT_Finland.txt	1160	918	Vasterbotten	Quba-Xacmaz	state = 918
events\AAT_Finland.txt	1161	144	Nord-Noreg	Thisted	state = 144
events\AAT_Finland.txt	1162	924	Troms	Samsun	state = 924
events\AAT_Finland.txt	1163	925	Finnmark	Ardahan	state = 925
events\AAT_Finland.txt	1199	666	Norrnorrland	omg its the devil number	state = 666
events\AAT_Finland.txt	1200	918	Vasterbotten	Quba-Xacmaz	state = 918
events\AAT_Finland.txt	1201	144	Nord-Noreg	Thisted	state = 144
events\AAT_Finland.txt	1202	924	Troms	Samsun	state = 924
events\AAT_Finland.txt	1203	925	Finnmark	Ardahan	state = 925
events\AAT_Finland.txt	1250	666	Norrnorrland	omg its the devil number	state = 666
events\AAT_Finland.txt	1251	918	Vasterbotten	Quba-Xacmaz	state = 918
events\AAT_Finland.txt	1252	144	Nord-Noreg	Thisted	state = 144
events\AAT_Finland.txt	1253	924	Troms	Samsun	state = 924
events\AAT_Finland.txt	1254	925	Finnmark	Ardahan	state = 925
events\AAT_Finland.txt	1342	213	Murmansk	Dunbarton	state = 213
events\AAT_Finland.txt	1343	215	Eastern Karelia	Gorodok	state = 215
events\AAT_Finland.txt	1344	216	Below Zero	Frederiksborg	state = 216
events\AAT_Finland.txt	1376	213	Murmansk	Dunbarton	state = 213
events\AAT_Finland.txt	1377	215	Eastern Karelia	Gorodok	state = 215
events\AAT_Finland.txt	1378	216	Below Zero	Frederiksborg	state = 216
events\AAT_Finland.txt	1389	213	Murmansk	Dunbarton	state = 213
events\AAT_Finland.txt	1390	215	Eastern Karelia	Gorodok	state = 215
events\AAT_Finland.txt	1391	216	Below Zero	Frederiksborg	state = 216
events\AAT_Finland.txt	1427	213	Murmansk	Dunbarton	state = 213
events\AAT_Finland.txt	1428	215	Eastern Karelia	Gorodok	state = 215
events\AAT_Finland.txt	1429	216	Below Zero	Frederiksborg	state = 216
events\AAT_Finland.txt	1477	213	Murmansk	Dunbarton	state = 213
events\AAT_Finland.txt	1478	215	Eastern Karelia	Gorodok	state = 215
events\AAT_Finland.txt	1479	216	Below Zero	Frederiksborg	state = 216
events\AAT_Finland.txt	2518	148	Lappi	Goteborgs och Bohus	state = 148
events\AAT_Finland.txt	2632	148	Lappi	Goteborgs och Bohus	state = 148
events\AAT_Finland.txt	2918	213	Murmansk	Dunbarton	FROM = { transfer_state = 213 }
events\AAT_Finland.txt	2925	215	Eastern Karelia	Gorodok	FROM = { transfer_state = 215 }
events\AAT_Finland.txt	2932	216	Below Zero	Frederiksborg	FROM = { transfer_state = 216 }
events\AAT_Finland.txt	3011	213	Murmansk	Dunbarton	transfer_state = 213
events\AAT_Finland.txt	3018	215	Eastern Karelia	Gorodok	transfer_state = 215
events\AAT_Finland.txt	3025	216	Below Zero	Frederiksborg	transfer_state = 216
events\AAT_Finland.txt	3565	146	Karelia	Saaremaa	transfer_state = 146
events\AAT_Finland.txt	3575	147	Salla	Vest-Agder	transfer_state = 147
events\AAT_Finland.txt	3585	722	Petsamo	Baranya	transfer_state = 722
events\AAT_Finland.txt	4410	215	Eastern Karelia	Gorodok	KAR = { transfer_state = 215 }
events\AAT_Finland.txt	4443	216	Below Zero	Frederiksborg	KAR = { transfer_state = 216 }
events\AAT_Finland.txt	4473	146	Karelia	Saaremaa	KAR = { transfer_state = 146 }
events\AAT_Finland.txt	4498	147	Salla	Vest-Agder	KAR = { transfer_state = 147 }
events\AAT_Finland.txt	4519	215	Eastern Karelia	Gorodok	owns_state = 215
events\AAT_Finland.txt	4522	215	Eastern Karelia	Gorodok	state = 215
events\AAT_Finland.txt	4687	215	Eastern Karelia	Gorodok	KAR = { transfer_state = 215 }
events\AAT_Finland.txt	4721	216	Below Zero	Frederiksborg	KAR = { transfer_state = 216 }
events\AAT_Finland.txt	4751	146	Karelia	Saaremaa	KAR = { transfer_state = 146 }
events\AAT_Finland.txt	4776	147	Salla	Vest-Agder	KAR = { transfer_state = 147 }
events\AAT_Finland.txt	4794	215	Eastern Karelia	Gorodok	owns_state = 215
events\AAT_Finland.txt	4797	215	Eastern Karelia	Gorodok	state = 215
events\AAT_Finland.txt	4948	215	Eastern Karelia	Gorodok	KAR = { owns_state = 215}
events\AAT_Finland.txt	4950	215	Eastern Karelia	Gorodok	KAR = { transfer_state = 215 }
events\AAT_Finland.txt	4954	216	Below Zero	Frederiksborg	KAR = { owns_state = 216}
events\AAT_Finland.txt	4956	216	Below Zero	Frederiksborg	KAR = { transfer_state = 216 }
events\AAT_Finland.txt	4960	146	Karelia	Saaremaa	KAR = { owns_state = 146}
events\AAT_Finland.txt	4962	146	Karelia	Saaremaa	KAR = { transfer_state = 146 }
events\AAT_Finland.txt	4966	147	Salla	Vest-Agder	KAR = { owns_state = 147}
events\AAT_Finland.txt	4968	147	Salla	Vest-Agder	KAR = { transfer_state = 147 }
events\AAT_Finland.txt	5097	215	Eastern Karelia	Gorodok	KAR = { owns_state = 215}
events\AAT_Finland.txt	5099	215	Eastern Karelia	Gorodok	KAR = { transfer_state = 215 }
events\AAT_Finland.txt	5103	216	Below Zero	Frederiksborg	KAR = { owns_state = 216}
events\AAT_Finland.txt	5105	216	Below Zero	Frederiksborg	KAR = { transfer_state = 216 }
events\AAT_Finland.txt	5109	146	Karelia	Saaremaa	KAR = { owns_state = 146}
events\AAT_Finland.txt	5111	146	Karelia	Saaremaa	KAR = { transfer_state = 146 }
events\AAT_Finland.txt	5115	147	Salla	Vest-Agder	KAR = { owns_state = 147}
events\AAT_Finland.txt	5117	147	Salla	Vest-Agder	KAR = { transfer_state = 147 }
events\AAT_Generic_Events.txt	141	337	Faroe Islands	Kildare	transfer_state = 337
events\AAT_Generic_Events.txt	228	101	Greenland	Taurages	transfer_state = 101
events\AAT_Generic_Events.txt	320	101	Greenland	Taurages	transfer_state = 101
events\AAT_Generic_Events.txt	338	337	Faroe Islands	Kildare	transfer_state = 337
events\AAT_Iceland.txt	958	101	Greenland	Taurages	transfer_state = 101
events\AAT_Norway.txt	3174	914	JanMayen	Samtskhe	NOT = { state = 914 } # Not Jan Mayen
events\AAT_Sweden.txt	5973	145	Aland	Laane	FROM = { transfer_state = 145 }
events\BBA_Italy.txt	8102	164	Dodecanese	Bornholm	transfer_state = 164
events\BBA_Italy.txt	8205	164	Dodecanese	Bornholm	transfer_state = 164
events\BBA_Italy.txt	9111	116	Malta	Zetland	controls_state = 116
events\BBA_Italy.txt	10025	454	Israel	West-Vlaanderen	transfer_state = 454 #PALESTINE
events\BFTB_Greece.txt	3061	680	Deir-az-Zur	Mures	transfer_state = 680
events\BFTB_Greece.txt	3175	342	Antalya	Denbighshire	transfer_state = 342
events\BFTB_Greece.txt	4254	183	Cyprus	Inverness	CYP = { transfer_state = 183 }
events\BFTB_Greece.txt	7308	797	Istanbul	Dolj	set_capital = { state = 797 }
events\BFTB_NewsEvents.txt	932	797	Istanbul	Dolj	set_capital = { state = 797 }
events\BFTB_Turkey.txt	1584	342	Antalya	Denbighshire	give_resource_rights = { receiver = ITA state = 342 }
events\BFTB_Turkey.txt	1639	342	Antalya	Denbighshire	give_resource_rights = { receiver = ITA state = 342 }
events\BFTB_Turkey.txt	1640	164	Dodecanese	Bornholm	transfer_state = 164
events\BFTB_Turkey.txt	1785	164	Dodecanese	Bornholm	transfer_state = 164
events\BFTB_Turkey.txt	1804	164	Dodecanese	Bornholm	transfer_state = 164
events\BFTB_Turkey.txt	1868	164	Dodecanese	Bornholm	transfer_state = 164
events\BFTB_Turkey.txt	1907	231	Georgia	Lida	state = 231
events\BFTB_Turkey.txt	1912	354	Trabzon	Merionethshire	state = 354
events\BFTB_Turkey.txt	1935	231	Georgia	Lida	state = 231
events\BFTB_Turkey.txt	1956	231	Georgia	Lida	state = 231
events\BFTB_Turkey.txt	1961	354	Trabzon	Merionethshire	state = 354
events\BFTB_Turkey.txt	2574	342	Antalya	Denbighshire	TUR = { give_resource_rights = { receiver = USA state = 342 } }
events\BFTB_Turkey.txt	2712	342	Antalya	Denbighshire	TUR = { give_resource_rights = { receiver = USA state = 342 } }
events\BFTB_Turkey.txt	3359	676	Mosul	Zala	state = 676
events\BFTB_Turkey.txt	3363	291	Iraq	Cavan	state = 291
events\DOD_Romania.txt	1204	103	Croatia	Kanta-Hame	ITA = { transfer_state = 103 }
events\DOD_Romania.txt	1210	104	Bosnia	Haderslev	CRO = { transfer_state = 104 }
events\DOD_Romania.txt	1216	109	Eastern Croatia	Varsinais-Suomi	CRO = { transfer_state = 109 }
events\DOD_Romania.txt	1226	102	North-Eastern Slovenia	Volkhov	CRO = { transfer_state = 102 }
events\DOD_Romania.txt	1236	102	North-Eastern Slovenia	Volkhov	GER = { transfer_state = 102 }
events\DOD_Romania.txt	2070	69	Sudatenland	nice	owns_state = 69
events\DOD_Romania.txt	3135	217	Stalingrad Area	East Lothian	owns_state = 217
events\DOD_Romania.txt	3136	195	Leningrad Area	Moscow Oblast	owns_state = 195
events\France.txt	884	16	Ile de France	Rybachy Peninsula	state = 16
events\France.txt	885	635	New Caledonia	Murtal und Murau	state = 635
events\France.txt	888	635	New Caledonia	Murtal und Murau	controls_state = 635
events\France.txt	890	635	New Caledonia	Murtal und Murau	set_capital = { state = 635 }
events\France.txt	1714	735	Savoy	Subotica	ITA = { transfer_state = 735 }
events\France.txt	1718	1	France	Quebec	ITA = { transfer_state = 1 }
events\France.txt	1727	554	Syria	Passau	owns_state = 554
events\France.txt	1728	677	Aleppo	Bekes	owns_state = 677
events\France.txt	1729	680	Deir-az-Zur	Mures	owns_state = 680
events\France.txt	1739	554	Syria	Passau	limit = { ROOT = { owns_state = 554 } }
events\France.txt	1740	554	Syria	Passau	transfer_state = 554
events\France.txt	1743	677	Aleppo	Bekes	limit = { ROOT = { owns_state = 677 } }
events\France.txt	1744	677	Aleppo	Bekes	transfer_state = 677
events\France.txt	1747	680	Deir-az-Zur	Mures	limit = { ROOT = { owns_state = 680 } }
events\France.txt	1748	680	Deir-az-Zur	Mures	transfer_state = 680
events\Germany.txt	7885	217	Stalingrad Area	East Lothian	owns_state = 217
events\Germany.txt	7886	195	Leningrad Area	Moscow Oblast	owns_state = 195
events\Greece.txt	36	187	Aegean Islands	Orkney	SOV = { transfer_state = 187 }
events\Greece.txt	47	184	Thrace	Halland	transfer_state = 184
events\LaR_France.txt	2485	268	French Somaliland	Down	effect_tooltip = { transfer_state = 268 }
events\LaR_France.txt	2490	269	British Somaliland	Westmorland	effect_tooltip = { transfer_state = 269 }
events\LaR_France.txt	2882	28	Alcase	Virginia	NOT = { state = 28 } #Elsass-Lothringen ist deutsch!
events\LaR_France.txt	2883	735	Savoy	Subotica	NOT = { state = 735 } #Savoy is Italian
events\LaR_France.txt	4271	543	Madagascar	Bar-le-Duc	effect_tooltip = { FRA = { transfer_state = 543 } }
events\LaR_France.txt	4385	543	Madagascar	Bar-le-Duc	effect_tooltip = { FRA = { transfer_state = 543 } }
events\LAR_NewsEvents.txt	229	41	Madrid	Arkhangelsk	state = 41
events\LAR_NewsEvents.txt	230	165	Catalonia	Petseri	state = 165
events\LAR_NewsEvents.txt	231	166	Western Aragon	Valga	state = 166
events\LAR_NewsEvents.txt	232	167	Valencia	Jonkoping	state = 167
events\LAR_NewsEvents.txt	233	168	Murcia	Kalmar	state = 168
events\LAR_NewsEvents.txt	234	169	Sevilla	Ross and Cromarty	state = 169
events\LAR_NewsEvents.txt	235	170	Extremadura	Madona	state = 170
events\LAR_NewsEvents.txt	236	171	Galicia	Nizhny Novgorod	state = 171
events\LAR_NewsEvents.txt	237	172	Navarre	Riga	state = 172
events\LAR_NewsEvents.txt	238	173	Granada	Voru	state = 173
events\LAR_NewsEvents.txt	239	174	Leon	Liepaja	state = 174
events\LAR_NewsEvents.txt	240	175	Ciudad Real	Sverdlovsk	state = 175
events\LAR_NewsEvents.txt	241	176	Burgos	Moray	state = 176
events\LAR_NewsEvents.txt	242	788	Salamanca	Olt	state = 788
events\LAR_NewsEvents.txt	243	789	Cordoba	Essonne	state = 789
events\LAR_NewsEvents.txt	244	790	Asturias	Beograd	state = 790
events\LAR_NewsEvents.txt	245	791	Valladolid	Ialomita	state = 791
events\LAR_NewsEvents.txt	246	792	Basque Country	Zenica	state = 792
events\LAR_NewsEvents.txt	247	793	Guadalajara	Constanta	state = 793
events\LAR_NewsEvents.txt	248	794	Eastern Aragon	Ismail	state = 794
events\LAR_NewsEvents.txt	715	41	Madrid	Arkhangelsk	state = 41
events\LAR_NewsEvents.txt	716	165	Catalonia	Petseri	state = 165
events\LAR_NewsEvents.txt	717	166	Western Aragon	Valga	state = 166
events\LAR_NewsEvents.txt	718	167	Valencia	Jonkoping	state = 167
events\LAR_NewsEvents.txt	719	168	Murcia	Kalmar	state = 168
events\LAR_NewsEvents.txt	720	169	Sevilla	Ross and Cromarty	state = 169
events\LAR_NewsEvents.txt	721	170	Extremadura	Madona	state = 170
events\LAR_NewsEvents.txt	722	171	Galicia	Nizhny Novgorod	state = 171
events\LAR_NewsEvents.txt	723	172	Navarre	Riga	state = 172
events\LAR_NewsEvents.txt	724	173	Granada	Voru	state = 173
events\LAR_NewsEvents.txt	725	174	Leon	Liepaja	state = 174
events\LAR_NewsEvents.txt	726	175	Ciudad Real	Sverdlovsk	state = 175
events\LAR_NewsEvents.txt	727	176	Burgos	Moray	state = 176
events\LAR_NewsEvents.txt	728	788	Salamanca	Olt	state = 788
events\LAR_NewsEvents.txt	729	789	Cordoba	Essonne	state = 789
events\LAR_NewsEvents.txt	730	790	Asturias	Beograd	state = 790
events\LAR_NewsEvents.txt	731	791	Valladolid	Ialomita	state = 791
events\LAR_NewsEvents.txt	732	792	Basque Country	Zenica	state = 792
events\LAR_NewsEvents.txt	733	793	Guadalajara	Constanta	state = 793
events\LAR_NewsEvents.txt	734	794	Eastern Aragon	Ismail	state = 794
events\LAR_Spain.txt	6081	791	Valladolid	Ialomita	owns_state = 791
events\LAR_Spain.txt	6082	174	Leon	Liepaja	owns_state = 174
events\LAR_Spain.txt	6083	171	Galicia	Nizhny Novgorod	owns_state = 171
events\LAR_Spain.txt	6099	172	Navarre	Riga	owns_state = 172
events\LAR_Spain.txt	6101	172	Navarre	Riga	set_capital = { state = 172 }
events\LAR_Spain.txt	7118	167	Valencia	Jonkoping	transfer_state = 167
events\MTG_Britain.txt	1585	126	Greater London Area	Glasgow	set_capital = { state = 126 }
events\MTG_Britain.txt	2278	777	Togo	Bihac	owns_state = 777
events\MTG_Netherlands.txt	34	695	Curacao	Prekmurje	ENG = { transfer_state = 695 }
events\MTG_Netherlands.txt	46	695	Curacao	Prekmurje	USA = { transfer_state = 695 }
events\MTG_Netherlands.txt	98	695	Curacao	Prekmurje	transfer_state = 695
events\MTG_Netherlands.txt	123	695	Curacao	Prekmurje	FROM = { transfer_state = 695 }
events\MTG_NewsEvents.txt	2349	332	Labrador	Celle	NOT = { owns_state = 332 }
events\MTG_NewsEvents.txt	2350	331	Newfoundland	Groningen	NOT = { owns_state = 331 }
events\MTG_NewsEvents.txt	2352	332	Labrador	Celle	transfer_state = 332
events\MTG_NewsEvents.txt	2353	331	Newfoundland	Groningen	transfer_state = 331
events\MTG_USA.txt	1673	373	Missouri	Osnabruck	state = 373
events\MTG_USA.txt	1674	394	Wisconsin	Cork	state = 394
events\MTG_USA.txt	1675	395	Illinois	Waterford	state = 395
events\MTG_USA.txt	1676	261	USA	Ulyanovsk	state = 261
events\MTG_USA.txt	1677	396	Indiana	Herefordshire	state = 396
events\MTG_USA.txt	1678	393	Michigan	Hildesheim	state = 393
events\MTG_USA.txt	1750	385	Oregon	Seine-Saint-Denis	state = 385
events\MTG_USA.txt	1751	386	Washington	Suffolk	state = 386
events\MTG_USA.txt	1752	378	California	Kerry	state = 378
events\MTG_USA.txt	1838	385	Oregon	Seine-Saint-Denis	state = 385
events\MTG_USA.txt	1839	386	Washington	Suffolk	state = 386
events\MTG_USA.txt	1840	378	California	Kerry	state = 378
events\MTG_USA.txt	1882	358	New York	Noord-Holland	state = 358
events\MTG_USA.txt	1883	360	Pennsylvania	Carlow	state = 360
events\MTG_USA.txt	1884	359	New Jersey	Lipetsk	state = 359
events\MTG_USA.txt	1885	361	Maryland	Kilkenny	state = 361
events\MTG_USA.txt	1959	388	Montana	Kursk	state = 388
events\MTG_USA.txt	1960	387	Idaho	Myszyniec	state = 387
events\MTG_USA.txt	1961	381	Wyoming	Lodz	state = 381
events\MTG_USA.txt	2045	379	Nevada	Huntingdonshire	state = 379
events\MTG_USA.txt	2046	377	Arizona	Lublin	state = 377
events\MTG_USA.txt	2047	380	Utah	Cardiganshire	state = 380
events\MTG_USA.txt	2048	376	New Mexico	Przasnysz	state = 376
events\MTG_USA.txt	2049	382	Colorado	Paderborn	state = 382
events\MTG_USA.txt	2133	389	North Dakota	Radnorshire	state = 389
events\MTG_USA.txt	2134	390	South Dakota	Worcestershire	state = 390
events\MTG_USA.txt	2135	384	Nebraska	Zhitkovichi	state = 384
events\MTG_USA.txt	2136	391	Minnesota	Muenster	state = 391
events\MTG_USA.txt	2137	392	Iowa	Braunschweig	state = 392
events\MTG_USA.txt	2221	373	Missouri	Osnabruck	state = 373
events\MTG_USA.txt	2222	394	Wisconsin	Cork	state = 394
events\MTG_USA.txt	2223	395	Illinois	Waterford	state = 395
events\MTG_USA.txt	2224	261	USA	Ulyanovsk	state = 261
events\MTG_USA.txt	2225	396	Indiana	Herefordshire	state = 396
events\MTG_USA.txt	2226	393	Michigan	Hildesheim	state = 393
events\MTG_USA.txt	3400	671	Annam	Rowne	transfer_state = 671
events\MTG_USA.txt	3401	670	Laos	Indre	transfer_state = 670
events\MTG_USA.txt	3402	286	Indochina	West Riding	transfer_state = 286
events\MTG_USA.txt	3403	741	Cambodia	Charente	transfer_state = 741
events\MTG_USA.txt	3452	671	Annam	Rowne	transfer_state = 671
events\MTG_USA.txt	3453	670	Laos	Indre	transfer_state = 670
events\MTG_USA.txt	3454	286	Indochina	West Riding	transfer_state = 286
events\MTG_USA.txt	3455	741	Cambodia	Charente	transfer_state = 741
events\MUN_Czechoslovakia.txt	518	69	Sudatenland	nice	controls_state = 69 #North Sudetenland
events\MUN_Czechoslovakia.txt	519	972	- South Sudetenland	Agcab@di	controls_state = 972 #South Sudetenland
events\MUN_Czechoslovakia.txt	520	74	East Sudatenland	Porajarvi	controls_state = 74 #Czeske Slezsko
events\MUN_Czechoslovakia.txt	678	69	Sudatenland	nice	controls_state = 69 #North Sudetenland
events\MUN_Czechoslovakia.txt	679	972	- South Sudetenland	Agcab@di	controls_state = 972 #South Sudetenland
events\MUN_Czechoslovakia.txt	680	74	East Sudatenland	Porajarvi	controls_state = 74 #Czeske Slezsko
events\MUN_Czechoslovakia.txt	751	69	Sudatenland	nice	controls_state = 69 #North Sudetenland
events\MUN_Czechoslovakia.txt	752	972	- South Sudetenland	Agcab@di	controls_state = 972 #South Sudetenland
events\MUN_Czechoslovakia.txt	753	74	East Sudatenland	Porajarvi	controls_state = 74 #Czeske Slezsko
events\MUN_Czechoslovakia.txt	893	74	East Sudatenland	Porajarvi	state = 74
events\MUN_Czechoslovakia.txt	894	972	- South Sudetenland	Agcab@di	state = 972
events\MUN_Czechoslovakia.txt	895	69	Sudatenland	nice	state = 69
events\MUN_Czechoslovakia.txt	1165	89	Krakow	Paijat-Hame	transfer_state = 89
events\MUN_Czechoslovakia.txt	1166	91	Tarnopol	Ventspils	transfer_state = 91
events\MUN_Czechoslovakia.txt	1457	664	Southern Slovakia	Oradea	owns_state = 664
events\MUN_Czechoslovakia.txt	1463	72	Zaolzie	Keski-Suomi	owns_state = 72
events\MUN_Czechoslovakia.txt	1552	834	- Balta	Ivanjica	owns_state = 834
events\MUN_Czechoslovakia.txt	1593	834	- Balta	Ivanjica	owns_state = 834
events\MUN_Czechoslovakia.txt	1923	155	Western Hungary	Parnu	state = 155
events\MUN_Czechoslovakia.txt	1972	106	Macedonia	Buskerud	state = 106
events\MUN_Czechoslovakia.txt	2491	202	Western Kiev	Kristianstad	controls_state = 202
events\MUN_Czechoslovakia.txt	2492	202	Western Kiev	Kristianstad	owns_state = 202
events\MUN_Czechoslovakia.txt	2496	202	Western Kiev	Kristianstad	state = 202
events\MUN_Czechoslovakia.txt	3877	762	Katowice	Istria	transfer_state = 762
events\MUN_Czechoslovakia.txt	3887	975	- Burgenland	Gumushane	transfer_state = 975
events\MUN_Czechoslovakia.txt	4771	73	Carpathian Ruthenia	Etela-Pohjanmaa	transfer_state = 73
events\MUN_Czechoslovakia.txt	4784	73	Carpathian Ruthenia	Etela-Pohjanmaa	state = 73
events\MUN_Czechoslovakia.txt	4785	89	Krakow	Paijat-Hame	state = 89
events\MUN_Czechoslovakia.txt	4786	80	Bocovina	Ostrow Wiel	state = 80
events\MUN_Czechoslovakia.txt	4849	73	Carpathian Ruthenia	Etela-Pohjanmaa	owns_state = 73
events\MUN_Czechoslovakia.txt	5014	73	Carpathian Ruthenia	Etela-Pohjanmaa	transfer_state = 73
events\NewsEvents.txt	1749	127	South-east England	Leningrad Oblast	controls_state = 127
events\NewsEvents.txt	1750	123	Cornwall	Telemark	controls_state = 123
events\NewsEvents.txt	1751	126	Greater London Area	Glasgow	controls_state = 126
events\NewsEvents.txt	1752	338	Gloucestershire	Flintshire	controls_state = 338
events\NewsEvents.txt	1753	125	East Anglia	Orebro	controls_state = 125
events\NewsEvents.txt	1754	129	East Midlands	Ostfold	controls_state = 129
events\NewsEvents.txt	1755	128	West Midlands	Rogaland	controls_state = 128
events\NewsEvents.txt	1756	122	Wales	Poznan	controls_state = 122
events\NewsEvents.txt	1757	132	North-west England	Aust-Agder	controls_state = 132
events\NewsEvents.txt	1758	130	Yorkshire	Isle of Mann	controls_state = 130
events\NewsEvents.txt	1759	131	Northern England	Vestfold	controls_state = 131
events\NewsEvents.txt	1760	121	Scottish Lowlands	Vastmanland	controls_state = 121
events\NewsEvents.txt	1761	133	Strathclyde	Harju	controls_state = 133
events\NewsEvents.txt	1762	136	Aberdeenshire	Sodermanland	controls_state = 136
events\NewsEvents.txt	1763	120	Scottish Highlands	Alborg	controls_state = 120
events\NewsEvents.txt	1808	127	South-east England	Leningrad Oblast	controls_state = 127
events\NewsEvents.txt	1809	123	Cornwall	Telemark	controls_state = 123
events\NewsEvents.txt	1810	126	Greater London Area	Glasgow	controls_state = 126
events\NewsEvents.txt	1811	338	Gloucestershire	Flintshire	controls_state = 338
events\NewsEvents.txt	1812	125	East Anglia	Orebro	controls_state = 125
events\NewsEvents.txt	1813	129	East Midlands	Ostfold	controls_state = 129
events\NewsEvents.txt	1814	128	West Midlands	Rogaland	controls_state = 128
events\NewsEvents.txt	1815	122	Wales	Poznan	controls_state = 122
events\NewsEvents.txt	1816	132	North-west England	Aust-Agder	controls_state = 132
events\NewsEvents.txt	1817	130	Yorkshire	Isle of Mann	controls_state = 130
events\NewsEvents.txt	1818	131	Northern England	Vestfold	controls_state = 131
events\NewsEvents.txt	1819	121	Scottish Lowlands	Vastmanland	controls_state = 121
events\NewsEvents.txt	1820	133	Strathclyde	Harju	controls_state = 133
events\NewsEvents.txt	1821	136	Aberdeenshire	Sodermanland	controls_state = 136
events\NewsEvents.txt	1822	120	Scottish Highlands	Alborg	controls_state = 120
events\NewsEvents.txt	8014	126	Greater London Area	Glasgow	controls_state = 126
events\NewsEvents.txt	8498	64	Brandenburg	Newfoundland	state = 64
events\NewsEvents.txt	8509	64	Brandenburg	Newfoundland	state = 64
events\NewsEvents.txt	8942	378	California	Kerry	state = 378
events\NewsEvents.txt	12551	550	Eritrea	Saris-Zemplin	NOT = {	owns_state = 550 } #ERITREA
events\NewsEvents.txt	12552	559	Somaliland	Oleksandriia	NOT = {	owns_state = 559 } #SOMALILAND
events\NewsEvents.txt	12553	844	jubaland	Sjenica	NOT = {	owns_state = 844 } #JUBALAND
events\NewsEvents.txt	12563	550	Eritrea	Saris-Zemplin	owns_state = 550 #ERITREA
events\NewsEvents.txt	12564	559	Somaliland	Oleksandriia	owns_state = 559 #SOMALILAND
events\NewsEvents.txt	12565	844	jubaland	Sjenica	owns_state = 844 #JUBALAND
events\NewsEvents.txt	12570	550	Eritrea	Saris-Zemplin	owns_state = 550 #ERITREA
events\NewsEvents.txt	12571	559	Somaliland	Oleksandriia	owns_state = 559 #SOMALILAND
events\NewsEvents.txt	12572	844	jubaland	Sjenica	owns_state = 844 #JUBALAND
events\NewsEvents.txt	12581	550	Eritrea	Saris-Zemplin	owns_state = 550 #ERITREA
events\NewsEvents.txt	12582	559	Somaliland	Oleksandriia	owns_state = 559 #SOMALILAND
events\NewsEvents.txt	12583	844	jubaland	Sjenica	owns_state = 844 #JUBALAND
events\NSB_Latvia.txt	44	12	Latvia	Vermont	state = 12
events\NSB_Latvia.txt	45	191	Tartu	Kincardine	state = 191
events\NSB_Latvia.txt	62	810	Zemgale	Nice	controls_state = 810
events\NSB_Latvia.txt	73	810	Zemgale	Nice	controls_state = 810
events\NSB_Latvia.txt	75	96	Wilejka	Vologda	controls_state = 96
events\NSB_Latvia.txt	86	784	Ermland-Masuren	Avar	controls_state = 784
events\NSB_Latvia.txt	89	96	Wilejka	Vologda	controls_state = 96
events\NSB_Latvia.txt	90	95	Nowogrodek	Valmiera	controls_state = 95
events\NSB_Latvia.txt	103	815	Aukstaitija	Cetina	limit = { controls_state = 815 }
events\NSB_Latvia.txt	110	11	Kaunas	New York	limit = { controls_state = 11 }
events\NSB_Latvia.txt	117	814	Suduva	Tarn	limit = { controls_state = 814 }
events\NSB_Latvia.txt	126	191	Tartu	Kincardine	limit = { controls_state = 191 }
events\NSB_Latvia.txt	132	813	Rakvere	Mostar	limit = { controls_state = 813 }
events\NSB_Latvia.txt	165	190	Kurzeme	Kronoberg	state = 190 #Kurzeme (Latvia)
events\NSB_Latvia.txt	166	809	Latgale	Tarn-et-Garonne	state = 809 #Zemgale (Latvia)
events\NSB_Latvia.txt	167	13	Estonia	Troms	state = 13 #Parnu (Estonia)
events\NSB_Latvia.txt	168	191	Tartu	Kincardine	state = 191 #Tartu (Estonia)
events\NSB_Latvia.txt	183	190	Kurzeme	Kronoberg	limit = { controls_state = 190 } #Kurzeme
events\NSB_Latvia.txt	197	809	Latgale	Tarn-et-Garonne	limit = { controls_state = 809 } #Zemgale (Latvia)
events\NSB_Latvia.txt	206	191	Tartu	Kincardine	limit = { controls_state = 191 } #Tartu (Estonia)
events\NSB_Latvia.txt	215	13	Estonia	Troms	limit = { controls_state = 13 }
events\NSB_Lithuania.txt	417	784	Ermland-Masuren	Avar	LIT = { transfer_state = 784 }
events\NSB_Lithuania.txt	449	784	Ermland-Masuren	Avar	LIT = { transfer_state = 784 }
events\NSB_Lithuania.txt	1102	784	Ermland-Masuren	Avar	POL = { owns_state = 784 }
events\NSB_Lithuania.txt	1104	784	Ermland-Masuren	Avar	LIT = { transfer_state = 784 }
events\NSB_Lithuania.txt	1128	784	Ermland-Masuren	Avar	POL = { owns_state = 784 }
events\NSB_Lithuania.txt	1130	784	Ermland-Masuren	Avar	transfer_state = 784
events\NSB_Lithuania.txt	1145	784	Ermland-Masuren	Avar	POL = { owns_state = 784 }
events\NSB_Lithuania.txt	1147	784	Ermland-Masuren	Avar	LIT = { transfer_state = 784 }
events\NSB_Poland.txt	371	807	Gdynia	Gard	POL = { owns_state = 807 }
events\NSB_Poland.txt	372	85	Danzig	Pirkanmaa	POL = { owns_state = 85 }
events\NSB_Poland.txt	454	807	Gdynia	Gard	owns_state = 807
events\NSB_Poland.txt	457	807	Gdynia	Gard	GER = { transfer_state = 807 }
events\NSB_Poland.txt	461	85	Danzig	Pirkanmaa	owns_state = 85
events\NSB_Poland.txt	464	85	Danzig	Pirkanmaa	GER = { transfer_state = 85 }
events\NSB_Poland.txt	535	543	Madagascar	Bar-le-Duc	state = 543
events\NSB_Poland.txt	536	708	Comoro Islands	Ticino	state = 708
events\NSB_Poland.txt	537	706	Reunion	Udine	state = 706
events\NSB_Poland.txt	544	543	Madagascar	Bar-le-Duc	transfer_state = 543
events\NSB_Poland.txt	548	708	Comoro Islands	Ticino	owns_state = 708
events\NSB_Poland.txt	549	708	Comoro Islands	Ticino	controls_state = 708
events\NSB_Poland.txt	552	708	Comoro Islands	Ticino	transfer_state = 708
events\NSB_Poland.txt	557	706	Reunion	Udine	owns_state = 706
events\NSB_Poland.txt	558	706	Reunion	Udine	controls_state = 706
events\NSB_Poland.txt	561	706	Reunion	Udine	transfer_state = 706
events\NSB_Poland.txt	579	543	Madagascar	Bar-le-Duc	state = 543
events\NSB_Poland.txt	580	708	Comoro Islands	Ticino	state = 708
events\NSB_Poland.txt	581	706	Reunion	Udine	state = 706
events\NSB_Poland.txt	621	543	Madagascar	Bar-le-Duc	transfer_state = 543
events\NSB_Poland.txt	625	708	Comoro Islands	Ticino	owns_state = 708
events\NSB_Poland.txt	626	708	Comoro Islands	Ticino	controls_state = 708
events\NSB_Poland.txt	629	708	Comoro Islands	Ticino	transfer_state = 708
events\NSB_Poland.txt	634	706	Reunion	Udine	owns_state = 706
events\NSB_Poland.txt	635	706	Reunion	Udine	controls_state = 706
events\NSB_Poland.txt	639	706	Reunion	Udine	transfer_state = 706
events\NSB_Poland.txt	694	546	Tanganyika	Tuchola	state = 546
events\NSB_Poland.txt	1832	218	Rostov Area	Vyazma	transfer_state = 218
events\NSB_Poland.txt	1833	245	Donetsk	Dumfries	transfer_state = 245
events\NSB_Poland.txt	1834	238	volgodonsk	Sakiu	transfer_state = 238
events\NSB_Poland.txt	1835	217	Stalingrad Area	East Lothian	transfer_state = 217
events\NSB_Poland.txt	1836	265	Mikhaylovka	Tula	transfer_state = 265
events\NSB_Poland.txt	1839	236	Astrakhan	Swieciany	PREV = { controls_state = 236 }
events\NSB_Poland.txt	1841	236	Astrakhan	Swieciany	transfer_state = 236
events\NSB_Poland.txt	1845	237	Elista	Roxburgh	PREV = { controls_state = 237 }
events\NSB_Poland.txt	1847	237	Elista	Roxburgh	transfer_state = 237
events\NSB_Poland.txt	1884	218	Rostov Area	Vyazma	transfer_state = 218
events\NSB_Poland.txt	1885	245	Donetsk	Dumfries	transfer_state = 245
events\NSB_Poland.txt	1886	238	volgodonsk	Sakiu	transfer_state = 238
events\NSB_Poland.txt	1887	217	Stalingrad Area	East Lothian	transfer_state = 217
events\NSB_Poland.txt	1888	265	Mikhaylovka	Tula	transfer_state = 265
events\NSB_Poland.txt	1891	236	Astrakhan	Swieciany	PREV = { controls_state = 236 }
events\NSB_Poland.txt	1893	236	Astrakhan	Swieciany	transfer_state = 236
events\NSB_Poland.txt	1897	237	Elista	Roxburgh	PREV = { controls_state = 237 }
events\NSB_Poland.txt	1899	237	Elista	Roxburgh	transfer_state = 237
events\NSB_Poland.txt	1952	234	Krasodar	Northumberland	transfer_state = 234
events\NSB_Poland.txt	1953	235	Stravropol	Safonovo	transfer_state = 235
events\NSB_Poland.txt	1954	233	Caucasus Mountains	Peebles	transfer_state = 233
events\NSB_Poland.txt	1955	232	Grozny	Dzisna	transfer_state = 232
events\NSB_Poland.txt	1958	137	Crimea	Jaanilinn	PREV = { controls_state = 137 }
events\NSB_Poland.txt	1960	137	Crimea	Jaanilinn	transfer_state = 137
events\NSB_Poland.txt	1997	234	Krasodar	Northumberland	transfer_state = 234
events\NSB_Poland.txt	1998	235	Stravropol	Safonovo	transfer_state = 235
events\NSB_Poland.txt	1999	233	Caucasus Mountains	Peebles	transfer_state = 233
events\NSB_Poland.txt	2000	232	Grozny	Dzisna	transfer_state = 232
events\NSB_Poland.txt	2003	137	Crimea	Jaanilinn	PREV = { controls_state = 137 }
events\NSB_Poland.txt	2005	137	Crimea	Jaanilinn	transfer_state = 137
events\NSB_Poland.txt	2647	96	Wilejka	Vologda	limit = { POL = { owns_state = 96 controls_state = 96 } }
events\NSB_Poland.txt	2647	96	Wilejka	Vologda	limit = { POL = { owns_state = 96 controls_state = 96 } }
events\NSB_Poland.txt	2648	96	Wilejka	Vologda	transfer_state = 96
events\NSB_Poland.txt	2651	95	Nowogrodek	Valmiera	limit = { POL = { owns_state = 95 controls_state = 95 } }
events\NSB_Poland.txt	2651	95	Nowogrodek	Valmiera	limit = { POL = { owns_state = 95 controls_state = 95 } }
events\NSB_Poland.txt	2652	95	Nowogrodek	Valmiera	transfer_state = 95
events\NSB_Poland.txt	2655	94	Polesie	Ilukste	limit = { POL = { owns_state = 94 controls_state = 94 } }
events\NSB_Poland.txt	2655	94	Polesie	Ilukste	limit = { POL = { owns_state = 94 controls_state = 94 } }
events\NSB_Poland.txt	2656	94	Polesie	Ilukste	transfer_state = 94
events\NSB_Poland.txt	2659	93	Volhynian	Etela-Karjala	limit = { POL = { owns_state = 93 controls_state = 93 } }
events\NSB_Poland.txt	2659	93	Volhynian	Etela-Karjala	limit = { POL = { owns_state = 93 controls_state = 93 } }
events\NSB_Poland.txt	2660	93	Volhynian	Etela-Karjala	transfer_state = 93
events\NSB_Poland.txt	2663	91	Tarnopol	Ventspils	limit = { POL = { owns_state = 91 controls_state = 91 } }
events\NSB_Poland.txt	2663	91	Tarnopol	Ventspils	limit = { POL = { owns_state = 91 controls_state = 91 } }
events\NSB_Poland.txt	2664	91	Tarnopol	Ventspils	transfer_state = 91
events\NSB_Poland.txt	2667	89	Krakow	Paijat-Hame	limit = { POL = { owns_state = 89 controls_state = 89 } }
events\NSB_Poland.txt	2667	89	Krakow	Paijat-Hame	limit = { POL = { owns_state = 89 controls_state = 89 } }
events\NSB_Poland.txt	2668	89	Krakow	Paijat-Hame	transfer_state = 89
events\NSB_Poland.txt	2671	97	Bialystok	Perm	limit = { POL = { owns_state = 97 controls_state = 97 } }
events\NSB_Poland.txt	2671	97	Bialystok	Perm	limit = { POL = { owns_state = 97 controls_state = 97 } }
events\NSB_Poland.txt	2672	97	Bialystok	Perm	transfer_state = 97
events\NSB_Poland.txt	2675	784	Ermland-Masuren	Avar	limit = { POL = { owns_state = 784 controls_state = 784 } }
events\NSB_Poland.txt	2675	784	Ermland-Masuren	Avar	limit = { POL = { owns_state = 784 controls_state = 784 } }
events\NSB_Poland.txt	2676	784	Ermland-Masuren	Avar	transfer_state = 784
events\NSB_Poland.txt	2726	96	Wilejka	Vologda	limit = { POL = { owns_state = 96 controls_state = 96 } }
events\NSB_Poland.txt	2726	96	Wilejka	Vologda	limit = { POL = { owns_state = 96 controls_state = 96 } }
events\NSB_Poland.txt	2727	96	Wilejka	Vologda	transfer_state = 96
events\NSB_Poland.txt	2730	95	Nowogrodek	Valmiera	limit = { POL = { owns_state = 95 controls_state = 95 } }
events\NSB_Poland.txt	2730	95	Nowogrodek	Valmiera	limit = { POL = { owns_state = 95 controls_state = 95 } }
events\NSB_Poland.txt	2731	95	Nowogrodek	Valmiera	transfer_state = 95
events\NSB_Poland.txt	2734	94	Polesie	Ilukste	limit = { POL = { owns_state = 94 controls_state = 94 } }
events\NSB_Poland.txt	2734	94	Polesie	Ilukste	limit = { POL = { owns_state = 94 controls_state = 94 } }
events\NSB_Poland.txt	2735	94	Polesie	Ilukste	transfer_state = 94
events\NSB_Poland.txt	2738	93	Volhynian	Etela-Karjala	limit = { POL = { owns_state = 93 controls_state = 93 } }
events\NSB_Poland.txt	2738	93	Volhynian	Etela-Karjala	limit = { POL = { owns_state = 93 controls_state = 93 } }
events\NSB_Poland.txt	2739	93	Volhynian	Etela-Karjala	transfer_state = 93
events\NSB_Poland.txt	2742	91	Tarnopol	Ventspils	limit = { POL = { owns_state = 91 controls_state = 91 } }
events\NSB_Poland.txt	2742	91	Tarnopol	Ventspils	limit = { POL = { owns_state = 91 controls_state = 91 } }
events\NSB_Poland.txt	2743	91	Tarnopol	Ventspils	transfer_state = 91
events\NSB_Poland.txt	2746	89	Krakow	Paijat-Hame	limit = { POL = { owns_state = 89 controls_state = 89 } }
events\NSB_Poland.txt	2746	89	Krakow	Paijat-Hame	limit = { POL = { owns_state = 89 controls_state = 89 } }
events\NSB_Poland.txt	2747	89	Krakow	Paijat-Hame	transfer_state = 89
events\NSB_Poland.txt	2750	97	Bialystok	Perm	limit = { POL = { owns_state = 97 controls_state = 97 } }
events\NSB_Poland.txt	2750	97	Bialystok	Perm	limit = { POL = { owns_state = 97 controls_state = 97 } }
events\NSB_Poland.txt	2751	97	Bialystok	Perm	transfer_state = 97
events\NSB_Poland.txt	2754	784	Ermland-Masuren	Avar	limit = { POL = { owns_state = 784 controls_state = 784 } }
events\NSB_Poland.txt	2754	784	Ermland-Masuren	Avar	limit = { POL = { owns_state = 784 controls_state = 784 } }
events\NSB_Poland.txt	2755	784	Ermland-Masuren	Avar	transfer_state = 784
events\NSB_Poland.txt	2952	96	Wilejka	Vologda	limit = { ROOT = { owns_state = 96 controls_state = 96 } }
events\NSB_Poland.txt	2952	96	Wilejka	Vologda	limit = { ROOT = { owns_state = 96 controls_state = 96 } }
events\NSB_Poland.txt	2953	96	Wilejka	Vologda	transfer_state = 96
events\NSB_Poland.txt	2956	95	Nowogrodek	Valmiera	limit = { ROOT = { owns_state = 95 controls_state = 95 } }
events\NSB_Poland.txt	2956	95	Nowogrodek	Valmiera	limit = { ROOT = { owns_state = 95 controls_state = 95 } }
events\NSB_Poland.txt	2957	95	Nowogrodek	Valmiera	transfer_state = 95
events\NSB_Poland.txt	2960	94	Polesie	Ilukste	limit = { ROOT = { owns_state = 94 controls_state = 94 } }
events\NSB_Poland.txt	2960	94	Polesie	Ilukste	limit = { ROOT = { owns_state = 94 controls_state = 94 } }
events\NSB_Poland.txt	2961	94	Polesie	Ilukste	transfer_state = 94
events\NSB_Poland.txt	2964	93	Volhynian	Etela-Karjala	limit = { ROOT = { owns_state = 93 controls_state = 93 } }
events\NSB_Poland.txt	2964	93	Volhynian	Etela-Karjala	limit = { ROOT = { owns_state = 93 controls_state = 93 } }
events\NSB_Poland.txt	2965	93	Volhynian	Etela-Karjala	transfer_state = 93
events\NSB_Poland.txt	2968	91	Tarnopol	Ventspils	limit = { ROOT = { owns_state = 91 controls_state = 91 } }
events\NSB_Poland.txt	2968	91	Tarnopol	Ventspils	limit = { ROOT = { owns_state = 91 controls_state = 91 } }
events\NSB_Poland.txt	2969	91	Tarnopol	Ventspils	transfer_state = 91
events\NSB_Poland.txt	2972	89	Krakow	Paijat-Hame	limit = { ROOT = { owns_state = 89 controls_state = 89 } }
events\NSB_Poland.txt	2972	89	Krakow	Paijat-Hame	limit = { ROOT = { owns_state = 89 controls_state = 89 } }
events\NSB_Poland.txt	2973	89	Krakow	Paijat-Hame	transfer_state = 89
events\NSB_Poland.txt	2976	97	Bialystok	Perm	limit = { ROOT = { owns_state = 97 controls_state = 97 } }
events\NSB_Poland.txt	2976	97	Bialystok	Perm	limit = { ROOT = { owns_state = 97 controls_state = 97 } }
events\NSB_Poland.txt	2977	97	Bialystok	Perm	transfer_state = 97
events\NSB_Poland.txt	2981	784	Ermland-Masuren	Avar	limit = { ROOT = { owns_state = 784 controls_state = 784 } }
events\NSB_Poland.txt	2981	784	Ermland-Masuren	Avar	limit = { ROOT = { owns_state = 784 controls_state = 784 } }
events\NSB_Poland.txt	2982	784	Ermland-Masuren	Avar	transfer_state = 784
events\NSB_Poland.txt	2986	11	Kaunas	New York	limit = { ROOT = { owns_state = 11 controls_state = 11 } }
events\NSB_Poland.txt	2986	11	Kaunas	New York	limit = { ROOT = { owns_state = 11 controls_state = 11 } }
events\NSB_Poland.txt	2987	11	Kaunas	New York	transfer_state = 11
events\NSB_Poland.txt	2990	188	Memel	Tukums	limit = { ROOT = { owns_state = 188 controls_state = 188 } }
events\NSB_Poland.txt	2990	188	Memel	Tukums	limit = { ROOT = { owns_state = 188 controls_state = 188 } }
events\NSB_Poland.txt	2991	188	Memel	Tukums	transfer_state = 188
events\NSB_Poland.txt	2994	189	Kaunas	Toropets	limit = { ROOT = { owns_state = 189 controls_state = 189 } }
events\NSB_Poland.txt	2994	189	Kaunas	Toropets	limit = { ROOT = { owns_state = 189 controls_state = 189 } }
events\NSB_Poland.txt	2995	189	Kaunas	Toropets	transfer_state = 189
events\NSB_Poland.txt	2998	814	Suduva	Tarn	limit = { ROOT = { owns_state = 814 controls_state = 814 } }
events\NSB_Poland.txt	2998	814	Suduva	Tarn	limit = { ROOT = { owns_state = 814 controls_state = 814 } }
events\NSB_Poland.txt	2999	814	Suduva	Tarn	transfer_state = 814
events\NSB_Poland.txt	3002	815	Aukstaitija	Cetina	limit = { ROOT = { owns_state = 815 controls_state = 815 } }
events\NSB_Poland.txt	3002	815	Aukstaitija	Cetina	limit = { ROOT = { owns_state = 815 controls_state = 815 } }
events\NSB_Poland.txt	3003	815	Aukstaitija	Cetina	transfer_state = 815
events\NSB_Poland.txt	3046	96	Wilejka	Vologda	limit = { FROM = { owns_state = 96 controls_state = 96 } }
events\NSB_Poland.txt	3046	96	Wilejka	Vologda	limit = { FROM = { owns_state = 96 controls_state = 96 } }
events\NSB_Poland.txt	3047	96	Wilejka	Vologda	transfer_state = 96
events\NSB_Poland.txt	3050	95	Nowogrodek	Valmiera	limit = { FROM = { owns_state = 95 controls_state = 95 } }
events\NSB_Poland.txt	3050	95	Nowogrodek	Valmiera	limit = { FROM = { owns_state = 95 controls_state = 95 } }
events\NSB_Poland.txt	3051	95	Nowogrodek	Valmiera	transfer_state = 95
events\NSB_Poland.txt	3054	94	Polesie	Ilukste	limit = { FROM = { owns_state = 94 controls_state = 94 } }
events\NSB_Poland.txt	3054	94	Polesie	Ilukste	limit = { FROM = { owns_state = 94 controls_state = 94 } }
events\NSB_Poland.txt	3055	94	Polesie	Ilukste	transfer_state = 94
events\NSB_Poland.txt	3058	93	Volhynian	Etela-Karjala	limit = { FROM = { owns_state = 93 controls_state = 93 } }
events\NSB_Poland.txt	3058	93	Volhynian	Etela-Karjala	limit = { FROM = { owns_state = 93 controls_state = 93 } }
events\NSB_Poland.txt	3059	93	Volhynian	Etela-Karjala	transfer_state = 93
events\NSB_Poland.txt	3062	91	Tarnopol	Ventspils	limit = { FROM = { owns_state = 91 controls_state = 91 } }
events\NSB_Poland.txt	3062	91	Tarnopol	Ventspils	limit = { FROM = { owns_state = 91 controls_state = 91 } }
events\NSB_Poland.txt	3063	91	Tarnopol	Ventspils	transfer_state = 91
events\NSB_Poland.txt	3066	89	Krakow	Paijat-Hame	limit = { FROM = { owns_state = 89 controls_state = 89 } }
events\NSB_Poland.txt	3066	89	Krakow	Paijat-Hame	limit = { FROM = { owns_state = 89 controls_state = 89 } }
events\NSB_Poland.txt	3067	89	Krakow	Paijat-Hame	transfer_state = 89
events\NSB_Poland.txt	3070	97	Bialystok	Perm	limit = { FROM = { owns_state = 97 controls_state = 97 } }
events\NSB_Poland.txt	3070	97	Bialystok	Perm	limit = { FROM = { owns_state = 97 controls_state = 97 } }
events\NSB_Poland.txt	3071	97	Bialystok	Perm	transfer_state = 97
events\NSB_Poland.txt	3075	784	Ermland-Masuren	Avar	limit = { FROM = { owns_state = 784 controls_state = 784 } }
events\NSB_Poland.txt	3075	784	Ermland-Masuren	Avar	limit = { FROM = { owns_state = 784 controls_state = 784 } }
events\NSB_Poland.txt	3076	784	Ermland-Masuren	Avar	transfer_state = 784
events\NSB_Poland.txt	3080	11	Kaunas	New York	limit = { FROM = { owns_state = 11 controls_state = 11 } }
events\NSB_Poland.txt	3080	11	Kaunas	New York	limit = { FROM = { owns_state = 11 controls_state = 11 } }
events\NSB_Poland.txt	3081	11	Kaunas	New York	transfer_state = 11
events\NSB_Poland.txt	3084	188	Memel	Tukums	limit = { FROM = { owns_state = 188 controls_state = 188 } }
events\NSB_Poland.txt	3084	188	Memel	Tukums	limit = { FROM = { owns_state = 188 controls_state = 188 } }
events\NSB_Poland.txt	3085	188	Memel	Tukums	transfer_state = 188
events\NSB_Poland.txt	3088	189	Kaunas	Toropets	limit = { FROM = { owns_state = 189 controls_state = 189 } }
events\NSB_Poland.txt	3088	189	Kaunas	Toropets	limit = { FROM = { owns_state = 189 controls_state = 189 } }
events\NSB_Poland.txt	3089	189	Kaunas	Toropets	transfer_state = 189
events\NSB_Poland.txt	3092	814	Suduva	Tarn	limit = { FROM = { owns_state = 814 controls_state = 814 } }
events\NSB_Poland.txt	3092	814	Suduva	Tarn	limit = { FROM = { owns_state = 814 controls_state = 814 } }
events\NSB_Poland.txt	3093	814	Suduva	Tarn	transfer_state = 814
events\NSB_Poland.txt	3096	815	Aukstaitija	Cetina	limit = { FROM = { owns_state = 815 controls_state = 815 } }
events\NSB_Poland.txt	3096	815	Aukstaitija	Cetina	limit = { FROM = { owns_state = 815 controls_state = 815 } }
events\NSB_Poland.txt	3097	815	Aukstaitija	Cetina	transfer_state = 815
events\NSB_Soviet.txt	2698	463	Alaska	Eisenach	ROOT = { controls_state = 463 }
events\NSB_Soviet.txt	2700	463	Alaska	Eisenach	transfer_state = 463 #ALASKA
events\NSB_Soviet.txt	2704	650	Attu Island	Bourges	ROOT = { controls_state = 650 }
events\NSB_Soviet.txt	2706	650	Attu Island	Bourges	transfer_state = 650 #ATTU ISLAND
events\NSB_Soviet.txt	2768	463	Alaska	Eisenach	FROM = { controls_state = 463 }
events\NSB_Soviet.txt	2770	463	Alaska	Eisenach	transfer_state = 463 #ALASKA
events\NSB_Soviet.txt	2774	650	Attu Island	Bourges	FROM = { controls_state = 650 }
events\NSB_Soviet.txt	2776	650	Attu Island	Bourges	transfer_state = 650 #ATTU ISLAND
events\NSB_Soviet.txt	3836	536	Hokkaido	Brno	NOT = {	state = 536 } #HOKKAIDO
events\NSB_Soviet.txt	3872	537	South Sakhalin	Saarland	transfer_state = 537
events\NSB_Soviet.txt	3873	555	Lagos	Trencin	transfer_state = 555
events\NSB_Soviet.txt	3925	536	Hokkaido	Brno	state = 536 #HOKKAIDO
events\NSB_Soviet.txt	3926	555	Lagos	Trencin	state = 555 #KURIL ISLANDS
events\NSB_Soviet.txt	3963	537	South Sakhalin	Saarland	transfer_state = 537
events\NSB_Soviet.txt	3964	536	Hokkaido	Brno	transfer_state = 536 #Hokkaido
events\NSB_Soviet.txt	3965	555	Lagos	Trencin	transfer_state = 555
events\NSB_Soviet.txt	4011	537	South Sakhalin	Saarland	transfer_state = 537
events\NSB_Soviet.txt	4012	555	Lagos	Trencin	transfer_state = 555
events\NSB_Soviet.txt	4017	536	Hokkaido	Brno	transfer_state = 536 #Hokkaido
events\NSB_Soviet.txt	4075	655	North Sakhalin	Vaslui	transfer_state = 655
events\NSB_Soviet.txt	4124	655	North Sakhalin	Vaslui	transfer_state = 655
events\NSB_Soviet.txt	4890	618	China 15	Ochakov	give_resource_rights = { receiver = SOV state = 618 } # Grant Resource rights to
events\NSB_Soviet.txt	5021	618	China 15	Ochakov	give_resource_rights = { receiver = SOV state = 618 } # Grant Resource rights to
events\NSB_Soviet.txt	8806	408	Vladivostok	Oxfordshire	owns_state = 408
events\NSB_Soviet.txt	8809	408	Vladivostok	Oxfordshire	transfer_state = 408
events\NSB_Soviet.txt	8825	655	North Sakhalin	Vaslui	owns_state = 655
events\NSB_Soviet.txt	8828	655	North Sakhalin	Vaslui	transfer_state = 655
events\NSB_Soviet.txt	8836	229	baku	Moscow	owns_state = 229
events\NSB_Soviet.txt	8838	229	baku	Moscow	give_resource_rights = { receiver = GER state = 229 }
events\NSB_Soviet.txt	8854	192	Odessa	Bute	UKR = { owns_state = 192 }
events\NSB_Soviet.txt	8856	229	baku	Moscow	UKR = { give_resource_rights = { receiver = GER state = 229 } }
events\NSB_Soviet.txt	8917	219	Moscow Area	Lanmark	set_capital = { state = 219 }
events\Poland.txt	450	162	Tuscany	Udmurt	state = 162
events\Poland.txt	454	157	Abruzzo	Hiiumaa	state = 157
events\Poland.txt	458	2	Italy	Massachusetts	state = 2
events\Poland.txt	1666	807	Gdynia	Gard	controls_state = 807
events\Poland.txt	1685	807	Gdynia	Gard	DNZ = { transfer_state = 807 }
events\SovietUnion.txt	719	655	North Sakhalin	Vaslui	transfer_state = 655
events\SovietUnion.txt	2248	85	Danzig	Pirkanmaa	controls_state = 85
events\SovietUnion.txt	2249	86	Poznan	Satakunta	controls_state = 86
events\SovietUnion.txt	2250	87	Lodz	Jekabpils	controls_state = 87
events\Spain.txt	457	41	Madrid	Arkhangelsk	owns_state = 41
events\Spain.txt	472	41	Madrid	Arkhangelsk	set_capital = { state = 41 }
events\USA.txt	136	696	Bermuda	Krasnodar	transfer_state = 696
events\USA.txt	139	331	Newfoundland	Groningen	transfer_state = 331
events\USA.txt	142	308	Britain SA	Westmeath	transfer_state = 308
events\USA.txt	145	693	Southern Bahamas	Leczyca	transfer_state = 693
events\USA.txt	148	689	Jamaica	Tutova	transfer_state = 689
events\USA.txt	151	691	Trinidad	Macon	transfer_state = 691
events\WTT_Britain.txt	308	698	Azores	Bacau	transfer_state = 698
events\WTT_Britain.txt	377	698	Azores	Bacau	transfer_state = 698
events\WTT_Germany.txt	2458	743	Qingdao	Ljubljana	transfer_state = 743
events\WTT_Germany.txt	2560	743	Qingdao	Ljubljana	GER = { transfer_state = 743 }
events\WTT_Germany.txt	2595	743	Qingdao	Ljubljana	transfer_state = 743
events\WTT_Germany.txt	2687	743	Qingdao	Ljubljana	transfer_state = 743
events\WUW_Austria.txt	3498	155	Western Hungary	Parnu	state = 155
events\WUW_Austria.txt	3499	974	- South Transdanubia	Castellon	state = 974
events\WUW_Austria.txt	3500	973	- Bacs	Erzurum	state = 973
events\WUW_Austria.txt	3501	154	Southern plain	Tver	state = 154
events\WUW_Austria.txt	3502	43	Hungary	Delaware	state = 43
events\WUW_Austria.txt	3567	69	Sudatenland	nice	state = 69
events\WUW_Austria.txt	3568	972	- South Sudetenland	Agcab@di	state = 972
events\WUW_Austria.txt	3569	9	Czechoslovakia	Ontario	state = 9
events\WUW_Austria.txt	3570	75	Moravia	More og Romsdal	state = 75
events\WUW_Austria.txt	3571	74	East Sudatenland	Porajarvi	state = 74
events\WUW_Austria.txt	3572	72	Zaolzie	Keski-Suomi	state = 72
events\WUW_Austria.txt	3620	853	Ljubljana	Sinjajevina	owns_state = 853
events\WUW_Austria.txt	3621	853	Ljubljana	Sinjajevina	controls_state = 853
events\WUW_Austria.txt	3624	102	North-Eastern Slovenia	Volkhov	owns_state = 102
events\WUW_Austria.txt	3625	102	North-Eastern Slovenia	Volkhov	controls_state = 102
events\WUW_Austria.txt	3628	103	Croatia	Kanta-Hame	owns_state = 103
events\WUW_Austria.txt	3629	103	Croatia	Kanta-Hame	controls_state = 103
events\WUW_Austria.txt	3636	853	Ljubljana	Sinjajevina	owns_state = 853
events\WUW_Austria.txt	3637	853	Ljubljana	Sinjajevina	controls_state = 853
events\WUW_Austria.txt	3645	102	North-Eastern Slovenia	Volkhov	owns_state = 102
events\WUW_Austria.txt	3646	102	North-Eastern Slovenia	Volkhov	controls_state = 102
events\WUW_Austria.txt	3655	103	Croatia	Kanta-Hame	owns_state = 103
events\WUW_Austria.txt	3656	103	Croatia	Kanta-Hame	controls_state = 103
events\WUW_Austria.txt	3694	853	Ljubljana	Sinjajevina	owns_state = 853
events\WUW_Austria.txt	3695	853	Ljubljana	Sinjajevina	controls_state = 853
events\WUW_Austria.txt	3698	102	North-Eastern Slovenia	Volkhov	owns_state = 102
events\WUW_Austria.txt	3699	102	North-Eastern Slovenia	Volkhov	controls_state = 102
events\WUW_Austria.txt	3702	109	Eastern Croatia	Varsinais-Suomi	owns_state = 109
events\WUW_Austria.txt	3703	109	Eastern Croatia	Varsinais-Suomi	controls_state = 109
events\WUW_Austria.txt	3714	853	Ljubljana	Sinjajevina	owns_state = 853
events\WUW_Austria.txt	3715	853	Ljubljana	Sinjajevina	controls_state = 853
events\WUW_Austria.txt	3746	102	North-Eastern Slovenia	Volkhov	owns_state = 102
events\WUW_Austria.txt	3747	102	North-Eastern Slovenia	Volkhov	controls_state = 102
events\WUW_Austria.txt	3778	109	Eastern Croatia	Varsinais-Suomi	owns_state = 109
events\WUW_Austria.txt	3779	109	Eastern Croatia	Varsinais-Suomi	controls_state = 109
events\WUW_Austria.txt	3843	88	Kielce	Kopparberg	state = 88
events\WUW_Austria.txt	3844	89	Krakow	Paijat-Hame	state = 89
events\WUW_Austria.txt	3845	91	Tarnopol	Ventspils	state = 91
events\WUW_Austria.txt	3904	76	Northern Transylvania	Randers	state = 76
events\WUW_Austria.txt	3905	83	crisana	Oppland	state = 83
events\WUW_Austria.txt	3906	84	Transylvania	Gavleborg	state = 84
events\WUW_Austria.txt	3907	82	Banat	Chodziez	state = 82
events\WUW_Austria.txt	3908	80	Bocovina	Ostrow Wiel	state = 80
events\WUW_Austria.txt	3974	934	Shkoder	Napoli	state = 934
events\WUW_Austria.txt	3975	44	Albania	Vestfirdir	state = 44
events\WUW_Austria.txt	3976	805	Northern Epirus	Firenze	state = 805
events\WUW_Austria.txt	4028	155	Western Hungary	Parnu	state = 155
events\WUW_Austria.txt	4029	974	- South Transdanubia	Castellon	state = 974
events\WUW_Austria.txt	4030	973	- Bacs	Erzurum	state = 973
events\WUW_Austria.txt	4031	154	Southern plain	Tver	state = 154
events\WUW_Austria.txt	4032	43	Hungary	Delaware	state = 43
events\WUW_Austria.txt	4033	69	Sudatenland	nice	state = 69
events\WUW_Austria.txt	4034	972	- South Sudetenland	Agcab@di	state = 972
events\WUW_Austria.txt	4035	9	Czechoslovakia	Ontario	state = 9
events\WUW_Austria.txt	4036	75	Moravia	More og Romsdal	state = 75
events\WUW_Austria.txt	4037	74	East Sudatenland	Porajarvi	state = 74
events\WUW_Austria.txt	4038	72	Zaolzie	Keski-Suomi	state = 72
events\WUW_Austria.txt	4039	88	Kielce	Kopparberg	state = 88
events\WUW_Austria.txt	4040	89	Krakow	Paijat-Hame	state = 89
events\WUW_Austria.txt	4041	91	Tarnopol	Ventspils	state = 91
events\WUW_Austria.txt	4042	76	Northern Transylvania	Randers	state = 76
events\WUW_Austria.txt	4043	83	crisana	Oppland	state = 83
events\WUW_Austria.txt	4044	84	Transylvania	Gavleborg	state = 84
events\WUW_Austria.txt	4045	82	Banat	Chodziez	state = 82
events\WUW_Austria.txt	4046	80	Bocovina	Ostrow Wiel	state = 80
events\WUW_Austria.txt	4047	934	Shkoder	Napoli	state = 934
events\WUW_Austria.txt	4048	44	Albania	Vestfirdir	state = 44
events\WUW_Austria.txt	4049	805	Northern Epirus	Firenze	state = 805
events\WUW_Austria.txt	4196	88	Kielce	Kopparberg	state = 88
events\WUW_Austria.txt	4197	89	Krakow	Paijat-Hame	state = 89
events\WUW_Austria.txt	4198	91	Tarnopol	Ventspils	state = 91
events\WUW_Austria.txt	4237	76	Northern Transylvania	Randers	state = 76
events\WUW_Austria.txt	4238	83	crisana	Oppland	state = 83
events\WUW_Austria.txt	4239	84	Transylvania	Gavleborg	state = 84
events\WUW_Austria.txt	4240	82	Banat	Chodziez	state = 82
events\WUW_Austria.txt	4241	80	Bocovina	Ostrow Wiel	state = 80
events\WUW_Austria.txt	4259	853	Ljubljana	Sinjajevina	owns_state = 853
events\WUW_Austria.txt	4260	853	Ljubljana	Sinjajevina	controls_state = 853
events\WUW_Austria.txt	4263	102	North-Eastern Slovenia	Volkhov	owns_state = 102
events\WUW_Austria.txt	4264	102	North-Eastern Slovenia	Volkhov	controls_state = 102
events\WUW_Austria.txt	4267	109	Eastern Croatia	Varsinais-Suomi	owns_state = 109
events\WUW_Austria.txt	4268	109	Eastern Croatia	Varsinais-Suomi	controls_state = 109
events\WUW_Austria.txt	4309	853	Ljubljana	Sinjajevina	owns_state = 853
events\WUW_Austria.txt	4310	853	Ljubljana	Sinjajevina	controls_state = 853
events\WUW_Austria.txt	4313	102	North-Eastern Slovenia	Volkhov	owns_state = 102
events\WUW_Austria.txt	4314	102	North-Eastern Slovenia	Volkhov	controls_state = 102
events\WUW_Austria.txt	4317	109	Eastern Croatia	Varsinais-Suomi	owns_state = 109
events\WUW_Austria.txt	4318	109	Eastern Croatia	Varsinais-Suomi	controls_state = 109
events\WUW_Austria.txt	4329	853	Ljubljana	Sinjajevina	owns_state = 853
events\WUW_Austria.txt	4330	853	Ljubljana	Sinjajevina	controls_state = 853
events\WUW_Austria.txt	4347	102	North-Eastern Slovenia	Volkhov	owns_state = 102
events\WUW_Austria.txt	4348	102	North-Eastern Slovenia	Volkhov	controls_state = 102
events\WUW_Austria.txt	4365	109	Eastern Croatia	Varsinais-Suomi	owns_state = 109
events\WUW_Austria.txt	4366	109	Eastern Croatia	Varsinais-Suomi	controls_state = 109
events\WUW_Austria.txt	4514	88	Kielce	Kopparberg	state = 88
events\WUW_Austria.txt	4515	89	Krakow	Paijat-Hame	state = 89
events\WUW_Austria.txt	4516	91	Tarnopol	Ventspils	state = 91
events\WUW_Austria.txt	4562	76	Northern Transylvania	Randers	state = 76
events\WUW_Austria.txt	4563	83	crisana	Oppland	state = 83
events\WUW_Austria.txt	4564	84	Transylvania	Gavleborg	state = 84
events\WUW_Austria.txt	4565	82	Banat	Chodziez	state = 82
events\WUW_Austria.txt	4566	80	Bocovina	Ostrow Wiel	state = 80
events\WUW_Austria.txt	4669	155	Western Hungary	Parnu	state = 155
events\WUW_Austria.txt	4670	974	- South Transdanubia	Castellon	state = 974
events\WUW_Austria.txt	4671	973	- Bacs	Erzurum	state = 973
events\WUW_Austria.txt	4672	154	Southern plain	Tver	state = 154
events\WUW_Austria.txt	4673	43	Hungary	Delaware	state = 43
events\WUW_Austria.txt	4674	69	Sudatenland	nice	state = 69
events\WUW_Austria.txt	4675	972	- South Sudetenland	Agcab@di	state = 972
events\WUW_Austria.txt	4676	9	Czechoslovakia	Ontario	state = 9
events\WUW_Austria.txt	4677	75	Moravia	More og Romsdal	state = 75
events\WUW_Austria.txt	4678	74	East Sudatenland	Porajarvi	state = 74
events\WUW_Austria.txt	4679	72	Zaolzie	Keski-Suomi	state = 72
events\WUW_Austria.txt	4680	88	Kielce	Kopparberg	state = 88
events\WUW_Austria.txt	4681	89	Krakow	Paijat-Hame	state = 89
events\WUW_Austria.txt	4682	91	Tarnopol	Ventspils	state = 91
events\WUW_Austria.txt	4683	76	Northern Transylvania	Randers	state = 76
events\WUW_Austria.txt	4684	83	crisana	Oppland	state = 83
events\WUW_Austria.txt	4685	84	Transylvania	Gavleborg	state = 84
events\WUW_Austria.txt	4686	82	Banat	Chodziez	state = 82
events\WUW_Austria.txt	4687	80	Bocovina	Ostrow Wiel	state = 80
events\WUW_Austria.txt	4688	934	Shkoder	Napoli	state = 934
events\WUW_Austria.txt	4689	44	Albania	Vestfirdir	state = 44
events\WUW_Austria.txt	4690	805	Northern Epirus	Firenze	state = 805
events\WUW_Austria.txt	4738	102	North-Eastern Slovenia	Volkhov	owns_state = 102
events\WUW_Austria.txt	4739	102	North-Eastern Slovenia	Volkhov	controls_state = 102
events\WUW_Austria.txt	4744	102	North-Eastern Slovenia	Volkhov	transfer_state = 102
events\WUW_Austria.txt	4752	102	North-Eastern Slovenia	Volkhov	owns_state = 102
events\WUW_Austria.txt	4753	102	North-Eastern Slovenia	Volkhov	controls_state = 102
events\WUW_Austria.txt	4759	102	North-Eastern Slovenia	Volkhov	transfer_state = 102
events\WUW_Austria.txt	4765	853	Ljubljana	Sinjajevina	owns_state = 853
events\WUW_Austria.txt	4766	853	Ljubljana	Sinjajevina	controls_state = 853
events\WUW_Austria.txt	4771	853	Ljubljana	Sinjajevina	transfer_state = 853
events\WUW_Austria.txt	4779	853	Ljubljana	Sinjajevina	owns_state = 853
events\WUW_Austria.txt	4780	853	Ljubljana	Sinjajevina	controls_state = 853
events\WUW_Austria.txt	4786	853	Ljubljana	Sinjajevina	transfer_state = 853
events\WUW_Austria.txt	4794	109	Eastern Croatia	Varsinais-Suomi	owns_state = 109
events\WUW_Austria.txt	4795	109	Eastern Croatia	Varsinais-Suomi	controls_state = 109
events\WUW_Austria.txt	4808	109	Eastern Croatia	Varsinais-Suomi	owns_state = 109
events\WUW_Austria.txt	4809	109	Eastern Croatia	Varsinais-Suomi	controls_state = 109
events\WUW_Austria.txt	5135	88	Kielce	Kopparberg	owns_state = 88
events\WUW_Austria.txt	5136	89	Krakow	Paijat-Hame	owns_state = 89
events\WUW_Austria.txt	5137	91	Tarnopol	Ventspils	owns_state = 91
events\WUW_Austria.txt	8552	848	Voralberg	Cantabria	state = 848
events\WUW_Austria.txt	10063	764	West Banat	Prahova	controls_state = 764
events\WUW_Austria.txt	10065	764	West Banat	Prahova	controls_state = 764
events\WUW_Austria.txt	10074	104	Bosnia	Haderslev	controls_state = 104
events\WUW_Austria.txt	10076	104	Bosnia	Haderslev	controls_state = 104
events\WUW_Austria.txt	10085	103	Croatia	Kanta-Hame	controls_state = 103
events\WUW_Austria.txt	10087	103	Croatia	Kanta-Hame	controls_state = 103
events\WUW_Austria.txt	10096	804	Herzegovina	Teleorman	controls_state = 804
events\WUW_Austria.txt	10098	804	Herzegovina	Teleorman	controls_state = 804
events\WUW_Austria.txt	10107	45	Yugoslavia	Vasterbotten	controls_state = 45
events\WUW_Austria.txt	10109	45	Yugoslavia	Vasterbotten	controls_state = 45
events\WUW_Austria.txt	10150	764	West Banat	Prahova	controls_state = 764
events\WUW_Austria.txt	10152	764	West Banat	Prahova	controls_state = 764
events\WUW_Austria.txt	10161	104	Bosnia	Haderslev	controls_state = 104
events\WUW_Austria.txt	10163	104	Bosnia	Haderslev	controls_state = 104
events\WUW_Austria.txt	10172	103	Croatia	Kanta-Hame	controls_state = 103
events\WUW_Austria.txt	10174	103	Croatia	Kanta-Hame	controls_state = 103
events\WUW_Austria.txt	10183	804	Herzegovina	Teleorman	controls_state = 804
events\WUW_Austria.txt	10185	804	Herzegovina	Teleorman	controls_state = 804
events\WUW_Austria.txt	10194	45	Yugoslavia	Vasterbotten	controls_state = 45
events\WUW_Austria.txt	10196	45	Yugoslavia	Vasterbotten	controls_state = 45
events\WUW_Austria.txt	10237	764	West Banat	Prahova	controls_state = 764
events\WUW_Austria.txt	10239	764	West Banat	Prahova	controls_state = 764
events\WUW_Austria.txt	10251	104	Bosnia	Haderslev	controls_state = 104
events\WUW_Austria.txt	10253	104	Bosnia	Haderslev	controls_state = 104
events\WUW_Austria.txt	10265	103	Croatia	Kanta-Hame	controls_state = 103
events\WUW_Austria.txt	10267	103	Croatia	Kanta-Hame	controls_state = 103
events\WUW_Austria.txt	10279	804	Herzegovina	Teleorman	controls_state = 804
events\WUW_Austria.txt	10281	804	Herzegovina	Teleorman	controls_state = 804
events\WUW_Austria.txt	10293	45	Yugoslavia	Vasterbotten	controls_state = 45
events\WUW_Austria.txt	10295	45	Yugoslavia	Vasterbotten	controls_state = 45
events\WUW_Austria.txt	10324	764	West Banat	Prahova	controls_state = 764
events\WUW_Austria.txt	10326	764	West Banat	Prahova	controls_state = 764
events\WUW_Austria.txt	10338	104	Bosnia	Haderslev	controls_state = 104
events\WUW_Austria.txt	10340	104	Bosnia	Haderslev	controls_state = 104
events\WUW_Austria.txt	10352	103	Croatia	Kanta-Hame	controls_state = 103
events\WUW_Austria.txt	10354	103	Croatia	Kanta-Hame	controls_state = 103
events\WUW_Austria.txt	10366	804	Herzegovina	Teleorman	controls_state = 804
events\WUW_Austria.txt	10368	804	Herzegovina	Teleorman	controls_state = 804
events\WUW_Austria.txt	10380	45	Yugoslavia	Vasterbotten	controls_state = 45
events\WUW_Austria.txt	10382	45	Yugoslavia	Vasterbotten	controls_state = 45
events\WUW_Belgium.txt	795	29	Pas de Calais	Suursaari	state = 29
events\WUW_Belgium.txt	1034	29	Pas de Calais	Suursaari	state = 29
events\WUW_Germany.txt	2353	541	South West Africa	Tatra	controls_state = 541
events\WUW_Germany.txt	2370	546	Tanganyika	Tuchola	controls_state = 546
events\WUW_Germany.txt	2387	777	Togo	Bihac	controls_state = 777
events\WUW_Germany.txt	2404	893	Karas	Ceuta	controls_state = 893
events\WUW_Germany.txt	2421	894	Kuneme	Veles	controls_state = 894
events\WUW_Germany.txt	2438	895	Kavango	Balkan	controls_state = 895
events\WUW_Germany.txt	2468	541	South West Africa	Tatra	controls_state = 541
events\WUW_Germany.txt	2485	546	Tanganyika	Tuchola	controls_state = 546
events\WUW_Germany.txt	2502	777	Togo	Bihac	controls_state = 777
events\WUW_Germany.txt	2519	893	Karas	Ceuta	controls_state = 893
events\WUW_Germany.txt	2536	894	Kuneme	Veles	controls_state = 894
events\WUW_Germany.txt	2553	895	Kavango	Balkan	controls_state = 895
events\WUW_Germany.txt	2585	541	South West Africa	Tatra	controls_state = 541
events\WUW_Germany.txt	2602	546	Tanganyika	Tuchola	controls_state = 546
events\WUW_Germany.txt	2619	777	Togo	Bihac	controls_state = 777
events\WUW_Germany.txt	2636	893	Karas	Ceuta	controls_state = 893
events\WUW_Germany.txt	2653	894	Kuneme	Veles	controls_state = 894
events\WUW_Germany.txt	2670	895	Kavango	Balkan	controls_state = 895
events\WUW_Germany.txt	2702	541	South West Africa	Tatra	controls_state = 541
events\WUW_Germany.txt	2719	546	Tanganyika	Tuchola	controls_state = 546
events\WUW_Germany.txt	2736	777	Togo	Bihac	controls_state = 777
events\WUW_Germany.txt	2753	893	Karas	Ceuta	controls_state = 893
events\WUW_Germany.txt	2770	894	Kuneme	Veles	controls_state = 894
events\WUW_Germany.txt	2787	895	Kavango	Balkan	controls_state = 895
events\WUW_Germany.txt	4802	70	Slovakia	Soro	transfer_state = 70
events\WUW_Germany.txt	4803	664	Southern Slovakia	Oradea	transfer_state = 664
events\WUW_Germany.txt	4804	71	East Slovakia	Sor-Trondelag	transfer_state = 71
events\WUW_Germany.txt	4805	73	Carpathian Ruthenia	Etela-Pohjanmaa	transfer_state = 73
events\WUW_Germany.txt	4811	69	Sudatenland	nice	transfer_state = 69
events\WUW_Germany.txt	4812	972	- South Sudetenland	Agcab@di	transfer_state = 972
events\WUW_Germany.txt	4813	9	Czechoslovakia	Ontario	transfer_state = 9
events\WUW_Germany.txt	4814	75	Moravia	More og Romsdal	transfer_state = 75
events\WUW_Germany.txt	4815	74	East Sudatenland	Porajarvi	transfer_state = 74
events\WUW_Germany.txt	4816	72	Zaolzie	Keski-Suomi	transfer_state = 72
events\WUW_Germany.txt	4866	89	Krakow	Paijat-Hame	transfer_state = 89
events\WUW_Germany.txt	4867	91	Tarnopol	Ventspils	transfer_state = 91
events\WUW_Germany.txt	4868	93	Volhynian	Etela-Karjala	transfer_state = 93
events\WUW_Germany.txt	4869	94	Polesie	Ilukste	transfer_state = 94
events\WUW_Germany.txt	4870	95	Nowogrodek	Valmiera	transfer_state = 95
events\WUW_Germany.txt	4871	96	Wilejka	Vologda	transfer_state = 96
events\WUW_Germany.txt	4872	97	Bialystok	Perm	transfer_state = 97
events\WUW_Germany.txt	4878	807	Gdynia	Gard	transfer_state = 807
events\WUW_Germany.txt	4879	85	Danzig	Pirkanmaa	transfer_state = 85
events\WUW_Germany.txt	4880	86	Poznan	Satakunta	transfer_state = 86
events\WUW_Germany.txt	4881	87	Lodz	Jekabpils	transfer_state = 87
events\WUW_Germany.txt	4882	88	Kielce	Kopparberg	transfer_state = 88
events\WUW_Germany.txt	4883	90	Lwow	Faero	transfer_state = 90
events\WUW_Germany.txt	4884	92	Lublin	Sogn og Fjordane	transfer_state = 92
events\WUW_Germany.txt	4885	98	Mazurskie	Aland	transfer_state = 98
events\WUW_Germany.txt	4886	10	Poland	New Hampshire	transfer_state = 10
events\WUW_Germany.txt	4887	762	Katowice	Istria	transfer_state = 762
events\WUW_Germany.txt	4961	70	Slovakia	Soro	transfer_state = 70
events\WUW_Germany.txt	4962	664	Southern Slovakia	Oradea	transfer_state = 664
events\WUW_Germany.txt	4963	71	East Slovakia	Sor-Trondelag	transfer_state = 71
events\WUW_Germany.txt	4964	73	Carpathian Ruthenia	Etela-Pohjanmaa	transfer_state = 73
events\WUW_Germany.txt	4975	89	Krakow	Paijat-Hame	transfer_state = 89
events\WUW_Germany.txt	4976	91	Tarnopol	Ventspils	transfer_state = 91
events\WUW_Germany.txt	4977	93	Volhynian	Etela-Karjala	transfer_state = 93
events\WUW_Germany.txt	4978	94	Polesie	Ilukste	transfer_state = 94
events\WUW_Germany.txt	4979	95	Nowogrodek	Valmiera	transfer_state = 95
events\WUW_Germany.txt	4980	96	Wilejka	Vologda	transfer_state = 96
events\WUW_Germany.txt	4981	97	Bialystok	Perm	transfer_state = 97
events\WUW_Germany.txt	8262	251	Samara	Kaluga	state = 251
events\WUW_Germany.txt	8279	251	Samara	Kaluga	state = 251
events\WUW_Germany.txt	8554	722	Petsamo	Baranya	owns_state = 722
events\WUW_Germany.txt	8555	147	Salla	Vest-Agder	owns_state = 147
events\WUW_Germany.txt	8556	146	Karelia	Saaremaa	owns_state = 146
events\WUW_Germany.txt	8557	929	Oulu	Drama	owns_state = 929
events\WUW_Germany.txt	9290	155	Western Hungary	Parnu	owns_state = 155
events\WUW_Germany.txt	9291	43	Hungary	Delaware	owns_state = 43
events\WUW_Germany.txt	10438	645	Iwo Jima	Tours	owns_state = 645 # Iwo Jima
events\WUW_Germany.txt	10439	629	Hawaii	Campulung	owns_state = 629 # Hawaii
events\WUW_Germany.txt	10440	650	Attu Island	Bourges	owns_state = 650 # Attu
events\WUW_Germany.txt	10441	631	Midway Island	Hajdu	owns_state = 631 # Midway
events\WUW_Germany.txt	11663	66	Niederschlesien	Vasternorrland	controls_state = 66
events\WUW_Germany.txt	11674	67	Oberschlesien	Kuldiga	controls_state = 67
events\WUW_Germany.txt	11685	762	Katowice	Istria	controls_state = 762
events\WUW_Germany.txt	11696	74	East Sudatenland	Porajarvi	controls_state = 74
events\WUW_Germany.txt	11761	66	Niederschlesien	Vasternorrland	state = 66
events\WUW_Germany.txt	11762	67	Oberschlesien	Kuldiga	state = 67
events\WUW_Germany.txt	11763	762	Katowice	Istria	state = 762
events\WUW_Germany.txt	11764	74	East Sudatenland	Porajarvi	state = 74
events\WUW_Germany.txt	11781	66	Niederschlesien	Vasternorrland	state = 66
events\WUW_Germany.txt	11782	67	Oberschlesien	Kuldiga	state = 67
events\WUW_Germany.txt	11783	762	Katowice	Istria	state = 762
events\WUW_Germany.txt	11784	74	East Sudatenland	Porajarvi	state = 74
events\WUW_Germany.txt	11797	66	Niederschlesien	Vasternorrland	state = 66
events\WUW_Germany.txt	11798	67	Oberschlesien	Kuldiga	state = 67
events\WUW_Germany.txt	11799	762	Katowice	Istria	state = 762
events\WUW_Germany.txt	11800	74	East Sudatenland	Porajarvi	state = 74
events\WUW_Germany.txt	11856	61	Mecklenburg	Pudozh	state = 61
events\WUW_Germany.txt	11869	60	Sud-Hannover	Prince Edward Island	state = 60
events\WUW_Germany.txt	11882	65	Sachsen	Pohjois-Savo	state = 65
events\WUW_Germany.txt	12428	224	Bryansk	Berwick	state = 224 # Bryansk
events\WUW_Germany.txt	12429	220	Kursk Area	West Lothian	state = 220 # Kursk
events\WUW_Germany.txt	12430	222	Orel	Renfrew	state = 222 # Orel
events\WUW_Germany.txt	12512	224	Bryansk	Berwick	state = 224 # Bryansk
events\WUW_Germany.txt	12513	220	Kursk Area	West Lothian	state = 220 # Kursk
events\WUW_Germany.txt	12514	222	Orel	Renfrew	state = 222 # Orel
events\WUW_Germany.txt	12594	224	Bryansk	Berwick	state = 224 # Bryansk
events\WUW_Germany.txt	12595	220	Kursk Area	West Lothian	state = 220 # Kursk
events\WUW_Germany.txt	12596	222	Orel	Renfrew	state = 222 # Orel
events\WUW_Germany.txt	12737	107	Kosavo	Mazeikiu	state = 107 # Serbia
events\WUW_Germany.txt	12738	108	Eastern Serbia	Kirov	state = 108 # Morava
events\WUW_Germany.txt	14851	546	Tanganyika	Tuchola	state = 546
events\WUW_Germany.txt	14865	82	Banat	Chodziez	state = 82
events\WUW_Germany.txt	14962	546	Tanganyika	Tuchola	state = 546
events\WUW_Germany.txt	14976	82	Banat	Chodziez	state = 82
events\WUW_Germany.txt	15016	546	Tanganyika	Tuchola	state = 546
events\WUW_Germany.txt	15030	82	Banat	Chodziez	state = 82
events\WUW_Germany.txt	15162	546	Tanganyika	Tuchola	state = 546
events\WUW_Germany.txt	15175	82	Banat	Chodziez	state = 82
events\WUW_Germany.txt	15224	546	Tanganyika	Tuchola	state = 546
events\WUW_Germany.txt	15235	82	Banat	Chodziez	state = 82
events\WUW_Germany.txt	15772	676	Mosul	Zala	state = 676
events\WUW_Germany.txt	15773	675	Al Hajara	Poitiers	state = 675
events\WUW_Germany.txt	15774	291	Iraq	Cavan	state = 291
events\WUW_Germany.txt	15775	680	Deir-az-Zur	Mures	state = 680
events\WUW_Germany.txt	15776	677	Aleppo	Bekes	state = 677
events\WUW_Germany.txt	15777	799	Hatay	Basses-Alpes	state = 799
events\WUW_Germany.txt	15778	554	Syria	Passau	state = 554
events\WUW_Germany.txt	15779	553	Lebanon	Heilbronn	state = 553
events\WUW_Germany.txt	15780	455	Jordan	Oost-Vlaanderen	state = 455
events\WUW_Germany.txt	15781	454	Israel	West-Vlaanderen	state = 454
events\WUW_Germany.txt	15782	855	Tabuk	Saint-Girons	state = 855
events\WUW_Germany.txt	15783	679	Hejaz	Lienz	state = 679
events\WUW_Germany.txt	15784	856	Asir-Makkah	Samegrelo	state = 856
events\WUW_Germany.txt	15785	293	Yemen	Lancashire	state = 293
events\WUW_Germany.txt	15786	453	Sinai	Hampshire	state = 453
events\WUW_Germany.txt	15911	676	Mosul	Zala	state = 676
events\WUW_Germany.txt	15912	675	Al Hajara	Poitiers	state = 675
events\WUW_Germany.txt	15913	291	Iraq	Cavan	state = 291
events\WUW_Germany.txt	15914	680	Deir-az-Zur	Mures	state = 680
events\WUW_Germany.txt	15915	677	Aleppo	Bekes	state = 677
events\WUW_Germany.txt	15916	799	Hatay	Basses-Alpes	state = 799
events\WUW_Germany.txt	15917	554	Syria	Passau	state = 554
events\WUW_Germany.txt	15918	553	Lebanon	Heilbronn	state = 553
events\WUW_Germany.txt	15919	455	Jordan	Oost-Vlaanderen	state = 455
events\WUW_Germany.txt	15920	454	Israel	West-Vlaanderen	state = 454
events\WUW_Germany.txt	15921	855	Tabuk	Saint-Girons	state = 855
events\WUW_Germany.txt	15922	679	Hejaz	Lienz	state = 679
events\WUW_Germany.txt	15923	856	Asir-Makkah	Samegrelo	state = 856
events\WUW_Germany.txt	15924	293	Yemen	Lancashire	state = 293
events\WUW_Germany.txt	15925	453	Sinai	Hampshire	state = 453
events\WUW_Germany.txt	16815	664	Southern Slovakia	Oradea	state = 664
events\WUW_Germany.txt	16830	680	Deir-az-Zur	Mures	state = 680
events\WUW_Germany.txt	16851	737	New Britain	Brasov	state = 737
events\WUW_Germany.txt	16913	664	Southern Slovakia	Oradea	state = 664
events\WUW_Germany.txt	16928	680	Deir-az-Zur	Mures	state = 680
events\WUW_Germany.txt	16949	737	New Britain	Brasov	state = 737
events\WUW_Germany.txt	17061	664	Southern Slovakia	Oradea	state = 664
events\WUW_Germany.txt	17062	73	Carpathian Ruthenia	Etela-Pohjanmaa	state = 73
events\WUW_Germany.txt	17063	76	Northern Transylvania	Randers	state = 76
events\WUW_Germany.txt	17064	84	Transylvania	Gavleborg	state = 84
events\WUW_Germany.txt	17065	83	crisana	Oppland	state = 83
events\WUW_Germany.txt	17066	82	Banat	Chodziez	state = 82
events\WUW_Germany.txt	17067	45	Yugoslavia	Vasterbotten	state = 45
events\WUW_Germany.txt	17068	975	- Burgenland	Gumushane	state = 975
events\WUW_Germany.txt	17083	664	Southern Slovakia	Oradea	state = 664
events\WUW_Germany.txt	17084	73	Carpathian Ruthenia	Etela-Pohjanmaa	state = 73
events\WUW_Germany.txt	17085	76	Northern Transylvania	Randers	state = 76
events\WUW_Germany.txt	17086	84	Transylvania	Gavleborg	state = 84
events\WUW_Germany.txt	17087	83	crisana	Oppland	state = 83
events\WUW_Germany.txt	17088	82	Banat	Chodziez	state = 82
events\WUW_Germany.txt	17089	45	Yugoslavia	Vasterbotten	state = 45
events\WUW_Germany.txt	17090	975	- Burgenland	Gumushane	state = 975
events\WUW_Germany.txt	17519	102	North-Eastern Slovenia	Volkhov	state = 102 #N Slovenia
events\WUW_Germany.txt	17520	853	Ljubljana	Sinjajevina	state = 853 #Ljubljana
events\WUW_Germany.txt	17521	103	Croatia	Kanta-Hame	state = 103 #Dalmatia
events\WUW_Germany.txt	17522	104	Bosnia	Haderslev	state = 104 #Bosnia
events\WUW_Germany.txt	17523	804	Herzegovina	Teleorman	state = 804 #Herzegovina
events\WUW_Germany.txt	17524	109	Eastern Croatia	Varsinais-Suomi	state = 109 #Croatia
events\WUW_Germany.txt	17525	155	Western Hungary	Parnu	state = 155 #N Transnubia
events\WUW_Germany.txt	17526	43	Hungary	Delaware	state = 43 #N Hungary
events\WUW_Germany.txt	17527	973	- Bacs	Erzurum	state = 973 #Bacs-Kiskun
events\WUW_Germany.txt	17528	974	- South Transdanubia	Castellon	state = 974 #S Transnubia
events\WUW_Germany.txt	17529	154	Southern plain	Tver	state = 154 #Tiszantul
events\WUW_Germany.txt	18534	680	Deir-az-Zur	Mures	state = 680
events\WUW_Germany.txt	18548	737	New Britain	Brasov	state = 737
events\WUW_Germany.txt	18562	664	Southern Slovakia	Oradea	state = 664
events\WUW_Germany.txt	18611	680	Deir-az-Zur	Mures	state = 680
events\WUW_Germany.txt	18625	737	New Britain	Brasov	state = 737
events\WUW_Germany.txt	18639	664	Southern Slovakia	Oradea	state = 664
events\WUW_Germany.txt	18737	680	Deir-az-Zur	Mures	state = 680
events\WUW_Germany.txt	18751	737	New Britain	Brasov	state = 737
events\WUW_Germany.txt	18765	664	Southern Slovakia	Oradea	state = 664
events\WUW_Germany.txt	18814	680	Deir-az-Zur	Mures	state = 680
events\WUW_Germany.txt	18828	737	New Britain	Brasov	state = 737
events\WUW_Germany.txt	18842	664	Southern Slovakia	Oradea	state = 664
events\WUW_Germany.txt	18886	680	Deir-az-Zur	Mures	state = 680
events\WUW_Germany.txt	18900	737	New Britain	Brasov	state = 737
events\WUW_Germany.txt	18914	664	Southern Slovakia	Oradea	state = 664
events\WUW_Germany.txt	19236	64	Brandenburg	Newfoundland	owns_state = 64
events\WUW_Germany.txt	19239	64	Brandenburg	Newfoundland	state = 64
events\WUW_Germany.txt	19248	64	Brandenburg	Newfoundland	state = 64
events\WUW_Germany.txt	19271	52	Wuttemberg	Segezha	owns_state = 52
events\WUW_Germany.txt	19274	52	Wuttemberg	Segezha	state = 52
events\WUW_Germany.txt	19283	52	Wuttemberg	Segezha	state = 52
events\WUW_Germany.txt	19306	55	Nassau	Rhode Island	owns_state = 55
events\WUW_Germany.txt	19309	55	Nassau	Rhode Island	state = 55
events\WUW_Germany.txt	19318	55	Nassau	Rhode Island	state = 55
events\WUW_Hungary.txt	752	45	Yugoslavia	Vasterbotten	transfer_state = 45
events\WUW_Hungary.txt	819	764	West Banat	Prahova	owns_state = 764
events\WUW_Hungary.txt	822	764	West Banat	Prahova	owns_state = 764
events\WUW_Hungary.txt	828	764	West Banat	Prahova	transfer_state = 764
events\WUW_Hungary.txt	885	764	West Banat	Prahova	owns_state = 764
events\WUW_Hungary.txt	890	764	West Banat	Prahova	owns_state = 764
events\WUW_Hungary.txt	896	764	West Banat	Prahova	transfer_state = 764
events\WUW_Hungary.txt	927	764	West Banat	Prahova	controls_state = 764
events\WUW_Hungary.txt	1047	73	Carpathian Ruthenia	Etela-Pohjanmaa	transfer_state = 73
events\WUW_Hungary.txt	1080	73	Carpathian Ruthenia	Etela-Pohjanmaa	owns_state = 73
events\WUW_Hungary.txt	1203	975	- Burgenland	Gumushane	transfer_state = 975
events\WUW_Hungary.txt	2315	762	Katowice	Istria	state = 762
events\WUW_Hungary.txt	2316	88	Kielce	Kopparberg	state = 88
events\WUW_Hungary.txt	2317	91	Tarnopol	Ventspils	state = 91
events\WUW_Hungary.txt	2318	89	Krakow	Paijat-Hame	state = 89
events\WUW_Hungary.txt	2319	80	Bocovina	Ostrow Wiel	state = 80
events\WUW_Hungary.txt	2320	72	Zaolzie	Keski-Suomi	state = 72
events\WUW_Hungary.txt	2719	73	Carpathian Ruthenia	Etela-Pohjanmaa	state = 73
events\WUW_Hungary.txt	2720	664	Southern Slovakia	Oradea	state = 664
events\WUW_Hungary.txt	2721	71	East Slovakia	Sor-Trondelag	state = 71
events\WUW_Hungary.txt	2722	70	Slovakia	Soro	state = 70
events\WUW_Hungary.txt	2808	76	Northern Transylvania	Randers	owns_state = 76
events\WUW_Hungary.txt	2879	88	Kielce	Kopparberg	state = 88
events\WUW_Hungary.txt	2880	89	Krakow	Paijat-Hame	state = 89
events\WUW_Hungary.txt	2881	91	Tarnopol	Ventspils	state = 91
events\WUW_Hungary.txt	2882	80	Bocovina	Ostrow Wiel	state = 80
events\WUW_Hungary.txt	3260	104	Bosnia	Haderslev	state = 104
events\WUW_Hungary.txt	3261	804	Herzegovina	Teleorman	state = 804
events\WUW_Hungary.txt	3755	454	Israel	West-Vlaanderen	transfer_state = 454 #PALESTINE
events\WUW_Hungary.txt	3949	102	North-Eastern Slovenia	Volkhov	state = 102
events\WUW_Hungary.txt	3950	853	Ljubljana	Sinjajevina	state = 853
events\WUW_Hungary.txt	3951	103	Croatia	Kanta-Hame	state = 103
events\WUW_Hungary.txt	3952	104	Bosnia	Haderslev	state = 104
events\WUW_Hungary.txt	3953	804	Herzegovina	Teleorman	state = 804
events\WUW_Hungary.txt	3954	109	Eastern Croatia	Varsinais-Suomi	state = 109
events\WUW_Hungary.txt	3955	45	Yugoslavia	Vasterbotten	state = 45
events\WUW_Hungary.txt	3956	83	crisana	Oppland	state = 83
events\WUW_Hungary.txt	3957	76	Northern Transylvania	Randers	state = 76
events\WUW_Hungary.txt	3958	84	Transylvania	Gavleborg	state = 84
events\WUW_Hungary.txt	3959	764	West Banat	Prahova	state = 764
events\WUW_Hungary.txt	3960	82	Banat	Chodziez	state = 82
events\WUW_Hungary.txt	3961	848	Voralberg	Cantabria	state = 848
events\WUW_Hungary.txt	3962	153	Tyrol	Yaroslavl	state = 153
events\WUW_Hungary.txt	3963	152	Upper Austria	Tarto	state = 152
events\WUW_Hungary.txt	3964	4	Austria	Finnmark	state = 4
events\WUW_Hungary.txt	3965	975	- Burgenland	Gumushane	state = 975
events\WUW_Hungary.txt	3966	976	- Steiermark Karnten	Armavir	state = 976
events\WUW_Hungary.txt	3967	69	Sudatenland	nice	state = 69
events\WUW_Hungary.txt	3968	9	Czechoslovakia	Ontario	state = 9
events\WUW_Hungary.txt	3969	75	Moravia	More og Romsdal	state = 75
events\WUW_Hungary.txt	3970	74	East Sudatenland	Porajarvi	state = 74
events\WUW_Hungary.txt	3971	72	Zaolzie	Keski-Suomi	state = 72
events\WUW_Hungary.txt	3972	70	Slovakia	Soro	state = 70
events\WUW_Hungary.txt	3973	664	Southern Slovakia	Oradea	state = 664
events\WUW_Hungary.txt	3974	71	East Slovakia	Sor-Trondelag	state = 71
events\WUW_Hungary.txt	3975	73	Carpathian Ruthenia	Etela-Pohjanmaa	state = 73
events\WUW_Hungary.txt	3976	972	- South Sudetenland	Agcab@di	state = 972
events\WUW_Hungary.txt	3977	155	Western Hungary	Parnu	state = 155
events\WUW_Hungary.txt	3978	43	Hungary	Delaware	state = 43
events\WUW_Hungary.txt	3979	973	- Bacs	Erzurum	state = 973
events\WUW_Hungary.txt	3980	974	- South Transdanubia	Castellon	state = 974
events\WUW_Hungary.txt	3981	154	Southern plain	Tver	state = 154
events\WUW_Hungary.txt	3982	80	Bocovina	Ostrow Wiel	state = 80
events\WUW_Hungary.txt	3983	89	Krakow	Paijat-Hame	state = 89
events\WUW_Hungary.txt	3984	91	Tarnopol	Ventspils	state = 91
events\WUW_Hungary.txt	3985	88	Kielce	Kopparberg	state = 88
events\WUW_Hungary.txt	3986	852	Istria	Soule	state = 852
events\WUW_Hungary.txt	3987	736	Litorale	Timis-Torontal	state = 736
events\WUW_Hungary.txt	3988	39	South Tyrol	Belomorsk	state = 39
events\WUW_Hungary.txt	3989	850	Trentino	Aude	state = 850
events\WUW_Hungary.txt	3990	160	Veneto	Sudurnes	state = 160
events\WUW_Hungary.txt	3991	159	Lombardy	Hofudborgarsvaedid	state = 159
events\WUW_Hungary.txt	4224	155	Western Hungary	Parnu	state = 155
events\WUW_Hungary.txt	4225	43	Hungary	Delaware	state = 43
events\WUW_Hungary.txt	4226	973	- Bacs	Erzurum	state = 973
events\WUW_Hungary.txt	4227	974	- South Transdanubia	Castellon	state = 974
events\WUW_Hungary.txt	4228	154	Southern plain	Tver	state = 154
events\WUW_Hungary.txt	4229	102	North-Eastern Slovenia	Volkhov	state = 102
events\WUW_Hungary.txt	4230	853	Ljubljana	Sinjajevina	state = 853
events\WUW_Hungary.txt	4231	103	Croatia	Kanta-Hame	state = 103
events\WUW_Hungary.txt	4232	104	Bosnia	Haderslev	state = 104
events\WUW_Hungary.txt	4233	804	Herzegovina	Teleorman	state = 804
events\WUW_Hungary.txt	4234	109	Eastern Croatia	Varsinais-Suomi	state = 109
events\WUW_Hungary.txt	4235	45	Yugoslavia	Vasterbotten	state = 45
events\WUW_Hungary.txt	4236	83	crisana	Oppland	state = 83
events\WUW_Hungary.txt	4237	76	Northern Transylvania	Randers	state = 76
events\WUW_Hungary.txt	4238	84	Transylvania	Gavleborg	state = 84
events\WUW_Hungary.txt	4239	39	South Tyrol	Belomorsk	state = 39
events\WUW_Hungary.txt	4240	163	Dalmatia	Alvsborg	state = 163
events\WUW_Hungary.txt	4241	736	Litorale	Timis-Torontal	state = 736
events\WUW_Hungary.txt	4242	852	Istria	Soule	state = 852
events\WUW_Hungary.txt	4243	850	Trentino	Aude	state = 850
events\WUW_Hungary.txt	4244	764	West Banat	Prahova	state = 764
events\WUW_Hungary.txt	4245	82	Banat	Chodziez	state = 82
events\WUW_Hungary.txt	4246	67	Oberschlesien	Kuldiga	state = 67
events\WUW_Hungary.txt	4247	762	Katowice	Istria	state = 762
events\WUW_Hungary.txt	4248	66	Niederschlesien	Vasternorrland	state = 66
events\WUW_Hungary.txt	4249	88	Kielce	Kopparberg	state = 88
events\WUW_Hungary.txt	4250	91	Tarnopol	Ventspils	state = 91
events\WUW_Hungary.txt	4251	89	Krakow	Paijat-Hame	state = 89
events\WUW_Hungary.txt	4252	80	Bocovina	Ostrow Wiel	state = 80
events\WUW_Hungary.txt	5621	109	Eastern Croatia	Varsinais-Suomi	state = 109
events\WUW_Hungary.txt	5622	103	Croatia	Kanta-Hame	state = 103
events\WUW_Hungary.txt	5868	664	Southern Slovakia	Oradea	owns_state = 664
events\WUW_Hungary.txt	5871	664	Southern Slovakia	Oradea	owns_state = 664
events\WUW_Hungary.txt	5883	664	Southern Slovakia	Oradea	transfer_state = 664
events\WUW_Hungary.txt	5942	664	Southern Slovakia	Oradea	owns_state = 664
events\WUW_Hungary.txt	5947	664	Southern Slovakia	Oradea	owns_state = 664
events\WUW_Hungary.txt	5963	664	Southern Slovakia	Oradea	transfer_state = 664
events\WUW_Hungary.txt	6028	73	Carpathian Ruthenia	Etela-Pohjanmaa	owns_state = 73
events\WUW_Hungary.txt	6031	73	Carpathian Ruthenia	Etela-Pohjanmaa	owns_state = 73
events\WUW_Hungary.txt	6043	73	Carpathian Ruthenia	Etela-Pohjanmaa	transfer_state = 73
events\WUW_Hungary.txt	6102	73	Carpathian Ruthenia	Etela-Pohjanmaa	owns_state = 73
events\WUW_Hungary.txt	6107	73	Carpathian Ruthenia	Etela-Pohjanmaa	owns_state = 73
events\WUW_Hungary.txt	6123	73	Carpathian Ruthenia	Etela-Pohjanmaa	transfer_state = 73
events\WUW_Hungary.txt	6188	45	Yugoslavia	Vasterbotten	owns_state = 45
events\WUW_Hungary.txt	6191	45	Yugoslavia	Vasterbotten	owns_state = 45
events\WUW_Hungary.txt	6203	45	Yugoslavia	Vasterbotten	transfer_state = 45
events\WUW_Hungary.txt	6262	45	Yugoslavia	Vasterbotten	owns_state = 45
events\WUW_Hungary.txt	6267	45	Yugoslavia	Vasterbotten	owns_state = 45
events\WUW_Hungary.txt	6283	45	Yugoslavia	Vasterbotten	transfer_state = 45
events\WUW_Hungary.txt	6348	76	Northern Transylvania	Randers	owns_state = 76
events\WUW_Hungary.txt	6351	76	Northern Transylvania	Randers	owns_state = 76
events\WUW_Hungary.txt	6363	76	Northern Transylvania	Randers	transfer_state = 76
events\WUW_Hungary.txt	6422	76	Northern Transylvania	Randers	owns_state = 76
events\WUW_Hungary.txt	6427	76	Northern Transylvania	Randers	owns_state = 76
events\WUW_Hungary.txt	6443	76	Northern Transylvania	Randers	transfer_state = 76
events\Yugoslavia.txt	215	107	Kosavo	Mazeikiu	set_capital = { state = 107 }